Workbook

Sheet cover
B6: JRC-IDEES-2023 - Integrated Database of the European Energy System
C15: International maritime bunkers
L28: Prepared by JRC C.6
L30: 45967.481
L31: v2023-1.00
B33: Legal Notice
B35: The information made available is property of the Joint Research Centre of the European Commission.
B36: Neither the European Commission nor any person acting on behalf of the Commission is responsible for the use which might be made of this information.
B38: Use conditions
B39: This work is licensed under
B40: CC BY 4.0

Sheet EEA
A1: EEA - European Economic Area (EU27+IS+NO) | B1: 1990 | C1: 1991 | D1: 1992 | E1: 1993 | F1: 1994 | G1: 1995 | H1: 1996 | I1: 1997 | J1: 1998 | K1: 1999 | L1: 2000 | M1: 2001 | N1: 2002 | O1: 2003 | P1: 2004 | Q1: 2005 | R1: 2006 | S1: 2007 | T1: 2008 | U1: 2009 | V1: 2010 | W1: 2011 | X1: 2012 | Y1: 2013 | Z1: 2014 | AA1: 2015 | AB1: 2016 | AC1: 2017 | AD1: 2018 | AE1: 2019 | AF1: 2020 | AG1: 2021 | AH1: 2022 | AI1: 2023
A3: Transport activity (Mtkm) | B3: =SUM(B4:B5) -> 5421990.5 | C3: =SUM(C4:C5) -> 5192550.7 | D3: =SUM(D4:D5) -> 5129778.7 | E3: =SUM(E4:E5) -> 5114655.3 | F3: =SUM(F4:F5) -> 5018576.3 | G3: =SUM(G4:G5) -> 5041273.4 | H3: =SUM(H4:H5) -> 5110446.4 | I3: =SUM(I4:I5) -> 5388897.6 | ... AI3: =SUM(AI4:AI5) -> 8185303.5
A4: Intra-EEA | B4: =AT!B4+BE!B4+BG!B4+CY!B4+CZ!B4+DE!B4+DK!B4+EE!B4+EL!B4+ES!B4+FI!B4+FR!B4+HR!B4+HU!B4+IE!B4+IT!B4+LT!B4+LU!B4+LV!B4+MT!B4+NL!B4+PL!B4+PT!B4+RO!B4+SE!B4+SI!B4+SK!B4+IS!B4+NO!B4 -> 773600.04 | C4: =AT!C4+BE!C4+BG!C4+CY!C4+CZ!C4+DE!C4+DK!C4+EE!C4+EL!C4+ES!C4+FI!C4+FR!C4+HR!C4+HU!C4+IE!C4+IT!C4+LT!C4+LU!C4+LV!C4+MT!C4+NL!C4+PL!C4+PT!C4+RO!C4+SE!C4+SI!C4+SK!C4+IS!C4+NO!C4 -> 720270.44 | D4: =AT!D4+BE!D4+BG!D4+CY!D4+CZ!D4+DE!D4+DK!D4+EE!D4+EL!D4+ES!D4+FI!D4+FR!D4+HR!D4+HU!D4+IE!D4+IT!D4+LT!D4+LU!D4+LV!D4+MT!D4+NL!D4+PL!D4+PT!D4+RO!D4+SE!D4+SI!D4+SK!D4+IS!D4+NO!D4 -> 732989.03 | E4: =AT!E4+BE!E4+BG!E4+CY!E4+CZ!E4+DE!E4+DK!E4+EE!E4+EL!E4+ES!E4+FI!E4+FR!E4+HR!E4+HU!E4+IE!E4+IT!E4+LT!E4+LU!E4+LV!E4+MT!E4+NL!E4+PL!E4+PT!E4+RO!E4+SE!E4+SI!E4+SK!E4+IS!E4+NO!E4 -> 726980.15 | F4: =AT!F4+BE!F4+BG!F4+CY!F4+CZ!F4+DE!F4+DK!F4+EE!F4+EL!F4+ES!F4+FI!F4+FR!F4+HR!F4+HU!F4+IE!F4+IT!F4+LT!F4+LU!F4+LV!F4+MT!F4+NL!F4+PL!F4+PT!F4+RO!F4+SE!F4+SI!F4+SK!F4+IS!F4+NO!F4 -> 722250.78 | G4: =AT!G4+BE!G4+BG!G4+CY!G4+CZ!G4+DE!G4+DK!G4+EE!G4+EL!G4+ES!G4+FI!G4+FR!G4+HR!G4+HU!G4+IE!G4+IT!G4+LT!G4+LU!G4+LV!G4+MT!G4+NL!G4+PL!G4+PT!G4+RO!G4+SE!G4+SI!G4+SK!G4+IS!G4+NO!G4 -> 714127.38 | H4: =AT!H4+BE!H4+BG!H4+CY!H4+CZ!H4+DE!H4+DK!H4+EE!H4+EL!H4+ES!H4+FI!H4+FR!H4+HR!H4+HU!H4+IE!H4+IT!H4+LT!H4+LU!H4+LV!H4+MT!H4+NL!H4+PL!H4+PT!H4+RO!H4+SE!H4+SI!H4+SK!H4+IS!H4+NO!H4 -> 736831.6 | I4: =AT!I4+BE!I4+BG!I4+CY!I4+CZ!I4+DE!I4+DK!I4+EE!I4+EL!I4+ES!I4+FI!I4+FR!I4+HR!I4+HU!I4+IE!I4+IT!I4+LT!I4+LU!I4+LV!I4+MT!I4+NL!I4+PL!I4+PT!I4+RO!I4+SE!I4+SI!I4+SK!I4+IS!I4+NO!I4 -> 761213.79 | ... AI4: =AT!AI4+BE!AI4+BG!AI4+CY!AI4+CZ!AI4+DE!AI4+DK!AI4+EE!AI4+EL!AI4+ES!AI4+FI!AI4+FR!AI4+HR!AI4+HU!AI4+IE!AI4+IT!AI4+LT!AI4+LU!AI4+LV!AI4+MT!AI4+NL!AI4+PL!AI4+PT!AI4+RO!AI4+SE!AI4+SI!AI4+SK!AI4+IS!AI4+NO!AI4 -> 1106111.8
A5: Extra-EEA | B5: =AT!B5+BE!B5+BG!B5+CY!B5+CZ!B5+DE!B5+DK!B5+EE!B5+EL!B5+ES!B5+FI!B5+FR!B5+HR!B5+HU!B5+IE!B5+IT!B5+LT!B5+LU!B5+LV!B5+MT!B5+NL!B5+PL!B5+PT!B5+RO!B5+SE!B5+SI!B5+SK!B5+IS!B5+NO!B5 -> 4648390.5 | C5: =AT!C5+BE!C5+BG!C5+CY!C5+CZ!C5+DE!C5+DK!C5+EE!C5+EL!C5+ES!C5+FI!C5+FR!C5+HR!C5+HU!C5+IE!C5+IT!C5+LT!C5+LU!C5+LV!C5+MT!C5+NL!C5+PL!C5+PT!C5+RO!C5+SE!C5+SI!C5+SK!C5+IS!C5+NO!C5 -> 4472280.3 | D5: =AT!D5+BE!D5+BG!D5+CY!D5+CZ!D5+DE!D5+DK!D5+EE!D5+EL!D5+ES!D5+FI!D5+FR!D5+HR!D5+HU!D5+IE!D5+IT!D5+LT!D5+LU!D5+LV!D5+MT!D5+NL!D5+PL!D5+PT!D5+RO!D5+SE!D5+SI!D5+SK!D5+IS!D5+NO!D5 -> 4396789.7 | E5: =AT!E5+BE!E5+BG!E5+CY!E5+CZ!E5+DE!E5+DK!E5+EE!E5+EL!E5+ES!E5+FI!E5+FR!E5+HR!E5+HU!E5+IE!E5+IT!E5+LT!E5+LU!E5+LV!E5+MT!E5+NL!E5+PL!E5+PT!E5+RO!E5+SE!E5+SI!E5+SK!E5+IS!E5+NO!E5 -> 4387675.1 | F5: =AT!F5+BE!F5+BG!F5+CY!F5+CZ!F5+DE!F5+DK!F5+EE!F5+EL!F5+ES!F5+FI!F5+FR!F5+HR!F5+HU!F5+IE!F5+IT!F5+LT!F5+LU!F5+LV!F5+MT!F5+NL!F5+PL!F5+PT!F5+RO!F5+SE!F5+SI!F5+SK!F5+IS!F5+NO!F5 -> 4296325.5 | G5: =AT!G5+BE!G5+BG!G5+CY!G5+CZ!G5+DE!G5+DK!G5+EE!G5+EL!G5+ES!G5+FI!G5+FR!G5+HR!G5+HU!G5+IE!G5+IT!G5+LT!G5+LU!G5+LV!G5+MT!G5+NL!G5+PL!G5+PT!G5+RO!G5+SE!G5+SI!G5+SK!G5+IS!G5+NO!G5 -> 4327146 | H5: =AT!H5+BE!H5+BG!H5+CY!H5+CZ!H5+DE!H5+DK!H5+EE!H5+EL!H5+ES!H5+FI!H5+FR!H5+HR!H5+HU!H5+IE!H5+IT!H5+LT!H5+LU!H5+LV!H5+MT!H5+NL!H5+PL!H5+PT!H5+RO!H5+SE!H5+SI!H5+SK!H5+IS!H5+NO!H5 -> 4373614.8 | I5: =AT!I5+BE!I5+BG!I5+CY!I5+CZ!I5+DE!I5+DK!I5+EE!I5+EL!I5+ES!I5+FI!I5+FR!I5+HR!I5+HU!I5+IE!I5+IT!I5+LT!I5+LU!I5+LV!I5+MT!I5+NL!I5+PL!I5+PT!I5+RO!I5+SE!I5+SI!I5+SK!I5+IS!I5+NO!I5 -> 4627683.8 | ... AI5: =AT!AI5+BE!AI5+BG!AI5+CY!AI5+CZ!AI5+DE!AI5+DK!AI5+EE!AI5+EL!AI5+ES!AI5+FI!AI5+FR!AI5+HR!AI5+HU!AI5+IE!AI5+IT!AI5+LT!AI5+LU!AI5+LV!AI5+MT!AI5+NL!AI5+PL!AI5+PT!AI5+RO!AI5+SE!AI5+SI!AI5+SK!AI5+IS!AI5+NO!AI5 -> 7079191.7
A6: * Considering both inwards and outwards flows of goods transported with half of the distance of the voyages (thus the total distance for Intra-EEA in the EEA aggregation)
A8: Market shares of activity (% of tkm) | B8: =IF(B3=0,0,B3/B$3) -> 1 | C8: =IF(C3=0,0,C3/C$3) -> 1 | D8: =IF(D3=0,0,D3/D$3) -> 1 | E8: =IF(E3=0,0,E3/E$3) -> 1 | F8: =IF(F3=0,0,F3/F$3) -> 1 | G8: =IF(G3=0,0,G3/G$3) -> 1 | H8: =IF(H3=0,0,H3/H$3) -> 1 | I8: =IF(I3=0,0,I3/I$3) -> 1 | ... AI8: =IF(AI3=0,0,AI3/AI$3) -> 1
A9: Intra-EEA | B9: =IF(B4=0,0,B4/B$3) -> 0.14267823 | C9: =IF(C4=0,0,C4/C$3) -> 0.13871226 | D9: =IF(D4=0,0,D4/D$3) -> 0.14288902 | E9: =IF(E4=0,0,E4/E$3) -> 0.14213669 | F9: =IF(F4=0,0,F4/F$3) -> 0.14391547 | G9: =IF(G4=0,0,G4/G$3) -> 0.14165615 | H9: =IF(H4=0,0,H4/H$3) -> 0.14418146 | I9: =IF(I4=0,0,I4/I$3) -> 0.14125594 | ... AI9: =IF(AI4=0,0,AI4/AI$3) -> 0.13513387
A10: Extra-EEA | B10: =IF(B5=0,0,B5/B$3) -> 0.85732177 | C10: =IF(C5=0,0,C5/C$3) -> 0.86128774 | D10: =IF(D5=0,0,D5/D$3) -> 0.85711098 | E10: =IF(E5=0,0,E5/E$3) -> 0.85786331 | F10: =IF(F5=0,0,F5/F$3) -> 0.85608453 | G10: =IF(G5=0,0,G5/G$3) -> 0.85834385 | H10: =IF(H5=0,0,H5/H$3) -> 0.85581854 | I10: =IF(I5=0,0,I5/I$3) -> 0.85874406 | ... AI10: =IF(AI5=0,0,AI5/AI$3) -> 0.86486613
A12: Vehicle-km (Mvkm) | B12: =SUM(B13:B14) -> 358.54904 | C12: =SUM(C13:C14) -> 330.60565 | D12: =SUM(D13:D14) -> 331.43499 | E12: =SUM(E13:E14) -> 333.09692 | F12: =SUM(F13:F14) -> 333.53067 | G12: =SUM(G13:G14) -> 333.90186 | H12: =SUM(H13:H14) -> 337.17897 | I12: =SUM(I13:I14) -> 349.3633 | ... AI12: =SUM(AI13:AI14) -> 352.33876
A13: Intra-EEA | B13: =AT!B13+BE!B13+BG!B13+CY!B13+CZ!B13+DE!B13+DK!B13+EE!B13+EL!B13+ES!B13+FI!B13+FR!B13+HR!B13+HU!B13+IE!B13+IT!B13+LT!B13+LU!B13+LV!B13+MT!B13+NL!B13+PL!B13+PT!B13+RO!B13+SE!B13+SI!B13+SK!B13+IS!B13+NO!B13 -> 150.91776 | C13: =AT!C13+BE!C13+BG!C13+CY!C13+CZ!C13+DE!C13+DK!C13+EE!C13+EL!C13+ES!C13+FI!C13+FR!C13+HR!C13+HU!C13+IE!C13+IT!C13+LT!C13+LU!C13+LV!C13+MT!C13+NL!C13+PL!C13+PT!C13+RO!C13+SE!C13+SI!C13+SK!C13+IS!C13+NO!C13 -> 136.74817 | D13: =AT!D13+BE!D13+BG!D13+CY!D13+CZ!D13+DE!D13+DK!D13+EE!D13+EL!D13+ES!D13+FI!D13+FR!D13+HR!D13+HU!D13+IE!D13+IT!D13+LT!D13+LU!D13+LV!D13+MT!D13+NL!D13+PL!D13+PT!D13+RO!D13+SE!D13+SI!D13+SK!D13+IS!D13+NO!D13 -> 139.56603 | E13: =AT!E13+BE!E13+BG!E13+CY!E13+CZ!E13+DE!E13+DK!E13+EE!E13+EL!E13+ES!E13+FI!E13+FR!E13+HR!E13+HU!E13+IE!E13+IT!E13+LT!E13+LU!E13+LV!E13+MT!E13+NL!E13+PL!E13+PT!E13+RO!E13+SE!E13+SI!E13+SK!E13+IS!E13+NO!E13 -> 140.05713 | F13: =AT!F13+BE!F13+BG!F13+CY!F13+CZ!F13+DE!F13+DK!F13+EE!F13+EL!F13+ES!F13+FI!F13+FR!F13+HR!F13+HU!F13+IE!F13+IT!F13+LT!F13+LU!F13+LV!F13+MT!F13+NL!F13+PL!F13+PT!F13+RO!F13+SE!F13+SI!F13+SK!F13+IS!F13+NO!F13 -> 141.56611 | G13: =AT!G13+BE!G13+BG!G13+CY!G13+CZ!G13+DE!G13+DK!G13+EE!G13+EL!G13+ES!G13+FI!G13+FR!G13+HR!G13+HU!G13+IE!G13+IT!G13+LT!G13+LU!G13+LV!G13+MT!G13+NL!G13+PL!G13+PT!G13+RO!G13+SE!G13+SI!G13+SK!G13+IS!G13+NO!G13 -> 140.86666 | H13: =AT!H13+BE!H13+BG!H13+CY!H13+CZ!H13+DE!H13+DK!H13+EE!H13+EL!H13+ES!H13+FI!H13+FR!H13+HR!H13+HU!H13+IE!H13+IT!H13+LT!H13+LU!H13+LV!H13+MT!H13+NL!H13+PL!H13+PT!H13+RO!H13+SE!H13+SI!H13+SK!H13+IS!H13+NO!H13 -> 143.69124 | I13: =AT!I13+BE!I13+BG!I13+CY!I13+CZ!I13+DE!I13+DK!I13+EE!I13+EL!I13+ES!I13+FI!I13+FR!I13+HR!I13+HU!I13+IE!I13+IT!I13+LT!I13+LU!I13+LV!I13+MT!I13+NL!I13+PL!I13+PT!I13+RO!I13+SE!I13+SI!I13+SK!I13+IS!I13+NO!I13 -> 147.33089 | ... AI13: =AT!AI13+BE!AI13+BG!AI13+CY!AI13+CZ!AI13+DE!AI13+DK!AI13+EE!AI13+EL!AI13+ES!AI13+FI!AI13+FR!AI13+HR!AI13+HU!AI13+IE!AI13+IT!AI13+LT!AI13+LU!AI13+LV!AI13+MT!AI13+NL!AI13+PL!AI13+PT!AI13+RO!AI13+SE!AI13+SI!AI13+SK!AI13+IS!AI13+NO!AI13 -> 155.36371
A14: Extra-EEA | B14: =AT!B14+BE!B14+BG!B14+CY!B14+CZ!B14+DE!B14+DK!B14+EE!B14+EL!B14+ES!B14+FI!B14+FR!B14+HR!B14+HU!B14+IE!B14+IT!B14+LT!B14+LU!B14+LV!B14+MT!B14+NL!B14+PL!B14+PT!B14+RO!B14+SE!B14+SI!B14+SK!B14+IS!B14+NO!B14 -> 207.63127 | C14: =AT!C14+BE!C14+BG!C14+CY!C14+CZ!C14+DE!C14+DK!C14+EE!C14+EL!C14+ES!C14+FI!C14+FR!C14+HR!C14+HU!C14+IE!C14+IT!C14+LT!C14+LU!C14+LV!C14+MT!C14+NL!C14+PL!C14+PT!C14+RO!C14+SE!C14+SI!C14+SK!C14+IS!C14+NO!C14 -> 193.85747 | D14: =AT!D14+BE!D14+BG!D14+CY!D14+CZ!D14+DE!D14+DK!D14+EE!D14+EL!D14+ES!D14+FI!D14+FR!D14+HR!D14+HU!D14+IE!D14+IT!D14+LT!D14+LU!D14+LV!D14+MT!D14+NL!D14+PL!D14+PT!D14+RO!D14+SE!D14+SI!D14+SK!D14+IS!D14+NO!D14 -> 191.86896 | E14: =AT!E14+BE!E14+BG!E14+CY!E14+CZ!E14+DE!E14+DK!E14+EE!E14+EL!E14+ES!E14+FI!E14+FR!E14+HR!E14+HU!E14+IE!E14+IT!E14+LT!E14+LU!E14+LV!E14+MT!E14+NL!E14+PL!E14+PT!E14+RO!E14+SE!E14+SI!E14+SK!E14+IS!E14+NO!E14 -> 193.03979 | F14: =AT!F14+BE!F14+BG!F14+CY!F14+CZ!F14+DE!F14+DK!F14+EE!F14+EL!F14+ES!F14+FI!F14+FR!F14+HR!F14+HU!F14+IE!F14+IT!F14+LT!F14+LU!F14+LV!F14+MT!F14+NL!F14+PL!F14+PT!F14+RO!F14+SE!F14+SI!F14+SK!F14+IS!F14+NO!F14 -> 191.96455 | G14: =AT!G14+BE!G14+BG!G14+CY!G14+CZ!G14+DE!G14+DK!G14+EE!G14+EL!G14+ES!G14+FI!G14+FR!G14+HR!G14+HU!G14+IE!G14+IT!G14+LT!G14+LU!G14+LV!G14+MT!G14+NL!G14+PL!G14+PT!G14+RO!G14+SE!G14+SI!G14+SK!G14+IS!G14+NO!G14 -> 193.03519 | H14: =AT!H14+BE!H14+BG!H14+CY!H14+CZ!H14+DE!H14+DK!H14+EE!H14+EL!H14+ES!H14+FI!H14+FR!H14+HR!H14+HU!H14+IE!H14+IT!H14+LT!H14+LU!H14+LV!H14+MT!H14+NL!H14+PL!H14+PT!H14+RO!H14+SE!H14+SI!H14+SK!H14+IS!H14+NO!H14 -> 193.48774 | I14: =AT!I14+BE!I14+BG!I14+CY!I14+CZ!I14+DE!I14+DK!I14+EE!I14+EL!I14+ES!I14+FI!I14+FR!I14+HR!I14+HU!I14+IE!I14+IT!I14+LT!I14+LU!I14+LV!I14+MT!I14+NL!I14+PL!I14+PT!I14+RO!I14+SE!I14+SI!I14+SK!I14+IS!I14+NO!I14 -> 202.03242 | ... AI14: =AT!AI14+BE!AI14+BG!AI14+CY!AI14+CZ!AI14+DE!AI14+DK!AI14+EE!AI14+EL!AI14+ES!AI14+FI!AI14+FR!AI14+HR!AI14+HU!AI14+IE!AI14+IT!AI14+LT!AI14+LU!AI14+LV!AI14+MT!AI14+NL!AI14+PL!AI14+PT!AI14+RO!AI14+SE!AI14+SI!AI14+SK!AI14+IS!AI14+NO!AI14 -> 196.97505
A15: * Considering half of the distance of the voyages (thus the total distance for Intra-EEA in the EEA aggregation)
A17: Market shares of vehicle km (% of km) | B17: =IF(B12=0,0,B12/B$12) -> 1 | C17: =IF(C12=0,0,C12/C$12) -> 1 | D17: =IF(D12=0,0,D12/D$12) -> 1 | E17: =IF(E12=0,0,E12/E$12) -> 1 | F17: =IF(F12=0,0,F12/F$12) -> 1 | G17: =IF(G12=0,0,G12/G$12) -> 1 | H17: =IF(H12=0,0,H12/H$12) -> 1 | I17: =IF(I12=0,0,I12/I$12) -> 1 | ... AI17: =IF(AI12=0,0,AI12/AI$12) -> 1
A18: Intra-EEA | B18: =IF(B13=0,0,B13/B$12) -> 0.42091248 | C18: =IF(C13=0,0,C13/C$12) -> 0.41362927 | D18: =IF(D13=0,0,D13/D$12) -> 0.42109623 | E18: =IF(E13=0,0,E13/E$12) -> 0.4204696 | F18: =IF(F13=0,0,F13/F$12) -> 0.42444707 | G18: =IF(G13=0,0,G13/G$12) -> 0.42188044 | H18: =IF(H13=0,0,H13/H$12) -> 0.42615717 | I18: =IF(I13=0,0,I13/I$12) -> 0.42171254 | ... AI18: =IF(AI13=0,0,AI13/AI$12) -> 0.44094982
A19: Extra-EEA | B19: =IF(B14=0,0,B14/B$12) -> 0.57908752 | C19: =IF(C14=0,0,C14/C$12) -> 0.58637073 | D19: =IF(D14=0,0,D14/D$12) -> 0.57890377 | E19: =IF(E14=0,0,E14/E$12) -> 0.5795304 | F19: =IF(F14=0,0,F14/F$12) -> 0.57555293 | G19: =IF(G14=0,0,G14/G$12) -> 0.57811956 | H19: =IF(H14=0,0,H14/H$12) -> 0.57384283 | I19: =IF(I14=0,0,I14/I$12) -> 0.57828746 | ... AI19: =IF(AI14=0,0,AI14/AI$12) -> 0.55905018
A21: Load factor of vessels (t/movement) | B21: =IF(B3=0,0,B3/B12) -> 15122.034 | C21: =IF(C3=0,0,C3/C12) -> 15706.177 | D21: =IF(D3=0,0,D3/D12) -> 15477.481 | E21: =IF(E3=0,0,E3/E12) -> 15354.856 | F21: =IF(F3=0,0,F3/F12) -> 15046.821 | G21: =IF(G3=0,0,G3/G12) -> 15098.069 | H21: =IF(H3=0,0,H3/H12) -> 15156.48 | I21: =IF(I3=0,0,I3/I12) -> 15424.91 | ... AI21: =IF(AI3=0,0,AI3/AI12) -> 23231.345
A22: Intra-EEA | B22: =IF(B4=0,0,B4/B13) -> 5125.9707 | C22: =IF(C4=0,0,C4/C13) -> 5267.1302 | D22: =IF(D4=0,0,D4/D13) -> 5251.9159 | E22: =IF(E4=0,0,E4/E13) -> 5190.5972 | F22: =IF(F4=0,0,F4/F13) -> 5101.862 | G22: =IF(G4=0,0,G4/G13) -> 5069.5272 | H22: =IF(H4=0,0,H4/H13) -> 5127.8813 | I22: =IF(I4=0,0,I4/I13) -> 5166.6953 | ... AI22: =IF(AI4=0,0,AI4/AI13) -> 7119.4987
A23: Extra-EEA | B23: =IF(B5=0,0,B5/B14) -> 22387.719 | C23: =IF(C5=0,0,C5/C14) -> 23069.94 | D23: =IF(D5=0,0,D5/D14) -> 22915.586 | E23: =IF(E5=0,0,E5/E14) -> 22729.382 | F23: =IF(F5=0,0,F5/F14) -> 22380.827 | G23: =IF(G5=0,0,G5/G14) -> 22416.358 | H23: =IF(H5=0,0,H5/H14) -> 22604.093 | I23: =IF(I5=0,0,I5/I14) -> 22905.65 | ... AI23: =IF(AI5=0,0,AI5/AI14) -> 35939.535
A25: Total energy consumption (ktoe) | B25: =SUM(B26,B32) -> 33617.575 | C25: =SUM(C26,C32) -> 33286.787 | D25: =SUM(D26,D32) -> 33686.069 | E25: =SUM(E26,E32) -> 33615.51 | F25: =SUM(F26,F32) -> 33187.762 | G25: =SUM(G26,G32) -> 33532.668 | H25: =SUM(H26,H32) -> 35282.809 | I25: =SUM(I26,I32) -> 38005.547 | ... AI25: =SUM(AI26,AI32) -> 39656.607
A26: Intra-EEA | B26: =SUM(B27:B31) -> 11663.979 | C26: =SUM(C27:C31) -> 11405.357 | D26: =SUM(D27:D31) -> 11749.275 | E26: =SUM(E27:E31) -> 11890.478 | F26: =SUM(F27:F31) -> 11844.19 | G26: =SUM(G27:G31) -> 12038.117 | H26: =SUM(H27:H31) -> 12704.051 | I26: =SUM(I27:I31) -> 13646.949 | ... AI26: =SUM(AI27:AI31) -> 14238.07
A27: Gas oil and diesel oil (excluding biofuel portion) | B27: =AT!B27+BE!B27+BG!B27+CY!B27+CZ!B27+DE!B27+DK!B27+EE!B27+EL!B27+ES!B27+FI!B27+FR!B27+HR!B27+HU!B27+IE!B27+IT!B27+LT!B27+LU!B27+LV!B27+MT!B27+NL!B27+PL!B27+PT!B27+RO!B27+SE!B27+SI!B27+SK!B27+IS!B27+NO!B27 -> 5408.1702 | C27: =AT!C27+BE!C27+BG!C27+CY!C27+CZ!C27+DE!C27+DK!C27+EE!C27+EL!C27+ES!C27+FI!C27+FR!C27+HR!C27+HU!C27+IE!C27+IT!C27+LT!C27+LU!C27+LV!C27+MT!C27+NL!C27+PL!C27+PT!C27+RO!C27+SE!C27+SI!C27+SK!C27+IS!C27+NO!C27 -> 5346.6099 | D27: =AT!D27+BE!D27+BG!D27+CY!D27+CZ!D27+DE!D27+DK!D27+EE!D27+EL!D27+ES!D27+FI!D27+FR!D27+HR!D27+HU!D27+IE!D27+IT!D27+LT!D27+LU!D27+LV!D27+MT!D27+NL!D27+PL!D27+PT!D27+RO!D27+SE!D27+SI!D27+SK!D27+IS!D27+NO!D27 -> 5716.24 | E27: =AT!E27+BE!E27+BG!E27+CY!E27+CZ!E27+DE!E27+DK!E27+EE!E27+EL!E27+ES!E27+FI!E27+FR!E27+HR!E27+HU!E27+IE!E27+IT!E27+LT!E27+LU!E27+LV!E27+MT!E27+NL!E27+PL!E27+PT!E27+RO!E27+SE!E27+SI!E27+SK!E27+IS!E27+NO!E27 -> 5260.7716 | F27: =AT!F27+BE!F27+BG!F27+CY!F27+CZ!F27+DE!F27+DK!F27+EE!F27+EL!F27+ES!F27+FI!F27+FR!F27+HR!F27+HU!F27+IE!F27+IT!F27+LT!F27+LU!F27+LV!F27+MT!F27+NL!F27+PL!F27+PT!F27+RO!F27+SE!F27+SI!F27+SK!F27+IS!F27+NO!F27 -> 5086.6035 | G27: =AT!G27+BE!G27+BG!G27+CY!G27+CZ!G27+DE!G27+DK!G27+EE!G27+EL!G27+ES!G27+FI!G27+FR!G27+HR!G27+HU!G27+IE!G27+IT!G27+LT!G27+LU!G27+LV!G27+MT!G27+NL!G27+PL!G27+PT!G27+RO!G27+SE!G27+SI!G27+SK!G27+IS!G27+NO!G27 -> 5636.3245 | H27: =AT!H27+BE!H27+BG!H27+CY!H27+CZ!H27+DE!H27+DK!H27+EE!H27+EL!H27+ES!H27+FI!H27+FR!H27+HR!H27+HU!H27+IE!H27+IT!H27+LT!H27+LU!H27+LV!H27+MT!H27+NL!H27+PL!H27+PT!H27+RO!H27+SE!H27+SI!H27+SK!H27+IS!H27+NO!H27 -> 5998.2169 | I27: =AT!I27+BE!I27+BG!I27+CY!I27+CZ!I27+DE!I27+DK!I27+EE!I27+EL!I27+ES!I27+FI!I27+FR!I27+HR!I27+HU!I27+IE!I27+IT!I27+LT!I27+LU!I27+LV!I27+MT!I27+NL!I27+PL!I27+PT!I27+RO!I27+SE!I27+SI!I27+SK!I27+IS!I27+NO!I27 -> 6425.3039 | ... AI27: =AT!AI27+BE!AI27+BG!AI27+CY!AI27+CZ!AI27+DE!AI27+DK!AI27+EE!AI27+EL!AI27+ES!AI27+FI!AI27+FR!AI27+HR!AI27+HU!AI27+IE!AI27+IT!AI27+LT!AI27+LU!AI27+LV!AI27+MT!AI27+NL!AI27+PL!AI27+PT!AI27+RO!AI27+SE!AI27+SI!AI27+SK!AI27+IS!AI27+NO!AI27 -> 6739.9575
A28: Fuel oil and Other oil products | B28: =AT!B28+BE!B28+BG!B28+CY!B28+CZ!B28+DE!B28+DK!B28+EE!B28+EL!B28+ES!B28+FI!B28+FR!B28+HR!B28+HU!B28+IE!B28+IT!B28+LT!B28+LU!B28+LV!B28+MT!B28+NL!B28+PL!B28+PT!B28+RO!B28+SE!B28+SI!B28+SK!B28+IS!B28+NO!B28 -> 6255.8083 | C28: =AT!C28+BE!C28+BG!C28+CY!C28+CZ!C28+DE!C28+DK!C28+EE!C28+EL!C28+ES!C28+FI!C28+FR!C28+HR!C28+HU!C28+IE!C28+IT!C28+LT!C28+LU!C28+LV!C28+MT!C28+NL!C28+PL!C28+PT!C28+RO!C28+SE!C28+SI!C28+SK!C28+IS!C28+NO!C28 -> 6058.7475 | D28: =AT!D28+BE!D28+BG!D28+CY!D28+CZ!D28+DE!D28+DK!D28+EE!D28+EL!D28+ES!D28+FI!D28+FR!D28+HR!D28+HU!D28+IE!D28+IT!D28+LT!D28+LU!D28+LV!D28+MT!D28+NL!D28+PL!D28+PT!D28+RO!D28+SE!D28+SI!D28+SK!D28+IS!D28+NO!D28 -> 6033.035 | E28: =AT!E28+BE!E28+BG!E28+CY!E28+CZ!E28+DE!E28+DK!E28+EE!E28+EL!E28+ES!E28+FI!E28+FR!E28+HR!E28+HU!E28+IE!E28+IT!E28+LT!E28+LU!E28+LV!E28+MT!E28+NL!E28+PL!E28+PT!E28+RO!E28+SE!E28+SI!E28+SK!E28+IS!E28+NO!E28 -> 6629.7066 | F28: =AT!F28+BE!F28+BG!F28+CY!F28+CZ!F28+DE!F28+DK!F28+EE!F28+EL!F28+ES!F28+FI!F28+FR!F28+HR!F28+HU!F28+IE!F28+IT!F28+LT!F28+LU!F28+LV!F28+MT!F28+NL!F28+PL!F28+PT!F28+RO!F28+SE!F28+SI!F28+SK!F28+IS!F28+NO!F28 -> 6757.5865 | G28: =AT!G28+BE!G28+BG!G28+CY!G28+CZ!G28+DE!G28+DK!G28+EE!G28+EL!G28+ES!G28+FI!G28+FR!G28+HR!G28+HU!G28+IE!G28+IT!G28+LT!G28+LU!G28+LV!G28+MT!G28+NL!G28+PL!G28+PT!G28+RO!G28+SE!G28+SI!G28+SK!G28+IS!G28+NO!G28 -> 6401.7929 | H28: =AT!H28+BE!H28+BG!H28+CY!H28+CZ!H28+DE!H28+DK!H28+EE!H28+EL!H28+ES!H28+FI!H28+FR!H28+HR!H28+HU!H28+IE!H28+IT!H28+LT!H28+LU!H28+LV!H28+MT!H28+NL!H28+PL!H28+PT!H28+RO!H28+SE!H28+SI!H28+SK!H28+IS!H28+NO!H28 -> 6705.8343 | I28: =AT!I28+BE!I28+BG!I28+CY!I28+CZ!I28+DE!I28+DK!I28+EE!I28+EL!I28+ES!I28+FI!I28+FR!I28+HR!I28+HU!I28+IE!I28+IT!I28+LT!I28+LU!I28+LV!I28+MT!I28+NL!I28+PL!I28+PT!I28+RO!I28+SE!I28+SI!I28+SK!I28+IS!I28+NO!I28 -> 7221.6453 | ... AI28: =AT!AI28+BE!AI28+BG!AI28+CY!AI28+CZ!AI28+DE!AI28+DK!AI28+EE!AI28+EL!AI28+ES!AI28+FI!AI28+FR!AI28+HR!AI28+HU!AI28+IE!AI28+IT!AI28+LT!AI28+LU!AI28+LV!AI28+MT!AI28+NL!AI28+PL!AI28+PT!AI28+RO!AI28+SE!AI28+SI!AI28+SK!AI28+IS!AI28+NO!AI28 -> 7249.5616
A29: Blended biofuels | B29: =AT!B29+BE!B29+BG!B29+CY!B29+CZ!B29+DE!B29+DK!B29+EE!B29+EL!B29+ES!B29+FI!B29+FR!B29+HR!B29+HU!B29+IE!B29+IT!B29+LT!B29+LU!B29+LV!B29+MT!B29+NL!B29+PL!B29+PT!B29+RO!B29+SE!B29+SI!B29+SK!B29+IS!B29+NO!B29 -> 0 | C29: =AT!C29+BE!C29+BG!C29+CY!C29+CZ!C29+DE!C29+DK!C29+EE!C29+EL!C29+ES!C29+FI!C29+FR!C29+HR!C29+HU!C29+IE!C29+IT!C29+LT!C29+LU!C29+LV!C29+MT!C29+NL!C29+PL!C29+PT!C29+RO!C29+SE!C29+SI!C29+SK!C29+IS!C29+NO!C29 -> 0 | D29: =AT!D29+BE!D29+BG!D29+CY!D29+CZ!D29+DE!D29+DK!D29+EE!D29+EL!D29+ES!D29+FI!D29+FR!D29+HR!D29+HU!D29+IE!D29+IT!D29+LT!D29+LU!D29+LV!D29+MT!D29+NL!D29+PL!D29+PT!D29+RO!D29+SE!D29+SI!D29+SK!D29+IS!D29+NO!D29 -> 0 | E29: =AT!E29+BE!E29+BG!E29+CY!E29+CZ!E29+DE!E29+DK!E29+EE!E29+EL!E29+ES!E29+FI!E29+FR!E29+HR!E29+HU!E29+IE!E29+IT!E29+LT!E29+LU!E29+LV!E29+MT!E29+NL!E29+PL!E29+PT!E29+RO!E29+SE!E29+SI!E29+SK!E29+IS!E29+NO!E29 -> 0 | F29: =AT!F29+BE!F29+BG!F29+CY!F29+CZ!F29+DE!F29+DK!F29+EE!F29+EL!F29+ES!F29+FI!F29+FR!F29+HR!F29+HU!F29+IE!F29+IT!F29+LT!F29+LU!F29+LV!F29+MT!F29+NL!F29+PL!F29+PT!F29+RO!F29+SE!F29+SI!F29+SK!F29+IS!F29+NO!F29 -> 0 | G29: =AT!G29+BE!G29+BG!G29+CY!G29+CZ!G29+DE!G29+DK!G29+EE!G29+EL!G29+ES!G29+FI!G29+FR!G29+HR!G29+HU!G29+IE!G29+IT!G29+LT!G29+LU!G29+LV!G29+MT!G29+NL!G29+PL!G29+PT!G29+RO!G29+SE!G29+SI!G29+SK!G29+IS!G29+NO!G29 -> 0 | H29: =AT!H29+BE!H29+BG!H29+CY!H29+CZ!H29+DE!H29+DK!H29+EE!H29+EL!H29+ES!H29+FI!H29+FR!H29+HR!H29+HU!H29+IE!H29+IT!H29+LT!H29+LU!H29+LV!H29+MT!H29+NL!H29+PL!H29+PT!H29+RO!H29+SE!H29+SI!H29+SK!H29+IS!H29+NO!H29 -> 0 | I29: =AT!I29+BE!I29+BG!I29+CY!I29+CZ!I29+DE!I29+DK!I29+EE!I29+EL!I29+ES!I29+FI!I29+FR!I29+HR!I29+HU!I29+IE!I29+IT!I29+LT!I29+LU!I29+LV!I29+MT!I29+NL!I29+PL!I29+PT!I29+RO!I29+SE!I29+SI!I29+SK!I29+IS!I29+NO!I29 -> 0 | ... AI29: =AT!AI29+BE!AI29+BG!AI29+CY!AI29+CZ!AI29+DE!AI29+DK!AI29+EE!AI29+EL!AI29+ES!AI29+FI!AI29+FR!AI29+HR!AI29+HU!AI29+IE!AI29+IT!AI29+LT!AI29+LU!AI29+LV!AI29+MT!AI29+NL!AI29+PL!AI29+PT!AI29+RO!AI29+SE!AI29+SI!AI29+SK!AI29+IS!AI29+NO!AI29 -> 74.519223
A30: Natural gas | B30: =AT!B30+BE!B30+BG!B30+CY!B30+CZ!B30+DE!B30+DK!B30+EE!B30+EL!B30+ES!B30+FI!B30+FR!B30+HR!B30+HU!B30+IE!B30+IT!B30+LT!B30+LU!B30+LV!B30+MT!B30+NL!B30+PL!B30+PT!B30+RO!B30+SE!B30+SI!B30+SK!B30+IS!B30+NO!B30 -> 0 | C30: =AT!C30+BE!C30+BG!C30+CY!C30+CZ!C30+DE!C30+DK!C30+EE!C30+EL!C30+ES!C30+FI!C30+FR!C30+HR!C30+HU!C30+IE!C30+IT!C30+LT!C30+LU!C30+LV!C30+MT!C30+NL!C30+PL!C30+PT!C30+RO!C30+SE!C30+SI!C30+SK!C30+IS!C30+NO!C30 -> 0 | D30: =AT!D30+BE!D30+BG!D30+CY!D30+CZ!D30+DE!D30+DK!D30+EE!D30+EL!D30+ES!D30+FI!D30+FR!D30+HR!D30+HU!D30+IE!D30+IT!D30+LT!D30+LU!D30+LV!D30+MT!D30+NL!D30+PL!D30+PT!D30+RO!D30+SE!D30+SI!D30+SK!D30+IS!D30+NO!D30 -> 0 | E30: =AT!E30+BE!E30+BG!E30+CY!E30+CZ!E30+DE!E30+DK!E30+EE!E30+EL!E30+ES!E30+FI!E30+FR!E30+HR!E30+HU!E30+IE!E30+IT!E30+LT!E30+LU!E30+LV!E30+MT!E30+NL!E30+PL!E30+PT!E30+RO!E30+SE!E30+SI!E30+SK!E30+IS!E30+NO!E30 -> 0 | F30: =AT!F30+BE!F30+BG!F30+CY!F30+CZ!F30+DE!F30+DK!F30+EE!F30+EL!F30+ES!F30+FI!F30+FR!F30+HR!F30+HU!F30+IE!F30+IT!F30+LT!F30+LU!F30+LV!F30+MT!F30+NL!F30+PL!F30+PT!F30+RO!F30+SE!F30+SI!F30+SK!F30+IS!F30+NO!F30 -> 0 | G30: =AT!G30+BE!G30+BG!G30+CY!G30+CZ!G30+DE!G30+DK!G30+EE!G30+EL!G30+ES!G30+FI!G30+FR!G30+HR!G30+HU!G30+IE!G30+IT!G30+LT!G30+LU!G30+LV!G30+MT!G30+NL!G30+PL!G30+PT!G30+RO!G30+SE!G30+SI!G30+SK!G30+IS!G30+NO!G30 -> 0 | H30: =AT!H30+BE!H30+BG!H30+CY!H30+CZ!H30+DE!H30+DK!H30+EE!H30+EL!H30+ES!H30+FI!H30+FR!H30+HR!H30+HU!H30+IE!H30+IT!H30+LT!H30+LU!H30+LV!H30+MT!H30+NL!H30+PL!H30+PT!H30+RO!H30+SE!H30+SI!H30+SK!H30+IS!H30+NO!H30 -> 0 | I30: =AT!I30+BE!I30+BG!I30+CY!I30+CZ!I30+DE!I30+DK!I30+EE!I30+EL!I30+ES!I30+FI!I30+FR!I30+HR!I30+HU!I30+IE!I30+IT!I30+LT!I30+LU!I30+LV!I30+MT!I30+NL!I30+PL!I30+PT!I30+RO!I30+SE!I30+SI!I30+SK!I30+IS!I30+NO!I30 -> 0 | ... AI30: =AT!AI30+BE!AI30+BG!AI30+CY!AI30+CZ!AI30+DE!AI30+DK!AI30+EE!AI30+EL!AI30+ES!AI30+FI!AI30+FR!AI30+HR!AI30+HU!AI30+IE!AI30+IT!AI30+LT!AI30+LU!AI30+LV!AI30+MT!AI30+NL!AI30+PL!AI30+PT!AI30+RO!AI30+SE!AI30+SI!AI30+SK!AI30+IS!AI30+NO!AI30 -> 171.54457
A31: Biogases | B31: =AT!B31+BE!B31+BG!B31+CY!B31+CZ!B31+DE!B31+DK!B31+EE!B31+EL!B31+ES!B31+FI!B31+FR!B31+HR!B31+HU!B31+IE!B31+IT!B31+LT!B31+LU!B31+LV!B31+MT!B31+NL!B31+PL!B31+PT!B31+RO!B31+SE!B31+SI!B31+SK!B31+IS!B31+NO!B31 -> 0 | C31: =AT!C31+BE!C31+BG!C31+CY!C31+CZ!C31+DE!C31+DK!C31+EE!C31+EL!C31+ES!C31+FI!C31+FR!C31+HR!C31+HU!C31+IE!C31+IT!C31+LT!C31+LU!C31+LV!C31+MT!C31+NL!C31+PL!C31+PT!C31+RO!C31+SE!C31+SI!C31+SK!C31+IS!C31+NO!C31 -> 0 | D31: =AT!D31+BE!D31+BG!D31+CY!D31+CZ!D31+DE!D31+DK!D31+EE!D31+EL!D31+ES!D31+FI!D31+FR!D31+HR!D31+HU!D31+IE!D31+IT!D31+LT!D31+LU!D31+LV!D31+MT!D31+NL!D31+PL!D31+PT!D31+RO!D31+SE!D31+SI!D31+SK!D31+IS!D31+NO!D31 -> 0 | E31: =AT!E31+BE!E31+BG!E31+CY!E31+CZ!E31+DE!E31+DK!E31+EE!E31+EL!E31+ES!E31+FI!E31+FR!E31+HR!E31+HU!E31+IE!E31+IT!E31+LT!E31+LU!E31+LV!E31+MT!E31+NL!E31+PL!E31+PT!E31+RO!E31+SE!E31+SI!E31+SK!E31+IS!E31+NO!E31 -> 0 | F31: =AT!F31+BE!F31+BG!F31+CY!F31+CZ!F31+DE!F31+DK!F31+EE!F31+EL!F31+ES!F31+FI!F31+FR!F31+HR!F31+HU!F31+IE!F31+IT!F31+LT!F31+LU!F31+LV!F31+MT!F31+NL!F31+PL!F31+PT!F31+RO!F31+SE!F31+SI!F31+SK!F31+IS!F31+NO!F31 -> 0 | G31: =AT!G31+BE!G31+BG!G31+CY!G31+CZ!G31+DE!G31+DK!G31+EE!G31+EL!G31+ES!G31+FI!G31+FR!G31+HR!G31+HU!G31+IE!G31+IT!G31+LT!G31+LU!G31+LV!G31+MT!G31+NL!G31+PL!G31+PT!G31+RO!G31+SE!G31+SI!G31+SK!G31+IS!G31+NO!G31 -> 0 | H31: =AT!H31+BE!H31+BG!H31+CY!H31+CZ!H31+DE!H31+DK!H31+EE!H31+EL!H31+ES!H31+FI!H31+FR!H31+HR!H31+HU!H31+IE!H31+IT!H31+LT!H31+LU!H31+LV!H31+MT!H31+NL!H31+PL!H31+PT!H31+RO!H31+SE!H31+SI!H31+SK!H31+IS!H31+NO!H31 -> 0 | I31: =AT!I31+BE!I31+BG!I31+CY!I31+CZ!I31+DE!I31+DK!I31+EE!I31+EL!I31+ES!I31+FI!I31+FR!I31+HR!I31+HU!I31+IE!I31+IT!I31+LT!I31+LU!I31+LV!I31+MT!I31+NL!I31+PL!I31+PT!I31+RO!I31+SE!I31+SI!I31+SK!I31+IS!I31+NO!I31 -> 0 | ... AI31: =AT!AI31+BE!AI31+BG!AI31+CY!AI31+CZ!AI31+DE!AI31+DK!AI31+EE!AI31+EL!AI31+ES!AI31+FI!AI31+FR!AI31+HR!AI31+HU!AI31+IE!AI31+IT!AI31+LT!AI31+LU!AI31+LV!AI31+MT!AI31+NL!AI31+PL!AI31+PT!AI31+RO!AI31+SE!AI31+SI!AI31+SK!AI31+IS!AI31+NO!AI31 -> 2.4874549
A32: Extra-EEA | B32: =SUM(B33:B37) -> 21953.596 | C32: =SUM(C33:C37) -> 21881.43 | D32: =SUM(D33:D37) -> 21936.794 | E32: =SUM(E33:E37) -> 21725.032 | F32: =SUM(F33:F37) -> 21343.572 | G32: =SUM(G33:G37) -> 21494.551 | H32: =SUM(H33:H37) -> 22578.757 | I32: =SUM(I33:I37) -> 24358.598 | ... AI32: =SUM(AI33:AI37) -> 25418.537
A33: Gas oil and diesel oil (excluding biofuel portion) | B33: =AT!B33+BE!B33+BG!B33+CY!B33+CZ!B33+DE!B33+DK!B33+EE!B33+EL!B33+ES!B33+FI!B33+FR!B33+HR!B33+HU!B33+IE!B33+IT!B33+LT!B33+LU!B33+LV!B33+MT!B33+NL!B33+PL!B33+PT!B33+RO!B33+SE!B33+SI!B33+SK!B33+IS!B33+NO!B33 -> 2020.5428 | C33: =AT!C33+BE!C33+BG!C33+CY!C33+CZ!C33+DE!C33+DK!C33+EE!C33+EL!C33+ES!C33+FI!C33+FR!C33+HR!C33+HU!C33+IE!C33+IT!C33+LT!C33+LU!C33+LV!C33+MT!C33+NL!C33+PL!C33+PT!C33+RO!C33+SE!C33+SI!C33+SK!C33+IS!C33+NO!C33 -> 2029.4738 | D33: =AT!D33+BE!D33+BG!D33+CY!D33+CZ!D33+DE!D33+DK!D33+EE!D33+EL!D33+ES!D33+FI!D33+FR!D33+HR!D33+HU!D33+IE!D33+IT!D33+LT!D33+LU!D33+LV!D33+MT!D33+NL!D33+PL!D33+PT!D33+RO!D33+SE!D33+SI!D33+SK!D33+IS!D33+NO!D33 -> 2096.8914 | E33: =AT!E33+BE!E33+BG!E33+CY!E33+CZ!E33+DE!E33+DK!E33+EE!E33+EL!E33+ES!E33+FI!E33+FR!E33+HR!E33+HU!E33+IE!E33+IT!E33+LT!E33+LU!E33+LV!E33+MT!E33+NL!E33+PL!E33+PT!E33+RO!E33+SE!E33+SI!E33+SK!E33+IS!E33+NO!E33 -> 1879.5252 | F33: =AT!F33+BE!F33+BG!F33+CY!F33+CZ!F33+DE!F33+DK!F33+EE!F33+EL!F33+ES!F33+FI!F33+FR!F33+HR!F33+HU!F33+IE!F33+IT!F33+LT!F33+LU!F33+LV!F33+MT!F33+NL!F33+PL!F33+PT!F33+RO!F33+SE!F33+SI!F33+SK!F33+IS!F33+NO!F33 -> 1719.2613 | G33: =AT!G33+BE!G33+BG!G33+CY!G33+CZ!G33+DE!G33+DK!G33+EE!G33+EL!G33+ES!G33+FI!G33+FR!G33+HR!G33+HU!G33+IE!G33+IT!G33+LT!G33+LU!G33+LV!G33+MT!G33+NL!G33+PL!G33+PT!G33+RO!G33+SE!G33+SI!G33+SK!G33+IS!G33+NO!G33 -> 1882.835 | H33: =AT!H33+BE!H33+BG!H33+CY!H33+CZ!H33+DE!H33+DK!H33+EE!H33+EL!H33+ES!H33+FI!H33+FR!H33+HR!H33+HU!H33+IE!H33+IT!H33+LT!H33+LU!H33+LV!H33+MT!H33+NL!H33+PL!H33+PT!H33+RO!H33+SE!H33+SI!H33+SK!H33+IS!H33+NO!H33 -> 1972.2254 | I33: =AT!I33+BE!I33+BG!I33+CY!I33+CZ!I33+DE!I33+DK!I33+EE!I33+EL!I33+ES!I33+FI!I33+FR!I33+HR!I33+HU!I33+IE!I33+IT!I33+LT!I33+LU!I33+LV!I33+MT!I33+NL!I33+PL!I33+PT!I33+RO!I33+SE!I33+SI!I33+SK!I33+IS!I33+NO!I33 -> 2098.7775 | ... AI33: =AT!AI33+BE!AI33+BG!AI33+CY!AI33+CZ!AI33+DE!AI33+DK!AI33+EE!AI33+EL!AI33+ES!AI33+FI!AI33+FR!AI33+HR!AI33+HU!AI33+IE!AI33+IT!AI33+LT!AI33+LU!AI33+LV!AI33+MT!AI33+NL!AI33+PL!AI33+PT!AI33+RO!AI33+SE!AI33+SI!AI33+SK!AI33+IS!AI33+NO!AI33 -> 2565.9136
A34: Fuel oil and Other oil products | B34: =AT!B34+BE!B34+BG!B34+CY!B34+CZ!B34+DE!B34+DK!B34+EE!B34+EL!B34+ES!B34+FI!B34+FR!B34+HR!B34+HU!B34+IE!B34+IT!B34+LT!B34+LU!B34+LV!B34+MT!B34+NL!B34+PL!B34+PT!B34+RO!B34+SE!B34+SI!B34+SK!B34+IS!B34+NO!B34 -> 19933.054 | C34: =AT!C34+BE!C34+BG!C34+CY!C34+CZ!C34+DE!C34+DK!C34+EE!C34+EL!C34+ES!C34+FI!C34+FR!C34+HR!C34+HU!C34+IE!C34+IT!C34+LT!C34+LU!C34+LV!C34+MT!C34+NL!C34+PL!C34+PT!C34+RO!C34+SE!C34+SI!C34+SK!C34+IS!C34+NO!C34 -> 19851.956 | D34: =AT!D34+BE!D34+BG!D34+CY!D34+CZ!D34+DE!D34+DK!D34+EE!D34+EL!D34+ES!D34+FI!D34+FR!D34+HR!D34+HU!D34+IE!D34+IT!D34+LT!D34+LU!D34+LV!D34+MT!D34+NL!D34+PL!D34+PT!D34+RO!D34+SE!D34+SI!D34+SK!D34+IS!D34+NO!D34 -> 19839.902 | E34: =AT!E34+BE!E34+BG!E34+CY!E34+CZ!E34+DE!E34+DK!E34+EE!E34+EL!E34+ES!E34+FI!E34+FR!E34+HR!E34+HU!E34+IE!E34+IT!E34+LT!E34+LU!E34+LV!E34+MT!E34+NL!E34+PL!E34+PT!E34+RO!E34+SE!E34+SI!E34+SK!E34+IS!E34+NO!E34 -> 19845.507 | F34: =AT!F34+BE!F34+BG!F34+CY!F34+CZ!F34+DE!F34+DK!F34+EE!F34+EL!F34+ES!F34+FI!F34+FR!F34+HR!F34+HU!F34+IE!F34+IT!F34+LT!F34+LU!F34+LV!F34+MT!F34+NL!F34+PL!F34+PT!F34+RO!F34+SE!F34+SI!F34+SK!F34+IS!F34+NO!F34 -> 19624.311 | G34: =AT!G34+BE!G34+BG!G34+CY!G34+CZ!G34+DE!G34+DK!G34+EE!G34+EL!G34+ES!G34+FI!G34+FR!G34+HR!G34+HU!G34+IE!G34+IT!G34+LT!G34+LU!G34+LV!G34+MT!G34+NL!G34+PL!G34+PT!G34+RO!G34+SE!G34+SI!G34+SK!G34+IS!G34+NO!G34 -> 19611.716 | H34: =AT!H34+BE!H34+BG!H34+CY!H34+CZ!H34+DE!H34+DK!H34+EE!H34+EL!H34+ES!H34+FI!H34+FR!H34+HR!H34+HU!H34+IE!H34+IT!H34+LT!H34+LU!H34+LV!H34+MT!H34+NL!H34+PL!H34+PT!H34+RO!H34+SE!H34+SI!H34+SK!H34+IS!H34+NO!H34 -> 20606.532 | I34: =AT!I34+BE!I34+BG!I34+CY!I34+CZ!I34+DE!I34+DK!I34+EE!I34+EL!I34+ES!I34+FI!I34+FR!I34+HR!I34+HU!I34+IE!I34+IT!I34+LT!I34+LU!I34+LV!I34+MT!I34+NL!I34+PL!I34+PT!I34+RO!I34+SE!I34+SI!I34+SK!I34+IS!I34+NO!I34 -> 22259.82 | ... AI34: =AT!AI34+BE!AI34+BG!AI34+CY!AI34+CZ!AI34+DE!AI34+DK!AI34+EE!AI34+EL!AI34+ES!AI34+FI!AI34+FR!AI34+HR!AI34+HU!AI34+IE!AI34+IT!AI34+LT!AI34+LU!AI34+LV!AI34+MT!AI34+NL!AI34+PL!AI34+PT!AI34+RO!AI34+SE!AI34+SI!AI34+SK!AI34+IS!AI34+NO!AI34 -> 22292.831
A35: Blended biofuels | B35: =AT!B35+BE!B35+BG!B35+CY!B35+CZ!B35+DE!B35+DK!B35+EE!B35+EL!B35+ES!B35+FI!B35+FR!B35+HR!B35+HU!B35+IE!B35+IT!B35+LT!B35+LU!B35+LV!B35+MT!B35+NL!B35+PL!B35+PT!B35+RO!B35+SE!B35+SI!B35+SK!B35+IS!B35+NO!B35 -> 0 | C35: =AT!C35+BE!C35+BG!C35+CY!C35+CZ!C35+DE!C35+DK!C35+EE!C35+EL!C35+ES!C35+FI!C35+FR!C35+HR!C35+HU!C35+IE!C35+IT!C35+LT!C35+LU!C35+LV!C35+MT!C35+NL!C35+PL!C35+PT!C35+RO!C35+SE!C35+SI!C35+SK!C35+IS!C35+NO!C35 -> 0 | D35: =AT!D35+BE!D35+BG!D35+CY!D35+CZ!D35+DE!D35+DK!D35+EE!D35+EL!D35+ES!D35+FI!D35+FR!D35+HR!D35+HU!D35+IE!D35+IT!D35+LT!D35+LU!D35+LV!D35+MT!D35+NL!D35+PL!D35+PT!D35+RO!D35+SE!D35+SI!D35+SK!D35+IS!D35+NO!D35 -> 0 | E35: =AT!E35+BE!E35+BG!E35+CY!E35+CZ!E35+DE!E35+DK!E35+EE!E35+EL!E35+ES!E35+FI!E35+FR!E35+HR!E35+HU!E35+IE!E35+IT!E35+LT!E35+LU!E35+LV!E35+MT!E35+NL!E35+PL!E35+PT!E35+RO!E35+SE!E35+SI!E35+SK!E35+IS!E35+NO!E35 -> 0 | F35: =AT!F35+BE!F35+BG!F35+CY!F35+CZ!F35+DE!F35+DK!F35+EE!F35+EL!F35+ES!F35+FI!F35+FR!F35+HR!F35+HU!F35+IE!F35+IT!F35+LT!F35+LU!F35+LV!F35+MT!F35+NL!F35+PL!F35+PT!F35+RO!F35+SE!F35+SI!F35+SK!F35+IS!F35+NO!F35 -> 0 | G35: =AT!G35+BE!G35+BG!G35+CY!G35+CZ!G35+DE!G35+DK!G35+EE!G35+EL!G35+ES!G35+FI!G35+FR!G35+HR!G35+HU!G35+IE!G35+IT!G35+LT!G35+LU!G35+LV!G35+MT!G35+NL!G35+PL!G35+PT!G35+RO!G35+SE!G35+SI!G35+SK!G35+IS!G35+NO!G35 -> 0 | H35: =AT!H35+BE!H35+BG!H35+CY!H35+CZ!H35+DE!H35+DK!H35+EE!H35+EL!H35+ES!H35+FI!H35+FR!H35+HR!H35+HU!H35+IE!H35+IT!H35+LT!H35+LU!H35+LV!H35+MT!H35+NL!H35+PL!H35+PT!H35+RO!H35+SE!H35+SI!H35+SK!H35+IS!H35+NO!H35 -> 0 | I35: =AT!I35+BE!I35+BG!I35+CY!I35+CZ!I35+DE!I35+DK!I35+EE!I35+EL!I35+ES!I35+FI!I35+FR!I35+HR!I35+HU!I35+IE!I35+IT!I35+LT!I35+LU!I35+LV!I35+MT!I35+NL!I35+PL!I35+PT!I35+RO!I35+SE!I35+SI!I35+SK!I35+IS!I35+NO!I35 -> 0 | ... AI35: =AT!AI35+BE!AI35+BG!AI35+CY!AI35+CZ!AI35+DE!AI35+DK!AI35+EE!AI35+EL!AI35+ES!AI35+FI!AI35+FR!AI35+HR!AI35+HU!AI35+IE!AI35+IT!AI35+LT!AI35+LU!AI35+LV!AI35+MT!AI35+NL!AI35+PL!AI35+PT!AI35+RO!AI35+SE!AI35+SI!AI35+SK!AI35+IS!AI35+NO!AI35 -> 255.62858
A36: Natural gas | B36: =AT!B36+BE!B36+BG!B36+CY!B36+CZ!B36+DE!B36+DK!B36+EE!B36+EL!B36+ES!B36+FI!B36+FR!B36+HR!B36+HU!B36+IE!B36+IT!B36+LT!B36+LU!B36+LV!B36+MT!B36+NL!B36+PL!B36+PT!B36+RO!B36+SE!B36+SI!B36+SK!B36+IS!B36+NO!B36 -> 0 | C36: =AT!C36+BE!C36+BG!C36+CY!C36+CZ!C36+DE!C36+DK!C36+EE!C36+EL!C36+ES!C36+FI!C36+FR!C36+HR!C36+HU!C36+IE!C36+IT!C36+LT!C36+LU!C36+LV!C36+MT!C36+NL!C36+PL!C36+PT!C36+RO!C36+SE!C36+SI!C36+SK!C36+IS!C36+NO!C36 -> 0 | D36: =AT!D36+BE!D36+BG!D36+CY!D36+CZ!D36+DE!D36+DK!D36+EE!D36+EL!D36+ES!D36+FI!D36+FR!D36+HR!D36+HU!D36+IE!D36+IT!D36+LT!D36+LU!D36+LV!D36+MT!D36+NL!D36+PL!D36+PT!D36+RO!D36+SE!D36+SI!D36+SK!D36+IS!D36+NO!D36 -> 0 | E36: =AT!E36+BE!E36+BG!E36+CY!E36+CZ!E36+DE!E36+DK!E36+EE!E36+EL!E36+ES!E36+FI!E36+FR!E36+HR!E36+HU!E36+IE!E36+IT!E36+LT!E36+LU!E36+LV!E36+MT!E36+NL!E36+PL!E36+PT!E36+RO!E36+SE!E36+SI!E36+SK!E36+IS!E36+NO!E36 -> 0 | F36: =AT!F36+BE!F36+BG!F36+CY!F36+CZ!F36+DE!F36+DK!F36+EE!F36+EL!F36+ES!F36+FI!F36+FR!F36+HR!F36+HU!F36+IE!F36+IT!F36+LT!F36+LU!F36+LV!F36+MT!F36+NL!F36+PL!F36+PT!F36+RO!F36+SE!F36+SI!F36+SK!F36+IS!F36+NO!F36 -> 0 | G36: =AT!G36+BE!G36+BG!G36+CY!G36+CZ!G36+DE!G36+DK!G36+EE!G36+EL!G36+ES!G36+FI!G36+FR!G36+HR!G36+HU!G36+IE!G36+IT!G36+LT!G36+LU!G36+LV!G36+MT!G36+NL!G36+PL!G36+PT!G36+RO!G36+SE!G36+SI!G36+SK!G36+IS!G36+NO!G36 -> 0 | H36: =AT!H36+BE!H36+BG!H36+CY!H36+CZ!H36+DE!H36+DK!H36+EE!H36+EL!H36+ES!H36+FI!H36+FR!H36+HR!H36+HU!H36+IE!H36+IT!H36+LT!H36+LU!H36+LV!H36+MT!H36+NL!H36+PL!H36+PT!H36+RO!H36+SE!H36+SI!H36+SK!H36+IS!H36+NO!H36 -> 0 | I36: =AT!I36+BE!I36+BG!I36+CY!I36+CZ!I36+DE!I36+DK!I36+EE!I36+EL!I36+ES!I36+FI!I36+FR!I36+HR!I36+HU!I36+IE!I36+IT!I36+LT!I36+LU!I36+LV!I36+MT!I36+NL!I36+PL!I36+PT!I36+RO!I36+SE!I36+SI!I36+SK!I36+IS!I36+NO!I36 -> 0 | ... AI36: =AT!AI36+BE!AI36+BG!AI36+CY!AI36+CZ!AI36+DE!AI36+DK!AI36+EE!AI36+EL!AI36+ES!AI36+FI!AI36+FR!AI36+HR!AI36+HU!AI36+IE!AI36+IT!AI36+LT!AI36+LU!AI36+LV!AI36+MT!AI36+NL!AI36+PL!AI36+PT!AI36+RO!AI36+SE!AI36+SI!AI36+SK!AI36+IS!AI36+NO!AI36 -> 301.18726
A37: Biogases | B37: =AT!B37+BE!B37+BG!B37+CY!B37+CZ!B37+DE!B37+DK!B37+EE!B37+EL!B37+ES!B37+FI!B37+FR!B37+HR!B37+HU!B37+IE!B37+IT!B37+LT!B37+LU!B37+LV!B37+MT!B37+NL!B37+PL!B37+PT!B37+RO!B37+SE!B37+SI!B37+SK!B37+IS!B37+NO!B37 -> 0 | C37: =AT!C37+BE!C37+BG!C37+CY!C37+CZ!C37+DE!C37+DK!C37+EE!C37+EL!C37+ES!C37+FI!C37+FR!C37+HR!C37+HU!C37+IE!C37+IT!C37+LT!C37+LU!C37+LV!C37+MT!C37+NL!C37+PL!C37+PT!C37+RO!C37+SE!C37+SI!C37+SK!C37+IS!C37+NO!C37 -> 0 | D37: =AT!D37+BE!D37+BG!D37+CY!D37+CZ!D37+DE!D37+DK!D37+EE!D37+EL!D37+ES!D37+FI!D37+FR!D37+HR!D37+HU!D37+IE!D37+IT!D37+LT!D37+LU!D37+LV!D37+MT!D37+NL!D37+PL!D37+PT!D37+RO!D37+SE!D37+SI!D37+SK!D37+IS!D37+NO!D37 -> 0 | E37: =AT!E37+BE!E37+BG!E37+CY!E37+CZ!E37+DE!E37+DK!E37+EE!E37+EL!E37+ES!E37+FI!E37+FR!E37+HR!E37+HU!E37+IE!E37+IT!E37+LT!E37+LU!E37+LV!E37+MT!E37+NL!E37+PL!E37+PT!E37+RO!E37+SE!E37+SI!E37+SK!E37+IS!E37+NO!E37 -> 0 | F37: =AT!F37+BE!F37+BG!F37+CY!F37+CZ!F37+DE!F37+DK!F37+EE!F37+EL!F37+ES!F37+FI!F37+FR!F37+HR!F37+HU!F37+IE!F37+IT!F37+LT!F37+LU!F37+LV!F37+MT!F37+NL!F37+PL!F37+PT!F37+RO!F37+SE!F37+SI!F37+SK!F37+IS!F37+NO!F37 -> 0 | G37: =AT!G37+BE!G37+BG!G37+CY!G37+CZ!G37+DE!G37+DK!G37+EE!G37+EL!G37+ES!G37+FI!G37+FR!G37+HR!G37+HU!G37+IE!G37+IT!G37+LT!G37+LU!G37+LV!G37+MT!G37+NL!G37+PL!G37+PT!G37+RO!G37+SE!G37+SI!G37+SK!G37+IS!G37+NO!G37 -> 0 | H37: =AT!H37+BE!H37+BG!H37+CY!H37+CZ!H37+DE!H37+DK!H37+EE!H37+EL!H37+ES!H37+FI!H37+FR!H37+HR!H37+HU!H37+IE!H37+IT!H37+LT!H37+LU!H37+LV!H37+MT!H37+NL!H37+PL!H37+PT!H37+RO!H37+SE!H37+SI!H37+SK!H37+IS!H37+NO!H37 -> 0 | I37: =AT!I37+BE!I37+BG!I37+CY!I37+CZ!I37+DE!I37+DK!I37+EE!I37+EL!I37+ES!I37+FI!I37+FR!I37+HR!I37+HU!I37+IE!I37+IT!I37+LT!I37+LU!I37+LV!I37+MT!I37+NL!I37+PL!I37+PT!I37+RO!I37+SE!I37+SI!I37+SK!I37+IS!I37+NO!I37 -> 0 | ... AI37: =AT!AI37+BE!AI37+BG!AI37+CY!AI37+CZ!AI37+DE!AI37+DK!AI37+EE!AI37+EL!AI37+ES!AI37+FI!AI37+FR!AI37+HR!AI37+HU!AI37+IE!AI37+IT!AI37+LT!AI37+LU!AI37+LV!AI37+MT!AI37+NL!AI37+PL!AI37+PT!AI37+RO!AI37+SE!AI37+SI!AI37+SK!AI37+IS!AI37+NO!AI37 -> 2.9762353
A38: * As reported in the Eurostat energy balances
A40: Energy intensity over activity (kgoe / 000 tkm) | B40: =IF(B25=0,0,B25/(B3/1000)) -> 6.2002275 | C40: =IF(C25=0,0,C25/(C3/1000)) -> 6.4104886 | D40: =IF(D25=0,0,D25/(D3/1000)) -> 6.5667684 | E40: =IF(E25=0,0,E25/(E3/1000)) -> 6.5723903 | F40: =IF(F25=0,0,F25/(F3/1000)) -> 6.6129834 | G40: =IF(G25=0,0,G25/(G3/1000)) -> 6.6516266 | H40: =IF(H25=0,0,H25/(H3/1000)) -> 6.9040561 | I40: =IF(I25=0,0,I25/(I3/1000)) -> 7.0525642 | ... AI40: =IF(AI25=0,0,AI25/(AI3/1000)) -> 4.8448549
A41: Intra-EEA | B41: =IF(B26=0,0,B26/(B4/1000)) -> 15.077531 | C41: =IF(C26=0,0,C26/(C4/1000)) -> 15.834826 | D41: =IF(D26=0,0,D26/(D4/1000)) -> 16.029264 | E41: =IF(E26=0,0,E26/(E4/1000)) -> 16.355987 | F41: =IF(F26=0,0,F26/(F4/1000)) -> 16.398999 | G41: =IF(G26=0,0,G26/(G4/1000)) -> 16.857101 | H41: =IF(H26=0,0,H26/(H4/1000)) -> 17.241458 | I41: =IF(I26=0,0,I26/(I4/1000)) -> 17.92788 | ... AI41: =IF(AI26=0,0,AI26/(AI4/1000)) -> 12.872181
A42: Extra-EEA | B42: =IF(B32=0,0,B32/(B5/1000)) -> 4.7228382 | C42: =IF(C32=0,0,C32/(C5/1000)) -> 4.8926786 | D42: =IF(D32=0,0,D32/(D5/1000)) -> 4.9892752 | E42: =IF(E32=0,0,E32/(E5/1000)) -> 4.9513767 | F42: =IF(F32=0,0,F32/(F5/1000)) -> 4.9678665 | G42: =IF(G32=0,0,G32/(G5/1000)) -> 4.9673736 | H42: =IF(H32=0,0,H32/(H5/1000)) -> 5.1624934 | I42: =IF(I32=0,0,I32/(I5/1000)) -> 5.2636693 | ... AI42: =IF(AI32=0,0,AI32/(AI5/1000)) -> 3.5905988
A44: Shares of total energy consumption (%) | B44: =IF(B25=0,0,B25/B$25) -> 1 | C44: =IF(C25=0,0,C25/C$25) -> 1 | D44: =IF(D25=0,0,D25/D$25) -> 1 | E44: =IF(E25=0,0,E25/E$25) -> 1 | F44: =IF(F25=0,0,F25/F$25) -> 1 | G44: =IF(G25=0,0,G25/G$25) -> 1 | H44: =IF(H25=0,0,H25/H$25) -> 1 | I44: =IF(I25=0,0,I25/I$25) -> 1 | ... AI44: =IF(AI25=0,0,AI25/AI$25) -> 1
A45: Intra-EEA | B45: =IF(B26=0,0,B26/B$25) -> 0.34696074 | C45: =IF(C26=0,0,C26/C$25) -> 0.34263918 | D45: =IF(D26=0,0,D26/D$25) -> 0.34878736 | E45: =IF(E26=0,0,E26/E$25) -> 0.35372 | F45: =IF(F26=0,0,F26/F$25) -> 0.35688427 | G45: =IF(G26=0,0,G26/G$25) -> 0.3589967 | H45: =IF(H26=0,0,H26/H$25) -> 0.36006349 | I45: =IF(I26=0,0,I26/I$25) -> 0.35907783 | ... AI45: =IF(AI26=0,0,AI26/AI$25) -> 0.359034
A46: Extra-EEA | B46: =IF(B32=0,0,B32/B$25) -> 0.65303926 | C46: =IF(C32=0,0,C32/C$25) -> 0.65736082 | D46: =IF(D32=0,0,D32/D$25) -> 0.65121264 | E46: =IF(E32=0,0,E32/E$25) -> 0.64628 | F46: =IF(F32=0,0,F32/F$25) -> 0.64311573 | G46: =IF(G32=0,0,G32/G$25) -> 0.6410033 | H46: =IF(H32=0,0,H32/H$25) -> 0.63993651 | I46: =IF(I32=0,0,I32/I$25) -> 0.64092217 | ... AI46: =IF(AI32=0,0,AI32/AI$25) -> 0.640966
A48: Vehicle-efficiency - effective (kgoe/100 km) | B48: =IF(B25=0,0,100*B25/B12) -> 9376.0048 | C48: =IF(C25=0,0,100*C25/C12) -> 10068.427 | D48: =IF(D25=0,0,100*D25/D12) -> 10163.703 | E48: =IF(E25=0,0,100*E25/E12) -> 10091.811 | F48: =IF(F25=0,0,100*F25/F12) -> 9950.4379 | G48: =IF(G25=0,0,100*G25/G12) -> 10042.672 | H48: =IF(H25=0,0,100*H25/H12) -> 10464.119 | I48: =IF(I25=0,0,100*I25/I12) -> 10878.517 | ... AI48: =IF(AI25=0,0,100*AI25/AI12) -> 11255.25
A49: Intra-EEA | B49: =IF(B26=0,0,100*B26/B13) -> 7728.6983 | C49: =IF(C26=0,0,100*C26/C13) -> 8340.4092 | D49: =IF(D26=0,0,100*D26/D13) -> 8418.4349 | E49: =IF(E26=0,0,100*E26/E13) -> 8489.7344 | F49: =IF(F26=0,0,100*F26/F13) -> 8366.5431 | G49: =IF(G26=0,0,100*G26/G13) -> 8545.7533 | H49: =IF(H26=0,0,100*H26/H13) -> 8841.2151 | I49: =IF(I26=0,0,100*I26/I13) -> 9262.7891 | ... AI49: =IF(AI26=0,0,100*AI26/AI13) -> 9164.3472
A50: Extra-EEA | B50: =IF(B32=0,0,100*B32/B14) -> 10573.357 | C50: =IF(C32=0,0,100*C32/C14) -> 11287.38 | D50: =IF(D32=0,0,100*D32/D14) -> 11433.216 | E50: =IF(E32=0,0,100*E32/E14) -> 11254.173 | F50: =IF(F32=0,0,100*F32/F14) -> 11118.496 | G50: =IF(G32=0,0,100*G32/G14) -> 11135.043 | H50: =IF(H32=0,0,100*H32/H14) -> 11669.348 | I50: =IF(I32=0,0,100*I32/I14) -> 12056.777 | ... AI50: =IF(AI32=0,0,100*AI32/AI14) -> 12904.445
A51: * Based on the energy consumption figures reported in the Eurostat energy balances
A53: Vehicle-efficiency - theoretical (kgoe/100 km) | B53: 6432.5055 | C53: 6539.3125 | D53: 6540.867 | E53: 6489.6506 | F53: 6416.0979 | G53: 6394.7933 | H53: 6432.7143 | I53: 6454.4538 | J53: 6456.9593 | K53: 6560.8754 | L53: 6571.2296 | M53: 6784.3423 | N53: 7071.6566 | O53: 7008.1085 | P53: 7129.8285 | Q53: 7117.5706 | R53: 7299.5867 | S53: 7328.4049 | T53: 7520.699 | U53: 7362.6833 | V53: 7767.1388 | W53: 7751.8828 | X53: 7895.1723 | Y53: 7994.3034 | Z53: 8078.862 | AA53: 8503.0918 | AB53: 8724.9154 | AC53: 8873.8345 | AD53: 8780.7465 | AE53: 8621.5829 | AF53: 8302.0973 | AG53: 8392.2698 | AH53: 8638.4436 | AI53: 8370.2154
A54: Intra-EEA | B54: 7601.9041 | C54: 7768.3095 | D54: 7752.8952 | E54: 7681.2314 | F54: 7571.0888 | G54: 7547.0493 | H54: 7617.2518 | I54: 7669.0445 | J54: 7692.1902 | K54: 7736.4139 | L54: 7739.9808 | M54: 7945.2224 | N54: 8403.1838 | O54: 8335.966 | P54: 8433.4689 | Q54: 8469.3079 | R54: 8642.5043 | S54: 8687.5961 | T54: 8897.6605 | U54: 8949.2364 | V54: 9028.4172 | W54: 8595.9761 | X54: 8641.1631 | Y54: 8668.9728 | Z54: 8740.0965 | AA54: 9266.9221 | AB54: 9600.5217 | AC54: 9732.93 | AD54: 9452.7392 | AE54: 9243.5168 | AF54: 8747.2346 | AG54: 9136.5946 | AH54: 9620.6761 | AI54: 9279.2319
A55: Extra-EEA | B55: 5597.396 | C55: 5684.7138 | D55: 5675.9064 | E55: 5640.7011 | F55: 5580.6685 | G55: 5569.6574 | H55: 5574.0796 | I55: 5591.689 | J55: 5606.1416 | K55: 5661.5413 | L55: 5695.0293 | M55: 5918.34 | N55: 6117.9993 | O55: 6072.8362 | P55: 6226.9195 | Q55: 6233.9134 | R55: 6449.0592 | S55: 6489.8894 | T55: 6687.1093 | U55: 6397.1032 | V55: 6927.28 | W55: 7169.5334 | X55: 7369.3332 | Y55: 7492.2981 | Z55: 7589.4587 | AA55: 7947.2967 | AB55: 8073.9447 | AC55: 8245.6383 | AD55: 8257.5655 | AE55: 8136.934 | AF55: 7974.8362 | AG55: 7817.7556 | AH55: 7899.699 | AI55: 7644.1571
A56: * Based on the total mileage
A58: Discrepancy between effective and theoretical efficiencies (ratio) | B58: =IF(B48=0,0,B48/B53) -> 1.4575976 | C58: =IF(C48=0,0,C48/C53) -> 1.5396766 | D58: =IF(D48=0,0,D48/D53) -> 1.5538771 | E58: =IF(E48=0,0,E48/E53) -> 1.5550622 | F58: =IF(F48=0,0,F48/F53) -> 1.550855 | G58: =IF(G48=0,0,G48/G53) -> 1.5704451 | H58: =IF(H48=0,0,H48/H53) -> 1.6267035 | I58: =IF(I48=0,0,I48/I53) -> 1.685428 | ... AI58: =IF(AI48=0,0,AI48/AI53) -> 1.3446786
A59: Intra-EEA | B59: =IF(B49=0,0,B49/B54) -> 1.0166793 | C59: =IF(C49=0,0,C49/C54) -> 1.0736453 | D59: =IF(D49=0,0,D49/D54) -> 1.085844 | E59: =IF(E49=0,0,E49/E54) -> 1.1052569 | F59: =IF(F49=0,0,F49/F54) -> 1.1050647 | G59: =IF(G49=0,0,G49/G54) -> 1.1323304 | H59: =IF(H49=0,0,H49/H54) -> 1.160683 | I59: =IF(I49=0,0,I49/I54) -> 1.2078153 | ... AI59: =IF(AI49=0,0,AI49/AI54) -> 0.98761916
A60: Extra-EEA | B60: =IF(B50=0,0,B50/B55) -> 1.8889779 | C60: =IF(C50=0,0,C50/C55) -> 1.985567 | D60: =IF(D50=0,0,D50/D55) -> 2.014342 | E60: =IF(E50=0,0,E50/E55) -> 1.9951727 | F60: =IF(F50=0,0,F50/F55) -> 1.9923234 | G60: =IF(G50=0,0,G50/G55) -> 1.9992329 | H60: =IF(H50=0,0,H50/H55) -> 2.0935022 | I60: =IF(I50=0,0,I50/I55) -> 2.1561959 | ... AI60: =IF(AI50=0,0,AI50/AI55) -> 1.6881449
A62: Emission factors (kt CO2 / ktoe) | B62: =IF(B66=0,0,B66/B25) -> 3.2087145 | C62: =IF(C66=0,0,C66/C25) -> 3.2084638 | D62: =IF(D66=0,0,D66/D25) -> 3.2070627 | E62: =IF(E66=0,0,E66/E25) -> 3.2098676 | F62: =IF(F66=0,0,F66/F25) -> 3.2107798 | G62: =IF(G66=0,0,G66/G25) -> 3.2081176 | H62: =IF(H66=0,0,H66/H25) -> 3.2079145 | I62: =IF(I66=0,0,I66/I25) -> 3.208225 | ... AI62: =IF(AI66=0,0,AI66/AI25) -> 3.1693729
A63: Intra-EEA | B63: =IF(B67=0,0,B67/B26) -> 3.1755305 | C63: =IF(C67=0,0,C67/C26) -> 3.1747313 | D63: =IF(D67=0,0,D67/D26) -> 3.172333 | E63: =IF(E67=0,0,E67/E26) -> 3.1784588 | F63: =IF(F67=0,0,F67/F26) -> 3.1802038 | G63: =IF(G67=0,0,G67/G26) -> 3.1748731 | H63: =IF(H67=0,0,H67/H26) -> 3.1743953 | I63: =IF(I67=0,0,I67/I26) -> 3.1746493 | ... AI63: =IF(AI67=0,0,AI67/AI26) -> 3.1465016
A64: Extra-EEA | B64: =IF(B68=0,0,B68/B32) -> 3.2263452 | C64: =IF(C68=0,0,C68/C32) -> 3.2260463 | D64: =IF(D68=0,0,D68/D32) -> 3.2256637 | E64: =IF(E68=0,0,E68/E32) -> 3.2270581 | F64: =IF(F68=0,0,F68/F32) -> 3.2277474 | G64: =IF(G68=0,0,G68/G32) -> 3.2267363 | H64: =IF(H68=0,0,H68/H32) -> 3.2267742 | I64: =IF(I68=0,0,I68/I32) -> 3.2270358 | ... AI64: =IF(AI68=0,0,AI68/AI32) -> 3.1821841
A66: CO2 emissions (kt CO2) | B66: =SUM(B67:B68) -> 107869.2 | C66: =SUM(C67:C68) -> 106799.45 | D66: =SUM(D67:D68) -> 108033.33 | E66: =SUM(E67:E68) -> 107901.34 | F66: =SUM(F67:F68) -> 106558.6 | G66: =SUM(G67:G68) -> 107576.74 | H66: =SUM(H67:H68) -> 113184.23 | I66: =SUM(I67:I68) -> 121930.34 | ... AI66: =SUM(AI67:AI68) -> 125686.58
A67: Intra-EEA | B67: =AT!B67+BE!B67+BG!B67+CY!B67+CZ!B67+DE!B67+DK!B67+EE!B67+EL!B67+ES!B67+FI!B67+FR!B67+HR!B67+HU!B67+IE!B67+IT!B67+LT!B67+LU!B67+LV!B67+MT!B67+NL!B67+PL!B67+PT!B67+RO!B67+SE!B67+SI!B67+SK!B67+IS!B67+NO!B67 -> 37039.32 | C67: =AT!C67+BE!C67+BG!C67+CY!C67+CZ!C67+DE!C67+DK!C67+EE!C67+EL!C67+ES!C67+FI!C67+FR!C67+HR!C67+HU!C67+IE!C67+IT!C67+LT!C67+LU!C67+LV!C67+MT!C67+NL!C67+PL!C67+PT!C67+RO!C67+SE!C67+SI!C67+SK!C67+IS!C67+NO!C67 -> 36208.945 | D67: =AT!D67+BE!D67+BG!D67+CY!D67+CZ!D67+DE!D67+DK!D67+EE!D67+EL!D67+ES!D67+FI!D67+FR!D67+HR!D67+HU!D67+IE!D67+IT!D67+LT!D67+LU!D67+LV!D67+MT!D67+NL!D67+PL!D67+PT!D67+RO!D67+SE!D67+SI!D67+SK!D67+IS!D67+NO!D67 -> 37272.613 | E67: =AT!E67+BE!E67+BG!E67+CY!E67+CZ!E67+DE!E67+DK!E67+EE!E67+EL!E67+ES!E67+FI!E67+FR!E67+HR!E67+HU!E67+IE!E67+IT!E67+LT!E67+LU!E67+LV!E67+MT!E67+NL!E67+PL!E67+PT!E67+RO!E67+SE!E67+SI!E67+SK!E67+IS!E67+NO!E67 -> 37793.395 | F67: =AT!F67+BE!F67+BG!F67+CY!F67+CZ!F67+DE!F67+DK!F67+EE!F67+EL!F67+ES!F67+FI!F67+FR!F67+HR!F67+HU!F67+IE!F67+IT!F67+LT!F67+LU!F67+LV!F67+MT!F67+NL!F67+PL!F67+PT!F67+RO!F67+SE!F67+SI!F67+SK!F67+IS!F67+NO!F67 -> 37666.938 | G67: =AT!G67+BE!G67+BG!G67+CY!G67+CZ!G67+DE!G67+DK!G67+EE!G67+EL!G67+ES!G67+FI!G67+FR!G67+HR!G67+HU!G67+IE!G67+IT!G67+LT!G67+LU!G67+LV!G67+MT!G67+NL!G67+PL!G67+PT!G67+RO!G67+SE!G67+SI!G67+SK!G67+IS!G67+NO!G67 -> 38219.496 | H67: =AT!H67+BE!H67+BG!H67+CY!H67+CZ!H67+DE!H67+DK!H67+EE!H67+EL!H67+ES!H67+FI!H67+FR!H67+HR!H67+HU!H67+IE!H67+IT!H67+LT!H67+LU!H67+LV!H67+MT!H67+NL!H67+PL!H67+PT!H67+RO!H67+SE!H67+SI!H67+SK!H67+IS!H67+NO!H67 -> 40327.68 | I67: =AT!I67+BE!I67+BG!I67+CY!I67+CZ!I67+DE!I67+DK!I67+EE!I67+EL!I67+ES!I67+FI!I67+FR!I67+HR!I67+HU!I67+IE!I67+IT!I67+LT!I67+LU!I67+LV!I67+MT!I67+NL!I67+PL!I67+PT!I67+RO!I67+SE!I67+SI!I67+SK!I67+IS!I67+NO!I67 -> 43324.278 | ... AI67: =AT!AI67+BE!AI67+BG!AI67+CY!AI67+CZ!AI67+DE!AI67+DK!AI67+EE!AI67+EL!AI67+ES!AI67+FI!AI67+FR!AI67+HR!AI67+HU!AI67+IE!AI67+IT!AI67+LT!AI67+LU!AI67+LV!AI67+MT!AI67+NL!AI67+PL!AI67+PT!AI67+RO!AI67+SE!AI67+SI!AI67+SK!AI67+IS!AI67+NO!AI67 -> 44800.11
A68: Extra-EEA | B68: =AT!B68+BE!B68+BG!B68+CY!B68+CZ!B68+DE!B68+DK!B68+EE!B68+EL!B68+ES!B68+FI!B68+FR!B68+HR!B68+HU!B68+IE!B68+IT!B68+LT!B68+LU!B68+LV!B68+MT!B68+NL!B68+PL!B68+PT!B68+RO!B68+SE!B68+SI!B68+SK!B68+IS!B68+NO!B68 -> 70829.879 | C68: =AT!C68+BE!C68+BG!C68+CY!C68+CZ!C68+DE!C68+DK!C68+EE!C68+EL!C68+ES!C68+FI!C68+FR!C68+HR!C68+HU!C68+IE!C68+IT!C68+LT!C68+LU!C68+LV!C68+MT!C68+NL!C68+PL!C68+PT!C68+RO!C68+SE!C68+SI!C68+SK!C68+IS!C68+NO!C68 -> 70590.506 | D68: =AT!D68+BE!D68+BG!D68+CY!D68+CZ!D68+DE!D68+DK!D68+EE!D68+EL!D68+ES!D68+FI!D68+FR!D68+HR!D68+HU!D68+IE!D68+IT!D68+LT!D68+LU!D68+LV!D68+MT!D68+NL!D68+PL!D68+PT!D68+RO!D68+SE!D68+SI!D68+SK!D68+IS!D68+NO!D68 -> 70760.721 | E68: =AT!E68+BE!E68+BG!E68+CY!E68+CZ!E68+DE!E68+DK!E68+EE!E68+EL!E68+ES!E68+FI!E68+FR!E68+HR!E68+HU!E68+IE!E68+IT!E68+LT!E68+LU!E68+LV!E68+MT!E68+NL!E68+PL!E68+PT!E68+RO!E68+SE!E68+SI!E68+SK!E68+IS!E68+NO!E68 -> 70107.941 | F68: =AT!F68+BE!F68+BG!F68+CY!F68+CZ!F68+DE!F68+DK!F68+EE!F68+EL!F68+ES!F68+FI!F68+FR!F68+HR!F68+HU!F68+IE!F68+IT!F68+LT!F68+LU!F68+LV!F68+MT!F68+NL!F68+PL!F68+PT!F68+RO!F68+SE!F68+SI!F68+SK!F68+IS!F68+NO!F68 -> 68891.659 | G68: =AT!G68+BE!G68+BG!G68+CY!G68+CZ!G68+DE!G68+DK!G68+EE!G68+EL!G68+ES!G68+FI!G68+FR!G68+HR!G68+HU!G68+IE!G68+IT!G68+LT!G68+LU!G68+LV!G68+MT!G68+NL!G68+PL!G68+PT!G68+RO!G68+SE!G68+SI!G68+SK!G68+IS!G68+NO!G68 -> 69357.248 | H68: =AT!H68+BE!H68+BG!H68+CY!H68+CZ!H68+DE!H68+DK!H68+EE!H68+EL!H68+ES!H68+FI!H68+FR!H68+HR!H68+HU!H68+IE!H68+IT!H68+LT!H68+LU!H68+LV!H68+MT!H68+NL!H68+PL!H68+PT!H68+RO!H68+SE!H68+SI!H68+SK!H68+IS!H68+NO!H68 -> 72856.552 | I68: =AT!I68+BE!I68+BG!I68+CY!I68+CZ!I68+DE!I68+DK!I68+EE!I68+EL!I68+ES!I68+FI!I68+FR!I68+HR!I68+HU!I68+IE!I68+IT!I68+LT!I68+LU!I68+LV!I68+MT!I68+NL!I68+PL!I68+PT!I68+RO!I68+SE!I68+SI!I68+SK!I68+IS!I68+NO!I68 -> 78606.066 | ... AI68: =AT!AI68+BE!AI68+BG!AI68+CY!AI68+CZ!AI68+DE!AI68+DK!AI68+EE!AI68+EL!AI68+ES!AI68+FI!AI68+FR!AI68+HR!AI68+HU!AI68+IE!AI68+IT!AI68+LT!AI68+LU!AI68+LV!AI68+MT!AI68+NL!AI68+PL!AI68+PT!AI68+RO!AI68+SE!AI68+SI!AI68+SK!AI68+IS!AI68+NO!AI68 -> 80886.465
A69: * Based on the energy consumption figures reported in the Eurostat energy balances
A71: Emission intensity (kg of CO2 / 100 km) | B71: =IF(B66=0,0,100*B66/B12) -> 30084.922 | C71: =IF(C66=0,0,100*C66/C12) -> 32304.182 | D71: =IF(D66=0,0,100*D66/D12) -> 32595.633 | E71: =IF(E66=0,0,100*E66/E12) -> 32393.375 | F71: =IF(F66=0,0,100*F66/F12) -> 31948.665 | G71: =IF(G66=0,0,100*G66/G12) -> 32218.073 | H71: =IF(H66=0,0,100*H66/H12) -> 33567.998 | I71: =IF(I66=0,0,100*I66/I12) -> 34900.73 | ... AI71: =IF(AI66=0,0,100*AI66/AI12) -> 35672.083
A72: Intra-EEA | B72: =IF(B67=0,0,100*B67/B13) -> 24542.717 | C72: =IF(C67=0,0,100*C67/C13) -> 26478.558 | D72: =IF(D67=0,0,100*D67/D13) -> 26706.079 | E72: =IF(E67=0,0,100*E67/E13) -> 26984.271 | F72: =IF(F67=0,0,100*F67/F13) -> 26607.312 | G72: =IF(G67=0,0,100*G67/G13) -> 27131.682 | H72: =IF(H67=0,0,100*H67/H13) -> 28065.511 | I72: =IF(I67=0,0,100*I67/I13) -> 29406.107 | ... AI72: =IF(AI67=0,0,100*AI67/AI13) -> 28835.633
A73: Extra-EEA | B73: =IF(B68=0,0,100*B68/B14) -> 34113.3 | C73: =IF(C68=0,0,100*C68/C14) -> 36413.611 | D73: =IF(D68=0,0,100*D68/D14) -> 36879.712 | E73: =IF(E68=0,0,100*E68/E14) -> 36317.87 | F73: =IF(F68=0,0,100*F68/F14) -> 35887.698 | G73: =IF(G68=0,0,100*G68/G14) -> 35929.846 | H73: =IF(H68=0,0,100*H68/H14) -> 37654.351 | I73: =IF(I68=0,0,100*I68/I14) -> 38907.65 | ... AI73: =IF(AI68=0,0,100*AI68/AI14) -> 41064.32
A75: Emission intensity over activity (kg of CO2 / thousand tkm) | B75: =IF(B66=0,0,1000*B66/B3) -> 19.89476 | C75: =IF(C66=0,0,1000*C66/C3) -> 20.56782 | D75: =IF(D66=0,0,1000*D66/D3) -> 21.060038 | E75: =IF(E66=0,0,1000*E66/E3) -> 21.096502 | F75: =IF(F66=0,0,1000*F66/F3) -> 21.232834 | G75: =IF(G66=0,0,1000*G66/G3) -> 21.3392 | H75: =IF(H66=0,0,1000*H66/H3) -> 22.147621 | I75: =IF(I66=0,0,1000*I66/I3) -> 22.626213 | ... AI75: =IF(AI66=0,0,1000*AI66/AI3) -> 15.355152
A76: Intra-EEA | B76: =IF(B67=0,0,1000*B67/B4) -> 47.87916 | C76: =IF(C67=0,0,1000*C67/C4) -> 50.271319 | D76: =IF(D67=0,0,1000*D67/D4) -> 50.850165 | E76: =IF(E67=0,0,1000*E67/E4) -> 51.986833 | F76: =IF(F67=0,0,1000*F67/F4) -> 52.152159 | G76: =IF(G67=0,0,1000*G67/G4) -> 53.519157 | H76: =IF(H67=0,0,1000*H67/H4) -> 54.731203 | I76: =IF(I67=0,0,1000*I67/I4) -> 56.914731 | ... AI76: =IF(AI67=0,0,1000*AI67/AI4) -> 40.502336
A77: Extra-EEA | B77: =IF(B68=0,0,1000*B68/B5) -> 15.237506 | C77: =IF(C68=0,0,1000*C68/C5) -> 15.784008 | D77: =IF(D68=0,0,1000*D68/D5) -> 16.093724 | E77: =IF(E68=0,0,1000*E68/E5) -> 15.97838 | F77: =IF(F68=0,0,1000*F68/F5) -> 16.035018 | G77: =IF(G68=0,0,1000*G68/G5) -> 16.028405 | H77: =IF(H68=0,0,1000*H68/H5) -> 16.6582 | I77: =IF(I68=0,0,1000*I68/I5) -> 16.986049 | ... AI77: =IF(AI68=0,0,1000*AI68/AI5) -> 11.425946
A79: Shares of CO2 emissions (%) | B79: =IF(B66=0,0,B66/B$66) -> 1 | C79: =IF(C66=0,0,C66/C$66) -> 1 | D79: =IF(D66=0,0,D66/D$66) -> 1 | E79: =IF(E66=0,0,E66/E$66) -> 1 | F79: =IF(F66=0,0,F66/F$66) -> 1 | G79: =IF(G66=0,0,G66/G$66) -> 1 | H79: =IF(H66=0,0,H66/H$66) -> 1 | I79: =IF(I66=0,0,I66/I$66) -> 1 | ... AI79: =IF(AI66=0,0,AI66/AI$66) -> 1
A80: Intra-EEA | B80: =IF(B67=0,0,B67/B$66) -> 0.34337253 | C80: =IF(C67=0,0,C67/C$66) -> 0.3390368 | D80: =IF(D67=0,0,D67/D$66) -> 0.3450103 | E80: =IF(E67=0,0,E67/E$66) -> 0.35025883 | F80: =IF(F67=0,0,F67/F$66) -> 0.35348568 | G80: =IF(G67=0,0,G67/G$66) -> 0.35527656 | H80: =IF(H67=0,0,H67/H$66) -> 0.35630122 | I80: =IF(I67=0,0,I67/I$66) -> 0.3553199 | ... AI80: =IF(AI67=0,0,AI67/AI$66) -> 0.35644308
A81: Extra-EEA | B81: =IF(B68=0,0,B68/B$66) -> 0.65662747 | C81: =IF(C68=0,0,C68/C$66) -> 0.6609632 | D81: =IF(D68=0,0,D68/D$66) -> 0.6549897 | E81: =IF(E68=0,0,E68/E$66) -> 0.64974117 | F81: =IF(F68=0,0,F68/F$66) -> 0.64651432 | G81: =IF(G68=0,0,G68/G$66) -> 0.64472344 | H81: =IF(H68=0,0,H68/H$66) -> 0.64369878 | I81: =IF(I68=0,0,I68/I$66) -> 0.6446801 | ... AI81: =IF(AI68=0,0,AI68/AI$66) -> 0.64355692
A83: CO2 emissions - MRV compliant (kt CO2) | AD83: =SUM(AD84:AD85) -> 132073.62 | AE83: =SUM(AE84:AE85) -> 134225.09 | AF83: =SUM(AF84:AF85) -> 118923.05 | AG83: =SUM(AG84:AG85) -> 122408.4 | AH83: =SUM(AH84:AH85) -> 132811.17 | AI83: =SUM(AI84:AI85) -> 123991.91
A84: Intra-EEA | AD84: =AT!AD84+BE!AD84+BG!AD84+CY!AD84+CZ!AD84+DE!AD84+DK!AD84+EE!AD84+EL!AD84+ES!AD84+FI!AD84+FR!AD84+HR!AD84+HU!AD84+IE!AD84+IT!AD84+LT!AD84+LU!AD84+LV!AD84+MT!AD84+NL!AD84+PL!AD84+PT!AD84+RO!AD84+SE!AD84+SI!AD84+SK!AD84+IS!AD84+NO!AD84 -> 41333.395 | AE84: =AT!AE84+BE!AE84+BG!AE84+CY!AE84+CZ!AE84+DE!AE84+DK!AE84+EE!AE84+EL!AE84+ES!AE84+FI!AE84+FR!AE84+HR!AE84+HU!AE84+IE!AE84+IT!AE84+LT!AE84+LU!AE84+LV!AE84+MT!AE84+NL!AE84+PL!AE84+PT!AE84+RO!AE84+SE!AE84+SI!AE84+SK!AE84+IS!AE84+NO!AE84 -> 41848.68 | AF84: =AT!AF84+BE!AF84+BG!AF84+CY!AF84+CZ!AF84+DE!AF84+DK!AF84+EE!AF84+EL!AF84+ES!AF84+FI!AF84+FR!AF84+HR!AF84+HU!AF84+IE!AF84+IT!AF84+LT!AF84+LU!AF84+LV!AF84+MT!AF84+NL!AF84+PL!AF84+PT!AF84+RO!AF84+SE!AF84+SI!AF84+SK!AF84+IS!AF84+NO!AF84 -> 34539.278 | AG84: =AT!AG84+BE!AG84+BG!AG84+CY!AG84+CZ!AG84+DE!AG84+DK!AG84+EE!AG84+EL!AG84+ES!AG84+FI!AG84+FR!AG84+HR!AG84+HU!AG84+IE!AG84+IT!AG84+LT!AG84+LU!AG84+LV!AG84+MT!AG84+NL!AG84+PL!AG84+PT!AG84+RO!AG84+SE!AG84+SI!AG84+SK!AG84+IS!AG84+NO!AG84 -> 36660.819 | AH84: =AT!AH84+BE!AH84+BG!AH84+CY!AH84+CZ!AH84+DE!AH84+DK!AH84+EE!AH84+EL!AH84+ES!AH84+FI!AH84+FR!AH84+HR!AH84+HU!AH84+IE!AH84+IT!AH84+LT!AH84+LU!AH84+LV!AH84+MT!AH84+NL!AH84+PL!AH84+PT!AH84+RO!AH84+SE!AH84+SI!AH84+SK!AH84+IS!AH84+NO!AH84 -> 40604.538 | AI84: =AT!AI84+BE!AI84+BG!AI84+CY!AI84+CZ!AI84+DE!AI84+DK!AI84+EE!AI84+EL!AI84+ES!AI84+FI!AI84+FR!AI84+HR!AI84+HU!AI84+IE!AI84+IT!AI84+LT!AI84+LU!AI84+LV!AI84+MT!AI84+NL!AI84+PL!AI84+PT!AI84+RO!AI84+SE!AI84+SI!AI84+SK!AI84+IS!AI84+NO!AI84 -> 39642.557
A85: Extra-EEA | AD85: =AT!AD85+BE!AD85+BG!AD85+CY!AD85+CZ!AD85+DE!AD85+DK!AD85+EE!AD85+EL!AD85+ES!AD85+FI!AD85+FR!AD85+HR!AD85+HU!AD85+IE!AD85+IT!AD85+LT!AD85+LU!AD85+LV!AD85+MT!AD85+NL!AD85+PL!AD85+PT!AD85+RO!AD85+SE!AD85+SI!AD85+SK!AD85+IS!AD85+NO!AD85 -> 90740.226 | AE85: =AT!AE85+BE!AE85+BG!AE85+CY!AE85+CZ!AE85+DE!AE85+DK!AE85+EE!AE85+EL!AE85+ES!AE85+FI!AE85+FR!AE85+HR!AE85+HU!AE85+IE!AE85+IT!AE85+LT!AE85+LU!AE85+LV!AE85+MT!AE85+NL!AE85+PL!AE85+PT!AE85+RO!AE85+SE!AE85+SI!AE85+SK!AE85+IS!AE85+NO!AE85 -> 92376.412 | AF85: =AT!AF85+BE!AF85+BG!AF85+CY!AF85+CZ!AF85+DE!AF85+DK!AF85+EE!AF85+EL!AF85+ES!AF85+FI!AF85+FR!AF85+HR!AF85+HU!AF85+IE!AF85+IT!AF85+LT!AF85+LU!AF85+LV!AF85+MT!AF85+NL!AF85+PL!AF85+PT!AF85+RO!AF85+SE!AF85+SI!AF85+SK!AF85+IS!AF85+NO!AF85 -> 84383.776 | AG85: =AT!AG85+BE!AG85+BG!AG85+CY!AG85+CZ!AG85+DE!AG85+DK!AG85+EE!AG85+EL!AG85+ES!AG85+FI!AG85+FR!AG85+HR!AG85+HU!AG85+IE!AG85+IT!AG85+LT!AG85+LU!AG85+LV!AG85+MT!AG85+NL!AG85+PL!AG85+PT!AG85+RO!AG85+SE!AG85+SI!AG85+SK!AG85+IS!AG85+NO!AG85 -> 85747.579 | AH85: =AT!AH85+BE!AH85+BG!AH85+CY!AH85+CZ!AH85+DE!AH85+DK!AH85+EE!AH85+EL!AH85+ES!AH85+FI!AH85+FR!AH85+HR!AH85+HU!AH85+IE!AH85+IT!AH85+LT!AH85+LU!AH85+LV!AH85+MT!AH85+NL!AH85+PL!AH85+PT!AH85+RO!AH85+SE!AH85+SI!AH85+SK!AH85+IS!AH85+NO!AH85 -> 92206.637 | AI85: =AT!AI85+BE!AI85+BG!AI85+CY!AI85+CZ!AI85+DE!AI85+DK!AI85+EE!AI85+EL!AI85+ES!AI85+FI!AI85+FR!AI85+HR!AI85+HU!AI85+IE!AI85+IT!AI85+LT!AI85+LU!AI85+LV!AI85+MT!AI85+NL!AI85+PL!AI85+PT!AI85+RO!AI85+SE!AI85+SI!AI85+SK!AI85+IS!AI85+NO!AI85 -> 84349.35
A86: * Considering half of the emissions for Intra-EEA voyages at the Member State level (thus matching the total in the EEA aggregation) and the full emissions for Extra-EEA movements
A87: ** Intra-EU emissions include emissions within EU ports at berth
A89: UNFCCC emissions (kt CO2) | B89: =AT!B89+BE!B89+BG!B89+CY!B89+CZ!B89+DE!B89+DK!B89+EE!B89+EL!B89+ES!B89+FI!B89+FR!B89+HR!B89+HU!B89+IE!B89+IT!B89+LT!B89+LU!B89+LV!B89+MT!B89+NL!B89+PL!B89+PT!B89+RO!B89+SE!B89+SI!B89+SK!B89+IS!B89+NO!B89 -> 102058.37 | C89: =AT!C89+BE!C89+BG!C89+CY!C89+CZ!C89+DE!C89+DK!C89+EE!C89+EL!C89+ES!C89+FI!C89+FR!C89+HR!C89+HU!C89+IE!C89+IT!C89+LT!C89+LU!C89+LV!C89+MT!C89+NL!C89+PL!C89+PT!C89+RO!C89+SE!C89+SI!C89+SK!C89+IS!C89+NO!C89 -> 100041.71 | D89: =AT!D89+BE!D89+BG!D89+CY!D89+CZ!D89+DE!D89+DK!D89+EE!D89+EL!D89+ES!D89+FI!D89+FR!D89+HR!D89+HU!D89+IE!D89+IT!D89+LT!D89+LU!D89+LV!D89+MT!D89+NL!D89+PL!D89+PT!D89+RO!D89+SE!D89+SI!D89+SK!D89+IS!D89+NO!D89 -> 101719.55 | E89: =AT!E89+BE!E89+BG!E89+CY!E89+CZ!E89+DE!E89+DK!E89+EE!E89+EL!E89+ES!E89+FI!E89+FR!E89+HR!E89+HU!E89+IE!E89+IT!E89+LT!E89+LU!E89+LV!E89+MT!E89+NL!E89+PL!E89+PT!E89+RO!E89+SE!E89+SI!E89+SK!E89+IS!E89+NO!E89 -> 102314.74 | F89: =AT!F89+BE!F89+BG!F89+CY!F89+CZ!F89+DE!F89+DK!F89+EE!F89+EL!F89+ES!F89+FI!F89+FR!F89+HR!F89+HU!F89+IE!F89+IT!F89+LT!F89+LU!F89+LV!F89+MT!F89+NL!F89+PL!F89+PT!F89+RO!F89+SE!F89+SI!F89+SK!F89+IS!F89+NO!F89 -> 102685.56 | G89: =AT!G89+BE!G89+BG!G89+CY!G89+CZ!G89+DE!G89+DK!G89+EE!G89+EL!G89+ES!G89+FI!G89+FR!G89+HR!G89+HU!G89+IE!G89+IT!G89+LT!G89+LU!G89+LV!G89+MT!G89+NL!G89+PL!G89+PT!G89+RO!G89+SE!G89+SI!G89+SK!G89+IS!G89+NO!G89 -> 102575.92 | H89: =AT!H89+BE!H89+BG!H89+CY!H89+CZ!H89+DE!H89+DK!H89+EE!H89+EL!H89+ES!H89+FI!H89+FR!H89+HR!H89+HU!H89+IE!H89+IT!H89+LT!H89+LU!H89+LV!H89+MT!H89+NL!H89+PL!H89+PT!H89+RO!H89+SE!H89+SI!H89+SK!H89+IS!H89+NO!H89 -> 109642.88 | I89: =AT!I89+BE!I89+BG!I89+CY!I89+CZ!I89+DE!I89+DK!I89+EE!I89+EL!I89+ES!I89+FI!I89+FR!I89+HR!I89+HU!I89+IE!I89+IT!I89+LT!I89+LU!I89+LV!I89+MT!I89+NL!I89+PL!I89+PT!I89+RO!I89+SE!I89+SI!I89+SK!I89+IS!I89+NO!I89 -> 119290.48 | ... AI89: =AT!AI89+BE!AI89+BG!AI89+CY!AI89+CZ!AI89+DE!AI89+DK!AI89+EE!AI89+EL!AI89+ES!AI89+FI!AI89+FR!AI89+HR!AI89+HU!AI89+IE!AI89+IT!AI89+LT!AI89+LU!AI89+LV!AI89+MT!AI89+NL!AI89+PL!AI89+PT!AI89+RO!AI89+SE!AI89+SI!AI89+SK!AI89+IS!AI89+NO!AI89 -> 121849.27
A91: Residual CO2 emissions for UNFCCC calibration (kt CO2) | B91: =B89-B$66 -> -5810.8318 | C91: =C89-C$66 -> -6757.7394 | D91: =D89-D$66 -> -6313.784 | E91: =E89-E$66 -> -5586.5977 | F91: =F89-F$66 -> -3873.0368 | G91: =G89-G$66 -> -5000.826 | H91: =H89-H$66 -> -3541.3528 | I91: =I89-I$66 -> -2639.8627 | ... AI91: =AI89-AI$66 -> -3837.307
A92: Intra-EEA | B92: =AT!B92+BE!B92+BG!B92+CY!B92+CZ!B92+DE!B92+DK!B92+EE!B92+EL!B92+ES!B92+FI!B92+FR!B92+HR!B92+HU!B92+IE!B92+IT!B92+LT!B92+LU!B92+LV!B92+MT!B92+NL!B92+PL!B92+PT!B92+RO!B92+SE!B92+SI!B92+SK!B92+IS!B92+NO!B92 -> -1659.7802 | C92: =AT!C92+BE!C92+BG!C92+CY!C92+CZ!C92+DE!C92+DK!C92+EE!C92+EL!C92+ES!C92+FI!C92+FR!C92+HR!C92+HU!C92+IE!C92+IT!C92+LT!C92+LU!C92+LV!C92+MT!C92+NL!C92+PL!C92+PT!C92+RO!C92+SE!C92+SI!C92+SK!C92+IS!C92+NO!C92 -> -1990.0591 | D92: =AT!D92+BE!D92+BG!D92+CY!D92+CZ!D92+DE!D92+DK!D92+EE!D92+EL!D92+ES!D92+FI!D92+FR!D92+HR!D92+HU!D92+IE!D92+IT!D92+LT!D92+LU!D92+LV!D92+MT!D92+NL!D92+PL!D92+PT!D92+RO!D92+SE!D92+SI!D92+SK!D92+IS!D92+NO!D92 -> -1803.5552 | E92: =AT!E92+BE!E92+BG!E92+CY!E92+CZ!E92+DE!E92+DK!E92+EE!E92+EL!E92+ES!E92+FI!E92+FR!E92+HR!E92+HU!E92+IE!E92+IT!E92+LT!E92+LU!E92+LV!E92+MT!E92+NL!E92+PL!E92+PT!E92+RO!E92+SE!E92+SI!E92+SK!E92+IS!E92+NO!E92 -> -1563.2053 | F92: =AT!F92+BE!F92+BG!F92+CY!F92+CZ!F92+DE!F92+DK!F92+EE!F92+EL!F92+ES!F92+FI!F92+FR!F92+HR!F92+HU!F92+IE!F92+IT!F92+LT!F92+LU!F92+LV!F92+MT!F92+NL!F92+PL!F92+PT!F92+RO!F92+SE!F92+SI!F92+SK!F92+IS!F92+NO!F92 -> -1122.9352 | G92: =AT!G92+BE!G92+BG!G92+CY!G92+CZ!G92+DE!G92+DK!G92+EE!G92+EL!G92+ES!G92+FI!G92+FR!G92+HR!G92+HU!G92+IE!G92+IT!G92+LT!G92+LU!G92+LV!G92+MT!G92+NL!G92+PL!G92+PT!G92+RO!G92+SE!G92+SI!G92+SK!G92+IS!G92+NO!G92 -> -1428.0595 | H92: =AT!H92+BE!H92+BG!H92+CY!H92+CZ!H92+DE!H92+DK!H92+EE!H92+EL!H92+ES!H92+FI!H92+FR!H92+HR!H92+HU!H92+IE!H92+IT!H92+LT!H92+LU!H92+LV!H92+MT!H92+NL!H92+PL!H92+PT!H92+RO!H92+SE!H92+SI!H92+SK!H92+IS!H92+NO!H92 -> -970.15795 | I92: =AT!I92+BE!I92+BG!I92+CY!I92+CZ!I92+DE!I92+DK!I92+EE!I92+EL!I92+ES!I92+FI!I92+FR!I92+HR!I92+HU!I92+IE!I92+IT!I92+LT!I92+LU!I92+LV!I92+MT!I92+NL!I92+PL!I92+PT!I92+RO!I92+SE!I92+SI!I92+SK!I92+IS!I92+NO!I92 -> -717.10893 | ... AI92: =AT!AI92+BE!AI92+BG!AI92+CY!AI92+CZ!AI92+DE!AI92+DK!AI92+EE!AI92+EL!AI92+ES!AI92+FI!AI92+FR!AI92+HR!AI92+HU!AI92+IE!AI92+IT!AI92+LT!AI92+LU!AI92+LV!AI92+MT!AI92+NL!AI92+PL!AI92+PT!AI92+RO!AI92+SE!AI92+SI!AI92+SK!AI92+IS!AI92+NO!AI92 -> -1659.2066
A93: Extra-EEA | B93: =AT!B93+BE!B93+BG!B93+CY!B93+CZ!B93+DE!B93+DK!B93+EE!B93+EL!B93+ES!B93+FI!B93+FR!B93+HR!B93+HU!B93+IE!B93+IT!B93+LT!B93+LU!B93+LV!B93+MT!B93+NL!B93+PL!B93+PT!B93+RO!B93+SE!B93+SI!B93+SK!B93+IS!B93+NO!B93 -> -4151.0516 | C93: =AT!C93+BE!C93+BG!C93+CY!C93+CZ!C93+DE!C93+DK!C93+EE!C93+EL!C93+ES!C93+FI!C93+FR!C93+HR!C93+HU!C93+IE!C93+IT!C93+LT!C93+LU!C93+LV!C93+MT!C93+NL!C93+PL!C93+PT!C93+RO!C93+SE!C93+SI!C93+SK!C93+IS!C93+NO!C93 -> -4767.6803 | D93: =AT!D93+BE!D93+BG!D93+CY!D93+CZ!D93+DE!D93+DK!D93+EE!D93+EL!D93+ES!D93+FI!D93+FR!D93+HR!D93+HU!D93+IE!D93+IT!D93+LT!D93+LU!D93+LV!D93+MT!D93+NL!D93+PL!D93+PT!D93+RO!D93+SE!D93+SI!D93+SK!D93+IS!D93+NO!D93 -> -4510.2288 | E93: =AT!E93+BE!E93+BG!E93+CY!E93+CZ!E93+DE!E93+DK!E93+EE!E93+EL!E93+ES!E93+FI!E93+FR!E93+HR!E93+HU!E93+IE!E93+IT!E93+LT!E93+LU!E93+LV!E93+MT!E93+NL!E93+PL!E93+PT!E93+RO!E93+SE!E93+SI!E93+SK!E93+IS!E93+NO!E93 -> -4023.3924 | F93: =AT!F93+BE!F93+BG!F93+CY!F93+CZ!F93+DE!F93+DK!F93+EE!F93+EL!F93+ES!F93+FI!F93+FR!F93+HR!F93+HU!F93+IE!F93+IT!F93+LT!F93+LU!F93+LV!F93+MT!F93+NL!F93+PL!F93+PT!F93+RO!F93+SE!F93+SI!F93+SK!F93+IS!F93+NO!F93 -> -2750.1016 | G93: =AT!G93+BE!G93+BG!G93+CY!G93+CZ!G93+DE!G93+DK!G93+EE!G93+EL!G93+ES!G93+FI!G93+FR!G93+HR!G93+HU!G93+IE!G93+IT!G93+LT!G93+LU!G93+LV!G93+MT!G93+NL!G93+PL!G93+PT!G93+RO!G93+SE!G93+SI!G93+SK!G93+IS!G93+NO!G93 -> -3572.7665 | H93: =AT!H93+BE!H93+BG!H93+CY!H93+CZ!H93+DE!H93+DK!H93+EE!H93+EL!H93+ES!H93+FI!H93+FR!H93+HR!H93+HU!H93+IE!H93+IT!H93+LT!H93+LU!H93+LV!H93+MT!H93+NL!H93+PL!H93+PT!H93+RO!H93+SE!H93+SI!H93+SK!H93+IS!H93+NO!H93 -> -2571.1948 | I93: =AT!I93+BE!I93+BG!I93+CY!I93+CZ!I93+DE!I93+DK!I93+EE!I93+EL!I93+ES!I93+FI!I93+FR!I93+HR!I93+HU!I93+IE!I93+IT!I93+LT!I93+LU!I93+LV!I93+MT!I93+NL!I93+PL!I93+PT!I93+RO!I93+SE!I93+SI!I93+SK!I93+IS!I93+NO!I93 -> -1922.7537 | ... AI93: =AT!AI93+BE!AI93+BG!AI93+CY!AI93+CZ!AI93+DE!AI93+DK!AI93+EE!AI93+EL!AI93+ES!AI93+FI!AI93+FR!AI93+HR!AI93+HU!AI93+IE!AI93+IT!AI93+LT!AI93+LU!AI93+LV!AI93+MT!AI93+NL!AI93+PL!AI93+PT!AI93+RO!AI93+SE!AI93+SI!AI93+SK!AI93+IS!AI93+NO!AI93 -> -2178.1004
A95: Annual mileage of a representative vessel | B95: 115000 | C95: 115000 | D95: 115000 | E95: 115000 | F95: 115000 | G95: 115000 | H95: 115000 | I95: 115000 | J95: 115000 | K95: 115000 | L95: 115000 | M95: 115000 | N95: 115000 | O95: 115000 | P95: 115000 | Q95: 115000 | R95: 115000 | S95: 115000 | T95: 115000 | U95: 115000 | V95: 115000 | W95: 115000 | X95: 115000 | Y95: 115000 | Z95: 115000 | AA95: 115000 | AB95: 115000 | AC95: 115000 | AD95: 115000 | AE95: 115000 | AF95: 115000 | AG95: 115000 | AH95: 115000 | AI95: 115000
A97: Stock of representative vessels | B97: =SUM(B98:B99) -> 3117.8177 | C97: =SUM(C98:C99) -> 2874.8317 | D97: =SUM(D98:D99) -> 2882.0434 | E97: =SUM(E98:E99) -> 2896.495 | F97: =SUM(F98:F99) -> 2900.2667 | G97: =SUM(G98:G99) -> 2903.4944 | H97: =SUM(H98:H99) -> 2931.9911 | I97: =SUM(I98:I99) -> 3037.9418 | ... AI97: =SUM(AI98:AI99) -> 3239.2631
A98: Intra-EEA | B98: =AT!B98+BE!B98+BG!B98+CY!B98+CZ!B98+DE!B98+DK!B98+EE!B98+EL!B98+ES!B98+FI!B98+FR!B98+HR!B98+HU!B98+IE!B98+IT!B98+LT!B98+LU!B98+LV!B98+MT!B98+NL!B98+PL!B98+PT!B98+RO!B98+SE!B98+SI!B98+SK!B98+IS!B98+NO!B98 -> 1312.3284 | C98: =AT!C98+BE!C98+BG!C98+CY!C98+CZ!C98+DE!C98+DK!C98+EE!C98+EL!C98+ES!C98+FI!C98+FR!C98+HR!C98+HU!C98+IE!C98+IT!C98+LT!C98+LU!C98+LV!C98+MT!C98+NL!C98+PL!C98+PT!C98+RO!C98+SE!C98+SI!C98+SK!C98+IS!C98+NO!C98 -> 1189.1146 | D98: =AT!D98+BE!D98+BG!D98+CY!D98+CZ!D98+DE!D98+DK!D98+EE!D98+EL!D98+ES!D98+FI!D98+FR!D98+HR!D98+HU!D98+IE!D98+IT!D98+LT!D98+LU!D98+LV!D98+MT!D98+NL!D98+PL!D98+PT!D98+RO!D98+SE!D98+SI!D98+SK!D98+IS!D98+NO!D98 -> 1213.6176 | E98: =AT!E98+BE!E98+BG!E98+CY!E98+CZ!E98+DE!E98+DK!E98+EE!E98+EL!E98+ES!E98+FI!E98+FR!E98+HR!E98+HU!E98+IE!E98+IT!E98+LT!E98+LU!E98+LV!E98+MT!E98+NL!E98+PL!E98+PT!E98+RO!E98+SE!E98+SI!E98+SK!E98+IS!E98+NO!E98 -> 1217.8881 | F98: =AT!F98+BE!F98+BG!F98+CY!F98+CZ!F98+DE!F98+DK!F98+EE!F98+EL!F98+ES!F98+FI!F98+FR!F98+HR!F98+HU!F98+IE!F98+IT!F98+LT!F98+LU!F98+LV!F98+MT!F98+NL!F98+PL!F98+PT!F98+RO!F98+SE!F98+SI!F98+SK!F98+IS!F98+NO!F98 -> 1231.0097 | G98: =AT!G98+BE!G98+BG!G98+CY!G98+CZ!G98+DE!G98+DK!G98+EE!G98+EL!G98+ES!G98+FI!G98+FR!G98+HR!G98+HU!G98+IE!G98+IT!G98+LT!G98+LU!G98+LV!G98+MT!G98+NL!G98+PL!G98+PT!G98+RO!G98+SE!G98+SI!G98+SK!G98+IS!G98+NO!G98 -> 1224.9275 | H98: =AT!H98+BE!H98+BG!H98+CY!H98+CZ!H98+DE!H98+DK!H98+EE!H98+EL!H98+ES!H98+FI!H98+FR!H98+HR!H98+HU!H98+IE!H98+IT!H98+LT!H98+LU!H98+LV!H98+MT!H98+NL!H98+PL!H98+PT!H98+RO!H98+SE!H98+SI!H98+SK!H98+IS!H98+NO!H98 -> 1249.489 | I98: =AT!I98+BE!I98+BG!I98+CY!I98+CZ!I98+DE!I98+DK!I98+EE!I98+EL!I98+ES!I98+FI!I98+FR!I98+HR!I98+HU!I98+IE!I98+IT!I98+LT!I98+LU!I98+LV!I98+MT!I98+NL!I98+PL!I98+PT!I98+RO!I98+SE!I98+SI!I98+SK!I98+IS!I98+NO!I98 -> 1281.1381 | ... AI98: =AT!AI98+BE!AI98+BG!AI98+CY!AI98+CZ!AI98+DE!AI98+DK!AI98+EE!AI98+EL!AI98+ES!AI98+FI!AI98+FR!AI98+HR!AI98+HU!AI98+IE!AI98+IT!AI98+LT!AI98+LU!AI98+LV!AI98+MT!AI98+NL!AI98+PL!AI98+PT!AI98+RO!AI98+SE!AI98+SI!AI98+SK!AI98+IS!AI98+NO!AI98 -> 1402.4935
A99: Extra-EEA | B99: =AT!B99+BE!B99+BG!B99+CY!B99+CZ!B99+DE!B99+DK!B99+EE!B99+EL!B99+ES!B99+FI!B99+FR!B99+HR!B99+HU!B99+IE!B99+IT!B99+LT!B99+LU!B99+LV!B99+MT!B99+NL!B99+PL!B99+PT!B99+RO!B99+SE!B99+SI!B99+SK!B99+IS!B99+NO!B99 -> 1805.4893 | C99: =AT!C99+BE!C99+BG!C99+CY!C99+CZ!C99+DE!C99+DK!C99+EE!C99+EL!C99+ES!C99+FI!C99+FR!C99+HR!C99+HU!C99+IE!C99+IT!C99+LT!C99+LU!C99+LV!C99+MT!C99+NL!C99+PL!C99+PT!C99+RO!C99+SE!C99+SI!C99+SK!C99+IS!C99+NO!C99 -> 1685.7172 | D99: =AT!D99+BE!D99+BG!D99+CY!D99+CZ!D99+DE!D99+DK!D99+EE!D99+EL!D99+ES!D99+FI!D99+FR!D99+HR!D99+HU!D99+IE!D99+IT!D99+LT!D99+LU!D99+LV!D99+MT!D99+NL!D99+PL!D99+PT!D99+RO!D99+SE!D99+SI!D99+SK!D99+IS!D99+NO!D99 -> 1668.4258 | E99: =AT!E99+BE!E99+BG!E99+CY!E99+CZ!E99+DE!E99+DK!E99+EE!E99+EL!E99+ES!E99+FI!E99+FR!E99+HR!E99+HU!E99+IE!E99+IT!E99+LT!E99+LU!E99+LV!E99+MT!E99+NL!E99+PL!E99+PT!E99+RO!E99+SE!E99+SI!E99+SK!E99+IS!E99+NO!E99 -> 1678.6069 | F99: =AT!F99+BE!F99+BG!F99+CY!F99+CZ!F99+DE!F99+DK!F99+EE!F99+EL!F99+ES!F99+FI!F99+FR!F99+HR!F99+HU!F99+IE!F99+IT!F99+LT!F99+LU!F99+LV!F99+MT!F99+NL!F99+PL!F99+PT!F99+RO!F99+SE!F99+SI!F99+SK!F99+IS!F99+NO!F99 -> 1669.257 | G99: =AT!G99+BE!G99+BG!G99+CY!G99+CZ!G99+DE!G99+DK!G99+EE!G99+EL!G99+ES!G99+FI!G99+FR!G99+HR!G99+HU!G99+IE!G99+IT!G99+LT!G99+LU!G99+LV!G99+MT!G99+NL!G99+PL!G99+PT!G99+RO!G99+SE!G99+SI!G99+SK!G99+IS!G99+NO!G99 -> 1678.5669 | H99: =AT!H99+BE!H99+BG!H99+CY!H99+CZ!H99+DE!H99+DK!H99+EE!H99+EL!H99+ES!H99+FI!H99+FR!H99+HR!H99+HU!H99+IE!H99+IT!H99+LT!H99+LU!H99+LV!H99+MT!H99+NL!H99+PL!H99+PT!H99+RO!H99+SE!H99+SI!H99+SK!H99+IS!H99+NO!H99 -> 1682.5021 | I99: =AT!I99+BE!I99+BG!I99+CY!I99+CZ!I99+DE!I99+DK!I99+EE!I99+EL!I99+ES!I99+FI!I99+FR!I99+HR!I99+HU!I99+IE!I99+IT!I99+LT!I99+LU!I99+LV!I99+MT!I99+NL!I99+PL!I99+PT!I99+RO!I99+SE!I99+SI!I99+SK!I99+IS!I99+NO!I99 -> 1756.8036 | ... AI99: =AT!AI99+BE!AI99+BG!AI99+CY!AI99+CZ!AI99+DE!AI99+DK!AI99+EE!AI99+EL!AI99+ES!AI99+FI!AI99+FR!AI99+HR!AI99+HU!AI99+IE!AI99+IT!AI99+LT!AI99+LU!AI99+LV!AI99+MT!AI99+NL!AI99+PL!AI99+PT!AI99+RO!AI99+SE!AI99+SI!AI99+SK!AI99+IS!AI99+NO!AI99 -> 1836.7696
A101: New representative vessels (total) | B101: =SUM(B102:B103) -> 0 | C101: =SUM(C102:C103) -> 189.81176 | D101: =SUM(D102:D103) -> 195.77228 | E101: =SUM(E102:E103) -> 218.73328 | F101: =SUM(F102:F103) -> 172.02947 | G101: =SUM(G102:G103) -> 191.37271 | H101: =SUM(H102:H103) -> 265.42491 | I101: =SUM(I102:I103) -> 326.56265 | ... AI101: =SUM(AI102:AI103) -> 139.90201
A102: Intra-EEA | B102: =AT!B102+BE!B102+BG!B102+CY!B102+CZ!B102+DE!B102+DK!B102+EE!B102+EL!B102+ES!B102+FI!B102+FR!B102+HR!B102+HU!B102+IE!B102+IT!B102+LT!B102+LU!B102+LV!B102+MT!B102+NL!B102+PL!B102+PT!B102+RO!B102+SE!B102+SI!B102+SK!B102+IS!B102+NO!B102 -> 0 | C102: =AT!C102+BE!C102+BG!C102+CY!C102+CZ!C102+DE!C102+DK!C102+EE!C102+EL!C102+ES!C102+FI!C102+FR!C102+HR!C102+HU!C102+IE!C102+IT!C102+LT!C102+LU!C102+LV!C102+MT!C102+NL!C102+PL!C102+PT!C102+RO!C102+SE!C102+SI!C102+SK!C102+IS!C102+NO!C102 -> 90.883488 | D102: =AT!D102+BE!D102+BG!D102+CY!D102+CZ!D102+DE!D102+DK!D102+EE!D102+EL!D102+ES!D102+FI!D102+FR!D102+HR!D102+HU!D102+IE!D102+IT!D102+LT!D102+LU!D102+LV!D102+MT!D102+NL!D102+PL!D102+PT!D102+RO!D102+SE!D102+SI!D102+SK!D102+IS!D102+NO!D102 -> 113.71547 | E102: =AT!E102+BE!E102+BG!E102+CY!E102+CZ!E102+DE!E102+DK!E102+EE!E102+EL!E102+ES!E102+FI!E102+FR!E102+HR!E102+HU!E102+IE!E102+IT!E102+LT!E102+LU!E102+LV!E102+MT!E102+NL!E102+PL!E102+PT!E102+RO!E102+SE!E102+SI!E102+SK!E102+IS!E102+NO!E102 -> 104.94485 | F102: =AT!F102+BE!F102+BG!F102+CY!F102+CZ!F102+DE!F102+DK!F102+EE!F102+EL!F102+ES!F102+FI!F102+FR!F102+HR!F102+HU!F102+IE!F102+IT!F102+LT!F102+LU!F102+LV!F102+MT!F102+NL!F102+PL!F102+PT!F102+RO!F102+SE!F102+SI!F102+SK!F102+IS!F102+NO!F102 -> 89.145759 | G102: =AT!G102+BE!G102+BG!G102+CY!G102+CZ!G102+DE!G102+DK!G102+EE!G102+EL!G102+ES!G102+FI!G102+FR!G102+HR!G102+HU!G102+IE!G102+IT!G102+LT!G102+LU!G102+LV!G102+MT!G102+NL!G102+PL!G102+PT!G102+RO!G102+SE!G102+SI!G102+SK!G102+IS!G102+NO!G102 -> 90.584682 | H102: =AT!H102+BE!H102+BG!H102+CY!H102+CZ!H102+DE!H102+DK!H102+EE!H102+EL!H102+ES!H102+FI!H102+FR!H102+HR!H102+HU!H102+IE!H102+IT!H102+LT!H102+LU!H102+LV!H102+MT!H102+NL!H102+PL!H102+PT!H102+RO!H102+SE!H102+SI!H102+SK!H102+IS!H102+NO!H102 -> 123.47489 | I102: =AT!I102+BE!I102+BG!I102+CY!I102+CZ!I102+DE!I102+DK!I102+EE!I102+EL!I102+ES!I102+FI!I102+FR!I102+HR!I102+HU!I102+IE!I102+IT!I102+LT!I102+LU!I102+LV!I102+MT!I102+NL!I102+PL!I102+PT!I102+RO!I102+SE!I102+SI!I102+SK!I102+IS!I102+NO!I102 -> 140.31533 | ... AI102: =AT!AI102+BE!AI102+BG!AI102+CY!AI102+CZ!AI102+DE!AI102+DK!AI102+EE!AI102+EL!AI102+ES!AI102+FI!AI102+FR!AI102+HR!AI102+HU!AI102+IE!AI102+IT!AI102+LT!AI102+LU!AI102+LV!AI102+MT!AI102+NL!AI102+PL!AI102+PT!AI102+RO!AI102+SE!AI102+SI!AI102+SK!AI102+IS!AI102+NO!AI102 -> 83.89819
A103: Extra-EEA | B103: =AT!B103+BE!B103+BG!B103+CY!B103+CZ!B103+DE!B103+DK!B103+EE!B103+EL!B103+ES!B103+FI!B103+FR!B103+HR!B103+HU!B103+IE!B103+IT!B103+LT!B103+LU!B103+LV!B103+MT!B103+NL!B103+PL!B103+PT!B103+RO!B103+SE!B103+SI!B103+SK!B103+IS!B103+NO!B103 -> 0 | C103: =AT!C103+BE!C103+BG!C103+CY!C103+CZ!C103+DE!C103+DK!C103+EE!C103+EL!C103+ES!C103+FI!C103+FR!C103+HR!C103+HU!C103+IE!C103+IT!C103+LT!C103+LU!C103+LV!C103+MT!C103+NL!C103+PL!C103+PT!C103+RO!C103+SE!C103+SI!C103+SK!C103+IS!C103+NO!C103 -> 98.928271 | D103: =AT!D103+BE!D103+BG!D103+CY!D103+CZ!D103+DE!D103+DK!D103+EE!D103+EL!D103+ES!D103+FI!D103+FR!D103+HR!D103+HU!D103+IE!D103+IT!D103+LT!D103+LU!D103+LV!D103+MT!D103+NL!D103+PL!D103+PT!D103+RO!D103+SE!D103+SI!D103+SK!D103+IS!D103+NO!D103 -> 82.056802 | E103: =AT!E103+BE!E103+BG!E103+CY!E103+CZ!E103+DE!E103+DK!E103+EE!E103+EL!E103+ES!E103+FI!E103+FR!E103+HR!E103+HU!E103+IE!E103+IT!E103+LT!E103+LU!E103+LV!E103+MT!E103+NL!E103+PL!E103+PT!E103+RO!E103+SE!E103+SI!E103+SK!E103+IS!E103+NO!E103 -> 113.78844 | F103: =AT!F103+BE!F103+BG!F103+CY!F103+CZ!F103+DE!F103+DK!F103+EE!F103+EL!F103+ES!F103+FI!F103+FR!F103+HR!F103+HU!F103+IE!F103+IT!F103+LT!F103+LU!F103+LV!F103+MT!F103+NL!F103+PL!F103+PT!F103+RO!F103+SE!F103+SI!F103+SK!F103+IS!F103+NO!F103 -> 82.883707 | G103: =AT!G103+BE!G103+BG!G103+CY!G103+CZ!G103+DE!G103+DK!G103+EE!G103+EL!G103+ES!G103+FI!G103+FR!G103+HR!G103+HU!G103+IE!G103+IT!G103+LT!G103+LU!G103+LV!G103+MT!G103+NL!G103+PL!G103+PT!G103+RO!G103+SE!G103+SI!G103+SK!G103+IS!G103+NO!G103 -> 100.78802 | H103: =AT!H103+BE!H103+BG!H103+CY!H103+CZ!H103+DE!H103+DK!H103+EE!H103+EL!H103+ES!H103+FI!H103+FR!H103+HR!H103+HU!H103+IE!H103+IT!H103+LT!H103+LU!H103+LV!H103+MT!H103+NL!H103+PL!H103+PT!H103+RO!H103+SE!H103+SI!H103+SK!H103+IS!H103+NO!H103 -> 141.95001 | I103: =AT!I103+BE!I103+BG!I103+CY!I103+CZ!I103+DE!I103+DK!I103+EE!I103+EL!I103+ES!I103+FI!I103+FR!I103+HR!I103+HU!I103+IE!I103+IT!I103+LT!I103+LU!I103+LV!I103+MT!I103+NL!I103+PL!I103+PT!I103+RO!I103+SE!I103+SI!I103+SK!I103+IS!I103+NO!I103 -> 186.24733 | ... AI103: =AT!AI103+BE!AI103+BG!AI103+CY!AI103+CZ!AI103+DE!AI103+DK!AI103+EE!AI103+EL!AI103+ES!AI103+FI!AI103+FR!AI103+HR!AI103+HU!AI103+IE!AI103+IT!AI103+LT!AI103+LU!AI103+LV!AI103+MT!AI103+NL!AI103+PL!AI103+PT!AI103+RO!AI103+SE!AI103+SI!AI103+SK!AI103+IS!AI103+NO!AI103 -> 56.003825

Sheet EU27
A1: EU27 - European Union - 27 countries (from 2020) | B1: 1990 | C1: 1991 | D1: 1992 | E1: 1993 | F1: 1994 | G1: 1995 | H1: 1996 | I1: 1997 | J1: 1998 | K1: 1999 | L1: 2000 | M1: 2001 | N1: 2002 | O1: 2003 | P1: 2004 | Q1: 2005 | R1: 2006 | S1: 2007 | T1: 2008 | U1: 2009 | V1: 2010 | W1: 2011 | X1: 2012 | Y1: 2013 | Z1: 2014 | AA1: 2015 | AB1: 2016 | AC1: 2017 | AD1: 2018 | AE1: 2019 | AF1: 2020 | AG1: 2021 | AH1: 2022 | AI1: 2023
A3: Transport activity (Mtkm) | B3: =SUM(B4:B5) -> 5260244.1 | C3: =SUM(C4:C5) -> 5056483.1 | D3: =SUM(D4:D5) -> 4958716.1 | E3: =SUM(E4:E5) -> 4927827.7 | F3: =SUM(F4:F5) -> 4816013.9 | G3: =SUM(G4:G5) -> 4787796.6 | H3: =SUM(H4:H5) -> 4835398.5 | I3: =SUM(I4:I5) -> 5047205 | ... AI3: =SUM(AI4:AI5) -> 7841448.3
A4: Intra-EEA | B4: =AT!B4+BE!B4+BG!B4+CY!B4+CZ!B4+DE!B4+DK!B4+EE!B4+EL!B4+ES!B4+FI!B4+FR!B4+HR!B4+HU!B4+IE!B4+IT!B4+LT!B4+LU!B4+LV!B4+MT!B4+NL!B4+PL!B4+PT!B4+RO!B4+SE!B4+SI!B4+SK!B4 -> 733107.97 | C4: =AT!C4+BE!C4+BG!C4+CY!C4+CZ!C4+DE!C4+DK!C4+EE!C4+EL!C4+ES!C4+FI!C4+FR!C4+HR!C4+HU!C4+IE!C4+IT!C4+LT!C4+LU!C4+LV!C4+MT!C4+NL!C4+PL!C4+PT!C4+RO!C4+SE!C4+SI!C4+SK!C4 -> 685506.99 | D4: =AT!D4+BE!D4+BG!D4+CY!D4+CZ!D4+DE!D4+DK!D4+EE!D4+EL!D4+ES!D4+FI!D4+FR!D4+HR!D4+HU!D4+IE!D4+IT!D4+LT!D4+LU!D4+LV!D4+MT!D4+NL!D4+PL!D4+PT!D4+RO!D4+SE!D4+SI!D4+SK!D4 -> 689476.39 | E4: =AT!E4+BE!E4+BG!E4+CY!E4+CZ!E4+DE!E4+DK!E4+EE!E4+EL!E4+ES!E4+FI!E4+FR!E4+HR!E4+HU!E4+IE!E4+IT!E4+LT!E4+LU!E4+LV!E4+MT!E4+NL!E4+PL!E4+PT!E4+RO!E4+SE!E4+SI!E4+SK!E4 -> 679967.22 | F4: =AT!F4+BE!F4+BG!F4+CY!F4+CZ!F4+DE!F4+DK!F4+EE!F4+EL!F4+ES!F4+FI!F4+FR!F4+HR!F4+HU!F4+IE!F4+IT!F4+LT!F4+LU!F4+LV!F4+MT!F4+NL!F4+PL!F4+PT!F4+RO!F4+SE!F4+SI!F4+SK!F4 -> 671046.38 | G4: =AT!G4+BE!G4+BG!G4+CY!G4+CZ!G4+DE!G4+DK!G4+EE!G4+EL!G4+ES!G4+FI!G4+FR!G4+HR!G4+HU!G4+IE!G4+IT!G4+LT!G4+LU!G4+LV!G4+MT!G4+NL!G4+PL!G4+PT!G4+RO!G4+SE!G4+SI!G4+SK!G4 -> 650481.21 | H4: =AT!H4+BE!H4+BG!H4+CY!H4+CZ!H4+DE!H4+DK!H4+EE!H4+EL!H4+ES!H4+FI!H4+FR!H4+HR!H4+HU!H4+IE!H4+IT!H4+LT!H4+LU!H4+LV!H4+MT!H4+NL!H4+PL!H4+PT!H4+RO!H4+SE!H4+SI!H4+SK!H4 -> 665205.69 | I4: =AT!I4+BE!I4+BG!I4+CY!I4+CZ!I4+DE!I4+DK!I4+EE!I4+EL!I4+ES!I4+FI!I4+FR!I4+HR!I4+HU!I4+IE!I4+IT!I4+LT!I4+LU!I4+LV!I4+MT!I4+NL!I4+PL!I4+PT!I4+RO!I4+SE!I4+SI!I4+SK!I4 -> 672111.47 | ... AI4: =AT!AI4+BE!AI4+BG!AI4+CY!AI4+CZ!AI4+DE!AI4+DK!AI4+EE!AI4+EL!AI4+ES!AI4+FI!AI4+FR!AI4+HR!AI4+HU!AI4+IE!AI4+IT!AI4+LT!AI4+LU!AI4+LV!AI4+MT!AI4+NL!AI4+PL!AI4+PT!AI4+RO!AI4+SE!AI4+SI!AI4+SK!AI4 -> 1009046.4
A5: Extra-EEA | B5: =AT!B5+BE!B5+BG!B5+CY!B5+CZ!B5+DE!B5+DK!B5+EE!B5+EL!B5+ES!B5+FI!B5+FR!B5+HR!B5+HU!B5+IE!B5+IT!B5+LT!B5+LU!B5+LV!B5+MT!B5+NL!B5+PL!B5+PT!B5+RO!B5+SE!B5+SI!B5+SK!B5 -> 4527136.2 | C5: =AT!C5+BE!C5+BG!C5+CY!C5+CZ!C5+DE!C5+DK!C5+EE!C5+EL!C5+ES!C5+FI!C5+FR!C5+HR!C5+HU!C5+IE!C5+IT!C5+LT!C5+LU!C5+LV!C5+MT!C5+NL!C5+PL!C5+PT!C5+RO!C5+SE!C5+SI!C5+SK!C5 -> 4370976.1 | D5: =AT!D5+BE!D5+BG!D5+CY!D5+CZ!D5+DE!D5+DK!D5+EE!D5+EL!D5+ES!D5+FI!D5+FR!D5+HR!D5+HU!D5+IE!D5+IT!D5+LT!D5+LU!D5+LV!D5+MT!D5+NL!D5+PL!D5+PT!D5+RO!D5+SE!D5+SI!D5+SK!D5 -> 4269239.7 | E5: =AT!E5+BE!E5+BG!E5+CY!E5+CZ!E5+DE!E5+DK!E5+EE!E5+EL!E5+ES!E5+FI!E5+FR!E5+HR!E5+HU!E5+IE!E5+IT!E5+LT!E5+LU!E5+LV!E5+MT!E5+NL!E5+PL!E5+PT!E5+RO!E5+SE!E5+SI!E5+SK!E5 -> 4247860.5 | F5: =AT!F5+BE!F5+BG!F5+CY!F5+CZ!F5+DE!F5+DK!F5+EE!F5+EL!F5+ES!F5+FI!F5+FR!F5+HR!F5+HU!F5+IE!F5+IT!F5+LT!F5+LU!F5+LV!F5+MT!F5+NL!F5+PL!F5+PT!F5+RO!F5+SE!F5+SI!F5+SK!F5 -> 4144967.5 | G5: =AT!G5+BE!G5+BG!G5+CY!G5+CZ!G5+DE!G5+DK!G5+EE!G5+EL!G5+ES!G5+FI!G5+FR!G5+HR!G5+HU!G5+IE!G5+IT!G5+LT!G5+LU!G5+LV!G5+MT!G5+NL!G5+PL!G5+PT!G5+RO!G5+SE!G5+SI!G5+SK!G5 -> 4137315.4 | H5: =AT!H5+BE!H5+BG!H5+CY!H5+CZ!H5+DE!H5+DK!H5+EE!H5+EL!H5+ES!H5+FI!H5+FR!H5+HR!H5+HU!H5+IE!H5+IT!H5+LT!H5+LU!H5+LV!H5+MT!H5+NL!H5+PL!H5+PT!H5+RO!H5+SE!H5+SI!H5+SK!H5 -> 4170192.8 | I5: =AT!I5+BE!I5+BG!I5+CY!I5+CZ!I5+DE!I5+DK!I5+EE!I5+EL!I5+ES!I5+FI!I5+FR!I5+HR!I5+HU!I5+IE!I5+IT!I5+LT!I5+LU!I5+LV!I5+MT!I5+NL!I5+PL!I5+PT!I5+RO!I5+SE!I5+SI!I5+SK!I5 -> 4375093.5 | ... AI5: =AT!AI5+BE!AI5+BG!AI5+CY!AI5+CZ!AI5+DE!AI5+DK!AI5+EE!AI5+EL!AI5+ES!AI5+FI!AI5+FR!AI5+HR!AI5+HU!AI5+IE!AI5+IT!AI5+LT!AI5+LU!AI5+LV!AI5+MT!AI5+NL!AI5+PL!AI5+PT!AI5+RO!AI5+SE!AI5+SI!AI5+SK!AI5 -> 6832401.8
A6: * Considering both inwards and outwards flows of goods transported with half of the distance of the voyages (thus the total distance for Intra-EU in the EU aggregation)
A8: Market shares of activity (% of tkm) | B8: =IF(B3=0,0,B3/B$3) -> 1 | C8: =IF(C3=0,0,C3/C$3) -> 1 | D8: =IF(D3=0,0,D3/D$3) -> 1 | E8: =IF(E3=0,0,E3/E$3) -> 1 | F8: =IF(F3=0,0,F3/F$3) -> 1 | G8: =IF(G3=0,0,G3/G$3) -> 1 | H8: =IF(H3=0,0,H3/H$3) -> 1 | I8: =IF(I3=0,0,I3/I$3) -> 1 | ... AI8: =IF(AI3=0,0,AI3/AI$3) -> 1
A9: Intra-EEA | B9: =IF(B4=0,0,B4/B$3) -> 0.13936767 | C9: =IF(C4=0,0,C4/C$3) -> 0.13556992 | D9: =IF(D4=0,0,D4/D$3) -> 0.13904333 | E9: =IF(E4=0,0,E4/E$3) -> 0.13798518 | F9: =IF(F4=0,0,F4/F$3) -> 0.13933647 | G9: =IF(G4=0,0,G4/G$3) -> 0.13586233 | H9: =IF(H4=0,0,H4/H$3) -> 0.13756998 | I9: =IF(I4=0,0,I4/I$3) -> 0.13316508 | ... AI9: =IF(AI4=0,0,AI4/AI$3) -> 0.12868113
A10: Extra-EEA | B10: =IF(B5=0,0,B5/B$3) -> 0.86063233 | C10: =IF(C5=0,0,C5/C$3) -> 0.86443008 | D10: =IF(D5=0,0,D5/D$3) -> 0.86095667 | E10: =IF(E5=0,0,E5/E$3) -> 0.86201482 | F10: =IF(F5=0,0,F5/F$3) -> 0.86066353 | G10: =IF(G5=0,0,G5/G$3) -> 0.86413767 | H10: =IF(H5=0,0,H5/H$3) -> 0.86243002 | I10: =IF(I5=0,0,I5/I$3) -> 0.86683492 | ... AI10: =IF(AI5=0,0,AI5/AI$3) -> 0.87131887
A12: Vehicle-km (Mvkm) | B12: =SUM(B13:B14) -> 342.67916 | C12: =SUM(C13:C14) -> 316.94217 | D12: =SUM(D13:D14) -> 314.34312 | E12: =SUM(E13:E14) -> 314.65794 | F12: =SUM(F13:F14) -> 313.43495 | G12: =SUM(G13:G14) -> 308.94677 | H12: =SUM(H13:H14) -> 309.58308 | I12: =SUM(I13:I14) -> 315.09587 | ... AI12: =SUM(AI13:AI14) -> 327.50104
A13: Intra-EEA | B13: =AT!B13+BE!B13+BG!B13+CY!B13+CZ!B13+DE!B13+DK!B13+EE!B13+EL!B13+ES!B13+FI!B13+FR!B13+HR!B13+HU!B13+IE!B13+IT!B13+LT!B13+LU!B13+LV!B13+MT!B13+NL!B13+PL!B13+PT!B13+RO!B13+SE!B13+SI!B13+SK!B13 -> 142.34759 | C13: =AT!C13+BE!C13+BG!C13+CY!C13+CZ!C13+DE!C13+DK!C13+EE!C13+EL!C13+ES!C13+FI!C13+FR!C13+HR!C13+HU!C13+IE!C13+IT!C13+LT!C13+LU!C13+LV!C13+MT!C13+NL!C13+PL!C13+PT!C13+RO!C13+SE!C13+SI!C13+SK!C13 -> 129.29935 | D13: =AT!D13+BE!D13+BG!D13+CY!D13+CZ!D13+DE!D13+DK!D13+EE!D13+EL!D13+ES!D13+FI!D13+FR!D13+HR!D13+HU!D13+IE!D13+IT!D13+LT!D13+LU!D13+LV!D13+MT!D13+NL!D13+PL!D13+PT!D13+RO!D13+SE!D13+SI!D13+SK!D13 -> 130.26693 | E13: =AT!E13+BE!E13+BG!E13+CY!E13+CZ!E13+DE!E13+DK!E13+EE!E13+EL!E13+ES!E13+FI!E13+FR!E13+HR!E13+HU!E13+IE!E13+IT!E13+LT!E13+LU!E13+LV!E13+MT!E13+NL!E13+PL!E13+PT!E13+RO!E13+SE!E13+SI!E13+SK!E13 -> 130.0753 | F13: =AT!F13+BE!F13+BG!F13+CY!F13+CZ!F13+DE!F13+DK!F13+EE!F13+EL!F13+ES!F13+FI!F13+FR!F13+HR!F13+HU!F13+IE!F13+IT!F13+LT!F13+LU!F13+LV!F13+MT!F13+NL!F13+PL!F13+PT!F13+RO!F13+SE!F13+SI!F13+SK!F13 -> 130.66431 | G13: =AT!G13+BE!G13+BG!G13+CY!G13+CZ!G13+DE!G13+DK!G13+EE!G13+EL!G13+ES!G13+FI!G13+FR!G13+HR!G13+HU!G13+IE!G13+IT!G13+LT!G13+LU!G13+LV!G13+MT!G13+NL!G13+PL!G13+PT!G13+RO!G13+SE!G13+SI!G13+SK!G13 -> 127.37116 | H13: =AT!H13+BE!H13+BG!H13+CY!H13+CZ!H13+DE!H13+DK!H13+EE!H13+EL!H13+ES!H13+FI!H13+FR!H13+HR!H13+HU!H13+IE!H13+IT!H13+LT!H13+LU!H13+LV!H13+MT!H13+NL!H13+PL!H13+PT!H13+RO!H13+SE!H13+SI!H13+SK!H13 -> 128.43417 | I13: =AT!I13+BE!I13+BG!I13+CY!I13+CZ!I13+DE!I13+DK!I13+EE!I13+EL!I13+ES!I13+FI!I13+FR!I13+HR!I13+HU!I13+IE!I13+IT!I13+LT!I13+LU!I13+LV!I13+MT!I13+NL!I13+PL!I13+PT!I13+RO!I13+SE!I13+SI!I13+SK!I13 -> 128.34228 | ... AI13: =AT!AI13+BE!AI13+BG!AI13+CY!AI13+CZ!AI13+DE!AI13+DK!AI13+EE!AI13+EL!AI13+ES!AI13+FI!AI13+FR!AI13+HR!AI13+HU!AI13+IE!AI13+IT!AI13+LT!AI13+LU!AI13+LV!AI13+MT!AI13+NL!AI13+PL!AI13+PT!AI13+RO!AI13+SE!AI13+SI!AI13+SK!AI13 -> 139.49633
A14: Extra-EEA | B14: =AT!B14+BE!B14+BG!B14+CY!B14+CZ!B14+DE!B14+DK!B14+EE!B14+EL!B14+ES!B14+FI!B14+FR!B14+HR!B14+HU!B14+IE!B14+IT!B14+LT!B14+LU!B14+LV!B14+MT!B14+NL!B14+PL!B14+PT!B14+RO!B14+SE!B14+SI!B14+SK!B14 -> 200.33158 | C14: =AT!C14+BE!C14+BG!C14+CY!C14+CZ!C14+DE!C14+DK!C14+EE!C14+EL!C14+ES!C14+FI!C14+FR!C14+HR!C14+HU!C14+IE!C14+IT!C14+LT!C14+LU!C14+LV!C14+MT!C14+NL!C14+PL!C14+PT!C14+RO!C14+SE!C14+SI!C14+SK!C14 -> 187.64282 | D14: =AT!D14+BE!D14+BG!D14+CY!D14+CZ!D14+DE!D14+DK!D14+EE!D14+EL!D14+ES!D14+FI!D14+FR!D14+HR!D14+HU!D14+IE!D14+IT!D14+LT!D14+LU!D14+LV!D14+MT!D14+NL!D14+PL!D14+PT!D14+RO!D14+SE!D14+SI!D14+SK!D14 -> 184.07619 | E14: =AT!E14+BE!E14+BG!E14+CY!E14+CZ!E14+DE!E14+DK!E14+EE!E14+EL!E14+ES!E14+FI!E14+FR!E14+HR!E14+HU!E14+IE!E14+IT!E14+LT!E14+LU!E14+LV!E14+MT!E14+NL!E14+PL!E14+PT!E14+RO!E14+SE!E14+SI!E14+SK!E14 -> 184.58264 | F14: =AT!F14+BE!F14+BG!F14+CY!F14+CZ!F14+DE!F14+DK!F14+EE!F14+EL!F14+ES!F14+FI!F14+FR!F14+HR!F14+HU!F14+IE!F14+IT!F14+LT!F14+LU!F14+LV!F14+MT!F14+NL!F14+PL!F14+PT!F14+RO!F14+SE!F14+SI!F14+SK!F14 -> 182.77064 | G14: =AT!G14+BE!G14+BG!G14+CY!G14+CZ!G14+DE!G14+DK!G14+EE!G14+EL!G14+ES!G14+FI!G14+FR!G14+HR!G14+HU!G14+IE!G14+IT!G14+LT!G14+LU!G14+LV!G14+MT!G14+NL!G14+PL!G14+PT!G14+RO!G14+SE!G14+SI!G14+SK!G14 -> 181.57561 | H14: =AT!H14+BE!H14+BG!H14+CY!H14+CZ!H14+DE!H14+DK!H14+EE!H14+EL!H14+ES!H14+FI!H14+FR!H14+HR!H14+HU!H14+IE!H14+IT!H14+LT!H14+LU!H14+LV!H14+MT!H14+NL!H14+PL!H14+PT!H14+RO!H14+SE!H14+SI!H14+SK!H14 -> 181.14891 | I14: =AT!I14+BE!I14+BG!I14+CY!I14+CZ!I14+DE!I14+DK!I14+EE!I14+EL!I14+ES!I14+FI!I14+FR!I14+HR!I14+HU!I14+IE!I14+IT!I14+LT!I14+LU!I14+LV!I14+MT!I14+NL!I14+PL!I14+PT!I14+RO!I14+SE!I14+SI!I14+SK!I14 -> 186.75359 | ... AI14: =AT!AI14+BE!AI14+BG!AI14+CY!AI14+CZ!AI14+DE!AI14+DK!AI14+EE!AI14+EL!AI14+ES!AI14+FI!AI14+FR!AI14+HR!AI14+HU!AI14+IE!AI14+IT!AI14+LT!AI14+LU!AI14+LV!AI14+MT!AI14+NL!AI14+PL!AI14+PT!AI14+RO!AI14+SE!AI14+SI!AI14+SK!AI14 -> 188.0047
A15: * Considering half of the distance of the voyages (thus the total distance for Intra-EU in the EU aggregation)
A17: Market shares of vehicle km (% of km) | B17: =IF(B12=0,0,B12/B$12) -> 1 | C17: =IF(C12=0,0,C12/C$12) -> 1 | D17: =IF(D12=0,0,D12/D$12) -> 1 | E17: =IF(E12=0,0,E12/E$12) -> 1 | F17: =IF(F12=0,0,F12/F$12) -> 1 | G17: =IF(G12=0,0,G12/G$12) -> 1 | H17: =IF(H12=0,0,H12/H$12) -> 1 | I17: =IF(I12=0,0,I12/I$12) -> 1 | ... AI17: =IF(AI12=0,0,AI12/AI$12) -> 1
A18: Intra-EEA | B18: =IF(B13=0,0,B13/B$12) -> 0.4153961 | C18: =IF(C13=0,0,C13/C$12) -> 0.40795882 | D18: =IF(D13=0,0,D13/D$12) -> 0.41441001 | E18: =IF(E13=0,0,E13/E$12) -> 0.41338637 | F18: =IF(F13=0,0,F13/F$12) -> 0.41687855 | G18: =IF(G13=0,0,G13/G$12) -> 0.41227543 | H18: =IF(H13=0,0,H13/H$12) -> 0.41486172 | I18: =IF(I13=0,0,I13/I$12) -> 0.40731184 | ... AI18: =IF(AI13=0,0,AI13/AI$12) -> 0.42594165
A19: Extra-EEA | B19: =IF(B14=0,0,B14/B$12) -> 0.5846039 | C19: =IF(C14=0,0,C14/C$12) -> 0.59204118 | D19: =IF(D14=0,0,D14/D$12) -> 0.58558999 | E19: =IF(E14=0,0,E14/E$12) -> 0.58661363 | F19: =IF(F14=0,0,F14/F$12) -> 0.58312145 | G19: =IF(G14=0,0,G14/G$12) -> 0.58772457 | H19: =IF(H14=0,0,H14/H$12) -> 0.58513828 | I19: =IF(I14=0,0,I14/I$12) -> 0.59268816 | ... AI19: =IF(AI14=0,0,AI14/AI$12) -> 0.57405835
A21: Load factor of vessels (t/movement) | B21: =IF(B3=0,0,B3/B12) -> 15350.347 | C21: =IF(C3=0,0,C3/C12) -> 15953.961 | D21: =IF(D3=0,0,D3/D12) -> 15774.852 | E21: =IF(E3=0,0,E3/E12) -> 15660.904 | F21: =IF(F3=0,0,F3/F12) -> 15365.274 | G21: =IF(G3=0,0,G3/G12) -> 15497.157 | H21: =IF(H3=0,0,H3/H12) -> 15619.066 | I21: =IF(I3=0,0,I3/I12) -> 16017.998 | ... AI21: =IF(AI3=0,0,AI3/AI12) -> 23943.278
A22: Intra-EEA | B22: =IF(B4=0,0,B4/B13) -> 5150.1257 | C22: =IF(C4=0,0,C4/C13) -> 5301.7047 | D22: =IF(D4=0,0,D4/D13) -> 5292.7967 | E22: =IF(E4=0,0,E4/E13) -> 5227.489 | F22: =IF(F4=0,0,F4/F13) -> 5135.6517 | G22: =IF(G4=0,0,G4/G13) -> 5106.974 | H22: =IF(H4=0,0,H4/H13) -> 5179.3514 | I22: =IF(I4=0,0,I4/I13) -> 5236.8673 | ... AI22: =IF(AI4=0,0,AI4/AI13) -> 7233.4979
A23: Extra-EEA | B23: =IF(B5=0,0,B5/B14) -> 22598.216 | C23: =IF(C5=0,0,C5/C14) -> 23294.13 | D23: =IF(D5=0,0,D5/D14) -> 23192.787 | E23: =IF(E5=0,0,E5/E14) -> 23013.326 | F23: =IF(F5=0,0,F5/F14) -> 22678.519 | G23: =IF(G5=0,0,G5/G14) -> 22785.635 | H23: =IF(H5=0,0,H5/H14) -> 23020.8 | I23: =IF(I5=0,0,I5/I14) -> 23427.092 | ... AI23: =IF(AI5=0,0,AI5/AI14) -> 36341.654
A25: Total energy consumption (ktoe) | B25: =SUM(B26,B32) -> 33136.348 | C25: =SUM(C26,C32) -> 32882.736 | D25: =SUM(D26,D32) -> 33177.888 | E25: =SUM(E26,E32) -> 33059.931 | F25: =SUM(F26,F32) -> 32585.648 | G25: =SUM(G26,G32) -> 32778.737 | H25: =SUM(H26,H32) -> 34472.748 | I25: =SUM(I26,I32) -> 36998.102 | ... AI25: =SUM(AI26,AI32) -> 39293.935
A26: Intra-EEA | B26: =SUM(B27:B31) -> 11422.605 | C26: =SUM(C27:C31) -> 11199.642 | D26: =SUM(D27:D31) -> 11491.38 | E26: =SUM(E27:E31) -> 11610.756 | F26: =SUM(F27:F31) -> 11540.026 | G26: =SUM(G27:G31) -> 11659.132 | H26: =SUM(H27:H31) -> 12288.464 | I26: =SUM(I27:I31) -> 13128.574 | ... AI26: =SUM(AI27:AI31) -> 14068.829
A27: Gas oil and diesel oil (excluding biofuel portion) | B27: =AT!B27+BE!B27+BG!B27+CY!B27+CZ!B27+DE!B27+DK!B27+EE!B27+EL!B27+ES!B27+FI!B27+FR!B27+HR!B27+HU!B27+IE!B27+IT!B27+LT!B27+LU!B27+LV!B27+MT!B27+NL!B27+PL!B27+PT!B27+RO!B27+SE!B27+SI!B27+SK!B27 -> 5209.4667 | C27: =AT!C27+BE!C27+BG!C27+CY!C27+CZ!C27+DE!C27+DK!C27+EE!C27+EL!C27+ES!C27+FI!C27+FR!C27+HR!C27+HU!C27+IE!C27+IT!C27+LT!C27+LU!C27+LV!C27+MT!C27+NL!C27+PL!C27+PT!C27+RO!C27+SE!C27+SI!C27+SK!C27 -> 5188.5184 | D27: =AT!D27+BE!D27+BG!D27+CY!D27+CZ!D27+DE!D27+DK!D27+EE!D27+EL!D27+ES!D27+FI!D27+FR!D27+HR!D27+HU!D27+IE!D27+IT!D27+LT!D27+LU!D27+LV!D27+MT!D27+NL!D27+PL!D27+PT!D27+RO!D27+SE!D27+SI!D27+SK!D27 -> 5527.3687 | E27: =AT!E27+BE!E27+BG!E27+CY!E27+CZ!E27+DE!E27+DK!E27+EE!E27+EL!E27+ES!E27+FI!E27+FR!E27+HR!E27+HU!E27+IE!E27+IT!E27+LT!E27+LU!E27+LV!E27+MT!E27+NL!E27+PL!E27+PT!E27+RO!E27+SE!E27+SI!E27+SK!E27 -> 5051.6813 | F27: =AT!F27+BE!F27+BG!F27+CY!F27+CZ!F27+DE!F27+DK!F27+EE!F27+EL!F27+ES!F27+FI!F27+FR!F27+HR!F27+HU!F27+IE!F27+IT!F27+LT!F27+LU!F27+LV!F27+MT!F27+NL!F27+PL!F27+PT!F27+RO!F27+SE!F27+SI!F27+SK!F27 -> 4861.6807 | G27: =AT!G27+BE!G27+BG!G27+CY!G27+CZ!G27+DE!G27+DK!G27+EE!G27+EL!G27+ES!G27+FI!G27+FR!G27+HR!G27+HU!G27+IE!G27+IT!G27+LT!G27+LU!G27+LV!G27+MT!G27+NL!G27+PL!G27+PT!G27+RO!G27+SE!G27+SI!G27+SK!G27 -> 5339.6796 | H27: =AT!H27+BE!H27+BG!H27+CY!H27+CZ!H27+DE!H27+DK!H27+EE!H27+EL!H27+ES!H27+FI!H27+FR!H27+HR!H27+HU!H27+IE!H27+IT!H27+LT!H27+LU!H27+LV!H27+MT!H27+NL!H27+PL!H27+PT!H27+RO!H27+SE!H27+SI!H27+SK!H27 -> 5684.6865 | I27: =AT!I27+BE!I27+BG!I27+CY!I27+CZ!I27+DE!I27+DK!I27+EE!I27+EL!I27+ES!I27+FI!I27+FR!I27+HR!I27+HU!I27+IE!I27+IT!I27+LT!I27+LU!I27+LV!I27+MT!I27+NL!I27+PL!I27+PT!I27+RO!I27+SE!I27+SI!I27+SK!I27 -> 6006.9822 | ... AI27: =AT!AI27+BE!AI27+BG!AI27+CY!AI27+CZ!AI27+DE!AI27+DK!AI27+EE!AI27+EL!AI27+ES!AI27+FI!AI27+FR!AI27+HR!AI27+HU!AI27+IE!AI27+IT!AI27+LT!AI27+LU!AI27+LV!AI27+MT!AI27+NL!AI27+PL!AI27+PT!AI27+RO!AI27+SE!AI27+SI!AI27+SK!AI27 -> 6596.3587
A28: Fuel oil and Other oil products | B28: =AT!B28+BE!B28+BG!B28+CY!B28+CZ!B28+DE!B28+DK!B28+EE!B28+EL!B28+ES!B28+FI!B28+FR!B28+HR!B28+HU!B28+IE!B28+IT!B28+LT!B28+LU!B28+LV!B28+MT!B28+NL!B28+PL!B28+PT!B28+RO!B28+SE!B28+SI!B28+SK!B28 -> 6213.1385 | C28: =AT!C28+BE!C28+BG!C28+CY!C28+CZ!C28+DE!C28+DK!C28+EE!C28+EL!C28+ES!C28+FI!C28+FR!C28+HR!C28+HU!C28+IE!C28+IT!C28+LT!C28+LU!C28+LV!C28+MT!C28+NL!C28+PL!C28+PT!C28+RO!C28+SE!C28+SI!C28+SK!C28 -> 6011.1231 | D28: =AT!D28+BE!D28+BG!D28+CY!D28+CZ!D28+DE!D28+DK!D28+EE!D28+EL!D28+ES!D28+FI!D28+FR!D28+HR!D28+HU!D28+IE!D28+IT!D28+LT!D28+LU!D28+LV!D28+MT!D28+NL!D28+PL!D28+PT!D28+RO!D28+SE!D28+SI!D28+SK!D28 -> 5964.0117 | E28: =AT!E28+BE!E28+BG!E28+CY!E28+CZ!E28+DE!E28+DK!E28+EE!E28+EL!E28+ES!E28+FI!E28+FR!E28+HR!E28+HU!E28+IE!E28+IT!E28+LT!E28+LU!E28+LV!E28+MT!E28+NL!E28+PL!E28+PT!E28+RO!E28+SE!E28+SI!E28+SK!E28 -> 6559.0744 | F28: =AT!F28+BE!F28+BG!F28+CY!F28+CZ!F28+DE!F28+DK!F28+EE!F28+EL!F28+ES!F28+FI!F28+FR!F28+HR!F28+HU!F28+IE!F28+IT!F28+LT!F28+LU!F28+LV!F28+MT!F28+NL!F28+PL!F28+PT!F28+RO!F28+SE!F28+SI!F28+SK!F28 -> 6678.3456 | G28: =AT!G28+BE!G28+BG!G28+CY!G28+CZ!G28+DE!G28+DK!G28+EE!G28+EL!G28+ES!G28+FI!G28+FR!G28+HR!G28+HU!G28+IE!G28+IT!G28+LT!G28+LU!G28+LV!G28+MT!G28+NL!G28+PL!G28+PT!G28+RO!G28+SE!G28+SI!G28+SK!G28 -> 6319.4526 | H28: =AT!H28+BE!H28+BG!H28+CY!H28+CZ!H28+DE!H28+DK!H28+EE!H28+EL!H28+ES!H28+FI!H28+FR!H28+HR!H28+HU!H28+IE!H28+IT!H28+LT!H28+LU!H28+LV!H28+MT!H28+NL!H28+PL!H28+PT!H28+RO!H28+SE!H28+SI!H28+SK!H28 -> 6603.7771 | I28: =AT!I28+BE!I28+BG!I28+CY!I28+CZ!I28+DE!I28+DK!I28+EE!I28+EL!I28+ES!I28+FI!I28+FR!I28+HR!I28+HU!I28+IE!I28+IT!I28+LT!I28+LU!I28+LV!I28+MT!I28+NL!I28+PL!I28+PT!I28+RO!I28+SE!I28+SI!I28+SK!I28 -> 7121.5916 | ... AI28: =AT!AI28+BE!AI28+BG!AI28+CY!AI28+CZ!AI28+DE!AI28+DK!AI28+EE!AI28+EL!AI28+ES!AI28+FI!AI28+FR!AI28+HR!AI28+HU!AI28+IE!AI28+IT!AI28+LT!AI28+LU!AI28+LV!AI28+MT!AI28+NL!AI28+PL!AI28+PT!AI28+RO!AI28+SE!AI28+SI!AI28+SK!AI28 -> 7249.5616
A29: Blended biofuels | B29: =AT!B29+BE!B29+BG!B29+CY!B29+CZ!B29+DE!B29+DK!B29+EE!B29+EL!B29+ES!B29+FI!B29+FR!B29+HR!B29+HU!B29+IE!B29+IT!B29+LT!B29+LU!B29+LV!B29+MT!B29+NL!B29+PL!B29+PT!B29+RO!B29+SE!B29+SI!B29+SK!B29 -> 0 | C29: =AT!C29+BE!C29+BG!C29+CY!C29+CZ!C29+DE!C29+DK!C29+EE!C29+EL!C29+ES!C29+FI!C29+FR!C29+HR!C29+HU!C29+IE!C29+IT!C29+LT!C29+LU!C29+LV!C29+MT!C29+NL!C29+PL!C29+PT!C29+RO!C29+SE!C29+SI!C29+SK!C29 -> 0 | D29: =AT!D29+BE!D29+BG!D29+CY!D29+CZ!D29+DE!D29+DK!D29+EE!D29+EL!D29+ES!D29+FI!D29+FR!D29+HR!D29+HU!D29+IE!D29+IT!D29+LT!D29+LU!D29+LV!D29+MT!D29+NL!D29+PL!D29+PT!D29+RO!D29+SE!D29+SI!D29+SK!D29 -> 0 | E29: =AT!E29+BE!E29+BG!E29+CY!E29+CZ!E29+DE!E29+DK!E29+EE!E29+EL!E29+ES!E29+FI!E29+FR!E29+HR!E29+HU!E29+IE!E29+IT!E29+LT!E29+LU!E29+LV!E29+MT!E29+NL!E29+PL!E29+PT!E29+RO!E29+SE!E29+SI!E29+SK!E29 -> 0 | F29: =AT!F29+BE!F29+BG!F29+CY!F29+CZ!F29+DE!F29+DK!F29+EE!F29+EL!F29+ES!F29+FI!F29+FR!F29+HR!F29+HU!F29+IE!F29+IT!F29+LT!F29+LU!F29+LV!F29+MT!F29+NL!F29+PL!F29+PT!F29+RO!F29+SE!F29+SI!F29+SK!F29 -> 0 | G29: =AT!G29+BE!G29+BG!G29+CY!G29+CZ!G29+DE!G29+DK!G29+EE!G29+EL!G29+ES!G29+FI!G29+FR!G29+HR!G29+HU!G29+IE!G29+IT!G29+LT!G29+LU!G29+LV!G29+MT!G29+NL!G29+PL!G29+PT!G29+RO!G29+SE!G29+SI!G29+SK!G29 -> 0 | H29: =AT!H29+BE!H29+BG!H29+CY!H29+CZ!H29+DE!H29+DK!H29+EE!H29+EL!H29+ES!H29+FI!H29+FR!H29+HR!H29+HU!H29+IE!H29+IT!H29+LT!H29+LU!H29+LV!H29+MT!H29+NL!H29+PL!H29+PT!H29+RO!H29+SE!H29+SI!H29+SK!H29 -> 0 | I29: =AT!I29+BE!I29+BG!I29+CY!I29+CZ!I29+DE!I29+DK!I29+EE!I29+EL!I29+ES!I29+FI!I29+FR!I29+HR!I29+HU!I29+IE!I29+IT!I29+LT!I29+LU!I29+LV!I29+MT!I29+NL!I29+PL!I29+PT!I29+RO!I29+SE!I29+SI!I29+SK!I29 -> 0 | ... AI29: =AT!AI29+BE!AI29+BG!AI29+CY!AI29+CZ!AI29+DE!AI29+DK!AI29+EE!AI29+EL!AI29+ES!AI29+FI!AI29+FR!AI29+HR!AI29+HU!AI29+IE!AI29+IT!AI29+LT!AI29+LU!AI29+LV!AI29+MT!AI29+NL!AI29+PL!AI29+PT!AI29+RO!AI29+SE!AI29+SI!AI29+SK!AI29 -> 74.519223
A30: Natural gas | B30: =AT!B30+BE!B30+BG!B30+CY!B30+CZ!B30+DE!B30+DK!B30+EE!B30+EL!B30+ES!B30+FI!B30+FR!B30+HR!B30+HU!B30+IE!B30+IT!B30+LT!B30+LU!B30+LV!B30+MT!B30+NL!B30+PL!B30+PT!B30+RO!B30+SE!B30+SI!B30+SK!B30 -> 0 | C30: =AT!C30+BE!C30+BG!C30+CY!C30+CZ!C30+DE!C30+DK!C30+EE!C30+EL!C30+ES!C30+FI!C30+FR!C30+HR!C30+HU!C30+IE!C30+IT!C30+LT!C30+LU!C30+LV!C30+MT!C30+NL!C30+PL!C30+PT!C30+RO!C30+SE!C30+SI!C30+SK!C30 -> 0 | D30: =AT!D30+BE!D30+BG!D30+CY!D30+CZ!D30+DE!D30+DK!D30+EE!D30+EL!D30+ES!D30+FI!D30+FR!D30+HR!D30+HU!D30+IE!D30+IT!D30+LT!D30+LU!D30+LV!D30+MT!D30+NL!D30+PL!D30+PT!D30+RO!D30+SE!D30+SI!D30+SK!D30 -> 0 | E30: =AT!E30+BE!E30+BG!E30+CY!E30+CZ!E30+DE!E30+DK!E30+EE!E30+EL!E30+ES!E30+FI!E30+FR!E30+HR!E30+HU!E30+IE!E30+IT!E30+LT!E30+LU!E30+LV!E30+MT!E30+NL!E30+PL!E30+PT!E30+RO!E30+SE!E30+SI!E30+SK!E30 -> 0 | F30: =AT!F30+BE!F30+BG!F30+CY!F30+CZ!F30+DE!F30+DK!F30+EE!F30+EL!F30+ES!F30+FI!F30+FR!F30+HR!F30+HU!F30+IE!F30+IT!F30+LT!F30+LU!F30+LV!F30+MT!F30+NL!F30+PL!F30+PT!F30+RO!F30+SE!F30+SI!F30+SK!F30 -> 0 | G30: =AT!G30+BE!G30+BG!G30+CY!G30+CZ!G30+DE!G30+DK!G30+EE!G30+EL!G30+ES!G30+FI!G30+FR!G30+HR!G30+HU!G30+IE!G30+IT!G30+LT!G30+LU!G30+LV!G30+MT!G30+NL!G30+PL!G30+PT!G30+RO!G30+SE!G30+SI!G30+SK!G30 -> 0 | H30: =AT!H30+BE!H30+BG!H30+CY!H30+CZ!H30+DE!H30+DK!H30+EE!H30+EL!H30+ES!H30+FI!H30+FR!H30+HR!H30+HU!H30+IE!H30+IT!H30+LT!H30+LU!H30+LV!H30+MT!H30+NL!H30+PL!H30+PT!H30+RO!H30+SE!H30+SI!H30+SK!H30 -> 0 | I30: =AT!I30+BE!I30+BG!I30+CY!I30+CZ!I30+DE!I30+DK!I30+EE!I30+EL!I30+ES!I30+FI!I30+FR!I30+HR!I30+HU!I30+IE!I30+IT!I30+LT!I30+LU!I30+LV!I30+MT!I30+NL!I30+PL!I30+PT!I30+RO!I30+SE!I30+SI!I30+SK!I30 -> 0 | ... AI30: =AT!AI30+BE!AI30+BG!AI30+CY!AI30+CZ!AI30+DE!AI30+DK!AI30+EE!AI30+EL!AI30+ES!AI30+FI!AI30+FR!AI30+HR!AI30+HU!AI30+IE!AI30+IT!AI30+LT!AI30+LU!AI30+LV!AI30+MT!AI30+NL!AI30+PL!AI30+PT!AI30+RO!AI30+SE!AI30+SI!AI30+SK!AI30 -> 146.00529
A31: Biogases | B31: =AT!B31+BE!B31+BG!B31+CY!B31+CZ!B31+DE!B31+DK!B31+EE!B31+EL!B31+ES!B31+FI!B31+FR!B31+HR!B31+HU!B31+IE!B31+IT!B31+LT!B31+LU!B31+LV!B31+MT!B31+NL!B31+PL!B31+PT!B31+RO!B31+SE!B31+SI!B31+SK!B31 -> 0 | C31: =AT!C31+BE!C31+BG!C31+CY!C31+CZ!C31+DE!C31+DK!C31+EE!C31+EL!C31+ES!C31+FI!C31+FR!C31+HR!C31+HU!C31+IE!C31+IT!C31+LT!C31+LU!C31+LV!C31+MT!C31+NL!C31+PL!C31+PT!C31+RO!C31+SE!C31+SI!C31+SK!C31 -> 0 | D31: =AT!D31+BE!D31+BG!D31+CY!D31+CZ!D31+DE!D31+DK!D31+EE!D31+EL!D31+ES!D31+FI!D31+FR!D31+HR!D31+HU!D31+IE!D31+IT!D31+LT!D31+LU!D31+LV!D31+MT!D31+NL!D31+PL!D31+PT!D31+RO!D31+SE!D31+SI!D31+SK!D31 -> 0 | E31: =AT!E31+BE!E31+BG!E31+CY!E31+CZ!E31+DE!E31+DK!E31+EE!E31+EL!E31+ES!E31+FI!E31+FR!E31+HR!E31+HU!E31+IE!E31+IT!E31+LT!E31+LU!E31+LV!E31+MT!E31+NL!E31+PL!E31+PT!E31+RO!E31+SE!E31+SI!E31+SK!E31 -> 0 | F31: =AT!F31+BE!F31+BG!F31+CY!F31+CZ!F31+DE!F31+DK!F31+EE!F31+EL!F31+ES!F31+FI!F31+FR!F31+HR!F31+HU!F31+IE!F31+IT!F31+LT!F31+LU!F31+LV!F31+MT!F31+NL!F31+PL!F31+PT!F31+RO!F31+SE!F31+SI!F31+SK!F31 -> 0 | G31: =AT!G31+BE!G31+BG!G31+CY!G31+CZ!G31+DE!G31+DK!G31+EE!G31+EL!G31+ES!G31+FI!G31+FR!G31+HR!G31+HU!G31+IE!G31+IT!G31+LT!G31+LU!G31+LV!G31+MT!G31+NL!G31+PL!G31+PT!G31+RO!G31+SE!G31+SI!G31+SK!G31 -> 0 | H31: =AT!H31+BE!H31+BG!H31+CY!H31+CZ!H31+DE!H31+DK!H31+EE!H31+EL!H31+ES!H31+FI!H31+FR!H31+HR!H31+HU!H31+IE!H31+IT!H31+LT!H31+LU!H31+LV!H31+MT!H31+NL!H31+PL!H31+PT!H31+RO!H31+SE!H31+SI!H31+SK!H31 -> 0 | I31: =AT!I31+BE!I31+BG!I31+CY!I31+CZ!I31+DE!I31+DK!I31+EE!I31+EL!I31+ES!I31+FI!I31+FR!I31+HR!I31+HU!I31+IE!I31+IT!I31+LT!I31+LU!I31+LV!I31+MT!I31+NL!I31+PL!I31+PT!I31+RO!I31+SE!I31+SI!I31+SK!I31 -> 0 | ... AI31: =AT!AI31+BE!AI31+BG!AI31+CY!AI31+CZ!AI31+DE!AI31+DK!AI31+EE!AI31+EL!AI31+ES!AI31+FI!AI31+FR!AI31+HR!AI31+HU!AI31+IE!AI31+IT!AI31+LT!AI31+LU!AI31+LV!AI31+MT!AI31+NL!AI31+PL!AI31+PT!AI31+RO!AI31+SE!AI31+SI!AI31+SK!AI31 -> 2.3845746
A32: Extra-EEA | B32: =SUM(B33:B37) -> 21713.743 | C32: =SUM(C33:C37) -> 21683.095 | D32: =SUM(D33:D37) -> 21686.508 | E32: =SUM(E33:E37) -> 21449.175 | F32: =SUM(F33:F37) -> 21045.622 | G32: =SUM(G33:G37) -> 21119.605 | H32: =SUM(H33:H37) -> 22184.285 | I32: =SUM(I33:I37) -> 23869.528 | ... AI32: =SUM(AI33:AI37) -> 25225.105
A33: Gas oil and diesel oil (excluding biofuel portion) | B33: =AT!B33+BE!B33+BG!B33+CY!B33+CZ!B33+DE!B33+DK!B33+EE!B33+EL!B33+ES!B33+FI!B33+FR!B33+HR!B33+HU!B33+IE!B33+IT!B33+LT!B33+LU!B33+LV!B33+MT!B33+NL!B33+PL!B33+PT!B33+RO!B33+SE!B33+SI!B33+SK!B33 -> 1962.9934 | C33: =AT!C33+BE!C33+BG!C33+CY!C33+CZ!C33+DE!C33+DK!C33+EE!C33+EL!C33+ES!C33+FI!C33+FR!C33+HR!C33+HU!C33+IE!C33+IT!C33+LT!C33+LU!C33+LV!C33+MT!C33+NL!C33+PL!C33+PT!C33+RO!C33+SE!C33+SI!C33+SK!C33 -> 1992.003 | D33: =AT!D33+BE!D33+BG!D33+CY!D33+CZ!D33+DE!D33+DK!D33+EE!D33+EL!D33+ES!D33+FI!D33+FR!D33+HR!D33+HU!D33+IE!D33+IT!D33+LT!D33+LU!D33+LV!D33+MT!D33+NL!D33+PL!D33+PT!D33+RO!D33+SE!D33+SI!D33+SK!D33 -> 2050.0672 | E33: =AT!E33+BE!E33+BG!E33+CY!E33+CZ!E33+DE!E33+DK!E33+EE!E33+EL!E33+ES!E33+FI!E33+FR!E33+HR!E33+HU!E33+IE!E33+IT!E33+LT!E33+LU!E33+LV!E33+MT!E33+NL!E33+PL!E33+PT!E33+RO!E33+SE!E33+SI!E33+SK!E33 -> 1821.0365 | F33: =AT!F33+BE!F33+BG!F33+CY!F33+CZ!F33+DE!F33+DK!F33+EE!F33+EL!F33+ES!F33+FI!F33+FR!F33+HR!F33+HU!F33+IE!F33+IT!F33+LT!F33+LU!F33+LV!F33+MT!F33+NL!F33+PL!F33+PT!F33+RO!F33+SE!F33+SI!F33+SK!F33 -> 1660.127 | G33: =AT!G33+BE!G33+BG!G33+CY!G33+CZ!G33+DE!G33+DK!G33+EE!G33+EL!G33+ES!G33+FI!G33+FR!G33+HR!G33+HU!G33+IE!G33+IT!G33+LT!G33+LU!G33+LV!G33+MT!G33+NL!G33+PL!G33+PT!G33+RO!G33+SE!G33+SI!G33+SK!G33 -> 1801.7786 | H33: =AT!H33+BE!H33+BG!H33+CY!H33+CZ!H33+DE!H33+DK!H33+EE!H33+EL!H33+ES!H33+FI!H33+FR!H33+HR!H33+HU!H33+IE!H33+IT!H33+LT!H33+LU!H33+LV!H33+MT!H33+NL!H33+PL!H33+PT!H33+RO!H33+SE!H33+SI!H33+SK!H33 -> 1893.6281 | I33: =AT!I33+BE!I33+BG!I33+CY!I33+CZ!I33+DE!I33+DK!I33+EE!I33+EL!I33+ES!I33+FI!I33+FR!I33+HR!I33+HU!I33+IE!I33+IT!I33+LT!I33+LU!I33+LV!I33+MT!I33+NL!I33+PL!I33+PT!I33+RO!I33+SE!I33+SI!I33+SK!I33 -> 1998.3664 | ... AI33: =AT!AI33+BE!AI33+BG!AI33+CY!AI33+CZ!AI33+DE!AI33+DK!AI33+EE!AI33+EL!AI33+ES!AI33+FI!AI33+FR!AI33+HR!AI33+HU!AI33+IE!AI33+IT!AI33+LT!AI33+LU!AI33+LV!AI33+MT!AI33+NL!AI33+PL!AI33+PT!AI33+RO!AI33+SE!AI33+SI!AI33+SK!AI33 -> 2415.3204
A34: Fuel oil and Other oil products | B34: =AT!B34+BE!B34+BG!B34+CY!B34+CZ!B34+DE!B34+DK!B34+EE!B34+EL!B34+ES!B34+FI!B34+FR!B34+HR!B34+HU!B34+IE!B34+IT!B34+LT!B34+LU!B34+LV!B34+MT!B34+NL!B34+PL!B34+PT!B34+RO!B34+SE!B34+SI!B34+SK!B34 -> 19750.75 | C34: =AT!C34+BE!C34+BG!C34+CY!C34+CZ!C34+DE!C34+DK!C34+EE!C34+EL!C34+ES!C34+FI!C34+FR!C34+HR!C34+HU!C34+IE!C34+IT!C34+LT!C34+LU!C34+LV!C34+MT!C34+NL!C34+PL!C34+PT!C34+RO!C34+SE!C34+SI!C34+SK!C34 -> 19691.092 | D34: =AT!D34+BE!D34+BG!D34+CY!D34+CZ!D34+DE!D34+DK!D34+EE!D34+EL!D34+ES!D34+FI!D34+FR!D34+HR!D34+HU!D34+IE!D34+IT!D34+LT!D34+LU!D34+LV!D34+MT!D34+NL!D34+PL!D34+PT!D34+RO!D34+SE!D34+SI!D34+SK!D34 -> 19636.441 | E34: =AT!E34+BE!E34+BG!E34+CY!E34+CZ!E34+DE!E34+DK!E34+EE!E34+EL!E34+ES!E34+FI!E34+FR!E34+HR!E34+HU!E34+IE!E34+IT!E34+LT!E34+LU!E34+LV!E34+MT!E34+NL!E34+PL!E34+PT!E34+RO!E34+SE!E34+SI!E34+SK!E34 -> 19628.139 | F34: =AT!F34+BE!F34+BG!F34+CY!F34+CZ!F34+DE!F34+DK!F34+EE!F34+EL!F34+ES!F34+FI!F34+FR!F34+HR!F34+HU!F34+IE!F34+IT!F34+LT!F34+LU!F34+LV!F34+MT!F34+NL!F34+PL!F34+PT!F34+RO!F34+SE!F34+SI!F34+SK!F34 -> 19385.495 | G34: =AT!G34+BE!G34+BG!G34+CY!G34+CZ!G34+DE!G34+DK!G34+EE!G34+EL!G34+ES!G34+FI!G34+FR!G34+HR!G34+HU!G34+IE!G34+IT!G34+LT!G34+LU!G34+LV!G34+MT!G34+NL!G34+PL!G34+PT!G34+RO!G34+SE!G34+SI!G34+SK!G34 -> 19317.826 | H34: =AT!H34+BE!H34+BG!H34+CY!H34+CZ!H34+DE!H34+DK!H34+EE!H34+EL!H34+ES!H34+FI!H34+FR!H34+HR!H34+HU!H34+IE!H34+IT!H34+LT!H34+LU!H34+LV!H34+MT!H34+NL!H34+PL!H34+PT!H34+RO!H34+SE!H34+SI!H34+SK!H34 -> 20290.657 | I34: =AT!I34+BE!I34+BG!I34+CY!I34+CZ!I34+DE!I34+DK!I34+EE!I34+EL!I34+ES!I34+FI!I34+FR!I34+HR!I34+HU!I34+IE!I34+IT!I34+LT!I34+LU!I34+LV!I34+MT!I34+NL!I34+PL!I34+PT!I34+RO!I34+SE!I34+SI!I34+SK!I34 -> 21871.162 | ... AI34: =AT!AI34+BE!AI34+BG!AI34+CY!AI34+CZ!AI34+DE!AI34+DK!AI34+EE!AI34+EL!AI34+ES!AI34+FI!AI34+FR!AI34+HR!AI34+HU!AI34+IE!AI34+IT!AI34+LT!AI34+LU!AI34+LV!AI34+MT!AI34+NL!AI34+PL!AI34+PT!AI34+RO!AI34+SE!AI34+SI!AI34+SK!AI34 -> 22267.827
A35: Blended biofuels | B35: =AT!B35+BE!B35+BG!B35+CY!B35+CZ!B35+DE!B35+DK!B35+EE!B35+EL!B35+ES!B35+FI!B35+FR!B35+HR!B35+HU!B35+IE!B35+IT!B35+LT!B35+LU!B35+LV!B35+MT!B35+NL!B35+PL!B35+PT!B35+RO!B35+SE!B35+SI!B35+SK!B35 -> 0 | C35: =AT!C35+BE!C35+BG!C35+CY!C35+CZ!C35+DE!C35+DK!C35+EE!C35+EL!C35+ES!C35+FI!C35+FR!C35+HR!C35+HU!C35+IE!C35+IT!C35+LT!C35+LU!C35+LV!C35+MT!C35+NL!C35+PL!C35+PT!C35+RO!C35+SE!C35+SI!C35+SK!C35 -> 0 | D35: =AT!D35+BE!D35+BG!D35+CY!D35+CZ!D35+DE!D35+DK!D35+EE!D35+EL!D35+ES!D35+FI!D35+FR!D35+HR!D35+HU!D35+IE!D35+IT!D35+LT!D35+LU!D35+LV!D35+MT!D35+NL!D35+PL!D35+PT!D35+RO!D35+SE!D35+SI!D35+SK!D35 -> 0 | E35: =AT!E35+BE!E35+BG!E35+CY!E35+CZ!E35+DE!E35+DK!E35+EE!E35+EL!E35+ES!E35+FI!E35+FR!E35+HR!E35+HU!E35+IE!E35+IT!E35+LT!E35+LU!E35+LV!E35+MT!E35+NL!E35+PL!E35+PT!E35+RO!E35+SE!E35+SI!E35+SK!E35 -> 0 | F35: =AT!F35+BE!F35+BG!F35+CY!F35+CZ!F35+DE!F35+DK!F35+EE!F35+EL!F35+ES!F35+FI!F35+FR!F35+HR!F35+HU!F35+IE!F35+IT!F35+LT!F35+LU!F35+LV!F35+MT!F35+NL!F35+PL!F35+PT!F35+RO!F35+SE!F35+SI!F35+SK!F35 -> 0 | G35: =AT!G35+BE!G35+BG!G35+CY!G35+CZ!G35+DE!G35+DK!G35+EE!G35+EL!G35+ES!G35+FI!G35+FR!G35+HR!G35+HU!G35+IE!G35+IT!G35+LT!G35+LU!G35+LV!G35+MT!G35+NL!G35+PL!G35+PT!G35+RO!G35+SE!G35+SI!G35+SK!G35 -> 0 | H35: =AT!H35+BE!H35+BG!H35+CY!H35+CZ!H35+DE!H35+DK!H35+EE!H35+EL!H35+ES!H35+FI!H35+FR!H35+HR!H35+HU!H35+IE!H35+IT!H35+LT!H35+LU!H35+LV!H35+MT!H35+NL!H35+PL!H35+PT!H35+RO!H35+SE!H35+SI!H35+SK!H35 -> 0 | I35: =AT!I35+BE!I35+BG!I35+CY!I35+CZ!I35+DE!I35+DK!I35+EE!I35+EL!I35+ES!I35+FI!I35+FR!I35+HR!I35+HU!I35+IE!I35+IT!I35+LT!I35+LU!I35+LV!I35+MT!I35+NL!I35+PL!I35+PT!I35+RO!I35+SE!I35+SI!I35+SK!I35 -> 0 | ... AI35: =AT!AI35+BE!AI35+BG!AI35+CY!AI35+CZ!AI35+DE!AI35+DK!AI35+EE!AI35+EL!AI35+ES!AI35+FI!AI35+FR!AI35+HR!AI35+HU!AI35+IE!AI35+IT!AI35+LT!AI35+LU!AI35+LV!AI35+MT!AI35+NL!AI35+PL!AI35+PT!AI35+RO!AI35+SE!AI35+SI!AI35+SK!AI35 -> 255.62858
A36: Natural gas | B36: =AT!B36+BE!B36+BG!B36+CY!B36+CZ!B36+DE!B36+DK!B36+EE!B36+EL!B36+ES!B36+FI!B36+FR!B36+HR!B36+HU!B36+IE!B36+IT!B36+LT!B36+LU!B36+LV!B36+MT!B36+NL!B36+PL!B36+PT!B36+RO!B36+SE!B36+SI!B36+SK!B36 -> 0 | C36: =AT!C36+BE!C36+BG!C36+CY!C36+CZ!C36+DE!C36+DK!C36+EE!C36+EL!C36+ES!C36+FI!C36+FR!C36+HR!C36+HU!C36+IE!C36+IT!C36+LT!C36+LU!C36+LV!C36+MT!C36+NL!C36+PL!C36+PT!C36+RO!C36+SE!C36+SI!C36+SK!C36 -> 0 | D36: =AT!D36+BE!D36+BG!D36+CY!D36+CZ!D36+DE!D36+DK!D36+EE!D36+EL!D36+ES!D36+FI!D36+FR!D36+HR!D36+HU!D36+IE!D36+IT!D36+LT!D36+LU!D36+LV!D36+MT!D36+NL!D36+PL!D36+PT!D36+RO!D36+SE!D36+SI!D36+SK!D36 -> 0 | E36: =AT!E36+BE!E36+BG!E36+CY!E36+CZ!E36+DE!E36+DK!E36+EE!E36+EL!E36+ES!E36+FI!E36+FR!E36+HR!E36+HU!E36+IE!E36+IT!E36+LT!E36+LU!E36+LV!E36+MT!E36+NL!E36+PL!E36+PT!E36+RO!E36+SE!E36+SI!E36+SK!E36 -> 0 | F36: =AT!F36+BE!F36+BG!F36+CY!F36+CZ!F36+DE!F36+DK!F36+EE!F36+EL!F36+ES!F36+FI!F36+FR!F36+HR!F36+HU!F36+IE!F36+IT!F36+LT!F36+LU!F36+LV!F36+MT!F36+NL!F36+PL!F36+PT!F36+RO!F36+SE!F36+SI!F36+SK!F36 -> 0 | G36: =AT!G36+BE!G36+BG!G36+CY!G36+CZ!G36+DE!G36+DK!G36+EE!G36+EL!G36+ES!G36+FI!G36+FR!G36+HR!G36+HU!G36+IE!G36+IT!G36+LT!G36+LU!G36+LV!G36+MT!G36+NL!G36+PL!G36+PT!G36+RO!G36+SE!G36+SI!G36+SK!G36 -> 0 | H36: =AT!H36+BE!H36+BG!H36+CY!H36+CZ!H36+DE!H36+DK!H36+EE!H36+EL!H36+ES!H36+FI!H36+FR!H36+HR!H36+HU!H36+IE!H36+IT!H36+LT!H36+LU!H36+LV!H36+MT!H36+NL!H36+PL!H36+PT!H36+RO!H36+SE!H36+SI!H36+SK!H36 -> 0 | I36: =AT!I36+BE!I36+BG!I36+CY!I36+CZ!I36+DE!I36+DK!I36+EE!I36+EL!I36+ES!I36+FI!I36+FR!I36+HR!I36+HU!I36+IE!I36+IT!I36+LT!I36+LU!I36+LV!I36+MT!I36+NL!I36+PL!I36+PT!I36+RO!I36+SE!I36+SI!I36+SK!I36 -> 0 | ... AI36: =AT!AI36+BE!AI36+BG!AI36+CY!AI36+CZ!AI36+DE!AI36+DK!AI36+EE!AI36+EL!AI36+ES!AI36+FI!AI36+FR!AI36+HR!AI36+HU!AI36+IE!AI36+IT!AI36+LT!AI36+LU!AI36+LV!AI36+MT!AI36+NL!AI36+PL!AI36+PT!AI36+RO!AI36+SE!AI36+SI!AI36+SK!AI36 -> 283.42454
A37: Biogases | B37: =AT!B37+BE!B37+BG!B37+CY!B37+CZ!B37+DE!B37+DK!B37+EE!B37+EL!B37+ES!B37+FI!B37+FR!B37+HR!B37+HU!B37+IE!B37+IT!B37+LT!B37+LU!B37+LV!B37+MT!B37+NL!B37+PL!B37+PT!B37+RO!B37+SE!B37+SI!B37+SK!B37 -> 0 | C37: =AT!C37+BE!C37+BG!C37+CY!C37+CZ!C37+DE!C37+DK!C37+EE!C37+EL!C37+ES!C37+FI!C37+FR!C37+HR!C37+HU!C37+IE!C37+IT!C37+LT!C37+LU!C37+LV!C37+MT!C37+NL!C37+PL!C37+PT!C37+RO!C37+SE!C37+SI!C37+SK!C37 -> 0 | D37: =AT!D37+BE!D37+BG!D37+CY!D37+CZ!D37+DE!D37+DK!D37+EE!D37+EL!D37+ES!D37+FI!D37+FR!D37+HR!D37+HU!D37+IE!D37+IT!D37+LT!D37+LU!D37+LV!D37+MT!D37+NL!D37+PL!D37+PT!D37+RO!D37+SE!D37+SI!D37+SK!D37 -> 0 | E37: =AT!E37+BE!E37+BG!E37+CY!E37+CZ!E37+DE!E37+DK!E37+EE!E37+EL!E37+ES!E37+FI!E37+FR!E37+HR!E37+HU!E37+IE!E37+IT!E37+LT!E37+LU!E37+LV!E37+MT!E37+NL!E37+PL!E37+PT!E37+RO!E37+SE!E37+SI!E37+SK!E37 -> 0 | F37: =AT!F37+BE!F37+BG!F37+CY!F37+CZ!F37+DE!F37+DK!F37+EE!F37+EL!F37+ES!F37+FI!F37+FR!F37+HR!F37+HU!F37+IE!F37+IT!F37+LT!F37+LU!F37+LV!F37+MT!F37+NL!F37+PL!F37+PT!F37+RO!F37+SE!F37+SI!F37+SK!F37 -> 0 | G37: =AT!G37+BE!G37+BG!G37+CY!G37+CZ!G37+DE!G37+DK!G37+EE!G37+EL!G37+ES!G37+FI!G37+FR!G37+HR!G37+HU!G37+IE!G37+IT!G37+LT!G37+LU!G37+LV!G37+MT!G37+NL!G37+PL!G37+PT!G37+RO!G37+SE!G37+SI!G37+SK!G37 -> 0 | H37: =AT!H37+BE!H37+BG!H37+CY!H37+CZ!H37+DE!H37+DK!H37+EE!H37+EL!H37+ES!H37+FI!H37+FR!H37+HR!H37+HU!H37+IE!H37+IT!H37+LT!H37+LU!H37+LV!H37+MT!H37+NL!H37+PL!H37+PT!H37+RO!H37+SE!H37+SI!H37+SK!H37 -> 0 | I37: =AT!I37+BE!I37+BG!I37+CY!I37+CZ!I37+DE!I37+DK!I37+EE!I37+EL!I37+ES!I37+FI!I37+FR!I37+HR!I37+HU!I37+IE!I37+IT!I37+LT!I37+LU!I37+LV!I37+MT!I37+NL!I37+PL!I37+PT!I37+RO!I37+SE!I37+SI!I37+SK!I37 -> 0 | ... AI37: =AT!AI37+BE!AI37+BG!AI37+CY!AI37+CZ!AI37+DE!AI37+DK!AI37+EE!AI37+EL!AI37+ES!AI37+FI!AI37+FR!AI37+HR!AI37+HU!AI37+IE!AI37+IT!AI37+LT!AI37+LU!AI37+LV!AI37+MT!AI37+NL!AI37+PL!AI37+PT!AI37+RO!AI37+SE!AI37+SI!AI37+SK!AI37 -> 2.9046815
A38: * As reported in the Eurostat energy balances
A40: Energy intensity over activity (kgoe / 000 tkm) | B40: =IF(B25=0,0,B25/(B3/1000)) -> 6.2993936 | C40: =IF(C25=0,0,C25/(C3/1000)) -> 6.5030844 | D40: =IF(D25=0,0,D25/(D3/1000)) -> 6.6908223 | E40: =IF(E25=0,0,E25/(E3/1000)) -> 6.7088244 | F40: =IF(F25=0,0,F25/(F3/1000)) -> 6.7661035 | G40: =IF(G25=0,0,G25/(G3/1000)) -> 6.8463095 | H40: =IF(H25=0,0,H25/(H3/1000)) -> 7.1292466 | I40: =IF(I25=0,0,I25/(I3/1000)) -> 7.330414 | ... AI40: =IF(AI25=0,0,AI25/(AI3/1000)) -> 5.0110558
A41: Intra-EEA | B41: =IF(B26=0,0,B26/(B4/1000)) -> 15.581068 | C41: =IF(C26=0,0,C26/(C4/1000)) -> 16.33775 | D41: =IF(D26=0,0,D26/(D4/1000)) -> 16.666822 | E41: =IF(E26=0,0,E26/(E4/1000)) -> 17.075464 | F41: =IF(F26=0,0,F26/(F4/1000)) -> 17.197062 | G41: =IF(G26=0,0,G26/(G4/1000)) -> 17.923857 | H41: =IF(H26=0,0,H26/(H4/1000)) -> 18.473179 | I41: =IF(I26=0,0,I26/(I4/1000)) -> 19.533328 | ... AI41: =IF(AI26=0,0,AI26/(AI4/1000)) -> 13.942698
A42: Extra-EEA | B42: =IF(B32=0,0,B32/(B5/1000)) -> 4.796353 | C42: =IF(C32=0,0,C32/(C5/1000)) -> 4.9606985 | D42: =IF(D32=0,0,D32/(D5/1000)) -> 5.0797119 | E42: =IF(E32=0,0,E32/(E5/1000)) -> 5.0494067 | F42: =IF(F32=0,0,F32/(F5/1000)) -> 5.0773913 | G42: =IF(G32=0,0,G32/(G5/1000)) -> 5.104664 | H42: =IF(H32=0,0,H32/(H5/1000)) -> 5.3197264 | I42: =IF(I32=0,0,I32/(I5/1000)) -> 5.4557755 | ... AI42: =IF(AI32=0,0,AI32/(AI5/1000)) -> 3.6919821
A44: Shares of total energy consumption (%) | B44: =IF(B25=0,0,B25/B$25) -> 1 | C44: =IF(C25=0,0,C25/C$25) -> 1 | D44: =IF(D25=0,0,D25/D$25) -> 1 | E44: =IF(E25=0,0,E25/E$25) -> 1 | F44: =IF(F25=0,0,F25/F$25) -> 1 | G44: =IF(G25=0,0,G25/G$25) -> 1 | H44: =IF(H25=0,0,H25/H$25) -> 1 | I44: =IF(I25=0,0,I25/I$25) -> 1 | ... AI44: =IF(AI25=0,0,AI25/AI$25) -> 1
A45: Intra-EEA | B45: =IF(B26=0,0,B26/B$25) -> 0.34471527 | C45: =IF(C26=0,0,C26/C$25) -> 0.34059336 | D45: =IF(D26=0,0,D26/D$25) -> 0.34635659 | E45: =IF(E26=0,0,E26/E$25) -> 0.35120326 | F45: =IF(F26=0,0,F26/F$25) -> 0.35414445 | G45: =IF(G26=0,0,G26/G$25) -> 0.35569193 | H45: =IF(H26=0,0,H26/H$25) -> 0.35646893 | I45: =IF(I26=0,0,I26/I$25) -> 0.35484452 | ... AI45: =IF(AI26=0,0,AI26/AI$25) -> 0.35804074
A46: Extra-EEA | B46: =IF(B32=0,0,B32/B$25) -> 0.65528473 | C46: =IF(C32=0,0,C32/C$25) -> 0.65940664 | D46: =IF(D32=0,0,D32/D$25) -> 0.65364341 | E46: =IF(E32=0,0,E32/E$25) -> 0.64879674 | F46: =IF(F32=0,0,F32/F$25) -> 0.64585555 | G46: =IF(G32=0,0,G32/G$25) -> 0.64430807 | H46: =IF(H32=0,0,H32/H$25) -> 0.64353107 | I46: =IF(I32=0,0,I32/I$25) -> 0.64515548 | ... AI46: =IF(AI32=0,0,AI32/AI$25) -> 0.64195926
A48: Vehicle-efficiency - effective (kgoe/100 km) | B48: =IF(B25=0,0,100*B25/B12) -> 9669.7879 | C48: =IF(C25=0,0,100*C25/C12) -> 10374.996 | D48: =IF(D25=0,0,100*D25/D12) -> 10554.673 | E48: =IF(E25=0,0,100*E25/E12) -> 10506.625 | F48: =IF(F25=0,0,100*F25/F12) -> 10396.303 | G48: =IF(G25=0,0,100*G25/G12) -> 10609.833 | H48: =IF(H25=0,0,100*H25/H12) -> 11135.217 | I48: =IF(I25=0,0,100*I25/I12) -> 11741.856 | ... AI48: =IF(AI25=0,0,100*AI25/AI12) -> 11998.11
A49: Intra-EEA | B49: =IF(B26=0,0,100*B26/B13) -> 8024.4459 | C49: =IF(C26=0,0,100*C26/C13) -> 8661.7924 | D49: =IF(D26=0,0,100*D26/D13) -> 8821.41 | E49: =IF(E26=0,0,100*E26/E13) -> 8926.1799 | F49: =IF(F26=0,0,100*F26/F13) -> 8831.8121 | G49: =IF(G26=0,0,100*G26/G13) -> 9153.667 | H49: =IF(H26=0,0,100*H26/H13) -> 9567.9084 | I49: =IF(I26=0,0,100*I26/I13) -> 10229.345 | ... AI49: =IF(AI26=0,0,100*AI26/AI13) -> 10085.447
A50: Extra-EEA | B50: =IF(B32=0,0,100*B32/B14) -> 10838.902 | C50: =IF(C32=0,0,100*C32/C14) -> 11555.515 | D50: =IF(D32=0,0,100*D32/D14) -> 11781.268 | E50: =IF(E32=0,0,100*E32/E14) -> 11620.365 | F50: =IF(F32=0,0,100*F32/F14) -> 11514.771 | G50: =IF(G32=0,0,100*G32/G14) -> 11631.301 | H50: =IF(H32=0,0,100*H32/H14) -> 12246.436 | I50: =IF(I32=0,0,100*I32/I14) -> 12781.296 | ... AI50: =IF(AI32=0,0,100*AI32/AI14) -> 13417.273
A51: * Based on the energy consumption figures reported in the Eurostat energy balances
A53: Vehicle-efficiency - theoretical (kgoe/100 km) | B53: 6385.7214 | C53: 6511.2246 | D53: 6519.5666 | E53: 6460.0463 | F53: 6378.2641 | G53: 6355.0117 | H53: 6403.5533 | I53: 6442.7086 | J53: 6441.2379 | K53: 6552.4172 | L53: 6563.4233 | M53: 6774.4935 | N53: 7055.5458 | O53: 6946.8885 | P53: 7100.3216 | Q53: 7083.7391 | R53: 7269.8533 | S53: 7299.4174 | T53: 7498.0061 | U53: 7347.6937 | V53: 7770.5754 | W53: 7753.9194 | X53: 7925.802 | Y53: 8020.3318 | Z53: 8092.5402 | AA53: 8542.665 | AB53: 8739.1854 | AC53: 8831.0427 | AD53: 8750.8711 | AE53: 8594.7714 | AF53: 8299.0804 | AG53: 8398.5304 | AH53: 8624.8998 | AI53: 8374.479
A54: Intra-EEA | B54: 7404.3772 | C54: 7596.1577 | D54: 7582.7863 | E54: 7504.2138 | F54: 7392.1309 | G54: 7367.7756 | H54: 7466.5624 | I54: 7534.1543 | J54: 7551.0174 | K54: 7640.3179 | L54: 7649.404 | M54: 7847.369 | N54: 8312.3624 | O54: 8181.957 | P54: 8308.5504 | Q54: 8374.6659 | R54: 8590.7795 | S54: 8627.5573 | T54: 8866.5323 | U54: 8961.5479 | V54: 9013.0708 | W54: 8561.1023 | X54: 8627.0545 | Y54: 8627.7508 | Z54: 8684.9853 | AA54: 9259.7211 | AB54: 9572.4172 | AC54: 9617.3451 | AD54: 9341.7738 | AE54: 9129.7741 | AF54: 8639.2305 | AG54: 9069.9434 | AH54: 9528.9561 | AI54: 9278.0467
A55: Extra-EEA | B55: 5750.588 | C55: 5855.4244 | D55: 5856.0845 | E55: 5815.3174 | F55: 5743.3762 | G55: 5739.5358 | H55: 5752.5341 | I55: 5795.5285 | J55: 5800.3071 | K55: 5867.4727 | L55: 5892.9756 | M55: 6111.6555 | N55: 6313.2865 | O55: 6228.4168 | P55: 6395.6995 | Q55: 6382.2274 | R55: 6591.6917 | S55: 6624.6048 | T55: 6820.2641 | U55: 6535.2411 | V55: 7076.7627 | W55: 7282.3322 | X55: 7504.2942 | Y55: 7628.3761 | Z55: 7720.8852 | AA55: 8097.6147 | AB55: 8214.3704 | AC55: 8339.7584 | AD55: 8354.4451 | AE55: 8237.7353 | AF55: 8084.9971 | AG55: 7957.2866 | AH55: 8044.2812 | AI55: 7779.0811
A56: * Based on the total mileage
A58: Discrepancy between effective and theoretical efficiencies (ratio) | B58: =IF(B48=0,0,B48/B53) -> 1.5142828 | C58: =IF(C48=0,0,C48/C53) -> 1.5934016 | D58: =IF(D48=0,0,D48/D53) -> 1.6189225 | E58: =IF(E48=0,0,E48/E53) -> 1.6264009 | F58: =IF(F48=0,0,F48/F53) -> 1.6299581 | G58: =IF(G48=0,0,G48/G53) -> 1.6695222 | H58: =IF(H48=0,0,H48/H53) -> 1.7389122 | I58: =IF(I48=0,0,I48/I53) -> 1.822503 | ... AI58: =IF(AI48=0,0,AI48/AI53) -> 1.4326993
A59: Intra-EEA | B59: =IF(B49=0,0,B49/B54) -> 1.0837435 | C59: =IF(C49=0,0,C49/C54) -> 1.140286 | D59: =IF(D49=0,0,D49/D54) -> 1.1633468 | E59: =IF(E49=0,0,E49/E54) -> 1.189489 | F59: =IF(F49=0,0,F49/F54) -> 1.1947586 | G59: =IF(G49=0,0,G49/G54) -> 1.2423922 | H59: =IF(H49=0,0,H49/H54) -> 1.2814342 | I59: =IF(I49=0,0,I49/I54) -> 1.3577297 | ... AI59: =IF(AI49=0,0,AI49/AI54) -> 1.0870227
A60: Extra-EEA | B60: =IF(B50=0,0,B50/B55) -> 1.8848337 | C60: =IF(C50=0,0,C50/C55) -> 1.9734719 | D60: =IF(D50=0,0,D50/D55) -> 2.0117995 | E60: =IF(E50=0,0,E50/E55) -> 1.9982339 | F60: =IF(F50=0,0,F50/F55) -> 2.0048785 | G60: =IF(G50=0,0,G50/G55) -> 2.0265229 | H60: =IF(H50=0,0,H50/H55) -> 2.1288767 | I60: =IF(I50=0,0,I50/I55) -> 2.2053719 | ... AI60: =IF(AI50=0,0,AI50/AI55) -> 1.724789
A62: Emission factors (kt CO2 / ktoe) | B62: =IF(B66=0,0,B66/B25) -> 3.2093201 | C62: =IF(C66=0,0,C66/C25) -> 3.2088908 | D62: =IF(D66=0,0,D66/D25) -> 3.2075308 | E62: =IF(E66=0,0,E66/E25) -> 3.2104696 | F62: =IF(F66=0,0,F66/F25) -> 3.2114335 | G62: =IF(G66=0,0,G66/G25) -> 3.2089629 | H62: =IF(H66=0,0,H66/H25) -> 3.2087184 | I62: =IF(I66=0,0,I66/I25) -> 3.209281 | ... AI62: =IF(AI66=0,0,AI66/AI25) -> 3.1707472
A63: Intra-EEA | B63: =IF(B67=0,0,B67/B26) -> 3.1765593 | C63: =IF(C67=0,0,C67/C26) -> 3.175472 | D63: =IF(D67=0,0,D67/D26) -> 3.1730722 | E63: =IF(E67=0,0,E67/E26) -> 3.1794503 | F63: =IF(F67=0,0,F67/F26) -> 3.1813053 | G63: =IF(G67=0,0,G67/G26) -> 3.1762525 | H63: =IF(H67=0,0,H67/H26) -> 3.175682 | I63: =IF(I67=0,0,I67/I26) -> 3.1764484 | ... AI63: =IF(AI67=0,0,AI67/AI26) -> 3.1484226
A64: Extra-EEA | B64: =IF(B68=0,0,B68/B32) -> 3.2265541 | C64: =IF(C68=0,0,C68/C32) -> 3.2261521 | D64: =IF(D68=0,0,D68/D32) -> 3.2257899 | E64: =IF(E68=0,0,E68/E32) -> 3.2272609 | F64: =IF(F68=0,0,F68/F32) -> 3.2279539 | G64: =IF(G68=0,0,G68/G32) -> 3.2270207 | H64: =IF(H68=0,0,H68/H32) -> 3.2270182 | I64: =IF(I68=0,0,I68/I32) -> 3.2273394 | ... AI64: =IF(AI68=0,0,AI68/AI32) -> 3.1831983
A66: CO2 emissions (kt CO2) | B66: =SUM(B67:B68) -> 106345.15 | C66: =SUM(C67:C68) -> 105517.11 | D66: =SUM(D67:D68) -> 106419.1 | E66: =SUM(E67:E68) -> 106137.91 | F66: =SUM(F67:F68) -> 104646.64 | G66: =SUM(G67:G68) -> 105185.75 | H66: =SUM(H67:H68) -> 110613.34 | I66: =SUM(I67:I68) -> 118737.31 | ... AI66: =SUM(AI67:AI68) -> 124591.13
A67: Intra-EEA | B67: =AT!B67+BE!B67+BG!B67+CY!B67+CZ!B67+DE!B67+DK!B67+EE!B67+EL!B67+ES!B67+FI!B67+FR!B67+HR!B67+HU!B67+IE!B67+IT!B67+LT!B67+LU!B67+LV!B67+MT!B67+NL!B67+PL!B67+PT!B67+RO!B67+SE!B67+SI!B67+SK!B67 -> 36284.583 | C67: =AT!C67+BE!C67+BG!C67+CY!C67+CZ!C67+DE!C67+DK!C67+EE!C67+EL!C67+ES!C67+FI!C67+FR!C67+HR!C67+HU!C67+IE!C67+IT!C67+LT!C67+LU!C67+LV!C67+MT!C67+NL!C67+PL!C67+PT!C67+RO!C67+SE!C67+SI!C67+SK!C67 -> 35564.148 | D67: =AT!D67+BE!D67+BG!D67+CY!D67+CZ!D67+DE!D67+DK!D67+EE!D67+EL!D67+ES!D67+FI!D67+FR!D67+HR!D67+HU!D67+IE!D67+IT!D67+LT!D67+LU!D67+LV!D67+MT!D67+NL!D67+PL!D67+PT!D67+RO!D67+SE!D67+SI!D67+SK!D67 -> 36462.979 | E67: =AT!E67+BE!E67+BG!E67+CY!E67+CZ!E67+DE!E67+DK!E67+EE!E67+EL!E67+ES!E67+FI!E67+FR!E67+HR!E67+HU!E67+IE!E67+IT!E67+LT!E67+LU!E67+LV!E67+MT!E67+NL!E67+PL!E67+PT!E67+RO!E67+SE!E67+SI!E67+SK!E67 -> 36915.82 | F67: =AT!F67+BE!F67+BG!F67+CY!F67+CZ!F67+DE!F67+DK!F67+EE!F67+EL!F67+ES!F67+FI!F67+FR!F67+HR!F67+HU!F67+IE!F67+IT!F67+LT!F67+LU!F67+LV!F67+MT!F67+NL!F67+PL!F67+PT!F67+RO!F67+SE!F67+SI!F67+SK!F67 -> 36712.346 | G67: =AT!G67+BE!G67+BG!G67+CY!G67+CZ!G67+DE!G67+DK!G67+EE!G67+EL!G67+ES!G67+FI!G67+FR!G67+HR!G67+HU!G67+IE!G67+IT!G67+LT!G67+LU!G67+LV!G67+MT!G67+NL!G67+PL!G67+PT!G67+RO!G67+SE!G67+SI!G67+SK!G67 -> 37032.348 | H67: =AT!H67+BE!H67+BG!H67+CY!H67+CZ!H67+DE!H67+DK!H67+EE!H67+EL!H67+ES!H67+FI!H67+FR!H67+HR!H67+HU!H67+IE!H67+IT!H67+LT!H67+LU!H67+LV!H67+MT!H67+NL!H67+PL!H67+PT!H67+RO!H67+SE!H67+SI!H67+SK!H67 -> 39024.252 | I67: =AT!I67+BE!I67+BG!I67+CY!I67+CZ!I67+DE!I67+DK!I67+EE!I67+EL!I67+ES!I67+FI!I67+FR!I67+HR!I67+HU!I67+IE!I67+IT!I67+LT!I67+LU!I67+LV!I67+MT!I67+NL!I67+PL!I67+PT!I67+RO!I67+SE!I67+SI!I67+SK!I67 -> 41702.237 | ... AI67: =AT!AI67+BE!AI67+BG!AI67+CY!AI67+CZ!AI67+DE!AI67+DK!AI67+EE!AI67+EL!AI67+ES!AI67+FI!AI67+FR!AI67+HR!AI67+HU!AI67+IE!AI67+IT!AI67+LT!AI67+LU!AI67+LV!AI67+MT!AI67+NL!AI67+PL!AI67+PT!AI67+RO!AI67+SE!AI67+SI!AI67+SK!AI67 -> 44294.62
A68: Extra-EEA | B68: =AT!B68+BE!B68+BG!B68+CY!B68+CZ!B68+DE!B68+DK!B68+EE!B68+EL!B68+ES!B68+FI!B68+FR!B68+HR!B68+HU!B68+IE!B68+IT!B68+LT!B68+LU!B68+LV!B68+MT!B68+NL!B68+PL!B68+PT!B68+RO!B68+SE!B68+SI!B68+SK!B68 -> 70060.566 | C68: =AT!C68+BE!C68+BG!C68+CY!C68+CZ!C68+DE!C68+DK!C68+EE!C68+EL!C68+ES!C68+FI!C68+FR!C68+HR!C68+HU!C68+IE!C68+IT!C68+LT!C68+LU!C68+LV!C68+MT!C68+NL!C68+PL!C68+PT!C68+RO!C68+SE!C68+SI!C68+SK!C68 -> 69952.962 | D68: =AT!D68+BE!D68+BG!D68+CY!D68+CZ!D68+DE!D68+DK!D68+EE!D68+EL!D68+ES!D68+FI!D68+FR!D68+HR!D68+HU!D68+IE!D68+IT!D68+LT!D68+LU!D68+LV!D68+MT!D68+NL!D68+PL!D68+PT!D68+RO!D68+SE!D68+SI!D68+SK!D68 -> 69956.118 | E68: =AT!E68+BE!E68+BG!E68+CY!E68+CZ!E68+DE!E68+DK!E68+EE!E68+EL!E68+ES!E68+FI!E68+FR!E68+HR!E68+HU!E68+IE!E68+IT!E68+LT!E68+LU!E68+LV!E68+MT!E68+NL!E68+PL!E68+PT!E68+RO!E68+SE!E68+SI!E68+SK!E68 -> 69222.085 | F68: =AT!F68+BE!F68+BG!F68+CY!F68+CZ!F68+DE!F68+DK!F68+EE!F68+EL!F68+ES!F68+FI!F68+FR!F68+HR!F68+HU!F68+IE!F68+IT!F68+LT!F68+LU!F68+LV!F68+MT!F68+NL!F68+PL!F68+PT!F68+RO!F68+SE!F68+SI!F68+SK!F68 -> 67934.297 | G68: =AT!G68+BE!G68+BG!G68+CY!G68+CZ!G68+DE!G68+DK!G68+EE!G68+EL!G68+ES!G68+FI!G68+FR!G68+HR!G68+HU!G68+IE!G68+IT!G68+LT!G68+LU!G68+LV!G68+MT!G68+NL!G68+PL!G68+PT!G68+RO!G68+SE!G68+SI!G68+SK!G68 -> 68153.403 | H68: =AT!H68+BE!H68+BG!H68+CY!H68+CZ!H68+DE!H68+DK!H68+EE!H68+EL!H68+ES!H68+FI!H68+FR!H68+HR!H68+HU!H68+IE!H68+IT!H68+LT!H68+LU!H68+LV!H68+MT!H68+NL!H68+PL!H68+PT!H68+RO!H68+SE!H68+SI!H68+SK!H68 -> 71589.09 | I68: =AT!I68+BE!I68+BG!I68+CY!I68+CZ!I68+DE!I68+DK!I68+EE!I68+EL!I68+ES!I68+FI!I68+FR!I68+HR!I68+HU!I68+IE!I68+IT!I68+LT!I68+LU!I68+LV!I68+MT!I68+NL!I68+PL!I68+PT!I68+RO!I68+SE!I68+SI!I68+SK!I68 -> 77035.069 | ... AI68: =AT!AI68+BE!AI68+BG!AI68+CY!AI68+CZ!AI68+DE!AI68+DK!AI68+EE!AI68+EL!AI68+ES!AI68+FI!AI68+FR!AI68+HR!AI68+HU!AI68+IE!AI68+IT!AI68+LT!AI68+LU!AI68+LV!AI68+MT!AI68+NL!AI68+PL!AI68+PT!AI68+RO!AI68+SE!AI68+SI!AI68+SK!AI68 -> 80296.513
A69: * Based on the energy consumption figures reported in the Eurostat energy balances
A71: Emission intensity (kg of CO2 / 100 km) | B71: =IF(B66=0,0,100*B66/B12) -> 31033.445 | C71: =IF(C66=0,0,100*C66/C12) -> 33292.228 | D71: =IF(D66=0,0,100*D66/D12) -> 33854.438 | E71: =IF(E66=0,0,100*E66/E12) -> 33731.202 | F71: =IF(F66=0,0,100*F66/F12) -> 33387.037 | G71: =IF(G66=0,0,100*G66/G12) -> 34046.561 | H71: =IF(H66=0,0,100*H66/H12) -> 35729.777 | I71: =IF(I66=0,0,100*I66/I12) -> 37682.915 | ... AI71: =IF(AI66=0,0,100*AI66/AI12) -> 38042.974
A72: Intra-EEA | B72: =IF(B67=0,0,100*B67/B13) -> 25490.129 | C72: =IF(C67=0,0,100*C67/C13) -> 27505.279 | D72: =IF(D67=0,0,100*D67/D13) -> 27990.971 | E72: =IF(E67=0,0,100*E67/E13) -> 28380.345 | F72: =IF(F67=0,0,100*F67/F13) -> 28096.69 | G72: =IF(G67=0,0,100*G67/G13) -> 29074.358 | H72: =IF(H67=0,0,100*H67/H13) -> 30384.634 | I72: =IF(I67=0,0,100*I67/I13) -> 32492.985 | ... AI72: =IF(AI67=0,0,100*AI67/AI13) -> 31753.251
A73: Extra-EEA | B73: =IF(B68=0,0,100*B68/B14) -> 34972.303 | C73: =IF(C68=0,0,100*C68/C14) -> 37279.851 | D73: =IF(D68=0,0,100*D68/D14) -> 38003.894 | E73: =IF(E68=0,0,100*E68/E14) -> 37501.948 | F73: =IF(F68=0,0,100*F68/F14) -> 37169.151 | G73: =IF(G68=0,0,100*G68/G14) -> 37534.449 | H73: =IF(H68=0,0,100*H68/H14) -> 39519.471 | I73: =IF(I68=0,0,100*I68/I14) -> 41249.579 | ... AI73: =IF(AI68=0,0,100*AI68/AI14) -> 42709.842
A75: Emission intensity over activity (kg of CO2 / thousand tkm) | B75: =IF(B66=0,0,1000*B66/B3) -> 20.216771 | C75: =IF(C66=0,0,1000*C66/C3) -> 20.867688 | D75: =IF(D66=0,0,1000*D66/D3) -> 21.461018 | E75: =IF(E66=0,0,1000*E66/E3) -> 21.538477 | F75: =IF(F66=0,0,1000*F66/F3) -> 21.728892 | G75: =IF(G66=0,0,1000*G66/G3) -> 21.969553 | H75: =IF(H66=0,0,1000*H66/H3) -> 22.875745 | I75: =IF(I66=0,0,1000*I66/I3) -> 23.525358 | ... AI75: =IF(AI66=0,0,1000*AI66/AI3) -> 15.888791
A76: Intra-EEA | B76: =IF(B67=0,0,1000*B67/B4) -> 49.494188 | C76: =IF(C67=0,0,1000*C67/C4) -> 51.880066 | D76: =IF(D67=0,0,1000*D67/D4) -> 52.885029 | E76: =IF(E67=0,0,1000*E67/E4) -> 54.290588 | F76: =IF(F67=0,0,1000*F67/F4) -> 54.709104 | G76: =IF(G67=0,0,1000*G67/G4) -> 56.930695 | H76: =IF(H67=0,0,1000*H67/H4) -> 58.66494 | I76: =IF(I67=0,0,1000*I67/I4) -> 62.046608 | ... AI76: =IF(AI67=0,0,1000*AI67/AI4) -> 43.897504
A77: Extra-EEA | B77: =IF(B68=0,0,1000*B68/B5) -> 15.475692 | C77: =IF(C68=0,0,1000*C68/C5) -> 16.003968 | D77: =IF(D68=0,0,1000*D68/D5) -> 16.386083 | E77: =IF(E68=0,0,1000*E68/E5) -> 16.295753 | F77: =IF(F68=0,0,1000*F68/F5) -> 16.389585 | G77: =IF(G68=0,0,1000*G68/G5) -> 16.472857 | H77: =IF(H68=0,0,1000*H68/H5) -> 17.166854 | I77: =IF(I68=0,0,1000*I68/I5) -> 17.60764 | ... AI77: =IF(AI68=0,0,1000*AI68/AI5) -> 11.752311
A79: Shares of CO2 emissions (%) | B79: =IF(B66=0,0,B66/B$66) -> 1 | C79: =IF(C66=0,0,C66/C$66) -> 1 | D79: =IF(D66=0,0,D66/D$66) -> 1 | E79: =IF(E66=0,0,E66/E$66) -> 1 | F79: =IF(F66=0,0,F66/F$66) -> 1 | G79: =IF(G66=0,0,G66/G$66) -> 1 | H79: =IF(H66=0,0,H66/H$66) -> 1 | I79: =IF(I66=0,0,I66/I$66) -> 1 | ... AI79: =IF(AI66=0,0,AI66/AI$66) -> 1
A80: Intra-EEA | B80: =IF(B67=0,0,B67/B$66) -> 0.34119641 | C80: =IF(C67=0,0,C67/C$66) -> 0.33704627 | D80: =IF(D67=0,0,D67/D$66) -> 0.34263568 | E80: =IF(E67=0,0,E67/E$66) -> 0.34780996 | F80: =IF(F67=0,0,F67/F$66) -> 0.35082202 | G80: =IF(G67=0,0,G67/G$66) -> 0.3520662 | H80: =IF(H67=0,0,H67/H$66) -> 0.35279878 | I80: =IF(I67=0,0,I67/I$66) -> 0.35121427 | ... AI80: =IF(AI67=0,0,AI67/AI$66) -> 0.35551984
A81: Extra-EEA | B81: =IF(B68=0,0,B68/B$66) -> 0.65880359 | C81: =IF(C68=0,0,C68/C$66) -> 0.66295373 | D81: =IF(D68=0,0,D68/D$66) -> 0.65736432 | E81: =IF(E68=0,0,E68/E$66) -> 0.65219004 | F81: =IF(F68=0,0,F68/F$66) -> 0.64917798 | G81: =IF(G68=0,0,G68/G$66) -> 0.6479338 | H81: =IF(H68=0,0,H68/H$66) -> 0.64720122 | I81: =IF(I68=0,0,I68/I$66) -> 0.64878573 | ... AI81: =IF(AI68=0,0,AI68/AI$66) -> 0.64448016
A83: CO2 emissions - MRV compliant (kt CO2) | AD83: =SUM(AD84:AD85) -> 130762.71 | AE83: =SUM(AE84:AE85) -> 133015.16 | AF83: =SUM(AF84:AF85) -> 117924.05 | AG83: =SUM(AG84:AG85) -> 121339.57 | AH83: =SUM(AH84:AH85) -> 131505.9 | AI83: =SUM(AI84:AI85) -> 122868.13
A84: Intra-EEA | AD84: =AT!AD84+BE!AD84+BG!AD84+CY!AD84+CZ!AD84+DE!AD84+DK!AD84+EE!AD84+EL!AD84+ES!AD84+FI!AD84+FR!AD84+HR!AD84+HU!AD84+IE!AD84+IT!AD84+LT!AD84+LU!AD84+LV!AD84+MT!AD84+NL!AD84+PL!AD84+PT!AD84+RO!AD84+SE!AD84+SI!AD84+SK!AD84 -> 40676.495 | AE84: =AT!AE84+BE!AE84+BG!AE84+CY!AE84+CZ!AE84+DE!AE84+DK!AE84+EE!AE84+EL!AE84+ES!AE84+FI!AE84+FR!AE84+HR!AE84+HU!AE84+IE!AE84+IT!AE84+LT!AE84+LU!AE84+LV!AE84+MT!AE84+NL!AE84+PL!AE84+PT!AE84+RO!AE84+SE!AE84+SI!AE84+SK!AE84 -> 41248.979 | AF84: =AT!AF84+BE!AF84+BG!AF84+CY!AF84+CZ!AF84+DE!AF84+DK!AF84+EE!AF84+EL!AF84+ES!AF84+FI!AF84+FR!AF84+HR!AF84+HU!AF84+IE!AF84+IT!AF84+LT!AF84+LU!AF84+LV!AF84+MT!AF84+NL!AF84+PL!AF84+PT!AF84+RO!AF84+SE!AF84+SI!AF84+SK!AF84 -> 34119.73 | AG84: =AT!AG84+BE!AG84+BG!AG84+CY!AG84+CZ!AG84+DE!AG84+DK!AG84+EE!AG84+EL!AG84+ES!AG84+FI!AG84+FR!AG84+HR!AG84+HU!AG84+IE!AG84+IT!AG84+LT!AG84+LU!AG84+LV!AG84+MT!AG84+NL!AG84+PL!AG84+PT!AG84+RO!AG84+SE!AG84+SI!AG84+SK!AG84 -> 36234.444 | AH84: =AT!AH84+BE!AH84+BG!AH84+CY!AH84+CZ!AH84+DE!AH84+DK!AH84+EE!AH84+EL!AH84+ES!AH84+FI!AH84+FR!AH84+HR!AH84+HU!AH84+IE!AH84+IT!AH84+LT!AH84+LU!AH84+LV!AH84+MT!AH84+NL!AH84+PL!AH84+PT!AH84+RO!AH84+SE!AH84+SI!AH84+SK!AH84 -> 40029.682 | AI84: =AT!AI84+BE!AI84+BG!AI84+CY!AI84+CZ!AI84+DE!AI84+DK!AI84+EE!AI84+EL!AI84+ES!AI84+FI!AI84+FR!AI84+HR!AI84+HU!AI84+IE!AI84+IT!AI84+LT!AI84+LU!AI84+LV!AI84+MT!AI84+NL!AI84+PL!AI84+PT!AI84+RO!AI84+SE!AI84+SI!AI84+SK!AI84 -> 39137.067
A85: Extra-EEA | AD85: =AT!AD85+BE!AD85+BG!AD85+CY!AD85+CZ!AD85+DE!AD85+DK!AD85+EE!AD85+EL!AD85+ES!AD85+FI!AD85+FR!AD85+HR!AD85+HU!AD85+IE!AD85+IT!AD85+LT!AD85+LU!AD85+LV!AD85+MT!AD85+NL!AD85+PL!AD85+PT!AD85+RO!AD85+SE!AD85+SI!AD85+SK!AD85 -> 90086.22 | AE85: =AT!AE85+BE!AE85+BG!AE85+CY!AE85+CZ!AE85+DE!AE85+DK!AE85+EE!AE85+EL!AE85+ES!AE85+FI!AE85+FR!AE85+HR!AE85+HU!AE85+IE!AE85+IT!AE85+LT!AE85+LU!AE85+LV!AE85+MT!AE85+NL!AE85+PL!AE85+PT!AE85+RO!AE85+SE!AE85+SI!AE85+SK!AE85 -> 91766.186 | AF85: =AT!AF85+BE!AF85+BG!AF85+CY!AF85+CZ!AF85+DE!AF85+DK!AF85+EE!AF85+EL!AF85+ES!AF85+FI!AF85+FR!AF85+HR!AF85+HU!AF85+IE!AF85+IT!AF85+LT!AF85+LU!AF85+LV!AF85+MT!AF85+NL!AF85+PL!AF85+PT!AF85+RO!AF85+SE!AF85+SI!AF85+SK!AF85 -> 83804.325 | AG85: =AT!AG85+BE!AG85+BG!AG85+CY!AG85+CZ!AG85+DE!AG85+DK!AG85+EE!AG85+EL!AG85+ES!AG85+FI!AG85+FR!AG85+HR!AG85+HU!AG85+IE!AG85+IT!AG85+LT!AG85+LU!AG85+LV!AG85+MT!AG85+NL!AG85+PL!AG85+PT!AG85+RO!AG85+SE!AG85+SI!AG85+SK!AG85 -> 85105.124 | AH85: =AT!AH85+BE!AH85+BG!AH85+CY!AH85+CZ!AH85+DE!AH85+DK!AH85+EE!AH85+EL!AH85+ES!AH85+FI!AH85+FR!AH85+HR!AH85+HU!AH85+IE!AH85+IT!AH85+LT!AH85+LU!AH85+LV!AH85+MT!AH85+NL!AH85+PL!AH85+PT!AH85+RO!AH85+SE!AH85+SI!AH85+SK!AH85 -> 91476.221 | AI85: =AT!AI85+BE!AI85+BG!AI85+CY!AI85+CZ!AI85+DE!AI85+DK!AI85+EE!AI85+EL!AI85+ES!AI85+FI!AI85+FR!AI85+HR!AI85+HU!AI85+IE!AI85+IT!AI85+LT!AI85+LU!AI85+LV!AI85+MT!AI85+NL!AI85+PL!AI85+PT!AI85+RO!AI85+SE!AI85+SI!AI85+SK!AI85 -> 83731.062
A86: * Considering half of the emissions for Intra-EU voyages at the Member State level (thus matching the total in the EU aggregation) and the full emissions for Extra-EU movements
A87: ** Intra-EU emissions include emissions within EU ports at berth
A89: UNFCCC emissions (kt CO2) | B89: =AT!B89+BE!B89+BG!B89+CY!B89+CZ!B89+DE!B89+DK!B89+EE!B89+EL!B89+ES!B89+FI!B89+FR!B89+HR!B89+HU!B89+IE!B89+IT!B89+LT!B89+LU!B89+LV!B89+MT!B89+NL!B89+PL!B89+PT!B89+RO!B89+SE!B89+SI!B89+SK!B89 -> 99728.785 | C89: =AT!C89+BE!C89+BG!C89+CY!C89+CZ!C89+DE!C89+DK!C89+EE!C89+EL!C89+ES!C89+FI!C89+FR!C89+HR!C89+HU!C89+IE!C89+IT!C89+LT!C89+LU!C89+LV!C89+MT!C89+NL!C89+PL!C89+PT!C89+RO!C89+SE!C89+SI!C89+SK!C89 -> 98018.794 | D89: =AT!D89+BE!D89+BG!D89+CY!D89+CZ!D89+DE!D89+DK!D89+EE!D89+EL!D89+ES!D89+FI!D89+FR!D89+HR!D89+HU!D89+IE!D89+IT!D89+LT!D89+LU!D89+LV!D89+MT!D89+NL!D89+PL!D89+PT!D89+RO!D89+SE!D89+SI!D89+SK!D89 -> 99542.718 | E89: =AT!E89+BE!E89+BG!E89+CY!E89+CZ!E89+DE!E89+DK!E89+EE!E89+EL!E89+ES!E89+FI!E89+FR!E89+HR!E89+HU!E89+IE!E89+IT!E89+LT!E89+LU!E89+LV!E89+MT!E89+NL!E89+PL!E89+PT!E89+RO!E89+SE!E89+SI!E89+SK!E89 -> 100149.47 | F89: =AT!F89+BE!F89+BG!F89+CY!F89+CZ!F89+DE!F89+DK!F89+EE!F89+EL!F89+ES!F89+FI!F89+FR!F89+HR!F89+HU!F89+IE!F89+IT!F89+LT!F89+LU!F89+LV!F89+MT!F89+NL!F89+PL!F89+PT!F89+RO!F89+SE!F89+SI!F89+SK!F89 -> 100580.87 | G89: =AT!G89+BE!G89+BG!G89+CY!G89+CZ!G89+DE!G89+DK!G89+EE!G89+EL!G89+ES!G89+FI!G89+FR!G89+HR!G89+HU!G89+IE!G89+IT!G89+LT!G89+LU!G89+LV!G89+MT!G89+NL!G89+PL!G89+PT!G89+RO!G89+SE!G89+SI!G89+SK!G89 -> 100278.41 | H89: =AT!H89+BE!H89+BG!H89+CY!H89+CZ!H89+DE!H89+DK!H89+EE!H89+EL!H89+ES!H89+FI!H89+FR!H89+HR!H89+HU!H89+IE!H89+IT!H89+LT!H89+LU!H89+LV!H89+MT!H89+NL!H89+PL!H89+PT!H89+RO!H89+SE!H89+SI!H89+SK!H89 -> 107043.31 | I89: =AT!I89+BE!I89+BG!I89+CY!I89+CZ!I89+DE!I89+DK!I89+EE!I89+EL!I89+ES!I89+FI!I89+FR!I89+HR!I89+HU!I89+IE!I89+IT!I89+LT!I89+LU!I89+LV!I89+MT!I89+NL!I89+PL!I89+PT!I89+RO!I89+SE!I89+SI!I89+SK!I89 -> 116129.66 | ... AI89: =AT!AI89+BE!AI89+BG!AI89+CY!AI89+CZ!AI89+DE!AI89+DK!AI89+EE!AI89+EL!AI89+ES!AI89+FI!AI89+FR!AI89+HR!AI89+HU!AI89+IE!AI89+IT!AI89+LT!AI89+LU!AI89+LV!AI89+MT!AI89+NL!AI89+PL!AI89+PT!AI89+RO!AI89+SE!AI89+SI!AI89+SK!AI89 -> 120756.27
A91: Residual CO2 emissions for UNFCCC calibration (kt CO2) | B91: =SUM(B92:B93) -> -6616.3644 | C91: =SUM(C92:C93) -> -7498.3167 | D91: =SUM(D92:D93) -> -6876.3793 | E91: =SUM(E92:E93) -> -5988.4401 | F91: =SUM(F92:F93) -> -4065.7776 | G91: =SUM(G92:G93) -> -4907.3441 | H91: =SUM(H92:H93) -> -3570.031 | I91: =SUM(I92:I93) -> -2607.6472 | ... AI91: =SUM(AI92:AI93) -> -3834.8593
A92: Intra-EEA | B92: =AT!B92+BE!B92+BG!B92+CY!B92+CZ!B92+DE!B92+DK!B92+EE!B92+EL!B92+ES!B92+FI!B92+FR!B92+HR!B92+HU!B92+IE!B92+IT!B92+LT!B92+LU!B92+LV!B92+MT!B92+NL!B92+PL!B92+PT!B92+RO!B92+SE!B92+SI!B92+SK!B92 -> -2083.9135 | C92: =AT!C92+BE!C92+BG!C92+CY!C92+CZ!C92+DE!C92+DK!C92+EE!C92+EL!C92+ES!C92+FI!C92+FR!C92+HR!C92+HU!C92+IE!C92+IT!C92+LT!C92+LU!C92+LV!C92+MT!C92+NL!C92+PL!C92+PT!C92+RO!C92+SE!C92+SI!C92+SK!C92 -> -2371.9736 | D92: =AT!D92+BE!D92+BG!D92+CY!D92+CZ!D92+DE!D92+DK!D92+EE!D92+EL!D92+ES!D92+FI!D92+FR!D92+HR!D92+HU!D92+IE!D92+IT!D92+LT!D92+LU!D92+LV!D92+MT!D92+NL!D92+PL!D92+PT!D92+RO!D92+SE!D92+SI!D92+SK!D92 -> -2098.3659 | E92: =AT!E92+BE!E92+BG!E92+CY!E92+CZ!E92+DE!E92+DK!E92+EE!E92+EL!E92+ES!E92+FI!E92+FR!E92+HR!E92+HU!E92+IE!E92+IT!E92+LT!E92+LU!E92+LV!E92+MT!E92+NL!E92+PL!E92+PT!E92+RO!E92+SE!E92+SI!E92+SK!E92 -> -1782.0458 | F92: =AT!F92+BE!F92+BG!F92+CY!F92+CZ!F92+DE!F92+DK!F92+EE!F92+EL!F92+ES!F92+FI!F92+FR!F92+HR!F92+HU!F92+IE!F92+IT!F92+LT!F92+LU!F92+LV!F92+MT!F92+NL!F92+PL!F92+PT!F92+RO!F92+SE!F92+SI!F92+SK!F92 -> -1233.185 | G92: =AT!G92+BE!G92+BG!G92+CY!G92+CZ!G92+DE!G92+DK!G92+EE!G92+EL!G92+ES!G92+FI!G92+FR!G92+HR!G92+HU!G92+IE!G92+IT!G92+LT!G92+LU!G92+LV!G92+MT!G92+NL!G92+PL!G92+PT!G92+RO!G92+SE!G92+SI!G92+SK!G92 -> -1409.3249 | H92: =AT!H92+BE!H92+BG!H92+CY!H92+CZ!H92+DE!H92+DK!H92+EE!H92+EL!H92+ES!H92+FI!H92+FR!H92+HR!H92+HU!H92+IE!H92+IT!H92+LT!H92+LU!H92+LV!H92+MT!H92+NL!H92+PL!H92+PT!H92+RO!H92+SE!H92+SI!H92+SK!H92 -> -1006.0561 | I92: =AT!I92+BE!I92+BG!I92+CY!I92+CZ!I92+DE!I92+DK!I92+EE!I92+EL!I92+ES!I92+FI!I92+FR!I92+HR!I92+HU!I92+IE!I92+IT!I92+LT!I92+LU!I92+LV!I92+MT!I92+NL!I92+PL!I92+PT!I92+RO!I92+SE!I92+SI!I92+SK!I92 -> -722.89736 | ... AI92: =AT!AI92+BE!AI92+BG!AI92+CY!AI92+CZ!AI92+DE!AI92+DK!AI92+EE!AI92+EL!AI92+ES!AI92+FI!AI92+FR!AI92+HR!AI92+HU!AI92+IE!AI92+IT!AI92+LT!AI92+LU!AI92+LV!AI92+MT!AI92+NL!AI92+PL!AI92+PT!AI92+RO!AI92+SE!AI92+SI!AI92+SK!AI92 -> -1658.134
A93: Extra-EEA | B93: =AT!B93+BE!B93+BG!B93+CY!B93+CZ!B93+DE!B93+DK!B93+EE!B93+EL!B93+ES!B93+FI!B93+FR!B93+HR!B93+HU!B93+IE!B93+IT!B93+LT!B93+LU!B93+LV!B93+MT!B93+NL!B93+PL!B93+PT!B93+RO!B93+SE!B93+SI!B93+SK!B93 -> -4532.4509 | C93: =AT!C93+BE!C93+BG!C93+CY!C93+CZ!C93+DE!C93+DK!C93+EE!C93+EL!C93+ES!C93+FI!C93+FR!C93+HR!C93+HU!C93+IE!C93+IT!C93+LT!C93+LU!C93+LV!C93+MT!C93+NL!C93+PL!C93+PT!C93+RO!C93+SE!C93+SI!C93+SK!C93 -> -5126.3432 | D93: =AT!D93+BE!D93+BG!D93+CY!D93+CZ!D93+DE!D93+DK!D93+EE!D93+EL!D93+ES!D93+FI!D93+FR!D93+HR!D93+HU!D93+IE!D93+IT!D93+LT!D93+LU!D93+LV!D93+MT!D93+NL!D93+PL!D93+PT!D93+RO!D93+SE!D93+SI!D93+SK!D93 -> -4778.0134 | E93: =AT!E93+BE!E93+BG!E93+CY!E93+CZ!E93+DE!E93+DK!E93+EE!E93+EL!E93+ES!E93+FI!E93+FR!E93+HR!E93+HU!E93+IE!E93+IT!E93+LT!E93+LU!E93+LV!E93+MT!E93+NL!E93+PL!E93+PT!E93+RO!E93+SE!E93+SI!E93+SK!E93 -> -4206.3943 | F93: =AT!F93+BE!F93+BG!F93+CY!F93+CZ!F93+DE!F93+DK!F93+EE!F93+EL!F93+ES!F93+FI!F93+FR!F93+HR!F93+HU!F93+IE!F93+IT!F93+LT!F93+LU!F93+LV!F93+MT!F93+NL!F93+PL!F93+PT!F93+RO!F93+SE!F93+SI!F93+SK!F93 -> -2832.5926 | G93: =AT!G93+BE!G93+BG!G93+CY!G93+CZ!G93+DE!G93+DK!G93+EE!G93+EL!G93+ES!G93+FI!G93+FR!G93+HR!G93+HU!G93+IE!G93+IT!G93+LT!G93+LU!G93+LV!G93+MT!G93+NL!G93+PL!G93+PT!G93+RO!G93+SE!G93+SI!G93+SK!G93 -> -3498.0191 | H93: =AT!H93+BE!H93+BG!H93+CY!H93+CZ!H93+DE!H93+DK!H93+EE!H93+EL!H93+ES!H93+FI!H93+FR!H93+HR!H93+HU!H93+IE!H93+IT!H93+LT!H93+LU!H93+LV!H93+MT!H93+NL!H93+PL!H93+PT!H93+RO!H93+SE!H93+SI!H93+SK!H93 -> -2563.9749 | I93: =AT!I93+BE!I93+BG!I93+CY!I93+CZ!I93+DE!I93+DK!I93+EE!I93+EL!I93+ES!I93+FI!I93+FR!I93+HR!I93+HU!I93+IE!I93+IT!I93+LT!I93+LU!I93+LV!I93+MT!I93+NL!I93+PL!I93+PT!I93+RO!I93+SE!I93+SI!I93+SK!I93 -> -1884.7498 | ... AI93: =AT!AI93+BE!AI93+BG!AI93+CY!AI93+CZ!AI93+DE!AI93+DK!AI93+EE!AI93+EL!AI93+ES!AI93+FI!AI93+FR!AI93+HR!AI93+HU!AI93+IE!AI93+IT!AI93+LT!AI93+LU!AI93+LV!AI93+MT!AI93+NL!AI93+PL!AI93+PT!AI93+RO!AI93+SE!AI93+SI!AI93+SK!AI93 -> -2176.7253
A95: Annual mileage of a representative vessel | B95: 115000 | C95: 115000 | D95: 115000 | E95: 115000 | F95: 115000 | G95: 115000 | H95: 115000 | I95: 115000 | J95: 115000 | K95: 115000 | L95: 115000 | M95: 115000 | N95: 115000 | O95: 115000 | P95: 115000 | Q95: 115000 | R95: 115000 | S95: 115000 | T95: 115000 | U95: 115000 | V95: 115000 | W95: 115000 | X95: 115000 | Y95: 115000 | Z95: 115000 | AA95: 115000 | AB95: 115000 | AC95: 115000 | AD95: 115000 | AE95: 115000 | AF95: 115000 | AG95: 115000 | AH95: 115000 | AI95: 115000
A97: Stock of representative vessels | B97: =SUM(B98:B99) -> 2979.8188 | C97: =SUM(C98:C99) -> 2756.0189 | D97: =SUM(D98:D99) -> 2733.4184 | E97: =SUM(E98:E99) -> 2736.156 | F97: =SUM(F98:F99) -> 2725.5213 | G97: =SUM(G98:G99) -> 2686.4936 | H97: =SUM(H98:H99) -> 2692.0268 | I97: =SUM(I98:I99) -> 2739.964 | ... AI97: =SUM(AI98:AI99) -> 3001.4095
A98: Intra-EEA | B98: =AT!B98+BE!B98+BG!B98+CY!B98+CZ!B98+DE!B98+DK!B98+EE!B98+EL!B98+ES!B98+FI!B98+FR!B98+HR!B98+HU!B98+IE!B98+IT!B98+LT!B98+LU!B98+LV!B98+MT!B98+NL!B98+PL!B98+PT!B98+RO!B98+SE!B98+SI!B98+SK!B98 -> 1237.8051 | C98: =AT!C98+BE!C98+BG!C98+CY!C98+CZ!C98+DE!C98+DK!C98+EE!C98+EL!C98+ES!C98+FI!C98+FR!C98+HR!C98+HU!C98+IE!C98+IT!C98+LT!C98+LU!C98+LV!C98+MT!C98+NL!C98+PL!C98+PT!C98+RO!C98+SE!C98+SI!C98+SK!C98 -> 1124.3422 | D98: =AT!D98+BE!D98+BG!D98+CY!D98+CZ!D98+DE!D98+DK!D98+EE!D98+EL!D98+ES!D98+FI!D98+FR!D98+HR!D98+HU!D98+IE!D98+IT!D98+LT!D98+LU!D98+LV!D98+MT!D98+NL!D98+PL!D98+PT!D98+RO!D98+SE!D98+SI!D98+SK!D98 -> 1132.7559 | E98: =AT!E98+BE!E98+BG!E98+CY!E98+CZ!E98+DE!E98+DK!E98+EE!E98+EL!E98+ES!E98+FI!E98+FR!E98+HR!E98+HU!E98+IE!E98+IT!E98+LT!E98+LU!E98+LV!E98+MT!E98+NL!E98+PL!E98+PT!E98+RO!E98+SE!E98+SI!E98+SK!E98 -> 1131.0896 | F98: =AT!F98+BE!F98+BG!F98+CY!F98+CZ!F98+DE!F98+DK!F98+EE!F98+EL!F98+ES!F98+FI!F98+FR!F98+HR!F98+HU!F98+IE!F98+IT!F98+LT!F98+LU!F98+LV!F98+MT!F98+NL!F98+PL!F98+PT!F98+RO!F98+SE!F98+SI!F98+SK!F98 -> 1136.2114 | G98: =AT!G98+BE!G98+BG!G98+CY!G98+CZ!G98+DE!G98+DK!G98+EE!G98+EL!G98+ES!G98+FI!G98+FR!G98+HR!G98+HU!G98+IE!G98+IT!G98+LT!G98+LU!G98+LV!G98+MT!G98+NL!G98+PL!G98+PT!G98+RO!G98+SE!G98+SI!G98+SK!G98 -> 1107.5753 | H98: =AT!H98+BE!H98+BG!H98+CY!H98+CZ!H98+DE!H98+DK!H98+EE!H98+EL!H98+ES!H98+FI!H98+FR!H98+HR!H98+HU!H98+IE!H98+IT!H98+LT!H98+LU!H98+LV!H98+MT!H98+NL!H98+PL!H98+PT!H98+RO!H98+SE!H98+SI!H98+SK!H98 -> 1116.8189 | I98: =AT!I98+BE!I98+BG!I98+CY!I98+CZ!I98+DE!I98+DK!I98+EE!I98+EL!I98+ES!I98+FI!I98+FR!I98+HR!I98+HU!I98+IE!I98+IT!I98+LT!I98+LU!I98+LV!I98+MT!I98+NL!I98+PL!I98+PT!I98+RO!I98+SE!I98+SI!I98+SK!I98 -> 1116.0198 | ... AI98: =AT!AI98+BE!AI98+BG!AI98+CY!AI98+CZ!AI98+DE!AI98+DK!AI98+EE!AI98+EL!AI98+ES!AI98+FI!AI98+FR!AI98+HR!AI98+HU!AI98+IE!AI98+IT!AI98+LT!AI98+LU!AI98+LV!AI98+MT!AI98+NL!AI98+PL!AI98+PT!AI98+RO!AI98+SE!AI98+SI!AI98+SK!AI98 -> 1264.3747
A99: Extra-EEA | B99: =AT!B99+BE!B99+BG!B99+CY!B99+CZ!B99+DE!B99+DK!B99+EE!B99+EL!B99+ES!B99+FI!B99+FR!B99+HR!B99+HU!B99+IE!B99+IT!B99+LT!B99+LU!B99+LV!B99+MT!B99+NL!B99+PL!B99+PT!B99+RO!B99+SE!B99+SI!B99+SK!B99 -> 1742.0137 | C99: =AT!C99+BE!C99+BG!C99+CY!C99+CZ!C99+DE!C99+DK!C99+EE!C99+EL!C99+ES!C99+FI!C99+FR!C99+HR!C99+HU!C99+IE!C99+IT!C99+LT!C99+LU!C99+LV!C99+MT!C99+NL!C99+PL!C99+PT!C99+RO!C99+SE!C99+SI!C99+SK!C99 -> 1631.6767 | D99: =AT!D99+BE!D99+BG!D99+CY!D99+CZ!D99+DE!D99+DK!D99+EE!D99+EL!D99+ES!D99+FI!D99+FR!D99+HR!D99+HU!D99+IE!D99+IT!D99+LT!D99+LU!D99+LV!D99+MT!D99+NL!D99+PL!D99+PT!D99+RO!D99+SE!D99+SI!D99+SK!D99 -> 1600.6625 | E99: =AT!E99+BE!E99+BG!E99+CY!E99+CZ!E99+DE!E99+DK!E99+EE!E99+EL!E99+ES!E99+FI!E99+FR!E99+HR!E99+HU!E99+IE!E99+IT!E99+LT!E99+LU!E99+LV!E99+MT!E99+NL!E99+PL!E99+PT!E99+RO!E99+SE!E99+SI!E99+SK!E99 -> 1605.0664 | F99: =AT!F99+BE!F99+BG!F99+CY!F99+CZ!F99+DE!F99+DK!F99+EE!F99+EL!F99+ES!F99+FI!F99+FR!F99+HR!F99+HU!F99+IE!F99+IT!F99+LT!F99+LU!F99+LV!F99+MT!F99+NL!F99+PL!F99+PT!F99+RO!F99+SE!F99+SI!F99+SK!F99 -> 1589.3099 | G99: =AT!G99+BE!G99+BG!G99+CY!G99+CZ!G99+DE!G99+DK!G99+EE!G99+EL!G99+ES!G99+FI!G99+FR!G99+HR!G99+HU!G99+IE!G99+IT!G99+LT!G99+LU!G99+LV!G99+MT!G99+NL!G99+PL!G99+PT!G99+RO!G99+SE!G99+SI!G99+SK!G99 -> 1578.9183 | H99: =AT!H99+BE!H99+BG!H99+CY!H99+CZ!H99+DE!H99+DK!H99+EE!H99+EL!H99+ES!H99+FI!H99+FR!H99+HR!H99+HU!H99+IE!H99+IT!H99+LT!H99+LU!H99+LV!H99+MT!H99+NL!H99+PL!H99+PT!H99+RO!H99+SE!H99+SI!H99+SK!H99 -> 1575.2079 | I99: =AT!I99+BE!I99+BG!I99+CY!I99+CZ!I99+DE!I99+DK!I99+EE!I99+EL!I99+ES!I99+FI!I99+FR!I99+HR!I99+HU!I99+IE!I99+IT!I99+LT!I99+LU!I99+LV!I99+MT!I99+NL!I99+PL!I99+PT!I99+RO!I99+SE!I99+SI!I99+SK!I99 -> 1623.9443 | ... AI99: =AT!AI99+BE!AI99+BG!AI99+CY!AI99+CZ!AI99+DE!AI99+DK!AI99+EE!AI99+EL!AI99+ES!AI99+FI!AI99+FR!AI99+HR!AI99+HU!AI99+IE!AI99+IT!AI99+LT!AI99+LU!AI99+LV!AI99+MT!AI99+NL!AI99+PL!AI99+PT!AI99+RO!AI99+SE!AI99+SI!AI99+SK!AI99 -> 1737.0349
A101: New representative vessels (total) | B101: =SUM(B102:B103) -> 0 | C101: =SUM(C102:C103) -> 189.81176 | D101: =SUM(D102:D103) -> 162.01735 | E101: =SUM(E102:E103) -> 203.07646 | F101: =SUM(F102:F103) -> 153.56459 | G101: =SUM(G102:G103) -> 145.17444 | H101: =SUM(H102:H103) -> 237.93878 | I101: =SUM(I102:I103) -> 264.60641 | ... AI101: =SUM(AI102:AI103) -> 118.98868
A102: Intra-EEA | B102: =AT!B102+BE!B102+BG!B102+CY!B102+CZ!B102+DE!B102+DK!B102+EE!B102+EL!B102+ES!B102+FI!B102+FR!B102+HR!B102+HU!B102+IE!B102+IT!B102+LT!B102+LU!B102+LV!B102+MT!B102+NL!B102+PL!B102+PT!B102+RO!B102+SE!B102+SI!B102+SK!B102 -> 0 | C102: =AT!C102+BE!C102+BG!C102+CY!C102+CZ!C102+DE!C102+DK!C102+EE!C102+EL!C102+ES!C102+FI!C102+FR!C102+HR!C102+HU!C102+IE!C102+IT!C102+LT!C102+LU!C102+LV!C102+MT!C102+NL!C102+PL!C102+PT!C102+RO!C102+SE!C102+SI!C102+SK!C102 -> 90.883488 | D102: =AT!D102+BE!D102+BG!D102+CY!D102+CZ!D102+DE!D102+DK!D102+EE!D102+EL!D102+ES!D102+FI!D102+FR!D102+HR!D102+HU!D102+IE!D102+IT!D102+LT!D102+LU!D102+LV!D102+MT!D102+NL!D102+PL!D102+PT!D102+RO!D102+SE!D102+SI!D102+SK!D102 -> 95.496934 | E102: =AT!E102+BE!E102+BG!E102+CY!E102+CZ!E102+DE!E102+DK!E102+EE!E102+EL!E102+ES!E102+FI!E102+FR!E102+HR!E102+HU!E102+IE!E102+IT!E102+LT!E102+LU!E102+LV!E102+MT!E102+NL!E102+PL!E102+PT!E102+RO!E102+SE!E102+SI!E102+SK!E102 -> 96.878804 | F102: =AT!F102+BE!F102+BG!F102+CY!F102+CZ!F102+DE!F102+DK!F102+EE!F102+EL!F102+ES!F102+FI!F102+FR!F102+HR!F102+HU!F102+IE!F102+IT!F102+LT!F102+LU!F102+LV!F102+MT!F102+NL!F102+PL!F102+PT!F102+RO!F102+SE!F102+SI!F102+SK!F102 -> 79.001941 | G102: =AT!G102+BE!G102+BG!G102+CY!G102+CZ!G102+DE!G102+DK!G102+EE!G102+EL!G102+ES!G102+FI!G102+FR!G102+HR!G102+HU!G102+IE!G102+IT!G102+LT!G102+LU!G102+LV!G102+MT!G102+NL!G102+PL!G102+PT!G102+RO!G102+SE!G102+SI!G102+SK!G102 -> 65.901576 | H102: =AT!H102+BE!H102+BG!H102+CY!H102+CZ!H102+DE!H102+DK!H102+EE!H102+EL!H102+ES!H102+FI!H102+FR!H102+HR!H102+HU!H102+IE!H102+IT!H102+LT!H102+LU!H102+LV!H102+MT!H102+NL!H102+PL!H102+PT!H102+RO!H102+SE!H102+SI!H102+SK!H102 -> 105.96919 | I102: =AT!I102+BE!I102+BG!I102+CY!I102+CZ!I102+DE!I102+DK!I102+EE!I102+EL!I102+ES!I102+FI!I102+FR!I102+HR!I102+HU!I102+IE!I102+IT!I102+LT!I102+LU!I102+LV!I102+MT!I102+NL!I102+PL!I102+PT!I102+RO!I102+SE!I102+SI!I102+SK!I102 -> 105.7379 | ... AI102: =AT!AI102+BE!AI102+BG!AI102+CY!AI102+CZ!AI102+DE!AI102+DK!AI102+EE!AI102+EL!AI102+ES!AI102+FI!AI102+FR!AI102+HR!AI102+HU!AI102+IE!AI102+IT!AI102+LT!AI102+LU!AI102+LV!AI102+MT!AI102+NL!AI102+PL!AI102+PT!AI102+RO!AI102+SE!AI102+SI!AI102+SK!AI102 -> 65.187743
A103: Extra-EEA | B103: =AT!B103+BE!B103+BG!B103+CY!B103+CZ!B103+DE!B103+DK!B103+EE!B103+EL!B103+ES!B103+FI!B103+FR!B103+HR!B103+HU!B103+IE!B103+IT!B103+LT!B103+LU!B103+LV!B103+MT!B103+NL!B103+PL!B103+PT!B103+RO!B103+SE!B103+SI!B103+SK!B103 -> 0 | C103: =AT!C103+BE!C103+BG!C103+CY!C103+CZ!C103+DE!C103+DK!C103+EE!C103+EL!C103+ES!C103+FI!C103+FR!C103+HR!C103+HU!C103+IE!C103+IT!C103+LT!C103+LU!C103+LV!C103+MT!C103+NL!C103+PL!C103+PT!C103+RO!C103+SE!C103+SI!C103+SK!C103 -> 98.928271 | D103: =AT!D103+BE!D103+BG!D103+CY!D103+CZ!D103+DE!D103+DK!D103+EE!D103+EL!D103+ES!D103+FI!D103+FR!D103+HR!D103+HU!D103+IE!D103+IT!D103+LT!D103+LU!D103+LV!D103+MT!D103+NL!D103+PL!D103+PT!D103+RO!D103+SE!D103+SI!D103+SK!D103 -> 66.520421 | E103: =AT!E103+BE!E103+BG!E103+CY!E103+CZ!E103+DE!E103+DK!E103+EE!E103+EL!E103+ES!E103+FI!E103+FR!E103+HR!E103+HU!E103+IE!E103+IT!E103+LT!E103+LU!E103+LV!E103+MT!E103+NL!E103+PL!E103+PT!E103+RO!E103+SE!E103+SI!E103+SK!E103 -> 106.19765 | F103: =AT!F103+BE!F103+BG!F103+CY!F103+CZ!F103+DE!F103+DK!F103+EE!F103+EL!F103+ES!F103+FI!F103+FR!F103+HR!F103+HU!F103+IE!F103+IT!F103+LT!F103+LU!F103+LV!F103+MT!F103+NL!F103+PL!F103+PT!F103+RO!F103+SE!F103+SI!F103+SK!F103 -> 74.562653 | G103: =AT!G103+BE!G103+BG!G103+CY!G103+CZ!G103+DE!G103+DK!G103+EE!G103+EL!G103+ES!G103+FI!G103+FR!G103+HR!G103+HU!G103+IE!G103+IT!G103+LT!G103+LU!G103+LV!G103+MT!G103+NL!G103+PL!G103+PT!G103+RO!G103+SE!G103+SI!G103+SK!G103 -> 79.272869 | H103: =AT!H103+BE!H103+BG!H103+CY!H103+CZ!H103+DE!H103+DK!H103+EE!H103+EL!H103+ES!H103+FI!H103+FR!H103+HR!H103+HU!H103+IE!H103+IT!H103+LT!H103+LU!H103+LV!H103+MT!H103+NL!H103+PL!H103+PT!H103+RO!H103+SE!H103+SI!H103+SK!H103 -> 131.96959 | I103: =AT!I103+BE!I103+BG!I103+CY!I103+CZ!I103+DE!I103+DK!I103+EE!I103+EL!I103+ES!I103+FI!I103+FR!I103+HR!I103+HU!I103+IE!I103+IT!I103+LT!I103+LU!I103+LV!I103+MT!I103+NL!I103+PL!I103+PT!I103+RO!I103+SE!I103+SI!I103+SK!I103 -> 158.86851 | ... AI103: =AT!AI103+BE!AI103+BG!AI103+CY!AI103+CZ!AI103+DE!AI103+DK!AI103+EE!AI103+EL!AI103+ES!AI103+FI!AI103+FR!AI103+HR!AI103+HU!AI103+IE!AI103+IT!AI103+LT!AI103+LU!AI103+LV!AI103+MT!AI103+NL!AI103+PL!AI103+PT!AI103+RO!AI103+SE!AI103+SI!AI103+SK!AI103 -> 53.800934

Sheet AT
A1: AT - Austria | B1: 1990 | C1: 1991 | D1: 1992 | E1: 1993 | F1: 1994 | G1: 1995 | H1: 1996 | I1: 1997 | J1: 1998 | K1: 1999 | L1: 2000 | M1: 2001 | N1: 2002 | O1: 2003 | P1: 2004 | Q1: 2005 | R1: 2006 | S1: 2007 | T1: 2008 | U1: 2009 | V1: 2010 | W1: 2011 | X1: 2012 | Y1: 2013 | Z1: 2014 | AA1: 2015 | AB1: 2016 | AC1: 2017 | AD1: 2018 | AE1: 2019 | AF1: 2020 | AG1: 2021 | AH1: 2022 | AI1: 2023
A3: Transport activity (Mtkm) | B3: =SUM(B4:B5) -> 0 | C3: =SUM(C4:C5) -> 0 | D3: =SUM(D4:D5) -> 0 | E3: =SUM(E4:E5) -> 0 | F3: =SUM(F4:F5) -> 0 | G3: =SUM(G4:G5) -> 0 | H3: =SUM(H4:H5) -> 0 | I3: =SUM(I4:I5) -> 0 | ... AI3: =SUM(AI4:AI5) -> 0
A4: Intra-EEA | B4: 0 | C4: 0 | D4: 0 | E4: 0 | F4: 0 | G4: 0 | H4: 0 | I4: 0 | J4: 0 | K4: 0 | L4: 0 | M4: 0 | N4: 0 | O4: 0 | P4: 0 | Q4: 0 | R4: 0 | S4: 0 | T4: 0 | U4: 0 | V4: 0 | W4: 0 | X4: 0 | Y4: 0 | Z4: 0 | AA4: 0 | AB4: 0 | AC4: 0 | AD4: 0 | AE4: 0 | AF4: 0 | AG4: 0 | AH4: 0 | AI4: 0
A5: Extra-EEA | B5: 0 | C5: 0 | D5: 0 | E5: 0 | F5: 0 | G5: 0 | H5: 0 | I5: 0 | J5: 0 | K5: 0 | L5: 0 | M5: 0 | N5: 0 | O5: 0 | P5: 0 | Q5: 0 | R5: 0 | S5: 0 | T5: 0 | U5: 0 | V5: 0 | W5: 0 | X5: 0 | Y5: 0 | Z5: 0 | AA5: 0 | AB5: 0 | AC5: 0 | AD5: 0 | AE5: 0 | AF5: 0 | AG5: 0 | AH5: 0 | AI5: 0
A6: * Considering both inwards and outwards flows of goods transported with half of the distance of the voyages (thus the total distance for Intra-EEA in the EEA aggregation)
A8: Market shares of activity (% of tkm) | B8: =IF(B3=0,0,B3/B$3) -> 0 | C8: =IF(C3=0,0,C3/C$3) -> 0 | D8: =IF(D3=0,0,D3/D$3) -> 0 | E8: =IF(E3=0,0,E3/E$3) -> 0 | F8: =IF(F3=0,0,F3/F$3) -> 0 | G8: =IF(G3=0,0,G3/G$3) -> 0 | H8: =IF(H3=0,0,H3/H$3) -> 0 | I8: =IF(I3=0,0,I3/I$3) -> 0 | ... AI8: =IF(AI3=0,0,AI3/AI$3) -> 0
A9: Intra-EEA | B9: =IF(B4=0,0,B4/B$3) -> 0 | C9: =IF(C4=0,0,C4/C$3) -> 0 | D9: =IF(D4=0,0,D4/D$3) -> 0 | E9: =IF(E4=0,0,E4/E$3) -> 0 | F9: =IF(F4=0,0,F4/F$3) -> 0 | G9: =IF(G4=0,0,G4/G$3) -> 0 | H9: =IF(H4=0,0,H4/H$3) -> 0 | I9: =IF(I4=0,0,I4/I$3) -> 0 | ... AI9: =IF(AI4=0,0,AI4/AI$3) -> 0
A10: Extra-EEA | B10: =IF(B5=0,0,B5/B$3) -> 0 | C10: =IF(C5=0,0,C5/C$3) -> 0 | D10: =IF(D5=0,0,D5/D$3) -> 0 | E10: =IF(E5=0,0,E5/E$3) -> 0 | F10: =IF(F5=0,0,F5/F$3) -> 0 | G10: =IF(G5=0,0,G5/G$3) -> 0 | H10: =IF(H5=0,0,H5/H$3) -> 0 | I10: =IF(I5=0,0,I5/I$3) -> 0 | ... AI10: =IF(AI5=0,0,AI5/AI$3) -> 0
A12: Vehicle-km (Mvkm) | B12: =SUM(B13:B14) -> 0 | C12: =SUM(C13:C14) -> 0 | D12: =SUM(D13:D14) -> 0 | E12: =SUM(E13:E14) -> 0 | F12: =SUM(F13:F14) -> 0 | G12: =SUM(G13:G14) -> 0 | H12: =SUM(H13:H14) -> 0 | I12: =SUM(I13:I14) -> 0 | ... AI12: =SUM(AI13:AI14) -> 0
A13: Intra-EEA | B13: 0 | C13: 0 | D13: 0 | E13: 0 | F13: 0 | G13: 0 | H13: 0 | I13: 0 | J13: 0 | K13: 0 | L13: 0 | M13: 0 | N13: 0 | O13: 0 | P13: 0 | Q13: 0 | R13: 0 | S13: 0 | T13: 0 | U13: 0 | V13: 0 | W13: 0 | X13: 0 | Y13: 0 | Z13: 0 | AA13: 0 | AB13: 0 | AC13: 0 | AD13: 0 | AE13: 0 | AF13: 0 | AG13: 0 | AH13: 0 | AI13: 0
A14: Extra-EEA | B14: 0 | C14: 0 | D14: 0 | E14: 0 | F14: 0 | G14: 0 | H14: 0 | I14: 0 | J14: 0 | K14: 0 | L14: 0 | M14: 0 | N14: 0 | O14: 0 | P14: 0 | Q14: 0 | R14: 0 | S14: 0 | T14: 0 | U14: 0 | V14: 0 | W14: 0 | X14: 0 | Y14: 0 | Z14: 0 | AA14: 0 | AB14: 0 | AC14: 0 | AD14: 0 | AE14: 0 | AF14: 0 | AG14: 0 | AH14: 0 | AI14: 0
A15: * Considering half of the distance of the voyages (thus the total distance for Intra-EEA in the EEA aggregation)
A17: Market shares of vehicle km (% of km) | B17: =IF(B12=0,0,B12/B$12) -> 0 | C17: =IF(C12=0,0,C12/C$12) -> 0 | D17: =IF(D12=0,0,D12/D$12) -> 0 | E17: =IF(E12=0,0,E12/E$12) -> 0 | F17: =IF(F12=0,0,F12/F$12) -> 0 | G17: =IF(G12=0,0,G12/G$12) -> 0 | H17: =IF(H12=0,0,H12/H$12) -> 0 | I17: =IF(I12=0,0,I12/I$12) -> 0 | ... AI17: =IF(AI12=0,0,AI12/AI$12) -> 0
A18: Intra-EEA | B18: =IF(B13=0,0,B13/B$12) -> 0 | C18: =IF(C13=0,0,C13/C$12) -> 0 | D18: =IF(D13=0,0,D13/D$12) -> 0 | E18: =IF(E13=0,0,E13/E$12) -> 0 | F18: =IF(F13=0,0,F13/F$12) -> 0 | G18: =IF(G13=0,0,G13/G$12) -> 0 | H18: =IF(H13=0,0,H13/H$12) -> 0 | I18: =IF(I13=0,0,I13/I$12) -> 0 | ... AI18: =IF(AI13=0,0,AI13/AI$12) -> 0
A19: Extra-EEA | B19: =IF(B14=0,0,B14/B$12) -> 0 | C19: =IF(C14=0,0,C14/C$12) -> 0 | D19: =IF(D14=0,0,D14/D$12) -> 0 | E19: =IF(E14=0,0,E14/E$12) -> 0 | F19: =IF(F14=0,0,F14/F$12) -> 0 | G19: =IF(G14=0,0,G14/G$12) -> 0 | H19: =IF(H14=0,0,H14/H$12) -> 0 | I19: =IF(I14=0,0,I14/I$12) -> 0 | ... AI19: =IF(AI14=0,0,AI14/AI$12) -> 0
A21: Load factor of vessels (t/movement) | B21: =IF(B3=0,0,B3/B12) -> 0 | C21: =IF(C3=0,0,C3/C12) -> 0 | D21: =IF(D3=0,0,D3/D12) -> 0 | E21: =IF(E3=0,0,E3/E12) -> 0 | F21: =IF(F3=0,0,F3/F12) -> 0 | G21: =IF(G3=0,0,G3/G12) -> 0 | H21: =IF(H3=0,0,H3/H12) -> 0 | I21: =IF(I3=0,0,I3/I12) -> 0 | ... AI21: =IF(AI3=0,0,AI3/AI12) -> 0
A22: Intra-EEA | B22: =IF(B4=0,0,B4/B13) -> 0 | C22: =IF(C4=0,0,C4/C13) -> 0 | D22: =IF(D4=0,0,D4/D13) -> 0 | E22: =IF(E4=0,0,E4/E13) -> 0 | F22: =IF(F4=0,0,F4/F13) -> 0 | G22: =IF(G4=0,0,G4/G13) -> 0 | H22: =IF(H4=0,0,H4/H13) -> 0 | I22: =IF(I4=0,0,I4/I13) -> 0 | ... AI22: =IF(AI4=0,0,AI4/AI13) -> 0
A23: Extra-EEA | B23: =IF(B5=0,0,B5/B14) -> 0 | C23: =IF(C5=0,0,C5/C14) -> 0 | D23: =IF(D5=0,0,D5/D14) -> 0 | E23: =IF(E5=0,0,E5/E14) -> 0 | F23: =IF(F5=0,0,F5/F14) -> 0 | G23: =IF(G5=0,0,G5/G14) -> 0 | H23: =IF(H5=0,0,H5/H14) -> 0 | I23: =IF(I5=0,0,I5/I14) -> 0 | ... AI23: =IF(AI5=0,0,AI5/AI14) -> 0
A25: Total energy consumption (ktoe) | B25: =SUM(B26,B32) -> 0 | C25: =SUM(C26,C32) -> 0 | D25: =SUM(D26,D32) -> 0 | E25: =SUM(E26,E32) -> 0 | F25: =SUM(F26,F32) -> 0 | G25: =SUM(G26,G32) -> 0 | H25: =SUM(H26,H32) -> 0 | I25: =SUM(I26,I32) -> 0 | ... AI25: =SUM(AI26,AI32) -> 0
A26: Intra-EEA | B26: =SUM(B27:B31) -> 0 | C26: =SUM(C27:C31) -> 0 | D26: =SUM(D27:D31) -> 0 | E26: =SUM(E27:E31) -> 0 | F26: =SUM(F27:F31) -> 0 | G26: =SUM(G27:G31) -> 0 | H26: =SUM(H27:H31) -> 0 | I26: =SUM(I27:I31) -> 0 | ... AI26: =SUM(AI27:AI31) -> 0
A27: Gas oil and diesel oil (excluding biofuel portion) | B27: 0 | C27: 0 | D27: 0 | E27: 0 | F27: 0 | G27: 0 | H27: 0 | I27: 0 | J27: 0 | K27: 0 | L27: 0 | M27: 0 | N27: 0 | O27: 0 | P27: 0 | Q27: 0 | R27: 0 | S27: 0 | T27: 0 | U27: 0 | V27: 0 | W27: 0 | X27: 0 | Y27: 0 | Z27: 0 | AA27: 0 | AB27: 0 | AC27: 0 | AD27: 0 | AE27: 0 | AF27: 0 | AG27: 0 | AH27: 0 | AI27: 0
A28: Fuel oil and Other oil products | B28: 0 | C28: 0 | D28: 0 | E28: 0 | F28: 0 | G28: 0 | H28: 0 | I28: 0 | J28: 0 | K28: 0 | L28: 0 | M28: 0 | N28: 0 | O28: 0 | P28: 0 | Q28: 0 | R28: 0 | S28: 0 | T28: 0 | U28: 0 | V28: 0 | W28: 0 | X28: 0 | Y28: 0 | Z28: 0 | AA28: 0 | AB28: 0 | AC28: 0 | AD28: 0 | AE28: 0 | AF28: 0 | AG28: 0 | AH28: 0 | AI28: 0
A29: Blended biofuels | B29: 0 | C29: 0 | D29: 0 | E29: 0 | F29: 0 | G29: 0 | H29: 0 | I29: 0 | J29: 0 | K29: 0 | L29: 0 | M29: 0 | N29: 0 | O29: 0 | P29: 0 | Q29: 0 | R29: 0 | S29: 0 | T29: 0 | U29: 0 | V29: 0 | W29: 0 | X29: 0 | Y29: 0 | Z29: 0 | AA29: 0 | AB29: 0 | AC29: 0 | AD29: 0 | AE29: 0 | AF29: 0 | AG29: 0 | AH29: 0 | AI29: 0
A30: Natural gas | B30: 0 | C30: 0 | D30: 0 | E30: 0 | F30: 0 | G30: 0 | H30: 0 | I30: 0 | J30: 0 | K30: 0 | L30: 0 | M30: 0 | N30: 0 | O30: 0 | P30: 0 | Q30: 0 | R30: 0 | S30: 0 | T30: 0 | U30: 0 | V30: 0 | W30: 0 | X30: 0 | Y30: 0 | Z30: 0 | AA30: 0 | AB30: 0 | AC30: 0 | AD30: 0 | AE30: 0 | AF30: 0 | AG30: 0 | AH30: 0 | AI30: 0
A31: Biogases | B31: 0 | C31: 0 | D31: 0 | E31: 0 | F31: 0 | G31: 0 | H31: 0 | I31: 0 | J31: 0 | K31: 0 | L31: 0 | M31: 0 | N31: 0 | O31: 0 | P31: 0 | Q31: 0 | R31: 0 | S31: 0 | T31: 0 | U31: 0 | V31: 0 | W31: 0 | X31: 0 | Y31: 0 | Z31: 0 | AA31: 0 | AB31: 0 | AC31: 0 | AD31: 0 | AE31: 0 | AF31: 0 | AG31: 0 | AH31: 0 | AI31: 0
A32: Extra-EEA | B32: =SUM(B33:B37) -> 0 | C32: =SUM(C33:C37) -> 0 | D32: =SUM(D33:D37) -> 0 | E32: =SUM(E33:E37) -> 0 | F32: =SUM(F33:F37) -> 0 | G32: =SUM(G33:G37) -> 0 | H32: =SUM(H33:H37) -> 0 | I32: =SUM(I33:I37) -> 0 | ... AI32: =SUM(AI33:AI37) -> 0
A33: Gas oil and diesel oil (excluding biofuel portion) | B33: 0 | C33: 0 | D33: 0 | E33: 0 | F33: 0 | G33: 0 | H33: 0 | I33: 0 | J33: 0 | K33: 0 | L33: 0 | M33: 0 | N33: 0 | O33: 0 | P33: 0 | Q33: 0 | R33: 0 | S33: 0 | T33: 0 | U33: 0 | V33: 0 | W33: 0 | X33: 0 | Y33: 0 | Z33: 0 | AA33: 0 | AB33: 0 | AC33: 0 | AD33: 0 | AE33: 0 | AF33: 0 | AG33: 0 | AH33: 0 | AI33: 0
A34: Fuel oil and Other oil products | B34: 0 | C34: 0 | D34: 0 | E34: 0 | F34: 0 | G34: 0 | H34: 0 | I34: 0 | J34: 0 | K34: 0 | L34: 0 | M34: 0 | N34: 0 | O34: 0 | P34: 0 | Q34: 0 | R34: 0 | S34: 0 | T34: 0 | U34: 0 | V34: 0 | W34: 0 | X34: 0 | Y34: 0 | Z34: 0 | AA34: 0 | AB34: 0 | AC34: 0 | AD34: 0 | AE34: 0 | AF34: 0 | AG34: 0 | AH34: 0 | AI34: 0
A35: Blended biofuels | B35: 0 | C35: 0 | D35: 0 | E35: 0 | F35: 0 | G35: 0 | H35: 0 | I35: 0 | J35: 0 | K35: 0 | L35: 0 | M35: 0 | N35: 0 | O35: 0 | P35: 0 | Q35: 0 | R35: 0 | S35: 0 | T35: 0 | U35: 0 | V35: 0 | W35: 0 | X35: 0 | Y35: 0 | Z35: 0 | AA35: 0 | AB35: 0 | AC35: 0 | AD35: 0 | AE35: 0 | AF35: 0 | AG35: 0 | AH35: 0 | AI35: 0
A36: Natural gas | B36: 0 | C36: 0 | D36: 0 | E36: 0 | F36: 0 | G36: 0 | H36: 0 | I36: 0 | J36: 0 | K36: 0 | L36: 0 | M36: 0 | N36: 0 | O36: 0 | P36: 0 | Q36: 0 | R36: 0 | S36: 0 | T36: 0 | U36: 0 | V36: 0 | W36: 0 | X36: 0 | Y36: 0 | Z36: 0 | AA36: 0 | AB36: 0 | AC36: 0 | AD36: 0 | AE36: 0 | AF36: 0 | AG36: 0 | AH36: 0 | AI36: 0
A37: Biogases | B37: 0 | C37: 0 | D37: 0 | E37: 0 | F37: 0 | G37: 0 | H37: 0 | I37: 0 | J37: 0 | K37: 0 | L37: 0 | M37: 0 | N37: 0 | O37: 0 | P37: 0 | Q37: 0 | R37: 0 | S37: 0 | T37: 0 | U37: 0 | V37: 0 | W37: 0 | X37: 0 | Y37: 0 | Z37: 0 | AA37: 0 | AB37: 0 | AC37: 0 | AD37: 0 | AE37: 0 | AF37: 0 | AG37: 0 | AH37: 0 | AI37: 0
A38: * As reported in the Eurostat energy balances
A40: Energy intensity over activity (kgoe / 000 tkm) | B40: =IF(B25=0,0,B25/(B3/1000)) -> 0 | C40: =IF(C25=0,0,C25/(C3/1000)) -> 0 | D40: =IF(D25=0,0,D25/(D3/1000)) -> 0 | E40: =IF(E25=0,0,E25/(E3/1000)) -> 0 | F40: =IF(F25=0,0,F25/(F3/1000)) -> 0 | G40: =IF(G25=0,0,G25/(G3/1000)) -> 0 | H40: =IF(H25=0,0,H25/(H3/1000)) -> 0 | I40: =IF(I25=0,0,I25/(I3/1000)) -> 0 | ... AI40: =IF(AI25=0,0,AI25/(AI3/1000)) -> 0
A41: Intra-EEA | B41: =IF(B26=0,0,B26/(B4/1000)) -> 0 | C41: =IF(C26=0,0,C26/(C4/1000)) -> 0 | D41: =IF(D26=0,0,D26/(D4/1000)) -> 0 | E41: =IF(E26=0,0,E26/(E4/1000)) -> 0 | F41: =IF(F26=0,0,F26/(F4/1000)) -> 0 | G41: =IF(G26=0,0,G26/(G4/1000)) -> 0 | H41: =IF(H26=0,0,H26/(H4/1000)) -> 0 | I41: =IF(I26=0,0,I26/(I4/1000)) -> 0 | ... AI41: =IF(AI26=0,0,AI26/(AI4/1000)) -> 0
A42: Extra-EEA | B42: =IF(B32=0,0,B32/(B5/1000)) -> 0 | C42: =IF(C32=0,0,C32/(C5/1000)) -> 0 | D42: =IF(D32=0,0,D32/(D5/1000)) -> 0 | E42: =IF(E32=0,0,E32/(E5/1000)) -> 0 | F42: =IF(F32=0,0,F32/(F5/1000)) -> 0 | G42: =IF(G32=0,0,G32/(G5/1000)) -> 0 | H42: =IF(H32=0,0,H32/(H5/1000)) -> 0 | I42: =IF(I32=0,0,I32/(I5/1000)) -> 0 | ... AI42: =IF(AI32=0,0,AI32/(AI5/1000)) -> 0
A44: Shares of total energy consumption (%) | B44: =IF(B25=0,0,B25/B$25) -> 0 | C44: =IF(C25=0,0,C25/C$25) -> 0 | D44: =IF(D25=0,0,D25/D$25) -> 0 | E44: =IF(E25=0,0,E25/E$25) -> 0 | F44: =IF(F25=0,0,F25/F$25) -> 0 | G44: =IF(G25=0,0,G25/G$25) -> 0 | H44: =IF(H25=0,0,H25/H$25) -> 0 | I44: =IF(I25=0,0,I25/I$25) -> 0 | ... AI44: =IF(AI25=0,0,AI25/AI$25) -> 0
A45: Intra-EEA | B45: =IF(B26=0,0,B26/B$25) -> 0 | C45: =IF(C26=0,0,C26/C$25) -> 0 | D45: =IF(D26=0,0,D26/D$25) -> 0 | E45: =IF(E26=0,0,E26/E$25) -> 0 | F45: =IF(F26=0,0,F26/F$25) -> 0 | G45: =IF(G26=0,0,G26/G$25) -> 0 | H45: =IF(H26=0,0,H26/H$25) -> 0 | I45: =IF(I26=0,0,I26/I$25) -> 0 | ... AI45: =IF(AI26=0,0,AI26/AI$25) -> 0
A46: Extra-EEA | B46: =IF(B32=0,0,B32/B$25) -> 0 | C46: =IF(C32=0,0,C32/C$25) -> 0 | D46: =IF(D32=0,0,D32/D$25) -> 0 | E46: =IF(E32=0,0,E32/E$25) -> 0 | F46: =IF(F32=0,0,F32/F$25) -> 0 | G46: =IF(G32=0,0,G32/G$25) -> 0 | H46: =IF(H32=0,0,H32/H$25) -> 0 | I46: =IF(I32=0,0,I32/I$25) -> 0 | ... AI46: =IF(AI32=0,0,AI32/AI$25) -> 0
A48: Vehicle-efficiency - effective (kgoe/100 km) | B48: =IF(B25=0,0,100*B25/B12) -> 0 | C48: =IF(C25=0,0,100*C25/C12) -> 0 | D48: =IF(D25=0,0,100*D25/D12) -> 0 | E48: =IF(E25=0,0,100*E25/E12) -> 0 | F48: =IF(F25=0,0,100*F25/F12) -> 0 | G48: =IF(G25=0,0,100*G25/G12) -> 0 | H48: =IF(H25=0,0,100*H25/H12) -> 0 | I48: =IF(I25=0,0,100*I25/I12) -> 0 | ... AI48: =IF(AI25=0,0,100*AI25/AI12) -> 0
A49: Intra-EEA | B49: =IF(B26=0,0,100*B26/B13) -> 0 | C49: =IF(C26=0,0,100*C26/C13) -> 0 | D49: =IF(D26=0,0,100*D26/D13) -> 0 | E49: =IF(E26=0,0,100*E26/E13) -> 0 | F49: =IF(F26=0,0,100*F26/F13) -> 0 | G49: =IF(G26=0,0,100*G26/G13) -> 0 | H49: =IF(H26=0,0,100*H26/H13) -> 0 | I49: =IF(I26=0,0,100*I26/I13) -> 0 | ... AI49: =IF(AI26=0,0,100*AI26/AI13) -> 0
A50: Extra-EEA | B50: =IF(B32=0,0,100*B32/B14) -> 0 | C50: =IF(C32=0,0,100*C32/C14) -> 0 | D50: =IF(D32=0,0,100*D32/D14) -> 0 | E50: =IF(E32=0,0,100*E32/E14) -> 0 | F50: =IF(F32=0,0,100*F32/F14) -> 0 | G50: =IF(G32=0,0,100*G32/G14) -> 0 | H50: =IF(H32=0,0,100*H32/H14) -> 0 | I50: =IF(I32=0,0,100*I32/I14) -> 0 | ... AI50: =IF(AI32=0,0,100*AI32/AI14) -> 0
A51: * Based on the energy consumption figures reported in the Eurostat energy balances
A53: Vehicle-efficiency - theoretical (kgoe/100 km) | B53: 0 | C53: 0 | D53: 0 | E53: 0 | F53: 0 | G53: 0 | H53: 0 | I53: 0 | J53: 0 | K53: 0 | L53: 0 | M53: 0 | N53: 0 | O53: 0 | P53: 0 | Q53: 0 | R53: 0 | S53: 0 | T53: 0 | U53: 0 | V53: 0 | W53: 0 | X53: 0 | Y53: 0 | Z53: 0 | AA53: 0 | AB53: 0 | AC53: 0 | AD53: 0 | AE53: 0 | AF53: 0 | AG53: 0 | AH53: 0 | AI53: 0
A54: Intra-EEA | B54: 0 | C54: 0 | D54: 0 | E54: 0 | F54: 0 | G54: 0 | H54: 0 | I54: 0 | J54: 0 | K54: 0 | L54: 0 | M54: 0 | N54: 0 | O54: 0 | P54: 0 | Q54: 0 | R54: 0 | S54: 0 | T54: 0 | U54: 0 | V54: 0 | W54: 0 | X54: 0 | Y54: 0 | Z54: 0 | AA54: 0 | AB54: 0 | AC54: 0 | AD54: 0 | AE54: 0 | AF54: 0 | AG54: 0 | AH54: 0 | AI54: 0
A55: Extra-EEA | B55: 0 | C55: 0 | D55: 0 | E55: 0 | F55: 0 | G55: 0 | H55: 0 | I55: 0 | J55: 0 | K55: 0 | L55: 0 | M55: 0 | N55: 0 | O55: 0 | P55: 0 | Q55: 0 | R55: 0 | S55: 0 | T55: 0 | U55: 0 | V55: 0 | W55: 0 | X55: 0 | Y55: 0 | Z55: 0 | AA55: 0 | AB55: 0 | AC55: 0 | AD55: 0 | AE55: 0 | AF55: 0 | AG55: 0 | AH55: 0 | AI55: 0
A56: * Based on the total mileage
A58: Discrepancy between effective and theoretical efficiencies (ratio) | B58: =IF(B48=0,0,B48/B53) -> 0 | C58: =IF(C48=0,0,C48/C53) -> 0 | D58: =IF(D48=0,0,D48/D53) -> 0 | E58: =IF(E48=0,0,E48/E53) -> 0 | F58: =IF(F48=0,0,F48/F53) -> 0 | G58: =IF(G48=0,0,G48/G53) -> 0 | H58: =IF(H48=0,0,H48/H53) -> 0 | I58: =IF(I48=0,0,I48/I53) -> 0 | ... AI58: =IF(AI48=0,0,AI48/AI53) -> 0
A59: Intra-EEA | B59: =IF(B49=0,0,B49/B54) -> 0 | C59: =IF(C49=0,0,C49/C54) -> 0 | D59: =IF(D49=0,0,D49/D54) -> 0 | E59: =IF(E49=0,0,E49/E54) -> 0 | F59: =IF(F49=0,0,F49/F54) -> 0 | G59: =IF(G49=0,0,G49/G54) -> 0 | H59: =IF(H49=0,0,H49/H54) -> 0 | I59: =IF(I49=0,0,I49/I54) -> 0 | ... AI59: =IF(AI49=0,0,AI49/AI54) -> 0
A60: Extra-EEA | B60: =IF(B50=0,0,B50/B55) -> 0 | C60: =IF(C50=0,0,C50/C55) -> 0 | D60: =IF(D50=0,0,D50/D55) -> 0 | E60: =IF(E50=0,0,E50/E55) -> 0 | F60: =IF(F50=0,0,F50/F55) -> 0 | G60: =IF(G50=0,0,G50/G55) -> 0 | H60: =IF(H50=0,0,H50/H55) -> 0 | I60: =IF(I50=0,0,I50/I55) -> 0 | ... AI60: =IF(AI50=0,0,AI50/AI55) -> 0
A62: Emission factors (kt CO2 / ktoe) | B62: =IF(B66=0,0,B66/B25) -> 0 | C62: =IF(C66=0,0,C66/C25) -> 0 | D62: =IF(D66=0,0,D66/D25) -> 0 | E62: =IF(E66=0,0,E66/E25) -> 0 | F62: =IF(F66=0,0,F66/F25) -> 0 | G62: =IF(G66=0,0,G66/G25) -> 0 | H62: =IF(H66=0,0,H66/H25) -> 0 | I62: =IF(I66=0,0,I66/I25) -> 0 | ... AI62: =IF(AI66=0,0,AI66/AI25) -> 0
A63: Intra-EEA | B63: =IF(B67=0,0,B67/B26) -> 0 | C63: =IF(C67=0,0,C67/C26) -> 0 | D63: =IF(D67=0,0,D67/D26) -> 0 | E63: =IF(E67=0,0,E67/E26) -> 0 | F63: =IF(F67=0,0,F67/F26) -> 0 | G63: =IF(G67=0,0,G67/G26) -> 0 | H63: =IF(H67=0,0,H67/H26) -> 0 | I63: =IF(I67=0,0,I67/I26) -> 0 | ... AI63: =IF(AI67=0,0,AI67/AI26) -> 0
A64: Extra-EEA | B64: =IF(B68=0,0,B68/B32) -> 0 | C64: =IF(C68=0,0,C68/C32) -> 0 | D64: =IF(D68=0,0,D68/D32) -> 0 | E64: =IF(E68=0,0,E68/E32) -> 0 | F64: =IF(F68=0,0,F68/F32) -> 0 | G64: =IF(G68=0,0,G68/G32) -> 0 | H64: =IF(H68=0,0,H68/H32) -> 0 | I64: =IF(I68=0,0,I68/I32) -> 0 | ... AI64: =IF(AI68=0,0,AI68/AI32) -> 0
A66: CO2 emissions (kt CO2) | B66: =SUM(B67:B68) -> 0 | C66: =SUM(C67:C68) -> 0 | D66: =SUM(D67:D68) -> 0 | E66: =SUM(E67:E68) -> 0 | F66: =SUM(F67:F68) -> 0 | G66: =SUM(G67:G68) -> 0 | H66: =SUM(H67:H68) -> 0 | I66: =SUM(I67:I68) -> 0 | ... AI66: =SUM(AI67:AI68) -> 0
A67: Intra-EEA | B67: 0 | C67: 0 | D67: 0 | E67: 0 | F67: 0 | G67: 0 | H67: 0 | I67: 0 | J67: 0 | K67: 0 | L67: 0 | M67: 0 | N67: 0 | O67: 0 | P67: 0 | Q67: 0 | R67: 0 | S67: 0 | T67: 0 | U67: 0 | V67: 0 | W67: 0 | X67: 0 | Y67: 0 | Z67: 0 | AA67: 0 | AB67: 0 | AC67: 0 | AD67: 0 | AE67: 0 | AF67: 0 | AG67: 0 | AH67: 0 | AI67: 0
A68: Extra-EEA | B68: 0 | C68: 0 | D68: 0 | E68: 0 | F68: 0 | G68: 0 | H68: 0 | I68: 0 | J68: 0 | K68: 0 | L68: 0 | M68: 0 | N68: 0 | O68: 0 | P68: 0 | Q68: 0 | R68: 0 | S68: 0 | T68: 0 | U68: 0 | V68: 0 | W68: 0 | X68: 0 | Y68: 0 | Z68: 0 | AA68: 0 | AB68: 0 | AC68: 0 | AD68: 0 | AE68: 0 | AF68: 0 | AG68: 0 | AH68: 0 | AI68: 0
A69: * Based on the energy consumption figures reported in the Eurostat energy balances
A71: Emission intensity (kg of CO2 / 100 km) | B71: =IF(B66=0,0,100*B66/B12) -> 0 | C71: =IF(C66=0,0,100*C66/C12) -> 0 | D71: =IF(D66=0,0,100*D66/D12) -> 0 | E71: =IF(E66=0,0,100*E66/E12) -> 0 | F71: =IF(F66=0,0,100*F66/F12) -> 0 | G71: =IF(G66=0,0,100*G66/G12) -> 0 | H71: =IF(H66=0,0,100*H66/H12) -> 0 | I71: =IF(I66=0,0,100*I66/I12) -> 0 | ... AI71: =IF(AI66=0,0,100*AI66/AI12) -> 0
A72: Intra-EEA | B72: =IF(B67=0,0,100*B67/B13) -> 0 | C72: =IF(C67=0,0,100*C67/C13) -> 0 | D72: =IF(D67=0,0,100*D67/D13) -> 0 | E72: =IF(E67=0,0,100*E67/E13) -> 0 | F72: =IF(F67=0,0,100*F67/F13) -> 0 | G72: =IF(G67=0,0,100*G67/G13) -> 0 | H72: =IF(H67=0,0,100*H67/H13) -> 0 | I72: =IF(I67=0,0,100*I67/I13) -> 0 | ... AI72: =IF(AI67=0,0,100*AI67/AI13) -> 0
A73: Extra-EEA | B73: =IF(B68=0,0,100*B68/B14) -> 0 | C73: =IF(C68=0,0,100*C68/C14) -> 0 | D73: =IF(D68=0,0,100*D68/D14) -> 0 | E73: =IF(E68=0,0,100*E68/E14) -> 0 | F73: =IF(F68=0,0,100*F68/F14) -> 0 | G73: =IF(G68=0,0,100*G68/G14) -> 0 | H73: =IF(H68=0,0,100*H68/H14) -> 0 | I73: =IF(I68=0,0,100*I68/I14) -> 0 | ... AI73: =IF(AI68=0,0,100*AI68/AI14) -> 0
A75: Emission intensity over activity (kg of CO2 / thousand tkm) | B75: =IF(B66=0,0,1000*B66/B3) -> 0 | C75: =IF(C66=0,0,1000*C66/C3) -> 0 | D75: =IF(D66=0,0,1000*D66/D3) -> 0 | E75: =IF(E66=0,0,1000*E66/E3) -> 0 | F75: =IF(F66=0,0,1000*F66/F3) -> 0 | G75: =IF(G66=0,0,1000*G66/G3) -> 0 | H75: =IF(H66=0,0,1000*H66/H3) -> 0 | I75: =IF(I66=0,0,1000*I66/I3) -> 0 | ... AI75: =IF(AI66=0,0,1000*AI66/AI3) -> 0
A76: Intra-EEA | B76: =IF(B67=0,0,1000*B67/B4) -> 0 | C76: =IF(C67=0,0,1000*C67/C4) -> 0 | D76: =IF(D67=0,0,1000*D67/D4) -> 0 | E76: =IF(E67=0,0,1000*E67/E4) -> 0 | F76: =IF(F67=0,0,1000*F67/F4) -> 0 | G76: =IF(G67=0,0,1000*G67/G4) -> 0 | H76: =IF(H67=0,0,1000*H67/H4) -> 0 | I76: =IF(I67=0,0,1000*I67/I4) -> 0 | ... AI76: =IF(AI67=0,0,1000*AI67/AI4) -> 0
A77: Extra-EEA | B77: =IF(B68=0,0,1000*B68/B5) -> 0 | C77: =IF(C68=0,0,1000*C68/C5) -> 0 | D77: =IF(D68=0,0,1000*D68/D5) -> 0 | E77: =IF(E68=0,0,1000*E68/E5) -> 0 | F77: =IF(F68=0,0,1000*F68/F5) -> 0 | G77: =IF(G68=0,0,1000*G68/G5) -> 0 | H77: =IF(H68=0,0,1000*H68/H5) -> 0 | I77: =IF(I68=0,0,1000*I68/I5) -> 0 | ... AI77: =IF(AI68=0,0,1000*AI68/AI5) -> 0
A79: Shares of CO2 emissions (%) | B79: =IF(B66=0,0,B66/B$66) -> 0 | C79: =IF(C66=0,0,C66/C$66) -> 0 | D79: =IF(D66=0,0,D66/D$66) -> 0 | E79: =IF(E66=0,0,E66/E$66) -> 0 | F79: =IF(F66=0,0,F66/F$66) -> 0 | G79: =IF(G66=0,0,G66/G$66) -> 0 | H79: =IF(H66=0,0,H66/H$66) -> 0 | I79: =IF(I66=0,0,I66/I$66) -> 0 | ... AI79: =IF(AI66=0,0,AI66/AI$66) -> 0
A80: Intra-EEA | B80: =IF(B67=0,0,B67/B$66) -> 0 | C80: =IF(C67=0,0,C67/C$66) -> 0 | D80: =IF(D67=0,0,D67/D$66) -> 0 | E80: =IF(E67=0,0,E67/E$66) -> 0 | F80: =IF(F67=0,0,F67/F$66) -> 0 | G80: =IF(G67=0,0,G67/G$66) -> 0 | H80: =IF(H67=0,0,H67/H$66) -> 0 | I80: =IF(I67=0,0,I67/I$66) -> 0 | ... AI80: =IF(AI67=0,0,AI67/AI$66) -> 0
A81: Extra-EEA | B81: =IF(B68=0,0,B68/B$66) -> 0 | C81: =IF(C68=0,0,C68/C$66) -> 0 | D81: =IF(D68=0,0,D68/D$66) -> 0 | E81: =IF(E68=0,0,E68/E$66) -> 0 | F81: =IF(F68=0,0,F68/F$66) -> 0 | G81: =IF(G68=0,0,G68/G$66) -> 0 | H81: =IF(H68=0,0,H68/H$66) -> 0 | I81: =IF(I68=0,0,I68/I$66) -> 0 | ... AI81: =IF(AI68=0,0,AI68/AI$66) -> 0
A83: CO2 emissions - MRV compliant (kt CO2) | AD83: =SUM(AD84:AD85) -> 0 | AE83: =SUM(AE84:AE85) -> 0 | AF83: =SUM(AF84:AF85) -> 0 | AG83: =SUM(AG84:AG85) -> 0 | AH83: =SUM(AH84:AH85) -> 0 | AI83: =SUM(AI84:AI85) -> 0
A84: Intra-EEA | AD84: 0 | AE84: 0 | AF84: 0 | AG84: 0 | AH84: 0 | AI84: 0
A85: Extra-EEA | AD85: 0 | AE85: 0 | AF85: 0 | AG85: 0 | AH85: 0 | AI85: 0
A86: * Considering half of the emissions for Intra-EEA voyages at the Member State level (thus matching the total in the EEA aggregation) and the full emissions for Extra-EEA movements
A87: ** Intra-EU emissions include emissions within EU ports at berth
A89: UNFCCC emissions (kt CO2) | B89: 45.89738 | C89: 39.93651 | D89: 38.83315 | E89: 39.89094 | F89: 50.72682 | G89: 57.09714 | H89: 58.51009 | I89: 57.06819 | J89: 62.31897 | K89: 61.59997 | L89: 67.15168 | M89: 70.97088 | N89: 79.83202 | O89: 63.64992 | P89: 75.99396 | Q89: 74.5463 | R89: 65.23737 | S89: 69.97824 | T89: 64.62856 | U89: 55.2254 | V89: 65.41899 | W89: 57.73641 | X89: 58.91777 | Y89: 62.94275 | Z89: 58.34193 | AA89: 47.97215 | AB89: 52.34469 | AC89: 54.17487 | AD89: 39.43885 | AE89: 45.37075 | AF89: 42.54601 | AG89: 38.92399 | AH89: 32.27948 | AI89: 29.96884
A91: Residual CO2 emissions for UNFCCC calibration (kt CO2) | B91: =B89-B$66 -> 45.89738 | C91: =C89-C$66 -> 39.93651 | D91: =D89-D$66 -> 38.83315 | E91: =E89-E$66 -> 39.89094 | F91: =F89-F$66 -> 50.72682 | G91: =G89-G$66 -> 57.09714 | H91: =H89-H$66 -> 58.51009 | I91: =I89-I$66 -> 57.06819 | ... AI91: =AI89-AI$66 -> 29.96884
A92: Intra-EEA | B92: =IF(B$66=0,50%,B$67/B$66)*B91 -> 22.94869 | C92: =IF(C$66=0,50%,C$67/C$66)*C91 -> 19.968255 | D92: =IF(D$66=0,50%,D$67/D$66)*D91 -> 19.416575 | E92: =IF(E$66=0,50%,E$67/E$66)*E91 -> 19.94547 | F92: =IF(F$66=0,50%,F$67/F$66)*F91 -> 25.36341 | G92: =IF(G$66=0,50%,G$67/G$66)*G91 -> 28.54857 | H92: =IF(H$66=0,50%,H$67/H$66)*H91 -> 29.255045 | I92: =IF(I$66=0,50%,I$67/I$66)*I91 -> 28.534095 | ... AI92: =IF(AI$66=0,50%,AI$67/AI$66)*AI91 -> 14.98442
A93: Extra-EEA | B93: =B91-B92 -> 22.94869 | C93: =C91-C92 -> 19.968255 | D93: =D91-D92 -> 19.416575 | E93: =E91-E92 -> 19.94547 | F93: =F91-F92 -> 25.36341 | G93: =G91-G92 -> 28.54857 | H93: =H91-H92 -> 29.255045 | I93: =I91-I92 -> 28.534095 | ... AI93: =AI91-AI92 -> 14.98442
A95: Annual mileage of a representative vessel | B95: 0 | C95: 0 | D95: 0 | E95: 0 | F95: 0 | G95: 0 | H95: 0 | I95: 0 | J95: 0 | K95: 0 | L95: 0 | M95: 0 | N95: 0 | O95: 0 | P95: 0 | Q95: 0 | R95: 0 | S95: 0 | T95: 0 | U95: 0 | V95: 0 | W95: 0 | X95: 0 | Y95: 0 | Z95: 0 | AA95: 0 | AB95: 0 | AC95: 0 | AD95: 0 | AE95: 0 | AF95: 0 | AG95: 0 | AH95: 0 | AI95: 0
A97: Stock of representative vessels | B97: =SUM(B98:B99) -> 0 | C97: =SUM(C98:C99) -> 0 | D97: =SUM(D98:D99) -> 0 | E97: =SUM(E98:E99) -> 0 | F97: =SUM(F98:F99) -> 0 | G97: =SUM(G98:G99) -> 0 | H97: =SUM(H98:H99) -> 0 | I97: =SUM(I98:I99) -> 0 | ... AI97: =SUM(AI98:AI99) -> 0
A98: Intra-EEA | B98: 0 | C98: 0 | D98: 0 | E98: 0 | F98: 0 | G98: 0 | H98: 0 | I98: 0 | J98: 0 | K98: 0 | L98: 0 | M98: 0 | N98: 0 | O98: 0 | P98: 0 | Q98: 0 | R98: 0 | S98: 0 | T98: 0 | U98: 0 | V98: 0 | W98: 0 | X98: 0 | Y98: 0 | Z98: 0 | AA98: 0 | AB98: 0 | AC98: 0 | AD98: 0 | AE98: 0 | AF98: 0 | AG98: 0 | AH98: 0 | AI98: 0
A99: Extra-EEA | B99: 0 | C99: 0 | D99: 0 | E99: 0 | F99: 0 | G99: 0 | H99: 0 | I99: 0 | J99: 0 | K99: 0 | L99: 0 | M99: 0 | N99: 0 | O99: 0 | P99: 0 | Q99: 0 | R99: 0 | S99: 0 | T99: 0 | U99: 0 | V99: 0 | W99: 0 | X99: 0 | Y99: 0 | Z99: 0 | AA99: 0 | AB99: 0 | AC99: 0 | AD99: 0 | AE99: 0 | AF99: 0 | AG99: 0 | AH99: 0 | AI99: 0
A101: New representative vessels (total) | B101: =SUM(B102:B103) -> 0 | C101: =SUM(C102:C103) -> 0 | D101: =SUM(D102:D103) -> 0 | E101: =SUM(E102:E103) -> 0 | F101: =SUM(F102:F103) -> 0 | G101: =SUM(G102:G103) -> 0 | H101: =SUM(H102:H103) -> 0 | I101: =SUM(I102:I103) -> 0 | ... AI101: =SUM(AI102:AI103) -> 0
A102: Intra-EEA | B102: 0 | C102: 0 | D102: 0 | E102: 0 | F102: 0 | G102: 0 | H102: 0 | I102: 0 | J102: 0 | K102: 0 | L102: 0 | M102: 0 | N102: 0 | O102: 0 | P102: 0 | Q102: 0 | R102: 0 | S102: 0 | T102: 0 | U102: 0 | V102: 0 | W102: 0 | X102: 0 | Y102: 0 | Z102: 0 | AA102: 0 | AB102: 0 | AC102: 0 | AD102: 0 | AE102: 0 | AF102: 0 | AG102: 0 | AH102: 0 | AI102: 0
A103: Extra-EEA | B103: 0 | C103: 0 | D103: 0 | E103: 0 | F103: 0 | G103: 0 | H103: 0 | I103: 0 | J103: 0 | K103: 0 | L103: 0 | M103: 0 | N103: 0 | O103: 0 | P103: 0 | Q103: 0 | R103: 0 | S103: 0 | T103: 0 | U103: 0 | V103: 0 | W103: 0 | X103: 0 | Y103: 0 | Z103: 0 | AA103: 0 | AB103: 0 | AC103: 0 | AD103: 0 | AE103: 0 | AF103: 0 | AG103: 0 | AH103: 0 | AI103: 0

Sheet BE
A1: BE - Belgium | B1: 1990 | C1: 1991 | D1: 1992 | E1: 1993 | F1: 1994 | G1: 1995 | H1: 1996 | I1: 1997 | J1: 1998 | K1: 1999 | L1: 2000 | M1: 2001 | N1: 2002 | O1: 2003 | P1: 2004 | Q1: 2005 | R1: 2006 | S1: 2007 | T1: 2008 | U1: 2009 | V1: 2010 | W1: 2011 | X1: 2012 | Y1: 2013 | Z1: 2014 | AA1: 2015 | AB1: 2016 | AC1: 2017 | AD1: 2018 | AE1: 2019 | AF1: 2020 | AG1: 2021 | AH1: 2022 | AI1: 2023
A3: Transport activity (Mtkm) | B3: =SUM(B4:B5) -> 403139.07 | C3: =SUM(C4:C5) -> 412620.92 | D3: =SUM(D4:D5) -> 410253.67 | E3: =SUM(E4:E5) -> 421760.58 | F3: =SUM(F4:F5) -> 403786.84 | G3: =SUM(G4:G5) -> 384852.6 | H3: =SUM(H4:H5) -> 444144.57 | I3: =SUM(I4:I5) -> 502383.58 | ... AI3: =SUM(AI4:AI5) -> 955781.53
A4: Intra-EEA | B4: 33975.639 | C4: 34774.748 | D4: 34575.242 | E4: 35545.018 | F4: 34030.232 | G4: 32434.498 | H4: 38684.709 | I4: 43750.751 | J4: 44912.77 | K4: 43130.972 | L4: 49184.657 | M4: 49571.622 | N4: 46311.462 | O4: 49835.065 | P4: 45353.962 | Q4: 42186.861 | R4: 43542.823 | S4: 45916.212 | T4: 47033.963 | U4: 38142.21 | V4: 46831.925 | W4: 45203.572 | X4: 46983.007 | Y4: 50501.312 | Z4: 54921.373 | AA4: 59910.053 | AB4: 74330.511 | AC4: 71080.778 | AD4: 68278.003 | AE4: 73707.247 | AF4: 73016.351 | AG4: 78781.264 | AH4: 80759.41 | AI4: 86938.289
A5: Extra-EEA | B5: 369163.43 | C5: 377846.17 | D5: 375678.42 | E5: 386215.56 | F5: 369756.61 | G5: 352418.1 | H5: 405459.86 | I5: 458632.83 | J5: 490745.73 | K5: 420742.46 | L5: 487731.91 | M5: 471120.21 | N5: 485284.04 | O5: 524585.21 | P5: 568417.18 | Q5: 622687.27 | R5: 665425.92 | S5: 735406.05 | T5: 766547.54 | U5: 631362.62 | V5: 692334.07 | W5: 745433.6 | X5: 691101.92 | Y5: 699786.62 | Z5: 721163.64 | AA5: 736378.61 | AB5: 733874.11 | AC5: 816159 | AD5: 856842.13 | AE5: 883871.33 | AF5: 856149.58 | AG5: 920320.05 | AH5: 921821.11 | AI5: 868843.24
A6: * Considering both inwards and outwards flows of goods transported with half of the distance of the voyages (thus the total distance for Intra-EEA in the EEA aggregation)
A8: Market shares of activity (% of tkm) | B8: =IF(B3=0,0,B3/B$3) -> 1 | C8: =IF(C3=0,0,C3/C$3) -> 1 | D8: =IF(D3=0,0,D3/D$3) -> 1 | E8: =IF(E3=0,0,E3/E$3) -> 1 | F8: =IF(F3=0,0,F3/F$3) -> 1 | G8: =IF(G3=0,0,G3/G$3) -> 1 | H8: =IF(H3=0,0,H3/H$3) -> 1 | I8: =IF(I3=0,0,I3/I$3) -> 1 | ... AI8: =IF(AI3=0,0,AI3/AI$3) -> 1
A9: Intra-EEA | B9: =IF(B4=0,0,B4/B$3) -> 0.084277715 | C9: =IF(C4=0,0,C4/C$3) -> 0.084277715 | D9: =IF(D4=0,0,D4/D$3) -> 0.084277715 | E9: =IF(E4=0,0,E4/E$3) -> 0.084277715 | F9: =IF(F4=0,0,F4/F$3) -> 0.084277715 | G9: =IF(G4=0,0,G4/G$3) -> 0.084277715 | H9: =IF(H4=0,0,H4/H$3) -> 0.087099362 | I9: =IF(I4=0,0,I4/I$3) -> 0.087086347 | ... AI9: =IF(AI4=0,0,AI4/AI$3) -> 0.09096042
A10: Extra-EEA | B10: =IF(B5=0,0,B5/B$3) -> 0.91572228 | C10: =IF(C5=0,0,C5/C$3) -> 0.91572228 | D10: =IF(D5=0,0,D5/D$3) -> 0.91572228 | E10: =IF(E5=0,0,E5/E$3) -> 0.91572228 | F10: =IF(F5=0,0,F5/F$3) -> 0.91572228 | G10: =IF(G5=0,0,G5/G$3) -> 0.91572228 | H10: =IF(H5=0,0,H5/H$3) -> 0.91290064 | I10: =IF(I5=0,0,I5/I$3) -> 0.91291365 | ... AI10: =IF(AI5=0,0,AI5/AI$3) -> 0.90903958
A12: Vehicle-km (Mvkm) | B12: =SUM(B13:B14) -> 19.291422 | C12: =SUM(C13:C14) -> 19.745157 | D12: =SUM(D13:D14) -> 19.631877 | E12: =SUM(E13:E14) -> 20.182517 | F12: =SUM(F13:F14) -> 19.322421 | G12: =SUM(G13:G14) -> 18.416359 | H12: =SUM(H13:H14) -> 21.391346 | I12: =SUM(I13:I14) -> 24.174435 | ... AI12: =SUM(AI13:AI14) -> 31.2827
A13: Intra-EEA | B13: 5.326632 | C13: 5.451914 | D13: 5.420636 | E13: 5.572675 | F13: 5.335191 | G13: 5.085014 | H13: 6.06491 | I13: 6.859154 | J13: 7.041332 | K13: 6.761986 | L13: 7.711071 | M13: 7.420671 | N13: 6.525288 | O13: 6.953099 | P13: 6.056354 | Q13: 5.652117 | R13: 5.723797 | S13: 5.843084 | T13: 5.945581 | U13: 4.763643 | V13: 5.864319 | W13: 6.034542 | X13: 6.224355 | Y13: 6.531424 | Z13: 7.122109 | AA13: 7.200812 | AB13: 8.61875 | AC13: 8.140582 | AD13: 7.999693 | AE13: 8.834533 | AF13: 7.976509 | AG13: 9.099217 | AH13: 9.264647 | AI13: 9.565242
A14: Extra-EEA | B14: 13.96479 | C14: 14.293243 | D14: 14.211241 | E14: 14.609842 | F14: 13.98723 | G14: 13.331345 | H14: 15.326436 | I14: 17.315281 | J14: 18.517593 | K14: 15.996797 | L14: 18.588132 | M14: 16.909811 | N14: 16.78488 | O14: 18.421007 | P14: 19.231738 | Q14: 21.242143 | R14: 21.786715 | S14: 23.670592 | T14: 24.045016 | U14: 20.274276 | V14: 20.664259 | W14: 21.142273 | X14: 19.043604 | Y14: 18.84339 | Z14: 19.206896 | AA14: 18.681539 | AB14: 18.45558 | AC14: 19.840277 | AD14: 20.722259 | AE14: 21.377962 | AF14: 20.727062 | AG14: 21.591167 | AH14: 23.479544 | AI14: 21.717458
A15: * Considering half of the distance of the voyages (thus the total distance for Intra-EEA in the EEA aggregation)
A17: Market shares of vehicle km (% of km) | B17: =IF(B12=0,0,B12/B$12) -> 1 | C17: =IF(C12=0,0,C12/C$12) -> 1 | D17: =IF(D12=0,0,D12/D$12) -> 1 | E17: =IF(E12=0,0,E12/E$12) -> 1 | F17: =IF(F12=0,0,F12/F$12) -> 1 | G17: =IF(G12=0,0,G12/G$12) -> 1 | H17: =IF(H12=0,0,H12/H$12) -> 1 | I17: =IF(I12=0,0,I12/I$12) -> 1 | ... AI17: =IF(AI12=0,0,AI12/AI$12) -> 1
A18: Intra-EEA | B18: =IF(B13=0,0,B13/B$12) -> 0.27611402 | C18: =IF(C13=0,0,C13/C$12) -> 0.27611399 | D18: =IF(D13=0,0,D13/D$12) -> 0.276114 | E18: =IF(E13=0,0,E13/E$12) -> 0.27611398 | F18: =IF(F13=0,0,F13/F$12) -> 0.276114 | G18: =IF(G13=0,0,G13/G$12) -> 0.27611397 | H18: =IF(H13=0,0,H13/H$12) -> 0.28352166 | I18: =IF(I13=0,0,I13/I$12) -> 0.28373586 | ... AI18: =IF(AI13=0,0,AI13/AI$12) -> 0.30576779
A19: Extra-EEA | B19: =IF(B14=0,0,B14/B$12) -> 0.72388598 | C19: =IF(C14=0,0,C14/C$12) -> 0.72388601 | D19: =IF(D14=0,0,D14/D$12) -> 0.723886 | E19: =IF(E14=0,0,E14/E$12) -> 0.72388602 | F19: =IF(F14=0,0,F14/F$12) -> 0.723886 | G19: =IF(G14=0,0,G14/G$12) -> 0.72388603 | H19: =IF(H14=0,0,H14/H$12) -> 0.71647834 | I19: =IF(I14=0,0,I14/I$12) -> 0.71626414 | ... AI19: =IF(AI14=0,0,AI14/AI$12) -> 0.69423221
A21: Load factor of vessels (t/movement) | B21: =IF(B3=0,0,B3/B12) -> 20897.322 | C21: =IF(C3=0,0,C3/C12) -> 20897.323 | D21: =IF(D3=0,0,D3/D12) -> 20897.323 | E21: =IF(E3=0,0,E3/E12) -> 20897.323 | F21: =IF(F3=0,0,F3/F12) -> 20897.321 | G21: =IF(G3=0,0,G3/G12) -> 20897.323 | H21: =IF(H3=0,0,H3/H12) -> 20762.816 | I21: =IF(I3=0,0,I3/I12) -> 20781.606 | ... AI21: =IF(AI3=0,0,AI3/AI12) -> 30553.038
A22: Intra-EEA | B22: =IF(B4=0,0,B4/B13) -> 6378.4469 | C22: =IF(C4=0,0,C4/C13) -> 6378.4477 | D22: =IF(D4=0,0,D4/D13) -> 6378.4474 | E22: =IF(E4=0,0,E4/E13) -> 6378.448 | F22: =IF(F4=0,0,F4/F13) -> 6378.4468 | G22: =IF(G4=0,0,G4/G13) -> 6378.448 | H22: =IF(H4=0,0,H4/H13) -> 6378.4473 | I22: =IF(I4=0,0,I4/I13) -> 6378.4471 | ... AI22: =IF(AI4=0,0,AI4/AI13) -> 9088.9796
A23: Extra-EEA | B23: =IF(B5=0,0,B5/B14) -> 26435.301 | C23: =IF(C5=0,0,C5/C14) -> 26435.3 | D23: =IF(D5=0,0,D5/D14) -> 26435.3 | E23: =IF(E5=0,0,E5/E14) -> 26435.3 | F23: =IF(F5=0,0,F5/F14) -> 26435.299 | G23: =IF(G5=0,0,G5/G14) -> 26435.3 | H23: =IF(H5=0,0,H5/H14) -> 26454.935 | I23: =IF(I5=0,0,I5/I14) -> 26487.172 | ... AI23: =IF(AI5=0,0,AI5/AI14) -> 40006.673
A25: Total energy consumption (ktoe) | B25: =SUM(B26,B32) -> 4052.0445 | C25: =SUM(C26,C32) -> 4147.3488 | D25: =SUM(D26,D32) -> 4123.555 | E25: =SUM(E26,E32) -> 4239.2137 | F25: =SUM(F26,F32) -> 4058.5555 | G25: =SUM(G26,G32) -> 3868.243 | H25: =SUM(H26,H32) -> 4451.4952 | I25: =SUM(I26,I32) -> 5037.2218 | ... AI25: =SUM(AI26,AI32) -> 6925.5396
A26: Intra-EEA | B26: =SUM(B27:B31) -> 1168.9058 | C26: =SUM(C27:C31) -> 1196.3985 | D26: =SUM(D27:D31) -> 1189.5347 | E26: =SUM(E27:E31) -> 1222.899 | F26: =SUM(F27:F31) -> 1170.784 | G26: =SUM(G27:G31) -> 1115.884 | H26: =SUM(H27:H31) -> 1314.6483 | I26: =SUM(I27:I31) -> 1489.3748 | ... AI26: =SUM(AI27:AI31) -> 2079.734
A27: Gas oil and diesel oil (excluding biofuel portion) | B27: 441.91617 | C27: 460.7063 | D27: 504.54995 | E27: 451.65916 | F27: 407.81551 | G27: 491.32722 | H27: 458.60143 | I27: 481.49738 | J27: 499.0873 | K27: 407.20872 | L27: 558.89994 | M27: 554.81252 | N27: 531.79337 | O27: 461.45933 | P27: 325.66583 | Q27: 323.23071 | R27: 396.99287 | S27: 319.24215 | T27: 220.13472 | U27: 211.86402 | V27: 308.03004 | W27: 264.10941 | X27: 317.55133 | Y27: 328.10106 | Z27: 397.97338 | AA27: 1015.7648 | AB27: 1024.7179 | AC27: 721.15237 | AD27: 864.40672 | AE27: 788.32723 | AF27: 865.06084 | AG27: 983.76375 | AH27: 972.67637 | AI27: 854.9585
A28: Fuel oil and Other oil products | B28: 726.98964 | C28: 735.69222 | D28: 684.9847 | E28: 771.23989 | F28: 762.96852 | G28: 624.55677 | H28: 856.04688 | I28: 1007.8774 | J28: 1054.6299 | K28: 1007.7893 | L28: 1059.7597 | M28: 1071.1056 | N28: 1464.0947 | O28: 1709.973 | P28: 1693.092 | Q28: 1472.2889 | R28: 1502.9496 | S28: 1737.2675 | T28: 1879.1919 | U28: 1307.2544 | V28: 1492.9188 | W28: 1245.2293 | X28: 1145.5115 | Y28: 1224.8523 | Z28: 1007.4828 | AA28: 567.32142 | AB28: 1032.2392 | AC28: 1400.807 | AD28: 1627.2958 | AE28: 1500.2819 | AF28: 696.65746 | AG28: 952.55325 | AH28: 1147.6298 | AI28: 1213.1419
A29: Blended biofuels | B29: 0 | C29: 0 | D29: 0 | E29: 0 | F29: 0 | G29: 0 | H29: 0 | I29: 0 | J29: 0 | K29: 0 | L29: 0 | M29: 0 | N29: 0 | O29: 0 | P29: 0 | Q29: 0 | R29: 0 | S29: 0 | T29: 0 | U29: 0 | V29: 0 | W29: 0 | X29: 0 | Y29: 0 | Z29: 0 | AA29: 0 | AB29: 0 | AC29: 0 | AD29: 0 | AE29: 0 | AF29: 0 | AG29: 0 | AH29: 0 | AI29: 0
A30: Natural gas | B30: 0 | C30: 0 | D30: 0 | E30: 0 | F30: 0 | G30: 0 | H30: 0 | I30: 0 | J30: 0 | K30: 0 | L30: 0 | M30: 0 | N30: 0 | O30: 0 | P30: 0 | Q30: 0 | R30: 0 | S30: 0 | T30: 0 | U30: 0 | V30: 0 | W30: 0 | X30: 0 | Y30: 0 | Z30: 0 | AA30: 0 | AB30: 0.15511962 | AC30: 1.8723954 | AD30: 2.3272142 | AE30: 2.5468089 | AF30: 0.68958326 | AG30: 1.4961374 | AH30: 1.1345849 | AI30: 11.622795
A31: Biogases | B31: 0 | C31: 0 | D31: 0 | E31: 0 | F31: 0 | G31: 0 | H31: 0 | I31: 0 | J31: 0 | K31: 0 | L31: 0 | M31: 0 | N31: 0 | O31: 0 | P31: 0 | Q31: 0 | R31: 0 | S31: 0 | T31: 0 | U31: 0 | V31: 0 | W31: 0 | X31: 0 | Y31: 0 | Z31: 0 | AA31: 0 | AB31: 0 | AC31: 0 | AD31: 6.7608049e-06 | AE31: 5.0999438e-05 | AF31: 5.8409821e-05 | AG31: 0.00071263557 | AH31: 0.0011617028 | AI31: 0.010817147
A32: Extra-EEA | B32: =SUM(B33:B37) -> 2883.1387 | C32: =SUM(C33:C37) -> 2950.9503 | D32: =SUM(D33:D37) -> 2934.0204 | E32: =SUM(E33:E37) -> 3016.3146 | F32: =SUM(F33:F37) -> 2887.7714 | G32: =SUM(G33:G37) -> 2752.359 | H32: =SUM(H33:H37) -> 3136.8469 | I32: =SUM(I33:I37) -> 3547.847 | ... AI32: =SUM(AI33:AI37) -> 4845.8056
A33: Gas oil and diesel oil (excluding biofuel portion) | B33: 204.18589 | C33: 212.86782 | D33: 233.12563 | E33: 208.68762 | F33: 188.4298 | G33: 227.01611 | H33: 204.79779 | I33: 214.46135 | J33: 230.44838 | K33: 172.75688 | L33: 241.85956 | M33: 231.70227 | N33: 246.58153 | O33: 215.16724 | P33: 179.00597 | Q33: 203.82578 | R33: 258.26655 | S33: 216.9717 | T33: 151.24679 | U33: 148.32514 | V33: 192.57186 | W33: 176.46093 | X33: 191.19046 | Y33: 185.72809 | Z33: 212.51673 | AA33: 520.63532 | AB33: 438.42333 | AC33: 350.05425 | AD33: 453.94668 | AE33: 391.75016 | AF33: 517.02333 | AG33: 554.53281 | AH33: 491.87892 | AI33: 385.70264
A34: Fuel oil and Other oil products | B34: 2678.9528 | C34: 2738.0825 | D34: 2700.8947 | E34: 2807.627 | F34: 2699.3416 | G34: 2525.3429 | H34: 2932.0491 | I34: 3333.3856 | J34: 3606.6866 | K34: 3022.9741 | L34: 3480.2231 | M34: 3362.8296 | N34: 4568.1973 | O34: 5054.1429 | P34: 5511.4557 | Q34: 5630.988 | R34: 6102.8591 | S34: 6961.5001 | T34: 7273.3829 | U34: 5318.8085 | V34: 5602.9062 | W34: 5064.1239 | X34: 4389.981 | Y34: 4417.6431 | Z34: 3762.7474 | AA34: 3717.5739 | AB34: 4167.9137 | AC34: 5014.6893 | AD34: 6328.1833 | AE34: 5508.03 | AF34: 4295.0603 | AG34: 5078.4021 | AH34: 5029.9961 | AI34: 4432.9965
A35: Blended biofuels | B35: 0 | C35: 0 | D35: 0 | E35: 0 | F35: 0 | G35: 0 | H35: 0 | I35: 0 | J35: 0 | K35: 0 | L35: 0 | M35: 0 | N35: 0 | O35: 0 | P35: 0 | Q35: 0 | R35: 0 | S35: 0 | T35: 0 | U35: 0 | V35: 0 | W35: 0 | X35: 0 | Y35: 0 | Z35: 0 | AA35: 0 | AB35: 0 | AC35: 0 | AD35: 0 | AE35: 0 | AF35: 0 | AG35: 0 | AH35: 0 | AI35: 0
A36: Natural gas | B36: 0 | C36: 0 | D36: 0 | E36: 0 | F36: 0 | G36: 0 | H36: 0 | I36: 0 | J36: 0 | K36: 0 | L36: 0 | M36: 0 | N36: 0 | O36: 0 | P36: 0 | Q36: 0 | R36: 0 | S36: 0 | T36: 0 | U36: 0 | V36: 0 | W36: 0 | X36: 0 | Y36: 0 | Z36: 0 | AA36: 0 | AB36: 0.34737393 | AC36: 4.7337954 | AD36: 6.3344116 | AE36: 6.5653904 | AF36: 2.1247957 | AG36: 4.3524096 | AH36: 2.9547791 | AI36: 27.081253
A37: Biogases | B37: 0 | C37: 0 | D37: 0 | E37: 0 | F37: 0 | G37: 0 | H37: 0 | I37: 0 | J37: 0 | K37: 0 | L37: 0 | M37: 0 | N37: 0 | O37: 0 | P37: 0 | Q37: 0 | R37: 0 | S37: 0 | T37: 0 | U37: 0 | V37: 0 | W37: 0 | X37: 0 | Y37: 0 | Z37: 0 | AA37: 0 | AB37: 0 | AC37: 0 | AD37: 1.840214e-05 | AE37: 0.00013147089 | AF37: 0.00017997672 | AG37: 0.0020731263 | AH37: 0.0030254016 | AI37: 0.025204085
A38: * As reported in the Eurostat energy balances
A40: Energy intensity over activity (kgoe / 000 tkm) | B40: =IF(B25=0,0,B25/(B3/1000)) -> 10.051233 | C40: =IF(C25=0,0,C25/(C3/1000)) -> 10.051233 | D40: =IF(D25=0,0,D25/(D3/1000)) -> 10.051233 | E40: =IF(E25=0,0,E25/(E3/1000)) -> 10.051233 | F40: =IF(F25=0,0,F25/(F3/1000)) -> 10.051233 | G40: =IF(G25=0,0,G25/(G3/1000)) -> 10.051233 | H40: =IF(H25=0,0,H25/(H3/1000)) -> 10.022627 | I40: =IF(I25=0,0,I25/(I3/1000)) -> 10.026645 | ... AI40: =IF(AI25=0,0,AI25/(AI3/1000)) -> 7.2459441
A41: Intra-EEA | B41: =IF(B26=0,0,B26/(B4/1000)) -> 34.404233 | C41: =IF(C26=0,0,C26/(C4/1000)) -> 34.404233 | D41: =IF(D26=0,0,D26/(D4/1000)) -> 34.404233 | E41: =IF(E26=0,0,E26/(E4/1000)) -> 34.404232 | F41: =IF(F26=0,0,F26/(F4/1000)) -> 34.404233 | G41: =IF(G26=0,0,G26/(G4/1000)) -> 34.404232 | H41: =IF(H26=0,0,H26/(H4/1000)) -> 33.983668 | I41: =IF(I26=0,0,I26/(I4/1000)) -> 34.042268 | ... AI41: =IF(AI26=0,0,AI26/(AI4/1000)) -> 23.921957
A42: Extra-EEA | B42: =IF(B32=0,0,B32/(B5/1000)) -> 7.8099251 | C42: =IF(C32=0,0,C32/(C5/1000)) -> 7.8099252 | D42: =IF(D32=0,0,D32/(D5/1000)) -> 7.8099252 | E42: =IF(E32=0,0,E32/(E5/1000)) -> 7.8099252 | F42: =IF(F32=0,0,F32/(F5/1000)) -> 7.8099252 | G42: =IF(G32=0,0,G32/(G5/1000)) -> 7.8099252 | H42: =IF(H32=0,0,H32/(H5/1000)) -> 7.7365164 | I42: =IF(I32=0,0,I32/(I5/1000)) -> 7.7357022 | ... AI42: =IF(AI32=0,0,AI32/(AI5/1000)) -> 5.5773071
A44: Shares of total energy consumption (%) | B44: =IF(B25=0,0,B25/B$25) -> 1 | C44: =IF(C25=0,0,C25/C$25) -> 1 | D44: =IF(D25=0,0,D25/D$25) -> 1 | E44: =IF(E25=0,0,E25/E$25) -> 1 | F44: =IF(F25=0,0,F25/F$25) -> 1 | G44: =IF(G25=0,0,G25/G$25) -> 1 | H44: =IF(H25=0,0,H25/H$25) -> 1 | I44: =IF(I25=0,0,I25/I$25) -> 1 | ... AI44: =IF(AI25=0,0,AI25/AI$25) -> 1
A45: Intra-EEA | B45: =IF(B26=0,0,B26/B$25) -> 0.28847309 | C45: =IF(C26=0,0,C26/C$25) -> 0.28847309 | D45: =IF(D26=0,0,D26/D$25) -> 0.28847309 | E45: =IF(E26=0,0,E26/E$25) -> 0.28847309 | F45: =IF(F26=0,0,F26/F$25) -> 0.28847309 | G45: =IF(G26=0,0,G26/G$25) -> 0.28847309 | H45: =IF(H26=0,0,H26/H$25) -> 0.29532736 | I45: =IF(I26=0,0,I26/I$25) -> 0.29567386 | ... AI45: =IF(AI26=0,0,AI26/AI$25) -> 0.3002992
A46: Extra-EEA | B46: =IF(B32=0,0,B32/B$25) -> 0.71152691 | C46: =IF(C32=0,0,C32/C$25) -> 0.71152691 | D46: =IF(D32=0,0,D32/D$25) -> 0.71152691 | E46: =IF(E32=0,0,E32/E$25) -> 0.71152691 | F46: =IF(F32=0,0,F32/F$25) -> 0.71152691 | G46: =IF(G32=0,0,G32/G$25) -> 0.71152691 | H46: =IF(H32=0,0,H32/H$25) -> 0.70467264 | I46: =IF(I32=0,0,I32/I$25) -> 0.70432614 | ... AI46: =IF(AI32=0,0,AI32/AI$25) -> 0.6997008
A48: Vehicle-efficiency - effective (kgoe/100 km) | B48: =IF(B25=0,0,100*B25/B12) -> 21004.385 | C48: =IF(C25=0,0,100*C25/C12) -> 21004.385 | D48: =IF(D25=0,0,100*D25/D12) -> 21004.385 | E48: =IF(E25=0,0,100*E25/E12) -> 21004.385 | F48: =IF(F25=0,0,100*F25/F12) -> 21004.384 | G48: =IF(G25=0,0,100*G25/G12) -> 21004.385 | H48: =IF(H25=0,0,100*H25/H12) -> 20809.795 | I48: =IF(I25=0,0,100*I25/I12) -> 20836.978 | ... AI48: =IF(AI25=0,0,100*AI25/AI12) -> 22138.561
A49: Intra-EEA | B49: =IF(B26=0,0,100*B26/B13) -> 21944.557 | C49: =IF(C26=0,0,100*C26/C13) -> 21944.56 | D49: =IF(D26=0,0,100*D26/D13) -> 21944.559 | E49: =IF(E26=0,0,100*E26/E13) -> 21944.561 | F49: =IF(F26=0,0,100*F26/F13) -> 21944.557 | G49: =IF(G26=0,0,100*G26/G13) -> 21944.561 | H49: =IF(H26=0,0,100*H26/H13) -> 21676.304 | I49: =IF(I26=0,0,100*I26/I13) -> 21713.681 | ... AI49: =IF(AI26=0,0,100*AI26/AI13) -> 21742.618
A50: Extra-EEA | B50: =IF(B32=0,0,100*B32/B14) -> 20645.772 | C50: =IF(C32=0,0,100*C32/C14) -> 20645.772 | D50: =IF(D32=0,0,100*D32/D14) -> 20645.772 | E50: =IF(E32=0,0,100*E32/E14) -> 20645.772 | F50: =IF(F32=0,0,100*F32/F14) -> 20645.771 | G50: =IF(G32=0,0,100*G32/G14) -> 20645.771 | H50: =IF(H32=0,0,100*H32/H14) -> 20466.904 | I50: =IF(I32=0,0,100*I32/I14) -> 20489.688 | ... AI50: =IF(AI32=0,0,100*AI32/AI14) -> 22312.95
A51: * Based on the energy consumption figures reported in the Eurostat energy balances
A53: Vehicle-efficiency - theoretical (kgoe/100 km) | B53: 6741.3606 | C53: 6741.3607 | D53: 6741.3606 | E53: 6741.3607 | F53: 6741.3603 | G53: 6741.3607 | H53: 6761.5616 | I53: 6758.7397 | J53: 6732.28 | K53: 6818.7292 | L53: 6813.6937 | M53: 7173.4802 | N53: 7366.9876 | O53: 7302.4313 | P53: 7382.8064 | Q53: 7189.2367 | R53: 7400.9168 | S53: 7476.6344 | T53: 7606.5543 | U53: 7476.4763 | V53: 7949.578 | W53: 8017.9581 | X53: 8270.4418 | Y53: 8463.9946 | Z53: 8570.7107 | AA53: 9031.2952 | AB53: 9385.8031 | AC53: 9441.4104 | AD53: 9352.0218 | AE53: 9240.1673 | AF53: 9024.0817 | AG53: 9021.8265 | AH53: 9295.5692 | AI53: 9017.1995
A54: Intra-EEA | B54: 8921.8942 | C54: 8921.8951 | D54: 8921.8948 | E54: 8921.8955 | F54: 8921.8941 | G54: 8921.8956 | H54: 8921.8947 | I54: 8921.8944 | J54: 8921.8955 | K54: 8921.8949 | L54: 8921.8942 | M54: 9279.4198 | N54: 9769.5566 | O54: 9851.5029 | P54: 10225.693 | Q54: 10196.956 | R54: 10363.271 | S54: 10653.068 | T54: 10713.566 | U54: 10824.205 | V54: 10800.034 | W54: 10228.184 | X54: 10294.822 | Y54: 10507.513 | Z54: 10483.643 | AA54: 11182.782 | AB54: 11529.588 | AC54: 11651.493 | AD54: 11428.145 | AE54: 11177.829 | AF54: 10598.736 | AG54: 10912.392 | AH54: 11784.274 | AI54: 11293.933
A55: Extra-EEA | B55: 5909.6331 | C55: 5909.633 | D55: 5909.633 | E55: 5909.633 | F55: 5909.6327 | G55: 5909.6329 | H55: 5906.684 | I55: 5901.8427 | J55: 5899.6766 | K55: 5929.7027 | L55: 5939.1312 | M55: 6249.3134 | N55: 6432.9651 | O55: 6340.2717 | P55: 6487.54 | Q55: 6388.9418 | R55: 6622.6482 | S55: 6692.532 | T55: 6838.2874 | U55: 6689.8941 | V55: 7140.6458 | W55: 7387.1034 | X55: 7608.7781 | Y55: 7755.6782 | Z55: 7861.3763 | AA55: 8202.0032 | AB55: 8384.6564 | AC55: 8534.6006 | AD55: 8550.5481 | AE55: 8439.4206 | AF55: 8418.0988 | AG55: 8225.0808 | AH55: 8313.5668 | AI55: 8014.4346
A56: * Based on the total mileage
A58: Discrepancy between effective and theoretical efficiencies (ratio) | B58: =IF(B48=0,0,B48/B53) -> 3.1157486 | C58: =IF(C48=0,0,C48/C53) -> 3.1157486 | D58: =IF(D48=0,0,D48/D53) -> 3.1157486 | E58: =IF(E48=0,0,E48/E53) -> 3.1157486 | F58: =IF(F48=0,0,F48/F53) -> 3.1157486 | G58: =IF(G48=0,0,G48/G53) -> 3.1157486 | H58: =IF(H48=0,0,H48/H53) -> 3.0776611 | I58: =IF(I48=0,0,I48/I53) -> 3.082968 | ... AI58: =IF(AI48=0,0,AI48/AI53) -> 2.4551482
A59: Intra-EEA | B59: =IF(B49=0,0,B49/B54) -> 2.4596299 | C59: =IF(C49=0,0,C49/C54) -> 2.4596299 | D59: =IF(D49=0,0,D49/D54) -> 2.4596299 | E59: =IF(E49=0,0,E49/E54) -> 2.4596299 | F59: =IF(F49=0,0,F49/F54) -> 2.4596298 | G59: =IF(G49=0,0,G49/G54) -> 2.4596299 | H59: =IF(H49=0,0,H49/H54) -> 2.4295628 | I59: =IF(I49=0,0,I49/I54) -> 2.4337523 | ... AI59: =IF(AI49=0,0,AI49/AI54) -> 1.9251591
A60: Extra-EEA | B60: =IF(B50=0,0,B50/B55) -> 3.4935793 | C60: =IF(C50=0,0,C50/C55) -> 3.4935793 | D60: =IF(D50=0,0,D50/D55) -> 3.4935793 | E60: =IF(E50=0,0,E50/E55) -> 3.4935794 | F60: =IF(F50=0,0,F50/F55) -> 3.4935793 | G60: =IF(G50=0,0,G50/G55) -> 3.4935793 | H60: =IF(H50=0,0,H50/H55) -> 3.4650412 | I60: =IF(I50=0,0,I50/I55) -> 3.4717441 | ... AI60: =IF(AI50=0,0,AI50/AI55) -> 2.7840954
A62: Emission factors (kt CO2 / ktoe) | B62: =IF(B66=0,0,B66/B25) -> 3.2185528 | C62: =IF(C66=0,0,C66/C25) -> 3.2181438 | D62: =IF(D66=0,0,D66/D25) -> 3.2158665 | E62: =IF(E66=0,0,E66/E25) -> 3.2190612 | F62: =IF(F66=0,0,F66/F25) -> 3.2202854 | G62: =IF(G66=0,0,G66/G25) -> 3.2149257 | H62: =IF(H66=0,0,H66/H25) -> 3.2199928 | I62: =IF(I66=0,0,I66/I25) -> 3.221494 | ... AI62: =IF(AI66=0,0,AI66/AI25) -> 3.2108313
A63: Intra-EEA | B63: =IF(B67=0,0,B67/B26) -> 3.1883488 | C63: =IF(C67=0,0,C67/C26) -> 3.1873792 | D63: =IF(D67=0,0,D67/D26) -> 3.1819797 | E63: =IF(E67=0,0,E67/E26) -> 3.1895543 | F63: =IF(F67=0,0,F67/F26) -> 3.1924568 | G63: =IF(G67=0,0,G67/G26) -> 3.179749 | H63: =IF(H67=0,0,H67/H26) -> 3.192386 | I63: =IF(I67=0,0,I67/I26) -> 3.1959163 | ... AI63: =IF(AI67=0,0,AI67/AI26) -> 3.1787845
A64: Extra-EEA | B64: =IF(B68=0,0,B68/B32) -> 3.2307983 | C64: =IF(C68=0,0,C68/C32) -> 3.2306167 | D64: =IF(D68=0,0,D68/D32) -> 3.2296052 | E64: =IF(E68=0,0,E68/E32) -> 3.2310241 | F64: =IF(F68=0,0,F68/F32) -> 3.2315678 | G64: =IF(G68=0,0,G68/G32) -> 3.2291873 | H64: =IF(H68=0,0,H68/H32) -> 3.2315628 | I64: =IF(I68=0,0,I68/I32) -> 3.2322314 | ... AI64: =IF(AI68=0,0,AI68/AI32) -> 3.2245853
A66: CO2 emissions (kt CO2) | B66: =SUM(B67:B68) -> 13041.719 | C66: =SUM(C67:C68) -> 13346.765 | D66: =SUM(D67:D68) -> 13260.803 | E66: =SUM(E67:E68) -> 13646.288 | F66: =SUM(F67:F68) -> 13069.707 | G66: =SUM(G67:G68) -> 12436.114 | H66: =SUM(H67:H68) -> 14333.782 | I66: =SUM(I67:I68) -> 16227.379 | ... AI66: =SUM(AI67:AI68) -> 22236.739
A67: Intra-EEA | B67: 3726.8795 | C67: 3813.3757 | D67: 3785.0752 | E67: 3900.5029 | F67: 3737.6775 | G67: 3548.231 | H67: 4196.8648 | I67: 4759.9171 | J67: 4965.9937 | K67: 4529.1571 | L67: 5168.1813 | M67: 5192.2677 | N67: 6394.3664 | O67: 6972.9498 | P67: 6496.9572 | Q67: 5773.8717 | R67: 6102.0714 | S67: 6620.1827 | T67: 6772.6277 | U67: 4893.2178 | V67: 5793.4208 | W67: 4854.6472 | X67: 4697.3025 | Y67: 4987.1427 | Z67: 4499.5121 | AA67: 4989.78 | AB67: 6524.5254 | AC67: 6781.1461 | AD67: 7960.6051 | AE67: 7313.4915 | AF67: 4942.9772 | AG67: 6142.3893 | AH67: 6739.3041 | AI67: 6611.0261
A68: Extra-EEA | B68: 9314.8397 | C68: 9533.3893 | D68: 9475.7275 | E68: 9745.7853 | F68: 9332.0293 | G68: 8887.8828 | H68: 10136.918 | I68: 11467.462 | J68: 12402.715 | K68: 10332.163 | L68: 12028.302 | M68: 11616.367 | N68: 15568.623 | O68: 17045.909 | P68: 18415.682 | Q68: 18880.038 | R68: 20578.074 | S68: 23232.457 | T68: 24039.233 | U68: 17694.826 | V68: 18753.578 | W68: 16958.171 | X68: 14819.252 | Y68: 14891.946 | Z68: 12852.812 | AA68: 13662.336 | AB68: 14867.46 | AC68: 17347.652 | AD68: 21930.216 | AE68: 19080.023 | AF68: 15527.514 | AG68: 18187.601 | AH68: 17833.075 | AI68: 15625.713
A69: * Based on the energy consumption figures reported in the Eurostat energy balances
A71: Emission intensity (kg of CO2 / 100 km) | B71: =IF(B66=0,0,100*B66/B12) -> 67603.721 | C71: =IF(C66=0,0,100*C66/C12) -> 67595.132 | D71: =IF(D66=0,0,100*D66/D12) -> 67547.299 | E71: =IF(E66=0,0,100*E66/E12) -> 67614.402 | F71: =IF(F66=0,0,100*F66/F12) -> 67640.11 | G71: =IF(G66=0,0,100*G66/G12) -> 67527.538 | H71: =IF(H66=0,0,100*H66/H12) -> 67007.389 | I71: =IF(I66=0,0,100*I66/I12) -> 67126.2 | ... AI71: =IF(AI66=0,0,100*AI66/AI12) -> 71083.185
A72: Intra-EEA | B72: =IF(B67=0,0,100*B67/B13) -> 69966.903 | C72: =IF(C67=0,0,100*C67/C13) -> 69945.633 | D72: =IF(D67=0,0,100*D67/D13) -> 69827.142 | E72: =IF(E67=0,0,100*E67/E13) -> 69993.368 | F72: =IF(F67=0,0,100*F67/F13) -> 70057.051 | G72: =IF(G67=0,0,100*G67/G13) -> 69778.195 | H72: =IF(H67=0,0,100*H67/H13) -> 69199.128 | I72: =IF(I67=0,0,100*I67/I13) -> 69395.105 | ... AI72: =IF(AI67=0,0,100*AI67/AI13) -> 69115.095
A73: Extra-EEA | B73: =IF(B68=0,0,100*B68/B14) -> 66702.326 | C73: =IF(C68=0,0,100*C68/C14) -> 66698.574 | D73: =IF(D68=0,0,100*D68/D14) -> 66677.692 | E73: =IF(E68=0,0,100*E68/E14) -> 66706.986 | F73: =IF(F68=0,0,100*F68/F14) -> 66718.209 | G73: =IF(G68=0,0,100*G68/G14) -> 66669.063 | H73: =IF(H68=0,0,100*H68/H14) -> 66140.083 | I73: =IF(I68=0,0,100*I68/I14) -> 66227.411 | ... AI73: =IF(AI68=0,0,100*AI68/AI14) -> 71950.011
A75: Emission intensity over activity (kg of CO2 / thousand tkm) | B75: =IF(B66=0,0,1000*B66/B3) -> 32.350423 | C75: =IF(C66=0,0,1000*C66/C3) -> 32.346312 | D75: =IF(D66=0,0,1000*D66/D3) -> 32.323423 | E75: =IF(E66=0,0,1000*E66/E3) -> 32.355533 | F75: =IF(F66=0,0,1000*F66/F3) -> 32.367837 | G75: =IF(G66=0,0,1000*G66/G3) -> 32.313966 | H75: =IF(H66=0,0,1000*H66/H3) -> 32.272785 | I75: =IF(I66=0,0,1000*I66/I3) -> 32.300776 | ... AI75: =IF(AI66=0,0,1000*AI66/AI3) -> 23.265504
A76: Intra-EEA | B76: =IF(B67=0,0,1000*B67/B4) -> 109.6927 | C76: =IF(C67=0,0,1000*C67/C4) -> 109.65933 | D76: =IF(D67=0,0,1000*D67/D4) -> 109.47357 | E76: =IF(E67=0,0,1000*E67/E4) -> 109.73417 | F76: =IF(F67=0,0,1000*F67/F4) -> 109.83403 | G76: =IF(G67=0,0,1000*G67/G4) -> 109.39682 | H76: =IF(H67=0,0,1000*H67/H4) -> 108.48899 | I76: =IF(I67=0,0,1000*I67/I4) -> 108.79624 | ... AI76: =IF(AI67=0,0,1000*AI67/AI4) -> 76.042744
A77: Extra-EEA | B77: =IF(B68=0,0,1000*B68/B5) -> 25.232293 | C77: =IF(C68=0,0,1000*C68/C5) -> 25.230874 | D77: =IF(D68=0,0,1000*D68/D5) -> 25.222975 | E77: =IF(E68=0,0,1000*E68/E5) -> 25.234057 | F77: =IF(F68=0,0,1000*F68/F5) -> 25.238303 | G77: =IF(G68=0,0,1000*G68/G5) -> 25.219711 | H77: =IF(H68=0,0,1000*H68/H5) -> 25.001038 | I77: =IF(I68=0,0,1000*I68/I5) -> 25.003579 | ... AI77: =IF(AI68=0,0,1000*AI68/AI5) -> 17.984502
A79: Shares of CO2 emissions (%) | B79: =IF(B66=0,0,B66/B$66) -> 1 | C79: =IF(C66=0,0,C66/C$66) -> 1 | D79: =IF(D66=0,0,D66/D$66) -> 1 | E79: =IF(E66=0,0,E66/E$66) -> 1 | F79: =IF(F66=0,0,F66/F$66) -> 1 | G79: =IF(G66=0,0,G66/G$66) -> 1 | H79: =IF(H66=0,0,H66/H$66) -> 1 | I79: =IF(I66=0,0,I66/I$66) -> 1 | ... AI79: =IF(AI66=0,0,AI66/AI$66) -> 1
A80: Intra-EEA | B80: =IF(B67=0,0,B67/B$66) -> 0.28576596 | C80: =IF(C67=0,0,C67/C$66) -> 0.28571536 | D80: =IF(D67=0,0,D67/D$66) -> 0.28543334 | E80: =IF(E67=0,0,E67/E$66) -> 0.28582885 | F80: =IF(F67=0,0,F67/F$66) -> 0.28598021 | G80: =IF(G67=0,0,G67/G$66) -> 0.2853167 | H80: =IF(H67=0,0,H67/H$66) -> 0.29279535 | I80: =IF(I67=0,0,I67/I$66) -> 0.2933263 | ... AI80: =IF(AI67=0,0,AI67/AI$66) -> 0.29730195
A81: Extra-EEA | B81: =IF(B68=0,0,B68/B$66) -> 0.71423404 | C81: =IF(C68=0,0,C68/C$66) -> 0.71428464 | D81: =IF(D68=0,0,D68/D$66) -> 0.71456666 | E81: =IF(E68=0,0,E68/E$66) -> 0.71417115 | F81: =IF(F68=0,0,F68/F$66) -> 0.71401979 | G81: =IF(G68=0,0,G68/G$66) -> 0.7146833 | H81: =IF(H68=0,0,H68/H$66) -> 0.70720465 | I81: =IF(I68=0,0,I68/I$66) -> 0.7066737 | ... AI81: =IF(AI68=0,0,AI68/AI$66) -> 0.70269805
A83: CO2 emissions - MRV compliant (kt CO2) | AD83: =SUM(AD84:AD85) -> 28010.884 | AE83: =SUM(AE84:AE85) -> 24834.461 | AF83: =SUM(AF84:AF85) -> 20470.491 | AG83: =SUM(AG84:AG85) -> 23998.535 | AH83: =SUM(AH84:AH85) -> 24507.983 | AI83: =SUM(AI84:AI85) -> 22150.585
A84: Intra-EEA | AD84: 6259.6303 | AE84: 5607.3928 | AF84: 4942.9772 | AG84: 5810.9349 | AH84: 5842.864 | AI84: 5774.3615
A85: Extra-EEA | AD85: 21751.254 | AE85: 19227.068 | AF85: 15527.514 | AG85: 18187.601 | AH85: 18665.119 | AI85: 16376.224
A86: * Considering half of the emissions for Intra-EEA voyages at the Member State level (thus matching the total in the EEA aggregation) and the full emissions for Extra-EEA movements
A87: ** Intra-EU emissions include emissions within EU ports at berth
A89: UNFCCC emissions (kt CO2) | B89: 13312.505 | C89: 13454.25 | D89: 13300.92 | E89: 13825.11 | F89: 14226.162 | G89: 12968.633 | H89: 15878.659 | I89: 17701.442 | J89: 18541.714 | K89: 14956.367 | L89: 16199.851 | M89: 16312.039 | N89: 22873.999 | O89: 23210.136 | P89: 24501.523 | Q89: 25219.314 | R89: 27572.074 | S89: 30747.701 | T89: 31262.346 | U89: 22903.924 | V89: 24882.079 | W89: 22124.664 | X89: 19811.396 | Y89: 20158.822 | Z89: 17590.057 | AA89: 18872.642 | AB89: 21656.779 | AC89: 24450.293 | AD89: 30289.418 | AE89: 26744.788 | AF89: 20470.492 | AG89: 24041.43 | AH89: 24572.389 | AI89: 22236.824
A91: Residual CO2 emissions for UNFCCC calibration (kt CO2) | B91: =B89-B$66 -> 270.78536 | C91: =C89-C$66 -> 107.48499 | D91: =D89-D$66 -> 40.117349 | E91: =E89-E$66 -> 178.82181 | F91: =F89-F$66 -> 1156.4556 | G91: =G89-G$66 -> 532.51922 | H91: =H89-H$66 -> 1544.8763 | I91: =I89-I$66 -> 1474.0628 | ... AI91: =AI89-AI$66 -> 0.084515763
A92: Intra-EEA | B92: =IF(B$66=0,50%,B$67/B$66)*B91 -> 77.38124 | C92: =IF(C$66=0,50%,C$67/C$66)*C91 -> 30.710113 | D92: =IF(D$66=0,50%,D$67/D$66)*D91 -> 11.450829 | E92: =IF(E$66=0,50%,E$67/E$66)*E91 -> 51.112433 | F92: =IF(F$66=0,50%,F$67/F$66)*F91 -> 330.72343 | G92: =IF(G$66=0,50%,G$67/G$66)*G91 -> 151.93663 | H92: =IF(H$66=0,50%,H$67/H$66)*H91 -> 452.3326 | I92: =IF(I$66=0,50%,I$67/I$66)*I91 -> 432.38137 | ... AI92: =IF(AI$66=0,50%,AI$67/AI$66)*AI91 -> 0.025126701
A93: Extra-EEA | B93: =B91-B92 -> 193.40412 | C93: =C91-C92 -> 76.774878 | D93: =D91-D92 -> 28.66652 | E93: =E91-E92 -> 127.70938 | F93: =F91-F92 -> 825.73222 | G93: =G91-G92 -> 380.58259 | H93: =H91-H92 -> 1092.5437 | I93: =I91-I92 -> 1041.6814 | ... AI93: =AI91-AI92 -> 0.059389062
A95: Annual mileage of a representative vessel | B95: 115000 | C95: 115000 | D95: 115000 | E95: 115000 | F95: 115000 | G95: 115000 | H95: 115000 | I95: 115000 | J95: 115000 | K95: 115000 | L95: 115000 | M95: 115000 | N95: 115000 | O95: 115000 | P95: 115000 | Q95: 115000 | R95: 115000 | S95: 115000 | T95: 115000 | U95: 115000 | V95: 115000 | W95: 115000 | X95: 115000 | Y95: 115000 | Z95: 115000 | AA95: 115000 | AB95: 115000 | AC95: 115000 | AD95: 115000 | AE95: 115000 | AF95: 115000 | AG95: 115000 | AH95: 115000 | AI95: 115000
A97: Stock of representative vessels | B97: =SUM(B98:B99) -> 167.7515 | C97: =SUM(C98:C99) -> 171.69702 | D97: =SUM(D98:D99) -> 170.71197 | E97: =SUM(E98:E99) -> 175.50015 | F97: =SUM(F98:F99) -> 168.02105 | G97: =SUM(G98:G99) -> 160.14225 | H97: =SUM(H98:H99) -> 186.0117 | I97: =SUM(I98:I99) -> 210.21248 | ... AI97: =SUM(AI98:AI99) -> 272.82262
A98: Intra-EEA | B98: 46.318539 | C98: 47.407948 | D98: 47.135965 | E98: 48.458043 | F98: 46.392965 | G98: 44.217513 | H98: 52.738348 | I98: 59.644817 | J98: 61.228974 | K98: 58.799878 | L98: 67.052791 | M98: 64.732736 | N98: 58.027457 | O98: 60.914633 | P98: 54.209354 | Q98: 49.361557 | R98: 49.772148 | S98: 50.809426 | T98: 51.700704 | U98: 44.995425 | V98: 50.994078 | W98: 52.474278 | X98: 54.124826 | Y98: 56.794991 | Z98: 61.931383 | AA98: 63.365388 | AB98: 74.973234 | AC98: 70.78767 | AD98: 69.562604 | AE98: 76.822026 | AF98: 70.202092 | AG98: 79.145925 | AH98: 80.600969 | AI98: 83.176017
A99: Extra-EEA | B99: 121.43296 | C99: 124.28907 | D99: 123.57601 | E99: 127.0421 | F99: 121.62809 | G99: 115.92474 | H99: 133.27336 | I99: 150.56766 | J99: 161.02255 | K99: 139.10258 | L99: 161.63593 | M99: 147.04183 | N99: 145.95548 | O99: 160.18267 | P99: 167.26629 | Q99: 184.71429 | R99: 189.4497 | S99: 205.83123 | T99: 209.0871 | U99: 192.9235 | V99: 179.68921 | W99: 183.84585 | X99: 168.91638 | Y99: 163.85557 | Z99: 167.01649 | AA99: 162.44817 | AB99: 160.4833 | AC99: 172.71514 | AD99: 180.19356 | AE99: 185.89532 | AF99: 180.35205 | AG99: 187.80587 | AH99: 204.25935 | AI99: 189.6466
A101: New representative vessels (total) | B101: =SUM(B102:B103) -> 0 | C101: =SUM(C102:C103) -> 8.7384216 | D101: =SUM(D102:D103) -> 3.8078564 | E101: =SUM(E102:E103) -> 9.5810738 | F101: =SUM(F102:F103) -> 0 | G101: =SUM(G102:G103) -> 0 | H101: =SUM(H102:H103) -> 30.662352 | I101: =SUM(I102:I103) -> 28.993674 | ... AI101: =SUM(AI102:AI103) -> 4.7408338
A102: Intra-EEA | B102: 0 | C102: 2.4127955 | D102: 1.0514042 | E102: 2.6454651 | F102: 0 | G102: 0 | H102: 9.8442216 | I102: 8.2298564 | J102: 2.9075434 | K102: 0 | L102: 9.5762999 | M102: 0 | N102: 0 | O102: 4.5251306 | P102: 0 | Q102: 0 | R102: 1.8408462 | S102: 2.3606651 | T102: 2.2146651 | U102: 0 | V102: 7.3220399 | W102: 2.8035868 | X102: 2.9739347 | Y102: 3.993552 | Z102: 6.4597781 | AA102: 3.0719593 | AB102: 13.2458 | AC102: 0.052126828 | AD102: 0.22468099 | AE102: 8.5828086 | AF102: 0 | AG102: 10.26722 | AH102: 3.043535 | AI102: 3.8984357
A103: Extra-EEA | B103: 0 | C103: 6.3256261 | D103: 2.7564522 | E103: 6.9356087 | F103: 0 | G103: 0 | H103: 20.81813 | I103: 20.763817 | J103: 13.9244 | K103: 0.58525689 | L103: 26.002861 | M103: 0 | N103: 2.7722301 | O103: 17.696704 | P103: 11.261578 | Q103: 21.3635 | R103: 8.2049217 | S103: 19.890447 | T103: 6.7253739 | U103: 0 | V103: 0.45284211 | W103: 8.2654301 | X103: 0.52568298 | Y103: 0.012022112 | Z103: 6.6304348 | AA103: 0 | AB103: 2.1318892 | AC103: 16.40979 | AD103: 10.947929 | AE103: 9.1712783 | AF103: 0 | AG103: 10.974411 | AH103: 19.922991 | AI103: 0.84239809

Sheet BG
A1: BG - Bulgaria | B1: 1990 | C1: 1991 | D1: 1992 | E1: 1993 | F1: 1994 | G1: 1995 | H1: 1996 | I1: 1997 | J1: 1998 | K1: 1999 | L1: 2000 | M1: 2001 | N1: 2002 | O1: 2003 | P1: 2004 | Q1: 2005 | R1: 2006 | S1: 2007 | T1: 2008 | U1: 2009 | V1: 2010 | W1: 2011 | X1: 2012 | Y1: 2013 | Z1: 2014 | AA1: 2015 | AB1: 2016 | AC1: 2017 | AD1: 2018 | AE1: 2019 | AF1: 2020 | AG1: 2021 | AH1: 2022 | AI1: 2023
A3: Transport activity (Mtkm) | B3: =SUM(B4:B5) -> 23931.84 | C3: =SUM(C4:C5) -> 121739.59 | D3: =SUM(D4:D5) -> 112000.53 | E3: =SUM(E4:E5) -> 108141.1 | F3: =SUM(F4:F5) -> 108874.04 | G3: =SUM(G4:G5) -> 113191.31 | H3: =SUM(H4:H5) -> 99169.06 | I3: =SUM(I4:I5) -> 3912.0104 | ... AI3: =SUM(AI4:AI5) -> 60839.916
A4: Intra-EEA | B4: 5330.0593 | C4: 27113.636 | D4: 24944.569 | E4: 24085.003 | F4: 24248.243 | G4: 25209.779 | H4: 22764.845 | I4: 898.57986 | J4: 6684.8211 | K4: 857.8501 | L4: 6801.136 | M4: 9904.2685 | N4: 10044.867 | O4: 7254.0672 | P4: 6609.9567 | Q4: 6715.67 | R4: 8568.1018 | S4: 4040.072 | T4: 5102.6239 | U4: 9422.0156 | V4: 7928.3024 | W4: 9634.1764 | X4: 9022.7574 | Y4: 12692.614 | Z4: 10726.698 | AA4: 8797.6348 | AB4: 12011.877 | AC4: 13484.235 | AD4: 14949.17 | AE4: 14655.012 | AF4: 11466.507 | AG4: 11175.071 | AH4: 10833.293 | AI4: 11811.084
A5: Extra-EEA | B5: 18601.781 | C5: 94625.949 | D5: 87055.957 | E5: 84056.094 | F5: 84625.797 | G5: 87981.535 | H5: 76404.214 | I5: 3013.4306 | J5: 23423.252 | K5: 2679.7723 | L5: 21660.68 | M5: 32370.673 | N5: 31058.823 | O5: 39877.806 | P5: 41478.535 | Q5: 43698.61 | R5: 46009.403 | S5: 35493.261 | T5: 33928.66 | U5: 23854.064 | V5: 26210.87 | W5: 22473.621 | X5: 22536.51 | Y5: 30465.659 | Z5: 33910.529 | AA5: 34656.42 | AB5: 35827.359 | AC5: 34716.018 | AD5: 32644.14 | AE5: 36370.929 | AF5: 27275.417 | AG5: 34677.053 | AH5: 37827.501 | AI5: 49028.833
A6: * Considering both inwards and outwards flows of goods transported with half of the distance of the voyages (thus the total distance for Intra-EEA in the EEA aggregation)
A8: Market shares of activity (% of tkm) | B8: =IF(B3=0,0,B3/B$3) -> 1 | C8: =IF(C3=0,0,C3/C$3) -> 1 | D8: =IF(D3=0,0,D3/D$3) -> 1 | E8: =IF(E3=0,0,E3/E$3) -> 1 | F8: =IF(F3=0,0,F3/F$3) -> 1 | G8: =IF(G3=0,0,G3/G$3) -> 1 | H8: =IF(H3=0,0,H3/H$3) -> 1 | I8: =IF(I3=0,0,I3/I$3) -> 1 | ... AI8: =IF(AI3=0,0,AI3/AI$3) -> 1
A9: Intra-EEA | B9: =IF(B4=0,0,B4/B$3) -> 0.22271832 | C9: =IF(C4=0,0,C4/C$3) -> 0.22271832 | D9: =IF(D4=0,0,D4/D$3) -> 0.22271832 | E9: =IF(E4=0,0,E4/E$3) -> 0.22271832 | F9: =IF(F4=0,0,F4/F$3) -> 0.22271832 | G9: =IF(G4=0,0,G4/G$3) -> 0.22271832 | H9: =IF(H4=0,0,H4/H$3) -> 0.22955593 | I9: =IF(I4=0,0,I4/I$3) -> 0.22969772 | ... AI9: =IF(AI4=0,0,AI4/AI$3) -> 0.19413379
A10: Extra-EEA | B10: =IF(B5=0,0,B5/B$3) -> 0.77728168 | C10: =IF(C5=0,0,C5/C$3) -> 0.77728168 | D10: =IF(D5=0,0,D5/D$3) -> 0.77728168 | E10: =IF(E5=0,0,E5/E$3) -> 0.77728168 | F10: =IF(F5=0,0,F5/F$3) -> 0.77728168 | G10: =IF(G5=0,0,G5/G$3) -> 0.77728168 | H10: =IF(H5=0,0,H5/H$3) -> 0.77044407 | I10: =IF(I5=0,0,I5/I$3) -> 0.77030228 | ... AI10: =IF(AI5=0,0,AI5/AI$3) -> 0.80586621
A12: Vehicle-km (Mvkm) | B12: =SUM(B13:B14) -> 1.917527 | C12: =SUM(C13:C14) -> 9.754326 | D12: =SUM(D13:D14) -> 8.973988 | E12: =SUM(E13:E14) -> 8.664753 | F12: =SUM(F13:F14) -> 8.72348 | G12: =SUM(G13:G14) -> 9.0694 | H12: =SUM(H13:H14) -> 8.027092 | I12: =SUM(I13:I14) -> 0.316171 | ... AI12: =SUM(AI13:AI14) -> 3.093277
