Workbook

Sheet cover
B6: JRC-IDEES-2023 - Integrated Database of the European Energy System
C10: European Union (27 countries from 2020)
C15: Energy balances
L28: Prepared by JRC C.6
L30: 45967.481
L31: v2023-1.00
B33: Legal Notice
B35: The information made available is property of the Joint Research Centre of the European Commission.
B36: Neither the European Commission nor any person acting on behalf of the Commission is responsible for the use which might be made of this information.
B38: Use conditions
B39: This work is licensed under
B40: CC BY 4.0

Sheet index
A1: European Union (27 countries from 2020) | B1: EU27 | C1: 2000 | D1: 2001 | E1: 2002 | F1: 2003 | G1: 2004 | H1: 2005 | I1: 2006 | J1: 2007 | K1: 2008 | L1: 2009 | M1: 2010 | N1: 2011 | O1: 2012 | P1: 2013 | Q1: 2014 | R1: 2015 | S1: 2016 | T1: 2017 | U1: 2018 | V1: 2019 | W1: 2020 | X1: 2021 | Y1: 2022 | Z1: 2023
B2: Click on the link to jump to the sheet
A3: Total | B3: kt CO2
A4: Gross available energy | B4: =HYPERLINK("#"&CELL("address",GAE!$Z$2),"GAE") -> GAE | C4: =GAE!C$2 -> 3498242.5 | D4: =GAE!D$2 -> 3556692.7 | E4: =GAE!E$2 -> 3562766.6 | F4: =GAE!F$2 -> 3649251.9 | G4: =GAE!G$2 -> 3667632.4 | H4: =GAE!H$2 -> 3654689.4 | I4: =GAE!I$2 -> 3680644.1 | J4: =GAE!J$2 -> 3638457.5 | ... Z4: =GAE!Z$2 -> 2532690.8
A5: International maritime bunkers | B5: =HYPERLINK("#"&CELL("address",INTMARB!$Z$2),"INTMARB") -> INTMARB | C5: =INTMARB!C$2 -> 129755.56 | D5: =INTMARB!D$2 -> 133806.23 | E5: =INTMARB!E$2 -> 137724.48 | F5: =INTMARB!F$2 -> 141828.47 | G5: =INTMARB!G$2 -> 149118.53 | H5: =INTMARB!H$2 -> 152050.66 | I5: =INTMARB!I$2 -> 162126.1 | J5: =INTMARB!J$2 -> 169125.02 | ... Z5: =INTMARB!Z$2 -> 124591.13
A6: International Intra-EEA maritime bunkers | B6: =HYPERLINK("#"&CELL("address",index!$Z$2),"index") -> index | C6: =index!C$2 -> 0 | D6: =index!D$2 -> 0 | E6: =index!E$2 -> 0 | F6: =index!F$2 -> 0 | G6: =index!G$2 -> 0 | H6: =index!H$2 -> 0 | I6: =index!I$2 -> 0 | J6: =index!J$2 -> 0 | ... Z6: =index!Z$2 -> 0
A7: International Extra-EEA maritime bunkers | B7: =HYPERLINK("#"&CELL("address",INTMARB_EX!$Z$2),"INTMARB_EX") -> INTMARB_EX | C7: =INTMARB_EX!C$2 -> 83174.473 | D7: =INTMARB_EX!D$2 -> 87375.792 | E7: =INTMARB_EX!E$2 -> 91266.991 | F7: =INTMARB_EX!F$2 -> 93612.98 | G7: =INTMARB_EX!G$2 -> 99787.809 | H7: =INTMARB_EX!H$2 -> 104345.29 | I7: =INTMARB_EX!I$2 -> 113164.79 | J7: =INTMARB_EX!J$2 -> 119087.51 | ... Z7: =INTMARB_EX!Z$2 -> 80296.513
A8: Gross inland consumption | B8: =HYPERLINK("#"&CELL("address",GIC!$Z$2),"GIC") -> GIC | C8: =GIC!C$2 -> 3368486.9 | D8: =GIC!D$2 -> 3422886.4 | E8: =GIC!E$2 -> 3425042.1 | F8: =GIC!F$2 -> 3507423.5 | G8: =GIC!G$2 -> 3518513.9 | H8: =GIC!H$2 -> 3502638.7 | I8: =GIC!I$2 -> 3518518 | J8: =GIC!J$2 -> 3469332.5 | ... Z8: =GIC!Z$2 -> 2408099.7
A9: International aviation | B9: =HYPERLINK("#"&CELL("address",INTAVI!$Z$2),"INTAVI") -> INTAVI | C9: =INTAVI!C$2 -> 86018.368 | D9: =INTAVI!D$2 -> 84030.351 | E9: =INTAVI!E$2 -> 82576.137 | F9: =INTAVI!F$2 -> 84156.863 | G9: =INTAVI!G$2 -> 90121.752 | H9: =INTAVI!H$2 -> 93765.213 | I9: =INTAVI!I$2 -> 98548.682 | J9: =INTAVI!J$2 -> 102820.45 | ... Z9: =INTAVI!Z$2 -> 115178.69
A10: International Intra-EEAwUK passenger aviation | B10: =HYPERLINK("#"&CELL("address",INTAVI_PA_IN!$Z$2),"INTAVI_PA_IN") -> INTAVI_PA_IN | C10: =INTAVI_PA_IN!C$2 -> 34769.311 | D10: =INTAVI_PA_IN!D$2 -> 34754.964 | E10: =INTAVI_PA_IN!E$2 -> 32737.549 | F10: =INTAVI_PA_IN!F$2 -> 34971.181 | G10: =INTAVI_PA_IN!G$2 -> 36326.911 | H10: =INTAVI_PA_IN!H$2 -> 37762.713 | I10: =INTAVI_PA_IN!I$2 -> 40221.77 | J10: =INTAVI_PA_IN!J$2 -> 42692.7 | ... Z10: =INTAVI_PA_IN!Z$2 -> 50836.243
A11: International Extra-EEAwUK passenger aviation | B11: =HYPERLINK("#"&CELL("address",INTAVI_PA_EX!$Z$2),"INTAVI_PA_EX") -> INTAVI_PA_EX | C11: =INTAVI_PA_EX!C$2 -> 43454.575 | D11: =INTAVI_PA_EX!D$2 -> 42095.647 | E11: =INTAVI_PA_EX!E$2 -> 42067.591 | F11: =INTAVI_PA_EX!F$2 -> 40849.288 | G11: =INTAVI_PA_EX!G$2 -> 44793.917 | H11: =INTAVI_PA_EX!H$2 -> 46174.39 | I11: =INTAVI_PA_EX!I$2 -> 47473.989 | J11: =INTAVI_PA_EX!J$2 -> 48787.344 | ... Z11: =INTAVI_PA_EX!Z$2 -> 51821.241
A12: International Intra-EEAwUK freight aviation | B12: =HYPERLINK("#"&CELL("address",INTAVI_FR_IN!$Z$2),"INTAVI_FR_IN") -> INTAVI_FR_IN | C12: =INTAVI_FR_IN!C$2 -> 885.03687 | D12: =INTAVI_FR_IN!D$2 -> 795.87915 | E12: =INTAVI_FR_IN!E$2 -> 844.33354 | F12: =INTAVI_FR_IN!F$2 -> 838.10987 | G12: =INTAVI_FR_IN!G$2 -> 929.59018 | H12: =INTAVI_FR_IN!H$2 -> 995.73104 | I12: =INTAVI_FR_IN!I$2 -> 1257.4879 | J12: =INTAVI_FR_IN!J$2 -> 1346.9569 | ... Z12: =INTAVI_FR_IN!Z$2 -> 1465.7926
A13: International Extra-EEAwUK freight aviation | B13: =HYPERLINK("#"&CELL("address",INTAVI_FR_EX!$Z$2),"INTAVI_FR_EX") -> INTAVI_FR_EX | C13: =INTAVI_FR_EX!C$2 -> 6909.4444 | D13: =INTAVI_FR_EX!D$2 -> 6383.861 | E13: =INTAVI_FR_EX!E$2 -> 6926.6635 | F13: =INTAVI_FR_EX!F$2 -> 7498.2841 | G13: =INTAVI_FR_EX!G$2 -> 8071.3341 | H13: =INTAVI_FR_EX!H$2 -> 8832.3792 | I13: =INTAVI_FR_EX!I$2 -> 9595.4351 | J13: =INTAVI_FR_EX!J$2 -> 9993.4475 | ... Z13: =INTAVI_FR_EX!Z$2 -> 11055.409
A14: Total energy supply | B14: =HYPERLINK("#"&CELL("address",NRGSUP!$Z$2),"NRGSUP") -> NRGSUP | C14: =NRGSUP!C$2 -> 3282468.5 | D14: =NRGSUP!D$2 -> 3338856.1 | E14: =NRGSUP!E$2 -> 3342465.9 | F14: =NRGSUP!F$2 -> 3423266.6 | G14: =NRGSUP!G$2 -> 3428392.1 | H14: =NRGSUP!H$2 -> 3408873.5 | I14: =NRGSUP!I$2 -> 3419969.3 | J14: =NRGSUP!J$2 -> 3366512 | ... Z14: =NRGSUP!Z$2 -> 2292921
A15: Electricity & heat generation | B15: =HYPERLINK("#"&CELL("address",TI_EHG_E!$Z$2),"TI_EHG_E") -> TI_EHG_E | C15: =TI_EHG_E!C$2 -> 1238715.6 | D15: =TI_EHG_E!D$2 -> 1262140 | E15: =TI_EHG_E!E$2 -> 1287832.2 | F15: =TI_EHG_E!F$2 -> 1332859.7 | G15: =TI_EHG_E!G$2 -> 1333122.7 | H15: =TI_EHG_E!H$2 -> 1322101.5 | I15: =TI_EHG_E!I$2 -> 1340447 | J15: =TI_EHG_E!J$2 -> 1354675.5 | ... Z15: =TI_EHG_E!Z$2 -> 658426.23
A16: Electricity only | B16: =HYPERLINK("#"&CELL("address",TI_EHG_E_E!$Z$2),"TI_EHG_E_E") -> TI_EHG_E_E | C16: =TI_EHG_E_E!C$2 -> 770427.39 | D16: =TI_EHG_E_E!D$2 -> 782995.1 | E16: =TI_EHG_E_E!E$2 -> 805203.23 | F16: =TI_EHG_E_E!F$2 -> 788512.33 | G16: =TI_EHG_E_E!G$2 -> 804279.61 | H16: =TI_EHG_E_E!H$2 -> 797138.6 | I16: =TI_EHG_E_E!I$2 -> 800530.69 | J16: =TI_EHG_E_E!J$2 -> 826673.03 | ... Z16: =TI_EHG_E_E!Z$2 -> 334100.78
A17: CHP | B17: =HYPERLINK("#"&CELL("address",TI_EHG_CHP_E!$Z$2),"TI_EHG_CHP_E") -> TI_EHG_CHP_E | C17: =TI_EHG_CHP_E!C$2 -> 416123.38 | D17: =TI_EHG_CHP_E!D$2 -> 425399.05 | E17: =TI_EHG_CHP_E!E$2 -> 430780.08 | F17: =TI_EHG_CHP_E!F$2 -> 489498.25 | G17: =TI_EHG_CHP_E!G$2 -> 480187.79 | H17: =TI_EHG_CHP_E!H$2 -> 480938.91 | I17: =TI_EHG_CHP_E!I$2 -> 498830.09 | J17: =TI_EHG_CHP_E!J$2 -> 486767.58 | ... Z17: =TI_EHG_CHP_E!Z$2 -> 294648.19
A18: Heat only | B18: =HYPERLINK("#"&CELL("address",TI_EHG_H_E!$Z$2),"TI_EHG_H_E") -> TI_EHG_H_E | C18: =TI_EHG_H_E!C$2 -> 52164.782 | D18: =TI_EHG_H_E!D$2 -> 53745.866 | E18: =TI_EHG_H_E!E$2 -> 51848.919 | F18: =TI_EHG_H_E!F$2 -> 54849.082 | G18: =TI_EHG_H_E!G$2 -> 48655.303 | H18: =TI_EHG_H_E!H$2 -> 44023.998 | I18: =TI_EHG_H_E!I$2 -> 41086.253 | J18: =TI_EHG_H_E!J$2 -> 41234.881 | ... Z18: =TI_EHG_H_E!Z$2 -> 29677.262
A19: Energy sector | B19: =HYPERLINK("#"&CELL("address",NRG_E!$Z$2),"NRG_E") -> NRG_E | C19: =NRG_E!C$2 -> 154789.43 | D19: =NRG_E!D$2 -> 150763.54 | E19: =NRG_E!E$2 -> 151719.48 | F19: =NRG_E!F$2 -> 148186.54 | G19: =NRG_E!G$2 -> 151751.45 | H19: =NRG_E!H$2 -> 151893.39 | I19: =NRG_E!I$2 -> 153129.44 | J19: =NRG_E!J$2 -> 155518.19 | ... Z19: =NRG_E!Z$2 -> 125369.48
A20: Coal mines | B20: =HYPERLINK("#"&CELL("address",NRG_CM_E!$Z$2),"NRG_CM_E") -> NRG_CM_E | C20: =NRG_CM_E!C$2 -> 3859.673 | D20: =NRG_CM_E!D$2 -> 3472.1711 | E20: =NRG_CM_E!E$2 -> 2015.8642 | F20: =NRG_CM_E!F$2 -> 2195.4098 | G20: =NRG_CM_E!G$2 -> 2014.3829 | H20: =NRG_CM_E!H$2 -> 1284.3301 | I20: =NRG_CM_E!I$2 -> 1284.9316 | J20: =NRG_CM_E!J$2 -> 2034.5231 | ... Z20: =NRG_CM_E!Z$2 -> 790.37496
A21: Oil & natural gas extraction plants | B21: =HYPERLINK("#"&CELL("address",NRG_OIL_NG_E!$Z$2),"NRG_OIL_NG_E") -> NRG_OIL_NG_E | C21: =NRG_OIL_NG_E!C$2 -> 9499.8683 | D21: =NRG_OIL_NG_E!D$2 -> 8794.0383 | E21: =NRG_OIL_NG_E!E$2 -> 8872.7942 | F21: =NRG_OIL_NG_E!F$2 -> 7739.6032 | G21: =NRG_OIL_NG_E!G$2 -> 8443.8365 | H21: =NRG_OIL_NG_E!H$2 -> 8561.242 | I21: =NRG_OIL_NG_E!I$2 -> 7132.846 | J21: =NRG_OIL_NG_E!J$2 -> 6075.9852 | ... Z21: =NRG_OIL_NG_E!Z$2 -> 4619.7078
A22: Patent fuel plants | B22: =HYPERLINK("#"&CELL("address",NRG_PF_E!$Z$2),"NRG_PF_E") -> NRG_PF_E | C22: =NRG_PF_E!C$2 -> 0 | D22: =NRG_PF_E!D$2 -> 0 | E22: =NRG_PF_E!E$2 -> 3.9929366 | F22: =NRG_PF_E!F$2 -> 0 | G22: =NRG_PF_E!G$2 -> 0 | H22: =NRG_PF_E!H$2 -> 0 | I22: =NRG_PF_E!I$2 -> 0 | J22: =NRG_PF_E!J$2 -> 0 | ... Z22: =NRG_PF_E!Z$2 -> 0
A23: Coke ovens | B23: =HYPERLINK("#"&CELL("address",NRG_CO_E!$Z$2),"NRG_CO_E") -> NRG_CO_E | C23: =NRG_CO_E!C$2 -> 19867.369 | D23: =NRG_CO_E!D$2 -> 18756.735 | E23: =NRG_CO_E!E$2 -> 19405.777 | F23: =NRG_CO_E!F$2 -> 17422.607 | G23: =NRG_CO_E!G$2 -> 17828.242 | H23: =NRG_CO_E!H$2 -> 18623.603 | I23: =NRG_CO_E!I$2 -> 17718.409 | J23: =NRG_CO_E!J$2 -> 18019.722 | ... Z23: =NRG_CO_E!Z$2 -> 13155.299
A24: BKB & PB plants | B24: =HYPERLINK("#"&CELL("address",NRG_BKBPB_E!$Z$2),"NRG_BKBPB_E") -> NRG_BKBPB_E | C24: =NRG_BKBPB_E!C$2 -> 847.45643 | D24: =NRG_BKBPB_E!D$2 -> 859.47534 | E24: =NRG_BKBPB_E!E$2 -> 1157.632 | F24: =NRG_BKBPB_E!F$2 -> 1302.6426 | G24: =NRG_BKBPB_E!G$2 -> 1352.7665 | H24: =NRG_BKBPB_E!H$2 -> 1180.9797 | I24: =NRG_BKBPB_E!I$2 -> 1224.874 | J24: =NRG_BKBPB_E!J$2 -> 1341.8623 | ... Z24: =NRG_BKBPB_E!Z$2 -> 612.96595
A25: Gas works | B25: =HYPERLINK("#"&CELL("address",NRG_GW_E!$Z$2),"NRG_GW_E") -> NRG_GW_E | C25: =NRG_GW_E!C$2 -> 12.29742 | D25: =NRG_GW_E!D$2 -> 8.84277 | E25: =NRG_GW_E!E$2 -> 33.860871 | F25: =NRG_GW_E!F$2 -> 38.216977 | G25: =NRG_GW_E!G$2 -> 42.254691 | H25: =NRG_GW_E!H$2 -> 34.294007 | I25: =NRG_GW_E!I$2 -> 33.919862 | J25: =NRG_GW_E!J$2 -> 12.473719 | ... Z25: =NRG_GW_E!Z$2 -> 0.06383196
A26: Blast furnaces | B26: =HYPERLINK("#"&CELL("address",NRG_BF_E!$Z$2),"NRG_BF_E") -> NRG_BF_E | C26: =NRG_BF_E!C$2 -> 18270.401 | D26: =NRG_BF_E!D$2 -> 16769.596 | E26: =NRG_BF_E!E$2 -> 18465.343 | F26: =NRG_BF_E!F$2 -> 20731.811 | G26: =NRG_BF_E!G$2 -> 20848.666 | H26: =NRG_BF_E!H$2 -> 20320.228 | I26: =NRG_BF_E!I$2 -> 20242.53 | J26: =NRG_BF_E!J$2 -> 20198.626 | ... Z26: =NRG_BF_E!Z$2 -> 20621.096
A27: Petroleum refineries (oil refineries) | B27: =HYPERLINK("#"&CELL("address",NRG_PR_E!$Z$2),"NRG_PR_E") -> NRG_PR_E | C27: =NRG_PR_E!C$2 -> 102432.36 | D27: =NRG_PR_E!D$2 -> 102102.68 | E27: =NRG_PR_E!E$2 -> 101764.22 | F27: =NRG_PR_E!F$2 -> 98756.248 | G27: =NRG_PR_E!G$2 -> 101192.65 | H27: =NRG_PR_E!H$2 -> 101824.86 | I27: =NRG_PR_E!I$2 -> 105408.1 | J27: =NRG_PR_E!J$2 -> 107655.15 | ... Z27: =NRG_PR_E!Z$2 -> 84867.958
A28: Nuclear industry | B28: =HYPERLINK("#"&CELL("address",NRG_NI_E!$Z$2),"NRG_NI_E") -> NRG_NI_E | C28: =NRG_NI_E!C$2 -> 0 | D28: =NRG_NI_E!D$2 -> 0 | E28: =NRG_NI_E!E$2 -> 0 | F28: =NRG_NI_E!F$2 -> 0 | G28: =NRG_NI_E!G$2 -> 0 | H28: =NRG_NI_E!H$2 -> 0 | I28: =NRG_NI_E!I$2 -> 0 | J28: =NRG_NI_E!J$2 -> 0 | ... Z28: =NRG_NI_E!Z$2 -> 0
A29: Coal liquefaction plants | B29: =HYPERLINK("#"&CELL("address",NRG_CL_E!$Z$2),"NRG_CL_E") -> NRG_CL_E | C29: =NRG_CL_E!C$2 -> 0 | D29: =NRG_CL_E!D$2 -> 0 | E29: =NRG_CL_E!E$2 -> 0 | F29: =NRG_CL_E!F$2 -> 0 | G29: =NRG_CL_E!G$2 -> 0 | H29: =NRG_CL_E!H$2 -> 0 | I29: =NRG_CL_E!I$2 -> 0 | J29: =NRG_CL_E!J$2 -> 0 | ... Z29: =NRG_CL_E!Z$2 -> 0
A30: Liquefaction & regasification plants (LNG) | B30: =HYPERLINK("#"&CELL("address",NRG_LNG_E!$Z$2),"NRG_LNG_E") -> NRG_LNG_E | C30: =NRG_LNG_E!C$2 -> 0 | D30: =NRG_LNG_E!D$2 -> 0 | E30: =NRG_LNG_E!E$2 -> 0 | F30: =NRG_LNG_E!F$2 -> 0 | G30: =NRG_LNG_E!G$2 -> 28.647218 | H30: =NRG_LNG_E!H$2 -> 32.406098 | I30: =NRG_LNG_E!I$2 -> 42.360504 | J30: =NRG_LNG_E!J$2 -> 142.10188 | ... Z30: =NRG_LNG_E!Z$2 -> 702.01579
A31: Gasification plants for biogas | B31: =HYPERLINK("#"&CELL("address",NRG_BIOG_E!$Z$2),"NRG_BIOG_E") -> NRG_BIOG_E | C31: =NRG_BIOG_E!C$2 -> 0 | D31: =NRG_BIOG_E!D$2 -> 0 | E31: =NRG_BIOG_E!E$2 -> 0 | F31: =NRG_BIOG_E!F$2 -> 0 | G31: =NRG_BIOG_E!G$2 -> 0 | H31: =NRG_BIOG_E!H$2 -> 0 | I31: =NRG_BIOG_E!I$2 -> 0 | J31: =NRG_BIOG_E!J$2 -> 0 | ... Z31: =NRG_BIOG_E!Z$2 -> 0
A32: Gas-to-liquids (GTL) plants | B32: =HYPERLINK("#"&CELL("address",NRG_GTL_E!$Z$2),"NRG_GTL_E") -> NRG_GTL_E | C32: =NRG_GTL_E!C$2 -> 0 | D32: =NRG_GTL_E!D$2 -> 0 | E32: =NRG_GTL_E!E$2 -> 0 | F32: =NRG_GTL_E!F$2 -> 0 | G32: =NRG_GTL_E!G$2 -> 0 | H32: =NRG_GTL_E!H$2 -> 0 | I32: =NRG_GTL_E!I$2 -> 0 | J32: =NRG_GTL_E!J$2 -> 0 | ... Z32: =NRG_GTL_E!Z$2 -> 0
A33: Charcoal production plants | B33: =HYPERLINK("#"&CELL("address",NRG_CPP_E!$Z$2),"NRG_CPP_E") -> NRG_CPP_E | C33: =NRG_CPP_E!C$2 -> 0 | D33: =NRG_CPP_E!D$2 -> 0 | E33: =NRG_CPP_E!E$2 -> 0 | F33: =NRG_CPP_E!F$2 -> 0 | G33: =NRG_CPP_E!G$2 -> 0 | H33: =NRG_CPP_E!H$2 -> 0 | I33: =NRG_CPP_E!I$2 -> 0 | J33: =NRG_CPP_E!J$2 -> 0 | ... Z33: =NRG_CPP_E!Z$2 -> 0
A34: Not elsewhere specified (energy) | B34: =HYPERLINK("#"&CELL("address",NRG_NSP_E!$Z$2),"NRG_NSP_E") -> NRG_NSP_E | C34: =NRG_NSP_E!C$2 -> 0 | D34: =NRG_NSP_E!D$2 -> 0 | E34: =NRG_NSP_E!E$2 -> 0 | F34: =NRG_NSP_E!F$2 -> 0 | G34: =NRG_NSP_E!G$2 -> 0 | H34: =NRG_NSP_E!H$2 -> 31.446267 | I34: =NRG_NSP_E!I$2 -> 41.472548 | J34: =NRG_NSP_E!J$2 -> 37.743791 | ... Z34: =NRG_NSP_E!Z$2 -> 0
A35: Final energy consumption | B35: =HYPERLINK("#"&CELL("address",FC_E!$Z$2),"FC_E") -> FC_E | C35: =FC_E!C$2 -> 1888963.6 | D35: =FC_E!D$2 -> 1925952.5 | E35: =FC_E!E$2 -> 1902914.2 | F35: =FC_E!F$2 -> 1942220.4 | G35: =FC_E!G$2 -> 1943518 | H35: =FC_E!H$2 -> 1934878.6 | I35: =FC_E!I$2 -> 1926392.8 | J35: =FC_E!J$2 -> 1856318.3 | ... Z35: =FC_E!Z$2 -> 1509125.3
A36: Industry sector | B36: =HYPERLINK("#"&CELL("address",FC_IND_E!$Z$2),"FC_IND_E") -> FC_IND_E | C36: =FC_IND_E!C$2 -> 501771.2 | D36: =FC_IND_E!D$2 -> 489860.34 | E36: =FC_IND_E!E$2 -> 482917.85 | F36: =FC_IND_E!F$2 -> 491010.1 | G36: =FC_IND_E!G$2 -> 475003.57 | H36: =FC_IND_E!H$2 -> 468505.53 | I36: =FC_IND_E!I$2 -> 453207.15 | J36: =FC_IND_E!J$2 -> 454615.84 | ... Z36: =FC_IND_E!Z$2 -> 322489.45
A37: Iron & steel | B37: =HYPERLINK("#"&CELL("address",FC_IND_IS_E!$Z$2),"FC_IND_IS_E") -> FC_IND_IS_E | C37: =FC_IND_IS_E!C$2 -> 107772.55 | D37: =FC_IND_IS_E!D$2 -> 99393.101 | E37: =FC_IND_IS_E!E$2 -> 98407.599 | F37: =FC_IND_IS_E!F$2 -> 102545.45 | G37: =FC_IND_IS_E!G$2 -> 101963.63 | H37: =FC_IND_IS_E!H$2 -> 96204.301 | I37: =FC_IND_IS_E!I$2 -> 98279.624 | J37: =FC_IND_IS_E!J$2 -> 92023.387 | ... Z37: =FC_IND_IS_E!Z$2 -> 54422.883
A38: Iron & steel - Integrated steelworks | B38: =HYPERLINK("#"&CELL("address",FC_IND_IS_BF_E!$Z$2),"FC_IND_IS_BF_E") -> FC_IND_IS_BF_E | C38: =FC_IND_IS_BF_E!C$2 -> 95379.415 | D38: =FC_IND_IS_BF_E!D$2 -> 87330.501 | E38: =FC_IND_IS_BF_E!E$2 -> 86909.623 | F38: =FC_IND_IS_BF_E!F$2 -> 90745.279 | G38: =FC_IND_IS_BF_E!G$2 -> 89907.845 | H38: =FC_IND_IS_BF_E!H$2 -> 84763.705 | I38: =FC_IND_IS_BF_E!I$2 -> 86146.679 | J38: =FC_IND_IS_BF_E!J$2 -> 80356.587 | ... Z38: =FC_IND_IS_BF_E!Z$2 -> 46887.164
A39: Iron & steel - Electric arc | B39: =HYPERLINK("#"&CELL("address",FC_IND_IS_EA_E!$Z$2),"FC_IND_IS_EA_E") -> FC_IND_IS_EA_E | C39: =FC_IND_IS_EA_E!C$2 -> 12393.14 | D39: =FC_IND_IS_EA_E!D$2 -> 12062.6 | E39: =FC_IND_IS_EA_E!E$2 -> 11497.975 | F39: =FC_IND_IS_EA_E!F$2 -> 11800.173 | G39: =FC_IND_IS_EA_E!G$2 -> 12055.783 | H39: =FC_IND_IS_EA_E!H$2 -> 11440.596 | I39: =FC_IND_IS_EA_E!I$2 -> 12132.945 | J39: =FC_IND_IS_EA_E!J$2 -> 11666.8 | ... Z39: =FC_IND_IS_EA_E!Z$2 -> 7535.7188
A40: Non-ferrous metals | B40: =HYPERLINK("#"&CELL("address",FC_IND_NFM_E!$Z$2),"FC_IND_NFM_E") -> FC_IND_NFM_E | C40: =FC_IND_NFM_E!C$2 -> 13911.801 | D40: =FC_IND_NFM_E!D$2 -> 13273.95 | E40: =FC_IND_NFM_E!E$2 -> 13638.814 | F40: =FC_IND_NFM_E!F$2 -> 12964.912 | G40: =FC_IND_NFM_E!G$2 -> 13039.901 | H40: =FC_IND_NFM_E!H$2 -> 12645.534 | I40: =FC_IND_NFM_E!I$2 -> 12134.689 | J40: =FC_IND_NFM_E!J$2 -> 11706.033 | ... Z40: =FC_IND_NFM_E!Z$2 -> 8445.8535
A41: Alumina production | B41: =HYPERLINK("#"&CELL("address",FC_IND_NFM_AM_E!$Z$2),"FC_IND_NFM_AM_E") -> FC_IND_NFM_AM_E | C41: =FC_IND_NFM_AM_E!C$2 -> 5120.5045 | D41: =FC_IND_NFM_AM_E!D$2 -> 4592.2834 | E41: =FC_IND_NFM_AM_E!E$2 -> 5173.4852 | F41: =FC_IND_NFM_AM_E!F$2 -> 5296.8188 | G41: =FC_IND_NFM_AM_E!G$2 -> 5621.5895 | H41: =FC_IND_NFM_AM_E!H$2 -> 5354.7124 | I41: =FC_IND_NFM_AM_E!I$2 -> 5613.6176 | J41: =FC_IND_NFM_AM_E!J$2 -> 4840.9631 | ... Z41: =FC_IND_NFM_AM_E!Z$2 -> 2302.3963
A42: Aluminium production - Primary | B42: =HYPERLINK("#"&CELL("address",FC_IND_NFM_PA_E!$Z$2),"FC_IND_NFM_PA_E") -> FC_IND_NFM_PA_E | C42: =FC_IND_NFM_PA_E!C$2 -> 957.13274 | D42: =FC_IND_NFM_PA_E!D$2 -> 876.75101 | E42: =FC_IND_NFM_PA_E!E$2 -> 869.30291 | F42: =FC_IND_NFM_PA_E!F$2 -> 828.6775 | G42: =FC_IND_NFM_PA_E!G$2 -> 801.0052 | H42: =FC_IND_NFM_PA_E!H$2 -> 799.15109 | I42: =FC_IND_NFM_PA_E!I$2 -> 726.75416 | J42: =FC_IND_NFM_PA_E!J$2 -> 920.51535 | ... Z42: =FC_IND_NFM_PA_E!Z$2 -> 502.61418
A43: Aluminium production - Secondary | B43: =HYPERLINK("#"&CELL("address",FC_IND_NFM_SA_E!$Z$2),"FC_IND_NFM_SA_E") -> FC_IND_NFM_SA_E | C43: =FC_IND_NFM_SA_E!C$2 -> 616.73443 | D43: =FC_IND_NFM_SA_E!D$2 -> 623.56726 | E43: =FC_IND_NFM_SA_E!E$2 -> 620.31372 | F43: =FC_IND_NFM_SA_E!F$2 -> 588.65287 | G43: =FC_IND_NFM_SA_E!G$2 -> 586.09427 | H43: =FC_IND_NFM_SA_E!H$2 -> 625.18986 | I43: =FC_IND_NFM_SA_E!I$2 -> 668.47959 | J43: =FC_IND_NFM_SA_E!J$2 -> 699.85153 | ... Z43: =FC_IND_NFM_SA_E!Z$2 -> 720.59782
A44: Other non-ferrous metals | B44: =HYPERLINK("#"&CELL("address",FC_IND_NFM_OM_E!$Z$2),"FC_IND_NFM_OM_E") -> FC_IND_NFM_OM_E | C44: =FC_IND_NFM_OM_E!C$2 -> 7217.4297 | D44: =FC_IND_NFM_OM_E!D$2 -> 7181.348 | E44: =FC_IND_NFM_OM_E!E$2 -> 6975.7117 | F44: =FC_IND_NFM_OM_E!F$2 -> 6250.7633 | G44: =FC_IND_NFM_OM_E!G$2 -> 6031.2124 | H44: =FC_IND_NFM_OM_E!H$2 -> 5866.4809 | I44: =FC_IND_NFM_OM_E!I$2 -> 5125.8378 | J44: =FC_IND_NFM_OM_E!J$2 -> 5244.7032 | ... Z44: =FC_IND_NFM_OM_E!Z$2 -> 4920.2452
A45: Chemical & petrochemical | B45: =HYPERLINK("#"&CELL("address",FC_IND_CPC_E!$Z$2),"FC_IND_CPC_E") -> FC_IND_CPC_E | C45: =FC_IND_CPC_E!C$2 -> 80533.282 | D45: =FC_IND_CPC_E!D$2 -> 80765.044 | E45: =FC_IND_CPC_E!E$2 -> 81558.005 | F45: =FC_IND_CPC_E!F$2 -> 86489.298 | G45: =FC_IND_CPC_E!G$2 -> 78449.88 | H45: =FC_IND_CPC_E!H$2 -> 77151.445 | I45: =FC_IND_CPC_E!I$2 -> 72228.992 | J45: =FC_IND_CPC_E!J$2 -> 76946.84 | ... Z45: =FC_IND_CPC_E!Z$2 -> 65853.571
A46: Basic chemicals | B46: =HYPERLINK("#"&CELL("address",FC_IND_CPC_BC_E!$Z$2),"FC_IND_CPC_BC_E") -> FC_IND_CPC_BC_E | C46: =FC_IND_CPC_BC_E!C$2 -> 47948.559 | D46: =FC_IND_CPC_BC_E!D$2 -> 48239.376 | E46: =FC_IND_CPC_BC_E!E$2 -> 50096.858 | F46: =FC_IND_CPC_BC_E!F$2 -> 53495.686 | G46: =FC_IND_CPC_BC_E!G$2 -> 49900.255 | H46: =FC_IND_CPC_BC_E!H$2 -> 49467.414 | I46: =FC_IND_CPC_BC_E!I$2 -> 47382.911 | J46: =FC_IND_CPC_BC_E!J$2 -> 49949.424 | ... Z46: =FC_IND_CPC_BC_E!Z$2 -> 42994.197
A47: Other chemicals | B47: =HYPERLINK("#"&CELL("address",FC_IND_CPC_OC_E!$Z$2),"FC_IND_CPC_OC_E") -> FC_IND_CPC_OC_E | C47: =FC_IND_CPC_OC_E!C$2 -> 26353.573 | D47: =FC_IND_CPC_OC_E!D$2 -> 26014.865 | E47: =FC_IND_CPC_OC_E!E$2 -> 24710.213 | F47: =FC_IND_CPC_OC_E!F$2 -> 25985.723 | G47: =FC_IND_CPC_OC_E!G$2 -> 22721.784 | H47: =FC_IND_CPC_OC_E!H$2 -> 21940.823 | I47: =FC_IND_CPC_OC_E!I$2 -> 19315.912 | J47: =FC_IND_CPC_OC_E!J$2 -> 21030.521 | ... Z47: =FC_IND_CPC_OC_E!Z$2 -> 17780.318
A48: Basic pharmaceutical products | B48: =HYPERLINK("#"&CELL("address",FC_IND_CPC_PH_E!$Z$2),"FC_IND_CPC_PH_E") -> FC_IND_CPC_PH_E | C48: =FC_IND_CPC_PH_E!C$2 -> 6231.1506 | D48: =FC_IND_CPC_PH_E!D$2 -> 6510.8043 | E48: =FC_IND_CPC_PH_E!E$2 -> 6750.9337 | F48: =FC_IND_CPC_PH_E!F$2 -> 7007.8893 | G48: =FC_IND_CPC_PH_E!G$2 -> 5827.8415 | H48: =FC_IND_CPC_PH_E!H$2 -> 5743.2083 | I48: =FC_IND_CPC_PH_E!I$2 -> 5530.1684 | J48: =FC_IND_CPC_PH_E!J$2 -> 5966.896 | ... Z48: =FC_IND_CPC_PH_E!Z$2 -> 5079.0561
A49: Non-metallic minerals | B49: =HYPERLINK("#"&CELL("address",FC_IND_NMM_E!$Z$2),"FC_IND_NMM_E") -> FC_IND_NMM_E | C49: =FC_IND_NMM_E!C$2 -> 110558.11 | D49: =FC_IND_NMM_E!D$2 -> 109328.13 | E49: =FC_IND_NMM_E!E$2 -> 106194.49 | F49: =FC_IND_NMM_E!F$2 -> 109760.49 | G49: =FC_IND_NMM_E!G$2 -> 111882.31 | H49: =FC_IND_NMM_E!H$2 -> 111980.71 | I49: =FC_IND_NMM_E!I$2 -> 108811.59 | J49: =FC_IND_NMM_E!J$2 -> 113306.36 | ... Z49: =FC_IND_NMM_E!Z$2 -> 77785.868
A50: Cement | B50: =HYPERLINK("#"&CELL("address",FC_IND_NMM_CM_E!$Z$2),"FC_IND_NMM_CM_E") -> FC_IND_NMM_CM_E | C50: =FC_IND_NMM_CM_E!C$2 -> 53403.653 | D50: =FC_IND_NMM_CM_E!D$2 -> 52231.956 | E50: =FC_IND_NMM_CM_E!E$2 -> 50970.058 | F50: =FC_IND_NMM_CM_E!F$2 -> 51670.921 | G50: =FC_IND_NMM_CM_E!G$2 -> 53673.483 | H50: =FC_IND_NMM_CM_E!H$2 -> 53218.199 | I50: =FC_IND_NMM_CM_E!I$2 -> 55381.137 | J50: =FC_IND_NMM_CM_E!J$2 -> 57532.806 | ... Z50: =FC_IND_NMM_CM_E!Z$2 -> 37329.242
A51: Ceramics & other non-metallic minerals | B51: =HYPERLINK("#"&CELL("address",FC_IND_NMM_CR_E!$Z$2),"FC_IND_NMM_CR_E") -> FC_IND_NMM_CR_E | C51: =FC_IND_NMM_CR_E!C$2 -> 43460.985 | D51: =FC_IND_NMM_CR_E!D$2 -> 43632.372 | E51: =FC_IND_NMM_CR_E!E$2 -> 42144.918 | F51: =FC_IND_NMM_CR_E!F$2 -> 44865.774 | G51: =FC_IND_NMM_CR_E!G$2 -> 44967.726 | H51: =FC_IND_NMM_CR_E!H$2 -> 45730.614 | I51: =FC_IND_NMM_CR_E!I$2 -> 40377.056 | J51: =FC_IND_NMM_CR_E!J$2 -> 42447.871 | ... Z51: =FC_IND_NMM_CR_E!Z$2 -> 30269.795
A52: Glass | B52: =HYPERLINK("#"&CELL("address",FC_IND_NMM_GL_E!$Z$2),"FC_IND_NMM_GL_E") -> FC_IND_NMM_GL_E | C52: =FC_IND_NMM_GL_E!C$2 -> 13693.472 | D52: =FC_IND_NMM_GL_E!D$2 -> 13463.802 | E52: =FC_IND_NMM_GL_E!E$2 -> 13079.515 | F52: =FC_IND_NMM_GL_E!F$2 -> 13223.8 | G52: =FC_IND_NMM_GL_E!G$2 -> 13241.096 | H52: =FC_IND_NMM_GL_E!H$2 -> 13031.901 | I52: =FC_IND_NMM_GL_E!I$2 -> 13053.397 | J52: =FC_IND_NMM_GL_E!J$2 -> 13325.686 | ... Z52: =FC_IND_NMM_GL_E!Z$2 -> 10186.83
A53: Paper, pulp & printing | B53: =HYPERLINK("#"&CELL("address",FC_IND_PPP_E!$Z$2),"FC_IND_PPP_E") -> FC_IND_PPP_E | C53: =FC_IND_PPP_E!C$2 -> 33691.748 | D53: =FC_IND_PPP_E!D$2 -> 31840.553 | E53: =FC_IND_PPP_E!E$2 -> 32090.892 | F53: =FC_IND_PPP_E!F$2 -> 33463.151 | G53: =FC_IND_PPP_E!G$2 -> 29615.303 | H53: =FC_IND_PPP_E!H$2 -> 29854.992 | I53: =FC_IND_PPP_E!I$2 -> 29022.246 | J53: =FC_IND_PPP_E!J$2 -> 28379.03 | ... Z53: =FC_IND_PPP_E!Z$2 -> 18787.508
A54: Pulp | B54: =HYPERLINK("#"&CELL("address",FC_IND_PPP_PU_E!$Z$2),"FC_IND_PPP_PU_E") -> FC_IND_PPP_PU_E | C54: =FC_IND_PPP_PU_E!C$2 -> 7734.8599 | D54: =FC_IND_PPP_PU_E!D$2 -> 6902.8417 | E54: =FC_IND_PPP_PU_E!E$2 -> 6780.5268 | F54: =FC_IND_PPP_PU_E!F$2 -> 7418.1424 | G54: =FC_IND_PPP_PU_E!G$2 -> 6414.9098 | H54: =FC_IND_PPP_PU_E!H$2 -> 6499.3155 | I54: =FC_IND_PPP_PU_E!I$2 -> 6347.8849 | J54: =FC_IND_PPP_PU_E!J$2 -> 6087.9295 | ... Z54: =FC_IND_PPP_PU_E!Z$2 -> 3417.3092
A55: Paper | B55: =HYPERLINK("#"&CELL("address",FC_IND_PPP_PA_E!$Z$2),"FC_IND_PPP_PA_E") -> FC_IND_PPP_PA_E | C55: =FC_IND_PPP_PA_E!C$2 -> 25225.007 | D55: =FC_IND_PPP_PA_E!D$2 -> 24376.29 | E55: =FC_IND_PPP_PA_E!E$2 -> 24680.376 | F55: =FC_IND_PPP_PA_E!F$2 -> 25285.239 | G55: =FC_IND_PPP_PA_E!G$2 -> 22642.805 | H55: =FC_IND_PPP_PA_E!H$2 -> 22785.582 | I55: =FC_IND_PPP_PA_E!I$2 -> 22146.868 | J55: =FC_IND_PPP_PA_E!J$2 -> 21720.766 | ... Z55: =FC_IND_PPP_PA_E!Z$2 -> 14936.713
A56: Printing and reproduction of recorded media | B56: =HYPERLINK("#"&CELL("address",FC_IND_PPP_PR_E!$Z$2),"FC_IND_PPP_PR_E") -> FC_IND_PPP_PR_E | C56: =FC_IND_PPP_PR_E!C$2 -> 731.88063 | D56: =FC_IND_PPP_PR_E!D$2 -> 561.42056 | E56: =FC_IND_PPP_PR_E!E$2 -> 629.98859 | F56: =FC_IND_PPP_PR_E!F$2 -> 759.76893 | G56: =FC_IND_PPP_PR_E!G$2 -> 557.58783 | H56: =FC_IND_PPP_PR_E!H$2 -> 570.09365 | I56: =FC_IND_PPP_PR_E!I$2 -> 527.49355 | J56: =FC_IND_PPP_PR_E!J$2 -> 570.33447 | ... Z56: =FC_IND_PPP_PR_E!Z$2 -> 433.48561
A57: Food, beverages & tobacco | B57: =HYPERLINK("#"&CELL("address",FC_IND_FBT_E!$Z$2),"FC_IND_FBT_E") -> FC_IND_FBT_E | C57: =FC_IND_FBT_E!C$2 -> 51162.231 | D57: =FC_IND_FBT_E!D$2 -> 51832.56 | E57: =FC_IND_FBT_E!E$2 -> 53404.108 | F57: =FC_IND_FBT_E!F$2 -> 52860.789 | G57: =FC_IND_FBT_E!G$2 -> 51109.925 | H57: =FC_IND_FBT_E!H$2 -> 47383.832 | I57: =FC_IND_FBT_E!I$2 -> 44073.192 | J57: =FC_IND_FBT_E!J$2 -> 43827.317 | ... Z57: =FC_IND_FBT_E!Z$2 -> 36500.418
A58: Transport equipment | B58: =HYPERLINK("#"&CELL("address",FC_IND_TE_E!$Z$2),"FC_IND_TE_E") -> FC_IND_TE_E | C58: =FC_IND_TE_E!C$2 -> 9374.7502 | D58: =FC_IND_TE_E!D$2 -> 9737.1801 | E58: =FC_IND_TE_E!E$2 -> 8908.8668 | F58: =FC_IND_TE_E!F$2 -> 9426.453 | G58: =FC_IND_TE_E!G$2 -> 9013.5854 | H58: =FC_IND_TE_E!H$2 -> 8017.2101 | I58: =FC_IND_TE_E!I$2 -> 7781.7553 | J58: =FC_IND_TE_E!J$2 -> 7798.6683 | ... Z58: =FC_IND_TE_E!Z$2 -> 5680.1564
A59: Machinery | B59: =HYPERLINK("#"&CELL("address",FC_IND_MAC_E!$Z$2),"FC_IND_MAC_E") -> FC_IND_MAC_E | C59: =FC_IND_MAC_E!C$2 -> 25560.685 | D59: =FC_IND_MAC_E!D$2 -> 26265.967 | E59: =FC_IND_MAC_E!E$2 -> 25599.069 | F59: =FC_IND_MAC_E!F$2 -> 25277.56 | G59: =FC_IND_MAC_E!G$2 -> 25173.978 | H59: =FC_IND_MAC_E!H$2 -> 24712.274 | I59: =FC_IND_MAC_E!I$2 -> 24547.675 | J59: =FC_IND_MAC_E!J$2 -> 23904.079 | ... Z59: =FC_IND_MAC_E!Z$2 -> 15342.265
A60: Textile & leather | B60: =HYPERLINK("#"&CELL("address",FC_IND_TL_E!$Z$2),"FC_IND_TL_E") -> FC_IND_TL_E | C60: =FC_IND_TL_E!C$2 -> 16519.668 | D60: =FC_IND_TL_E!D$2 -> 15995.167 | E60: =FC_IND_TL_E!E$2 -> 15871.696 | F60: =FC_IND_TL_E!F$2 -> 15900.778 | G60: =FC_IND_TL_E!G$2 -> 14448.036 | H60: =FC_IND_TL_E!H$2 -> 10820.097 | I60: =FC_IND_TL_E!I$2 -> 9813.9823 | J60: =FC_IND_TL_E!J$2 -> 8613.4805 | ... Z60: =FC_IND_TL_E!Z$2 -> 3718.4902
A61: Wood & wood products | B61: =HYPERLINK("#"&CELL("address",FC_IND_WP_E!$Z$2),"FC_IND_WP_E") -> FC_IND_WP_E | C61: =FC_IND_WP_E!C$2 -> 3884.3688 | D61: =FC_IND_WP_E!D$2 -> 3808.3662 | E61: =FC_IND_WP_E!E$2 -> 3497.3988 | F61: =FC_IND_WP_E!F$2 -> 3680.7825 | G61: =FC_IND_WP_E!G$2 -> 4281.727 | H61: =FC_IND_WP_E!H$2 -> 4055.7278 | I61: =FC_IND_WP_E!I$2 -> 4020.7129 | J61: =FC_IND_WP_E!J$2 -> 3491.6542 | ... Z61: =FC_IND_WP_E!Z$2 -> 1966.8342
A62: Mining & quarrying | B62: =HYPERLINK("#"&CELL("address",FC_IND_MQ_E!$Z$2),"FC_IND_MQ_E") -> FC_IND_MQ_E | C62: =FC_IND_MQ_E!C$2 -> 5648.8726 | D62: =FC_IND_MQ_E!D$2 -> 4962.5793 | E62: =FC_IND_MQ_E!E$2 -> 5085.9639 | F62: =FC_IND_MQ_E!F$2 -> 5383.7048 | G62: =FC_IND_MQ_E!G$2 -> 5577.0996 | H62: =FC_IND_MQ_E!H$2 -> 5334.8758 | I62: =FC_IND_MQ_E!I$2 -> 4686.1652 | J62: =FC_IND_MQ_E!J$2 -> 4849.5262 | ... Z62: =FC_IND_MQ_E!Z$2 -> 4745.7492
A63: Construction | B63: =HYPERLINK("#"&CELL("address",FC_IND_CON_E!$Z$2),"FC_IND_CON_E") -> FC_IND_CON_E | C63: =FC_IND_CON_E!C$2 -> 15442.85 | D63: =FC_IND_CON_E!D$2 -> 15825.227 | E63: =FC_IND_CON_E!E$2 -> 17098.111 | F63: =FC_IND_CON_E!F$2 -> 14806.788 | G63: =FC_IND_CON_E!G$2 -> 14991.043 | H63: =FC_IND_CON_E!H$2 -> 15871.263 | I63: =FC_IND_CON_E!I$2 -> 15900.058 | J63: =FC_IND_CON_E!J$2 -> 14901.086 | ... Z63: =FC_IND_CON_E!Z$2 -> 15996.581
A64: Not elsewhere specified (industry) | B64: =HYPERLINK("#"&CELL("address",FC_IND_NSP_E!$Z$2),"FC_IND_NSP_E") -> FC_IND_NSP_E | C64: =FC_IND_NSP_E!C$2 -> 27710.28 | D64: =FC_IND_NSP_E!D$2 -> 26832.517 | E64: =FC_IND_NSP_E!E$2 -> 21562.838 | F64: =FC_IND_NSP_E!F$2 -> 18449.942 | G64: =FC_IND_NSP_E!G$2 -> 15457.155 | H64: =FC_IND_NSP_E!H$2 -> 24473.266 | I64: =FC_IND_NSP_E!I$2 -> 21906.468 | J64: =FC_IND_NSP_E!J$2 -> 24868.377 | ... Z64: =FC_IND_NSP_E!Z$2 -> 13243.277
A65: Transport sector | B65: =HYPERLINK("#"&CELL("address",FC_TRA_E!$Z$2),"FC_TRA_E") -> FC_TRA_E | C65: =FC_TRA_E!C$2 -> 772280.98 | D65: =FC_TRA_E!D$2 -> 786602.44 | E65: =FC_TRA_E!E$2 -> 794785.63 | F65: =FC_TRA_E!F$2 -> 806173.01 | G65: =FC_TRA_E!G$2 -> 825961.53 | H65: =FC_TRA_E!H$2 -> 824194.46 | I65: =FC_TRA_E!I$2 -> 836525.47 | J65: =FC_TRA_E!J$2 -> 845265.83 | ... Z65: =FC_TRA_E!Z$2 -> 773591.37
A66: Rail | B66: =HYPERLINK("#"&CELL("address",FC_TRA_RAIL_E!$Z$2),"FC_TRA_RAIL_E") -> FC_TRA_RAIL_E | C66: =FC_TRA_RAIL_E!C$2 -> 9145.692 | D66: =FC_TRA_RAIL_E!D$2 -> 8164.7114 | E66: =FC_TRA_RAIL_E!E$2 -> 8164.5414 | F66: =FC_TRA_RAIL_E!F$2 -> 8157.3908 | G66: =FC_TRA_RAIL_E!G$2 -> 8304.6075 | H66: =FC_TRA_RAIL_E!H$2 -> 7801.9732 | I66: =FC_TRA_RAIL_E!I$2 -> 7447.4456 | J66: =FC_TRA_RAIL_E!J$2 -> 8017.2779 | ... Z66: =FC_TRA_RAIL_E!Z$2 -> 3101.4322
A67: Metro and tram, urban light rail | B67: =HYPERLINK("#"&CELL("address",FC_TRA_RAIL_MTU_E!$Z$2),"FC_TRA_RAIL_MTU_E") -> FC_TRA_RAIL_MTU_E | C67: =FC_TRA_RAIL_MTU_E!C$2 -> 0 | D67: =FC_TRA_RAIL_MTU_E!D$2 -> 0 | E67: =FC_TRA_RAIL_MTU_E!E$2 -> 0 | F67: =FC_TRA_RAIL_MTU_E!F$2 -> 0 | G67: =FC_TRA_RAIL_MTU_E!G$2 -> 0 | H67: =FC_TRA_RAIL_MTU_E!H$2 -> 0 | I67: =FC_TRA_RAIL_MTU_E!I$2 -> 0 | J67: =FC_TRA_RAIL_MTU_E!J$2 -> 0 | ... Z67: =FC_TRA_RAIL_MTU_E!Z$2 -> 0
A68: Conventional passenger trains | B68: =HYPERLINK("#"&CELL("address",FC_TRA_RAIL_CPT_E!$Z$2),"FC_TRA_RAIL_CPT_E") -> FC_TRA_RAIL_CPT_E | C68: =FC_TRA_RAIL_CPT_E!C$2 -> 6183.4674 | D68: =FC_TRA_RAIL_CPT_E!D$2 -> 5463.085 | E68: =FC_TRA_RAIL_CPT_E!E$2 -> 5505.4873 | F68: =FC_TRA_RAIL_CPT_E!F$2 -> 5681.9084 | G68: =FC_TRA_RAIL_CPT_E!G$2 -> 5805.3693 | H68: =FC_TRA_RAIL_CPT_E!H$2 -> 5478.0625 | I68: =FC_TRA_RAIL_CPT_E!I$2 -> 4938.2845 | J68: =FC_TRA_RAIL_CPT_E!J$2 -> 5306.4001 | ... Z68: =FC_TRA_RAIL_CPT_E!Z$2 -> 2014.7133
A69: High speed passenger trains | B69: =HYPERLINK("#"&CELL("address",FC_TRA_RAIL_HST_E!$Z$2),"FC_TRA_RAIL_HST_E") -> FC_TRA_RAIL_HST_E | C69: =FC_TRA_RAIL_HST_E!C$2 -> 0 | D69: =FC_TRA_RAIL_HST_E!D$2 -> 0 | E69: =FC_TRA_RAIL_HST_E!E$2 -> 0 | F69: =FC_TRA_RAIL_HST_E!F$2 -> 0 | G69: =FC_TRA_RAIL_HST_E!G$2 -> 0 | H69: =FC_TRA_RAIL_HST_E!H$2 -> 0 | I69: =FC_TRA_RAIL_HST_E!I$2 -> 0 | J69: =FC_TRA_RAIL_HST_E!J$2 -> 0 | ... Z69: =FC_TRA_RAIL_HST_E!Z$2 -> 0
A70: Freight trains | B70: =HYPERLINK("#"&CELL("address",FC_TRA_RAIL_FRT_E!$Z$2),"FC_TRA_RAIL_FRT_E") -> FC_TRA_RAIL_FRT_E | C70: =FC_TRA_RAIL_FRT_E!C$2 -> 2962.2246 | D70: =FC_TRA_RAIL_FRT_E!D$2 -> 2701.6264 | E70: =FC_TRA_RAIL_FRT_E!E$2 -> 2659.054 | F70: =FC_TRA_RAIL_FRT_E!F$2 -> 2475.4824 | G70: =FC_TRA_RAIL_FRT_E!G$2 -> 2499.2382 | H70: =FC_TRA_RAIL_FRT_E!H$2 -> 2323.9107 | I70: =FC_TRA_RAIL_FRT_E!I$2 -> 2509.1612 | J70: =FC_TRA_RAIL_FRT_E!J$2 -> 2710.8778 | ... Z70: =FC_TRA_RAIL_FRT_E!Z$2 -> 1086.7189
A71: Road | B71: =HYPERLINK("#"&CELL("address",FC_TRA_ROAD_E!$Z$2),"FC_TRA_ROAD_E") -> FC_TRA_ROAD_E | C71: =FC_TRA_ROAD_E!C$2 -> 728419.55 | D71: =FC_TRA_ROAD_E!D$2 -> 741897.69 | E71: =FC_TRA_ROAD_E!E$2 -> 751759.27 | F71: =FC_TRA_ROAD_E!F$2 -> 760016.73 | G71: =FC_TRA_ROAD_E!G$2 -> 778119.04 | H71: =FC_TRA_ROAD_E!H$2 -> 776085.5 | I71: =FC_TRA_ROAD_E!I$2 -> 788489.5 | J71: =FC_TRA_ROAD_E!J$2 -> 796226.1 | ... Z71: =FC_TRA_ROAD_E!Z$2 -> 737164.46
A72: Powered two-wheelers | B72: =HYPERLINK("#"&CELL("address",FC_TRA_ROAD_P2W_E!$Z$2),"FC_TRA_ROAD_P2W_E") -> FC_TRA_ROAD_P2W_E | C72: =FC_TRA_ROAD_P2W_E!C$2 -> 9870.5582 | D72: =FC_TRA_ROAD_P2W_E!D$2 -> 10084.423 | E72: =FC_TRA_ROAD_P2W_E!E$2 -> 10137.214 | F72: =FC_TRA_ROAD_P2W_E!F$2 -> 10280.78 | G72: =FC_TRA_ROAD_P2W_E!G$2 -> 10473.695 | H72: =FC_TRA_ROAD_P2W_E!H$2 -> 10675.859 | I72: =FC_TRA_ROAD_P2W_E!I$2 -> 10424.553 | J72: =FC_TRA_ROAD_P2W_E!J$2 -> 9972.1621 | ... Z72: =FC_TRA_ROAD_P2W_E!Z$2 -> 9413.7676
A73: Passenger cars | B73: =HYPERLINK("#"&CELL("address",FC_TRA_ROAD_CAR_E!$Z$2),"FC_TRA_ROAD_CAR_E") -> FC_TRA_ROAD_CAR_E | C73: =FC_TRA_ROAD_CAR_E!C$2 -> 442223.86 | D73: =FC_TRA_ROAD_CAR_E!D$2 -> 449024.53 | E73: =FC_TRA_ROAD_CAR_E!E$2 -> 458200.19 | F73: =FC_TRA_ROAD_CAR_E!F$2 -> 461973.53 | G73: =FC_TRA_ROAD_CAR_E!G$2 -> 468968.21 | H73: =FC_TRA_ROAD_CAR_E!H$2 -> 463058.95 | I73: =FC_TRA_ROAD_CAR_E!I$2 -> 468942.92 | J73: =FC_TRA_ROAD_CAR_E!J$2 -> 472840.03 | ... Z73: =FC_TRA_ROAD_CAR_E!Z$2 -> 443021.05
A74: Motor coaches, buses and trolley buses | B74: =HYPERLINK("#"&CELL("address",FC_TRA_ROAD_BUS_E!$Z$2),"FC_TRA_ROAD_BUS_E") -> FC_TRA_ROAD_BUS_E | C74: =FC_TRA_ROAD_BUS_E!C$2 -> 42216.129 | D74: =FC_TRA_ROAD_BUS_E!D$2 -> 41873.529 | E74: =FC_TRA_ROAD_BUS_E!E$2 -> 41478.674 | F74: =FC_TRA_ROAD_BUS_E!F$2 -> 41784.284 | G74: =FC_TRA_ROAD_BUS_E!G$2 -> 41359.925 | H74: =FC_TRA_ROAD_BUS_E!H$2 -> 40437.323 | I74: =FC_TRA_ROAD_BUS_E!I$2 -> 40419.357 | J74: =FC_TRA_ROAD_BUS_E!J$2 -> 40268.227 | ... Z74: =FC_TRA_ROAD_BUS_E!Z$2 -> 38316.569
A75: Light commercial vehicles | B75: =HYPERLINK("#"&CELL("address",FC_TRA_ROAD_LCV_E!$Z$2),"FC_TRA_ROAD_LCV_E") -> FC_TRA_ROAD_LCV_E | C75: =FC_TRA_ROAD_LCV_E!C$2 -> 97148.278 | D75: =FC_TRA_ROAD_LCV_E!D$2 -> 96919.444 | E75: =FC_TRA_ROAD_LCV_E!E$2 -> 96371.92 | F75: =FC_TRA_ROAD_LCV_E!F$2 -> 98213.805 | G75: =FC_TRA_ROAD_LCV_E!G$2 -> 98862.923 | H75: =FC_TRA_ROAD_LCV_E!H$2 -> 99172.708 | I75: =FC_TRA_ROAD_LCV_E!I$2 -> 96262.835 | J75: =FC_TRA_ROAD_LCV_E!J$2 -> 98294.19 | ... Z75: =FC_TRA_ROAD_LCV_E!Z$2 -> 92329.422
A76: Heavy goods vehicles | B76: =HYPERLINK("#"&CELL("address",FC_TRA_ROAD_HGV_E!$Z$2),"FC_TRA_ROAD_HGV_E") -> FC_TRA_ROAD_HGV_E | C76: =FC_TRA_ROAD_HGV_E!C$2 -> 136960.72 | D76: =FC_TRA_ROAD_HGV_E!D$2 -> 143995.77 | E76: =FC_TRA_ROAD_HGV_E!E$2 -> 145571.27 | F76: =FC_TRA_ROAD_HGV_E!F$2 -> 147764.34 | G76: =FC_TRA_ROAD_HGV_E!G$2 -> 158454.29 | H76: =FC_TRA_ROAD_HGV_E!H$2 -> 162740.66 | I76: =FC_TRA_ROAD_HGV_E!I$2 -> 172439.83 | J76: =FC_TRA_ROAD_HGV_E!J$2 -> 174851.49 | ... Z76: =FC_TRA_ROAD_HGV_E!Z$2 -> 154083.65
A77: Domestic aviation | B77: =HYPERLINK("#"&CELL("address",FC_TRA_DAVI_E!$Z$2),"FC_TRA_DAVI_E") -> FC_TRA_DAVI_E | C77: =FC_TRA_DAVI_E!C$2 -> 17109.946 | D77: =FC_TRA_DAVI_E!D$2 -> 16684.523 | E77: =FC_TRA_DAVI_E!E$2 -> 15647.968 | F77: =FC_TRA_DAVI_E!F$2 -> 15768.624 | G77: =FC_TRA_DAVI_E!G$2 -> 16338.292 | H77: =FC_TRA_DAVI_E!H$2 -> 17463.734 | I77: =FC_TRA_DAVI_E!I$2 -> 17873.026 | J77: =FC_TRA_DAVI_E!J$2 -> 18730.695 | ... Z77: =FC_TRA_DAVI_E!Z$2 -> 18592.456
A78: Domestic passenger aviation | B78: =HYPERLINK("#"&CELL("address",FC_TRA_DAVI_PA_E!$Z$2),"FC_TRA_DAVI_PA_E") -> FC_TRA_DAVI_PA_E | C78: =FC_TRA_DAVI_PA_E!C$2 -> 16490.853 | D78: =FC_TRA_DAVI_PA_E!D$2 -> 16018.141 | E78: =FC_TRA_DAVI_PA_E!E$2 -> 15069.906 | F78: =FC_TRA_DAVI_PA_E!F$2 -> 15282.832 | G78: =FC_TRA_DAVI_PA_E!G$2 -> 15818.66 | H78: =FC_TRA_DAVI_PA_E!H$2 -> 16944.091 | I78: =FC_TRA_DAVI_PA_E!I$2 -> 17357.77 | J78: =FC_TRA_DAVI_PA_E!J$2 -> 18245.293 | ... Z78: =FC_TRA_DAVI_PA_E!Z$2 -> 18344.984
A79: Domestic freight aviation | B79: =HYPERLINK("#"&CELL("address",FC_TRA_DAVI_FR_E!$Z$2),"FC_TRA_DAVI_FR_E") -> FC_TRA_DAVI_FR_E | C79: =FC_TRA_DAVI_FR_E!C$2 -> 619.09296 | D79: =FC_TRA_DAVI_FR_E!D$2 -> 666.38175 | E79: =FC_TRA_DAVI_FR_E!E$2 -> 578.06169 | F79: =FC_TRA_DAVI_FR_E!F$2 -> 485.79163 | G79: =FC_TRA_DAVI_FR_E!G$2 -> 519.63131 | H79: =FC_TRA_DAVI_FR_E!H$2 -> 519.64304 | I79: =FC_TRA_DAVI_FR_E!I$2 -> 515.25619 | J79: =FC_TRA_DAVI_FR_E!J$2 -> 485.40103 | ... Z79: =FC_TRA_DAVI_FR_E!Z$2 -> 247.47209
A80: Domestic navigation | B80: =HYPERLINK("#"&CELL("address",FC_TRA_DNAVI_E!$Z$2),"FC_TRA_DNAVI_E") -> FC_TRA_DNAVI_E | C80: =FC_TRA_DNAVI_E!C$2 -> 16453.565 | D80: =FC_TRA_DNAVI_E!D$2 -> 16976.723 | E80: =FC_TRA_DNAVI_E!E$2 -> 16818.826 | F80: =FC_TRA_DNAVI_E!F$2 -> 17683.915 | G80: =FC_TRA_DNAVI_E!G$2 -> 17966.543 | H80: =FC_TRA_DNAVI_E!H$2 -> 17638.694 | I80: =FC_TRA_DNAVI_E!I$2 -> 18034.283 | J80: =FC_TRA_DNAVI_E!J$2 -> 17597.502 | ... Z80: =FC_TRA_DNAVI_E!Z$2 -> 12277.428
A81: Domestic coastal shipping | B81: =HYPERLINK("#"&CELL("address",FC_TRA_DNAVI_DCS_E!$Z$2),"FC_TRA_DNAVI_DCS_E") -> FC_TRA_DNAVI_DCS_E | C81: =FC_TRA_DNAVI_DCS_E!C$2 -> 13033.345 | D81: =FC_TRA_DNAVI_DCS_E!D$2 -> 13555.448 | E81: =FC_TRA_DNAVI_DCS_E!E$2 -> 13579.786 | F81: =FC_TRA_DNAVI_DCS_E!F$2 -> 14389.555 | G81: =FC_TRA_DNAVI_DCS_E!G$2 -> 14606.702 | H81: =FC_TRA_DNAVI_DCS_E!H$2 -> 14278.72 | I81: =FC_TRA_DNAVI_DCS_E!I$2 -> 15171.944 | J81: =FC_TRA_DNAVI_DCS_E!J$2 -> 14293.214 | ... Z81: =FC_TRA_DNAVI_DCS_E!Z$2 -> 9489.7993
A82: Inland waterways | B82: =HYPERLINK("#"&CELL("address",FC_TRA_DNAVI_IWW_E!$Z$2),"FC_TRA_DNAVI_IWW_E") -> FC_TRA_DNAVI_IWW_E | C82: =FC_TRA_DNAVI_IWW_E!C$2 -> 3420.2199 | D82: =FC_TRA_DNAVI_IWW_E!D$2 -> 3421.2742 | E82: =FC_TRA_DNAVI_IWW_E!E$2 -> 3239.0393 | F82: =FC_TRA_DNAVI_IWW_E!F$2 -> 3294.3602 | G82: =FC_TRA_DNAVI_IWW_E!G$2 -> 3359.8413 | H82: =FC_TRA_DNAVI_IWW_E!H$2 -> 3359.974 | I82: =FC_TRA_DNAVI_IWW_E!I$2 -> 2862.3393 | J82: =FC_TRA_DNAVI_IWW_E!J$2 -> 3304.2876 | ... Z82: =FC_TRA_DNAVI_IWW_E!Z$2 -> 2787.6284
A83: Pipeline transport | B83: =HYPERLINK("#"&CELL("address",FC_TRA_PIPE_E!$Z$2),"FC_TRA_PIPE_E") -> FC_TRA_PIPE_E | C83: =FC_TRA_PIPE_E!C$2 -> 1152.2285 | D83: =FC_TRA_PIPE_E!D$2 -> 2878.7908 | E83: =FC_TRA_PIPE_E!E$2 -> 2395.0265 | F83: =FC_TRA_PIPE_E!F$2 -> 4546.3454 | G83: =FC_TRA_PIPE_E!G$2 -> 5233.0475 | H83: =FC_TRA_PIPE_E!H$2 -> 5204.5554 | I83: =FC_TRA_PIPE_E!I$2 -> 4681.2113 | J83: =FC_TRA_PIPE_E!J$2 -> 4694.2546 | ... Z83: =FC_TRA_PIPE_E!Z$2 -> 2455.596
A84: Other sectors | B84: =HYPERLINK("#"&CELL("address",FC_OTH_E!$Z$2),"FC_OTH_E") -> FC_OTH_E | C84: =FC_OTH_E!C$2 -> 614911.37 | D84: =FC_OTH_E!D$2 -> 649489.74 | E84: =FC_OTH_E!E$2 -> 625210.75 | F84: =FC_OTH_E!F$2 -> 645037.29 | G84: =FC_OTH_E!G$2 -> 642552.88 | H84: =FC_OTH_E!H$2 -> 642178.61 | I84: =FC_OTH_E!I$2 -> 636660.18 | J84: =FC_OTH_E!J$2 -> 556436.68 | ... Z84: =FC_OTH_E!Z$2 -> 413044.49
A85: Commercial & public services | B85: =HYPERLINK("#"&CELL("address",FC_OTH_CP_E!$Z$2),"FC_OTH_CP_E") -> FC_OTH_CP_E | C85: =FC_OTH_CP_E!C$2 -> 145702.66 | D85: =FC_OTH_CP_E!D$2 -> 153745.17 | E85: =FC_OTH_CP_E!E$2 -> 147557.51 | F85: =FC_OTH_CP_E!F$2 -> 154900.04 | G85: =FC_OTH_CP_E!G$2 -> 156569.66 | H85: =FC_OTH_CP_E!H$2 -> 154451.75 | I85: =FC_OTH_CP_E!I$2 -> 161668.04 | J85: =FC_OTH_CP_E!J$2 -> 140799.13 | ... Z85: =FC_OTH_CP_E!Z$2 -> 99720.831
A86: Space heating (services) | B86: =HYPERLINK("#"&CELL("address",FC_OTH_CP_SH_E!$Z$2),"FC_OTH_CP_SH_E") -> FC_OTH_CP_SH_E | C86: =FC_OTH_CP_SH_E!C$2 -> 116344.22 | D86: =FC_OTH_CP_SH_E!D$2 -> 124353.98 | E86: =FC_OTH_CP_SH_E!E$2 -> 117202.84 | F86: =FC_OTH_CP_SH_E!F$2 -> 124419.24 | G86: =FC_OTH_CP_SH_E!G$2 -> 125338.92 | H86: =FC_OTH_CP_SH_E!H$2 -> 123970.05 | I86: =FC_OTH_CP_SH_E!I$2 -> 131005.78 | J86: =FC_OTH_CP_SH_E!J$2 -> 109835.97 | ... Z86: =FC_OTH_CP_SH_E!Z$2 -> 67661.477
A87: Space cooling (services) | B87: =HYPERLINK("#"&CELL("address",FC_OTH_CP_SC_E!$Z$2),"FC_OTH_CP_SC_E") -> FC_OTH_CP_SC_E | C87: =FC_OTH_CP_SC_E!C$2 -> 6.9402719 | D87: =FC_OTH_CP_SC_E!D$2 -> 8.9167105 | E87: =FC_OTH_CP_SC_E!E$2 -> 9.3726959 | F87: =FC_OTH_CP_SC_E!F$2 -> 21.372032 | G87: =FC_OTH_CP_SC_E!G$2 -> 14.671731 | H87: =FC_OTH_CP_SC_E!H$2 -> 16.983082 | I87: =FC_OTH_CP_SC_E!I$2 -> 26.249387 | J87: =FC_OTH_CP_SC_E!J$2 -> 27.185163 | ... Z87: =FC_OTH_CP_SC_E!Z$2 -> 276.24501
A88: Hot water (services) | B88: =HYPERLINK("#"&CELL("address",FC_OTH_CP_HW_E!$Z$2),"FC_OTH_CP_HW_E") -> FC_OTH_CP_HW_E | C88: =FC_OTH_CP_HW_E!C$2 -> 14958.797 | D88: =FC_OTH_CP_HW_E!D$2 -> 15133.87 | E88: =FC_OTH_CP_HW_E!E$2 -> 15306.547 | F88: =FC_OTH_CP_HW_E!F$2 -> 15320.997 | G88: =FC_OTH_CP_HW_E!G$2 -> 15352.865 | H88: =FC_OTH_CP_HW_E!H$2 -> 15228.668 | I88: =FC_OTH_CP_HW_E!I$2 -> 15674.127 | J88: =FC_OTH_CP_HW_E!J$2 -> 15511.602 | ... Z88: =FC_OTH_CP_HW_E!Z$2 -> 13712.027
A89: Catering (services) | B89: =HYPERLINK("#"&CELL("address",FC_OTH_CP_CA_E!$Z$2),"FC_OTH_CP_CA_E") -> FC_OTH_CP_CA_E | C89: =FC_OTH_CP_CA_E!C$2 -> 14392.702 | D89: =FC_OTH_CP_CA_E!D$2 -> 14248.408 | E89: =FC_OTH_CP_CA_E!E$2 -> 15038.751 | F89: =FC_OTH_CP_CA_E!F$2 -> 15138.432 | G89: =FC_OTH_CP_CA_E!G$2 -> 15863.201 | H89: =FC_OTH_CP_CA_E!H$2 -> 15236.05 | I89: =FC_OTH_CP_CA_E!I$2 -> 14961.888 | J89: =FC_OTH_CP_CA_E!J$2 -> 15424.367 | ... Z89: =FC_OTH_CP_CA_E!Z$2 -> 18071.082
A90: Households | B90: =HYPERLINK("#"&CELL("address",FC_OTH_HH_E!$Z$2),"FC_OTH_HH_E") -> FC_OTH_HH_E | C90: =FC_OTH_HH_E!C$2 -> 389247.96 | D90: =FC_OTH_HH_E!D$2 -> 415160.62 | E90: =FC_OTH_HH_E!E$2 -> 399680.42 | F90: =FC_OTH_HH_E!F$2 -> 410040.35 | G90: =FC_OTH_HH_E!G$2 -> 405670.97 | H90: =FC_OTH_HH_E!H$2 -> 406528.5 | I90: =FC_OTH_HH_E!I$2 -> 399746.44 | J90: =FC_OTH_HH_E!J$2 -> 345703.88 | ... Z90: =FC_OTH_HH_E!Z$2 -> 250230.68
A91: Space heating (households) | B91: =HYPERLINK("#"&CELL("address",FC_OTH_HH_SH_E!$Z$2),"FC_OTH_HH_SH_E") -> FC_OTH_HH_SH_E | C91: =FC_OTH_HH_SH_E!C$2 -> 333109.94 | D91: =FC_OTH_HH_SH_E!D$2 -> 357707.28 | E91: =FC_OTH_HH_SH_E!E$2 -> 341139.11 | F91: =FC_OTH_HH_SH_E!F$2 -> 350162.36 | G91: =FC_OTH_HH_SH_E!G$2 -> 346747.92 | H91: =FC_OTH_HH_SH_E!H$2 -> 346414.72 | I91: =FC_OTH_HH_SH_E!I$2 -> 340326.94 | J91: =FC_OTH_HH_SH_E!J$2 -> 289480.36 | ... Z91: =FC_OTH_HH_SH_E!Z$2 -> 209270.74
A92: Space cooling (households) | B92: =HYPERLINK("#"&CELL("address",FC_OTH_HH_SC_E!$Z$2),"FC_OTH_HH_SC_E") -> FC_OTH_HH_SC_E | C92: =FC_OTH_HH_SC_E!C$2 -> 0 | D92: =FC_OTH_HH_SC_E!D$2 -> 0 | E92: =FC_OTH_HH_SC_E!E$2 -> 0 | F92: =FC_OTH_HH_SC_E!F$2 -> 0 | G92: =FC_OTH_HH_SC_E!G$2 -> 0 | H92: =FC_OTH_HH_SC_E!H$2 -> 0 | I92: =FC_OTH_HH_SC_E!I$2 -> 0 | J92: =FC_OTH_HH_SC_E!J$2 -> 0 | ... Z92: =FC_OTH_HH_SC_E!Z$2 -> 0
A93: Water heating (households) | B93: =HYPERLINK("#"&CELL("address",FC_OTH_HH_WH_E!$Z$2),"FC_OTH_HH_WH_E") -> FC_OTH_HH_WH_E | C93: =FC_OTH_HH_WH_E!C$2 -> 42859.812 | D93: =FC_OTH_HH_WH_E!D$2 -> 44172.809 | E93: =FC_OTH_HH_WH_E!E$2 -> 44729.444 | F93: =FC_OTH_HH_WH_E!F$2 -> 45345.454 | G93: =FC_OTH_HH_WH_E!G$2 -> 44891.403 | H93: =FC_OTH_HH_WH_E!H$2 -> 45299.967 | I93: =FC_OTH_HH_WH_E!I$2 -> 45297.496 | J93: =FC_OTH_HH_WH_E!J$2 -> 42236.394 | ... Z93: =FC_OTH_HH_WH_E!Z$2 -> 30101.633
A94: Cooking (households) | B94: =HYPERLINK("#"&CELL("address",FC_OTH_HH_CO_E!$Z$2),"FC_OTH_HH_CO_E") -> FC_OTH_HH_CO_E | C94: =FC_OTH_HH_CO_E!C$2 -> 13278.217 | D94: =FC_OTH_HH_CO_E!D$2 -> 13280.53 | E94: =FC_OTH_HH_CO_E!E$2 -> 13811.872 | F94: =FC_OTH_HH_CO_E!F$2 -> 14532.541 | G94: =FC_OTH_HH_CO_E!G$2 -> 14031.652 | H94: =FC_OTH_HH_CO_E!H$2 -> 14813.806 | I94: =FC_OTH_HH_CO_E!I$2 -> 14122.01 | J94: =FC_OTH_HH_CO_E!J$2 -> 13987.116 | ... Z94: =FC_OTH_HH_CO_E!Z$2 -> 10858.313
A95: Agriculture, forestry and fishing | B95: =HYPERLINK("#"&CELL("address",FC_OTH_AFF_E!$Z$2),"FC_OTH_AFF_E") -> FC_OTH_AFF_E | C95: =FC_OTH_AFF_E!C$2 -> 79960.746 | D95: =FC_OTH_AFF_E!D$2 -> 80583.939 | E95: =FC_OTH_AFF_E!E$2 -> 77972.807 | F95: =FC_OTH_AFF_E!F$2 -> 80096.9 | G95: =FC_OTH_AFF_E!G$2 -> 80312.25 | H95: =FC_OTH_AFF_E!H$2 -> 81198.364 | I95: =FC_OTH_AFF_E!I$2 -> 75245.696 | J95: =FC_OTH_AFF_E!J$2 -> 69933.677 | ... Z95: =FC_OTH_AFF_E!Z$2 -> 63092.98

Sheet ef
A1: CO2 emission factors (t CO2 / toe) | B1: ef | C1: 2000 | D1: 2001 | E1: 2002 | F1: 2003 | G1: 2004 | H1: 2005 | I1: 2006 | J1: 2007 | K1: 2008 | L1: 2009 | M1: 2010 | N1: 2011 | O1: 2012 | P1: 2013 | Q1: 2014 | R1: 2015 | S1: 2016 | T1: 2017 | U1: 2018 | V1: 2019 | W1: 2020 | X1: 2021 | Y1: 2022 | Z1: 2023
A2: Total | B2: TOTAL
A3: Solid fossil fuels | B3: C0000X0350-0370
A4: Hard coal | B4: C0100
A5: Anthracite | B5: C0110 | C5: 4.1227813 | D5: 4.1148197 | E5: 4.1136434 | F5: 3.991908 | G5: 4.1069596 | H5: 4.1106688 | I5: 4.1188254 | J5: 4.0986137 | K5: 4.1542439 | L5: 4.1219116 | M5: 4.1241861 | N5: 4.104472 | O5: 4.0766349 | P5: 4.0841122 | Q5: 4.0911505 | R5: 4.0878834 | S5: 4.1065321 | T5: 4.1208936 | U5: 4.11445 | V5: 4.1532709 | W5: 4.1622583 | X5: 4.1402545 | Y5: 4.1247806 | Z5: 4.1332556
A6: Coking coal | B6: C0121 | C6: 3.994418 | D6: 3.966068 | E6: 3.9910516 | F6: 3.9738991 | G6: 4.0082218 | H6: 4.0026016 | I6: 4.0106429 | J6: 4.0108228 | K6: 4.0375818 | L6: 4.0205713 | M6: 4.0474047 | N6: 4.0465334 | O6: 4.0277796 | P6: 4.0595863 | Q6: 4.0475587 | R6: 4.0228831 | S6: 4.0550939 | T6: 4.0757462 | U6: 4.0671462 | V6: 3.9553368 | W6: 3.9557516 | X6: 3.9554612 | Y6: 4.077315 | Z6: 4.1118253
A7: Other bituminous coal | B7: C0129 | C7: 3.9778491 | D7: 3.9741633 | E7: 3.9806025 | F7: 3.9747291 | G7: 3.9828575 | H7: 3.9825206 | I7: 3.9783462 | J7: 3.9801483 | K7: 3.9800028 | L7: 3.9757761 | M7: 3.9788903 | N7: 3.9828206 | O7: 3.9772055 | P7: 3.9880559 | Q7: 3.9883969 | R7: 3.9917511 | S7: 3.9863309 | T7: 3.9803701 | U7: 3.9942492 | V7: 4.0096235 | W7: 4.0010576 | X7: 3.9863169 | Y7: 3.997876 | Z7: 3.9923853
A8: Brown coal | B8: C0200
A9: Sub-bituminous coal | B9: C0210 | C9: 4.0811556 | D9: 4.0711834 | E9: 4.0815353 | F9: 4.0893121 | G9: 4.0477967 | H9: 4.0439127 | I9: 4.0506737 | J9: 3.9907685 | K9: 3.9615805 | L9: 4.0079387 | M9: 3.9907092 | N9: 4.0098143 | O9: 4.0287212 | P9: 4.0418804 | Q9: 4.0258705 | R9: 3.9960759 | S9: 3.9261654 | T9: 3.9808014 | U9: 3.9730199 | V9: 4.0068483 | W9: 3.9930383 | X9: 3.9550053 | Y9: 3.9396168 | Z9: 3.9589557
A10: Lignite | B10: C0220 | C10: 4.5095154 | D10: 4.5145639 | E10: 4.5226417 | F10: 4.5093144 | G10: 4.5184629 | H10: 4.5210061 | I10: 4.5095894 | J10: 4.530142 | K10: 4.5219559 | L10: 4.5224107 | M10: 4.5184206 | N10: 4.5154136 | O10: 4.5486173 | P10: 4.5354845 | Q10: 4.5520551 | R10: 4.534616 | S10: 4.5307269 | T10: 4.5326321 | U10: 4.5107725 | V10: 4.4912861 | W10: 4.4948129 | X10: 4.4913463 | Y10: 4.4916135 | Z10: 4.461148
A11: Coal products | B11: C0300
A12: Patent fuel | B12: C0320 | C12: 4.2975558 | D12: 4.296055 | E12: 4.28885 | F12: 4.2714741 | G12: 4.2969541 | H12: 4.3306899 | I12: 4.3347739 | J12: 4.3310834 | K12: 4.3253149 | L12: 4.2998201 | M12: 4.1803846 | N12: 4.1535154 | O12: 4.2374149 | P12: 4.1938385 | Q12: 4.1798355 | R12: 4.1702534 | S12: 4.1758359 | T12: 4.1768161 | U12: 4.0998335 | V12: 4.1428601 | W12: 4.1522742 | X12: 4.1721061 | Y12: 4.1207842 | Z12: 4.1497228
A13: Coke oven coke | B13: C0311 | C13: 4.4798451 | D13: 4.4863089 | E13: 4.4830964 | F13: 4.473412 | G13: 4.4716026 | H13: 4.5153958 | I13: 4.5126799 | J13: 4.5259727 | K13: 4.4941313 | L13: 4.5283534 | M13: 4.5243747 | N13: 4.4790854 | O13: 4.5010794 | P13: 4.4465419 | Q13: 4.4993934 | R13: 4.5009504 | S13: 4.4868588 | T13: 4.4535701 | U13: 4.4532636 | V13: 4.4446134 | W13: 4.4393147 | X13: 4.4001815 | Y13: 4.4007001 | Z13: 4.4529361
A14: Gas coke | B14: C0312 | C14: 0 | D14: 0 | E14: 0 | F14: 0 | G14: 0 | H14: 0 | I14: 0 | J14: 0 | K14: 0 | L14: 0 | M14: 0 | N14: 0 | O14: 0 | P14: 0 | Q14: 0 | R14: 0 | S14: 0 | T14: 0 | U14: 0 | V14: 0 | W14: 0 | X14: 0 | Y14: 0 | Z14: 0
A15: Coal tar | B15: C0340 | C15: 3.3787476 | D15: 3.3592367 | E15: 3.3703841 | F15: 3.3769721 | G15: 3.3689863 | H15: 3.364134 | I15: 3.3708517 | J15: 3.3611187 | K15: 3.3571358 | L15: 3.3674 | M15: 3.3527017 | N15: 3.3537357 | O15: 3.3517412 | P15: 3.3467454 | Q15: 3.3470486 | R15: 3.3773246 | S15: 3.3766164 | T15: 3.3763589 | U15: 3.3767533 | V15: 3.371789 | W15: 3.3619051 | X15: 3.3746849 | Y15: 3.37428 | Z15: 3.3621981
A16: Brown coal briquettes | B16: C0330 | C16: 4.0843771 | D16: 4.0829358 | E16: 4.0964983 | F16: 4.0828653 | G16: 4.0654543 | H16: 4.0909389 | I16: 4.1008206 | J16: 4.1283876 | K16: 4.1441861 | L16: 4.1288903 | M16: 4.1000498 | N16: 4.1154941 | O16: 4.1287343 | P16: 4.1196029 | Q16: 4.1339332 | R16: 4.1236582 | S16: 4.1268055 | T16: 4.1237635 | U16: 4.1162886 | V16: 4.1181687 | W16: 4.1242218 | X16: 4.1203018 | Y16: 4.0873375 | Z16: 4.1192306
A17: Manufactured gases | B17: C0350-0370
A18: Gas works gas | B18: C0360 | C18: 1.8589392 | D18: 1.8589392 | E18: 1.8589392 | F18: 1.8589392 | G18: 1.8589392 | H18: 1.8589392 | I18: 1.8589392 | J18: 1.8589392 | K18: 1.8589392 | L18: 1.8589392 | M18: 1.8589392 | N18: 1.8589392 | O18: 1.8589392 | P18: 1.8589392 | Q18: 1.8589392 | R18: 1.8589392 | S18: 1.8589392 | T18: 1.8589392 | U18: 1.8589392 | V18: 1.8589392 | W18: 1.8589392 | X18: 1.8589392 | Y18: 1.8589392 | Z18: 1.8589392
A19: Coke oven gas | B19: C0350 | C19: 1.8589392 | D19: 1.8589392 | E19: 1.8589392 | F19: 1.8589392 | G19: 1.8589392 | H19: 1.8589392 | I19: 1.8589392 | J19: 1.8589392 | K19: 1.8589392 | L19: 1.8589392 | M19: 1.8589392 | N19: 1.8589392 | O19: 1.8589392 | P19: 1.8589392 | Q19: 1.8589392 | R19: 1.8589392 | S19: 1.8589392 | T19: 1.8589392 | U19: 1.8589392 | V19: 1.8589392 | W19: 1.8589392 | X19: 1.8589392 | Y19: 1.8589392 | Z19: 1.8589392
A20: Blast furnace gas | B20: C0371 | C20: 10.88568 | D20: 10.88568 | E20: 10.88568 | F20: 10.88568 | G20: 10.88568 | H20: 10.88568 | I20: 10.88568 | J20: 10.88568 | K20: 10.88568 | L20: 10.88568 | M20: 10.88568 | N20: 10.88568 | O20: 10.88568 | P20: 10.88568 | Q20: 10.88568 | R20: 10.88568 | S20: 10.88568 | T20: 10.88568 | U20: 10.88568 | V20: 10.88568 | W20: 10.88568 | X20: 10.88568 | Y20: 10.88568 | Z20: 10.88568
A21: Other recovered gases | B21: C0379 | C21: 7.619976 | D21: 7.619976 | E21: 7.619976 | F21: 7.619976 | G21: 7.619976 | H21: 7.619976 | I21: 7.619976 | J21: 7.619976 | K21: 7.619976 | L21: 7.619976 | M21: 7.619976 | N21: 7.619976 | O21: 7.619976 | P21: 7.619976 | Q21: 7.619976 | R21: 7.619976 | S21: 7.619976 | T21: 7.619976 | U21: 7.619976 | V21: 7.619976 | W21: 7.619976 | X21: 7.619976 | Y21: 7.619976 | Z21: 7.619976
A22: Peat and peat products | B22: P1000
A23: Peat | B23: P1100 | C23: 4.4138047 | D23: 4.4102396 | E23: 4.4093041 | F23: 4.4081251 | G23: 4.4686388 | H23: 4.478775 | I23: 4.4460466 | J23: 4.4307489 | K23: 4.4689193 | L23: 4.4883962 | M23: 4.4505419 | N23: 4.4881683 | O23: 4.5402339 | P23: 4.5579979 | Q23: 4.5430649 | R23: 4.5186313 | S23: 4.5482661 | T23: 4.5497815 | U23: 4.4827365 | V23: 4.4688184 | W23: 4.4694447 | X23: 4.4605168 | Y23: 4.4734969 | Z23: 4.4549357
A24: Peat products | B24: P1200 | C24: 4.4853698 | D24: 4.4959373 | E24: 4.4959897 | F24: 4.4982031 | G24: 4.8244253 | H24: 4.7178276 | I24: 4.6532445 | J24: 4.6008458 | K24: 4.6480937 | L24: 4.6888968 | M24: 4.6320738 | N24: 4.6107496 | O24: 4.6611372 | P24: 4.7263927 | Q24: 4.7020551 | R24: 4.6504864 | S24: 4.6992324 | T24: 4.696702 | U24: 4.5779354 | V24: 4.5844374 | W24: 4.6401857 | X24: 4.6197903 | Y24: 4.6672363 | Z24: 4.5492024
A25: Oil shale and oil sands | B25: S2000 | C25: 4.2754206 | D25: 4.2754206 | E25: 4.2754206 | F25: 4.2754206 | G25: 4.2471284 | H25: 4.2643029 | I25: 4.2529743 | J25: 4.2298973 | K25: 4.2214619 | L25: 4.226115 | M25: 4.232043 | N25: 4.2301305 | O25: 4.2380708 | P25: 4.2990537 | Q25: 4.4007581 | R25: 4.3408402 | S25: 4.3785295 | T25: 4.3851238 | U25: 4.4536429 | V25: 4.3972273 | W25: 4.2733179 | X25: 4.1860683 | Y25: 4.1355612 | Z25: 3.975295
A26: Oil and petroleum products | B26: O4000XBIO
A27: Crude oil, NGL, refinery feedstocks, additives and oxygenates and other hydrocarbons (excluding biofuel portion) | B27: O4100_TOT_4200-4500XBIO
A28: Crude oil | B28: O4100_TOT | C28: 3.0689244 | D28: 3.0689244 | E28: 3.0689244 | F28: 3.0689244 | G28: 3.0689244 | H28: 3.0689244 | I28: 3.0689244 | J28: 3.0689244 | K28: 3.0689244 | L28: 3.0689244 | M28: 3.0689244 | N28: 3.0689244 | O28: 3.0689244 | P28: 3.0689244 | Q28: 3.0689244 | R28: 3.0689244 | S28: 3.0689244 | T28: 3.0689244 | U28: 3.0689244 | V28: 3.0689244 | W28: 3.0689244 | X28: 3.0689244 | Y28: 3.0689244 | Z28: 3.0689244
A29: Natural gas liquids | B29: O4200 | C29: 2.6879256 | D29: 2.6879256 | E29: 2.6879256 | F29: 2.6879256 | G29: 2.6879256 | H29: 2.6879256 | I29: 2.6879256 | J29: 2.6879256 | K29: 2.6879256 | L29: 2.6879256 | M29: 2.6879256 | N29: 2.6879256 | O29: 2.6879256 | P29: 2.6879256 | Q29: 2.6879256 | R29: 2.6879256 | S29: 2.6879256 | T29: 2.6879256 | U29: 2.6879256 | V29: 2.6879256 | W29: 2.6879256 | X29: 2.6879256 | Y29: 2.6879256 | Z29: 2.6879256
A30: Refinery feedstocks | B30: O4300 | C30: 0 | D30: 0 | E30: 0 | F30: 0 | G30: 0 | H30: 0 | I30: 0 | J30: 0 | K30: 0 | L30: 0 | M30: 0 | N30: 0 | O30: 0 | P30: 0 | Q30: 0 | R30: 0 | S30: 0 | T30: 0 | U30: 0 | V30: 0 | W30: 0 | X30: 0 | Y30: 0 | Z30: 0
A31: Additives and oxygenates (excluding biofuel portion) | B31: O4400X4410 | C31: 0 | D31: 0 | E31: 0 | F31: 0 | G31: 0 | H31: 0 | I31: 0 | J31: 0 | K31: 0 | L31: 0 | M31: 0 | N31: 0 | O31: 0 | P31: 0 | Q31: 0 | R31: 0 | S31: 0 | T31: 0 | U31: 0 | V31: 0 | W31: 0 | X31: 0 | Y31: 0 | Z31: 0
A32: Other hydrocarbons | B32: O4500 | C32: 0 | D32: 0 | E32: 0 | F32: 0 | G32: 0 | H32: 0 | I32: 0 | J32: 0 | K32: 0 | L32: 0 | M32: 0 | N32: 0 | O32: 0 | P32: 0 | Q32: 0 | R32: 0 | S32: 0 | T32: 0 | U32: 0 | V32: 0 | W32: 0 | X32: 0 | Y32: 0 | Z32: 0
A33: Oil products (excluding biofuel portion) | B33: O4600XBIO
A34: Refinery gas | B34: O4610 | C34: 2.4115968 | D34: 2.4115968 | E34: 2.4115968 | F34: 2.4115968 | G34: 2.4115968 | H34: 2.4115968 | I34: 2.4115968 | J34: 2.4115968 | K34: 2.4115968 | L34: 2.4115968 | M34: 2.4115968 | N34: 2.4115968 | O34: 2.4115968 | P34: 2.4115968 | Q34: 2.4115968 | R34: 2.4115968 | S34: 2.4115968 | T34: 2.4115968 | U34: 2.4115968 | V34: 2.4115968 | W34: 2.4115968 | X34: 2.4115968 | Y34: 2.4115968 | Z34: 2.4115968
A35: Ethane | B35: O4620 | C35: 2.5790688 | D35: 2.5790688 | E35: 2.5790688 | F35: 2.5790688 | G35: 2.5790688 | H35: 2.5790688 | I35: 2.5790688 | J35: 2.5790688 | K35: 2.5790688 | L35: 2.5790688 | M35: 2.5790688 | N35: 2.5790688 | O35: 2.5790688 | P35: 2.5790688 | Q35: 2.5790688 | R35: 2.5790688 | S35: 2.5790688 | T35: 2.5790688 | U35: 2.5790688 | V35: 2.5790688 | W35: 2.5790688 | X35: 2.5790688 | Y35: 2.5790688 | Z35: 2.5790688
A36: Liquefied petroleum gases | B36: O4630 | C36: 2.6418708 | D36: 2.6418708 | E36: 2.6418708 | F36: 2.6418708 | G36: 2.6418708 | H36: 2.6418708 | I36: 2.6418708 | J36: 2.6418708 | K36: 2.6418708 | L36: 2.6418708 | M36: 2.6418708 | N36: 2.6418708 | O36: 2.6418708 | P36: 2.6418708 | Q36: 2.6418708 | R36: 2.6418708 | S36: 2.6418708 | T36: 2.6418708 | U36: 2.6418708 | V36: 2.6418708 | W36: 2.6418708 | X36: 2.6418708 | Y36: 2.6418708 | Z36: 2.6418708
A37: Motor gasoline (excluding biofuel portion) | B37: O4652XR5210B | C37: 2.9014524 | D37: 2.9014524 | E37: 2.9014524 | F37: 2.9014524 | G37: 2.9014524 | H37: 2.9014524 | I37: 2.9014524 | J37: 2.9014524 | K37: 2.9014524 | L37: 2.9014524 | M37: 2.9014524 | N37: 2.9014524 | O37: 2.9014524 | P37: 2.9014524 | Q37: 2.9014524 | R37: 2.9014524 | S37: 2.9014524 | T37: 2.9014524 | U37: 2.9014524 | V37: 2.9014524 | W37: 2.9014524 | X37: 2.9014524 | Y37: 2.9014524 | Z37: 2.9014524
A38: Aviation gasoline | B38: O4651 | C38: 2.93076 | D38: 2.93076 | E38: 2.93076 | F38: 2.93076 | G38: 2.93076 | H38: 2.93076 | I38: 2.93076 | J38: 2.93076 | K38: 2.93076 | L38: 2.93076 | M38: 2.93076 | N38: 2.93076 | O38: 2.93076 | P38: 2.93076 | Q38: 2.93076 | R38: 2.93076 | S38: 2.93076 | T38: 2.93076 | U38: 2.93076 | V38: 2.93076 | W38: 2.93076 | X38: 2.93076 | Y38: 2.93076 | Z38: 2.93076
A39: Gasoline-type jet fuel | B39: O4653 | C39: 3.0103092 | D39: 3.0103092 | E39: 3.0103092 | F39: 3.0103092 | G39: 3.0103092 | H39: 3.0103092 | I39: 3.0103092 | J39: 3.0103092 | K39: 3.0103092 | L39: 0 | M39: 0 | N39: 0 | O39: 0 | P39: 0 | Q39: 0 | R39: 0 | S39: 0 | T39: 0 | U39: 0 | V39: 0 | W39: 0 | X39: 0 | Y39: 0 | Z39: 0
A40: Kerosene-type jet fuel (excluding biofuel portion) | B40: O4661XR5230B | C40: 3.0103092 | D40: 3.0103092 | E40: 3.0103092 | F40: 3.0103092 | G40: 3.0103092 | H40: 3.0103092 | I40: 3.0103092 | J40: 3.0103092 | K40: 3.0103092 | L40: 3.0103092 | M40: 3.0103092 | N40: 3.0103092 | O40: 3.0103092 | P40: 3.0103092 | Q40: 3.0103092 | R40: 3.0103092 | S40: 3.0103092 | T40: 3.0103092 | U40: 3.0103092 | V40: 3.0103092 | W40: 3.0103092 | X40: 3.0103092 | Y40: 3.0103092 | Z40: 3.0103092
A41: Other kerosene | B41: O4669 | C41: 3.0103092 | D41: 3.0103092 | E41: 3.0103092 | F41: 3.0103092 | G41: 3.0103092 | H41: 3.0103092 | I41: 3.0103092 | J41: 3.0103092 | K41: 3.0103092 | L41: 3.0103092 | M41: 3.0103092 | N41: 3.0103092 | O41: 3.0103092 | P41: 3.0103092 | Q41: 3.0103092 | R41: 3.0103092 | S41: 3.0103092 | T41: 3.0103092 | U41: 3.0103092 | V41: 3.0103092 | W41: 3.0103092 | X41: 3.0103092 | Y41: 3.0103092 | Z41: 3.0103092
A42: Naphtha | B42: O4640 | C42: 3.0689244 | D42: 3.0689244 | E42: 3.0689244 | F42: 3.0689244 | G42: 3.0689244 | H42: 3.0689244 | I42: 3.0689244 | J42: 3.0689244 | K42: 3.0689244 | L42: 3.0689244 | M42: 3.0689244 | N42: 3.0689244 | O42: 3.0689244 | P42: 3.0689244 | Q42: 3.0689244 | R42: 3.0689244 | S42: 3.0689244 | T42: 3.0689244 | U42: 3.0689244 | V42: 3.0689244 | W42: 3.0689244 | X42: 3.0689244 | Y42: 3.0689244 | Z42: 3.0689244
A43: Gas oil and diesel oil (excluding biofuel portion) | B43: O4671XR5220B | C43: 3.1024188 | D43: 3.1024188 | E43: 3.1024188 | F43: 3.1024188 | G43: 3.1024188 | H43: 3.1024188 | I43: 3.1024188 | J43: 3.1024188 | K43: 3.1024188 | L43: 3.1024188 | M43: 3.1024188 | N43: 3.1024188 | O43: 3.1024188 | P43: 3.1024188 | Q43: 3.1024188 | R43: 3.1024188 | S43: 3.1024188 | T43: 3.1024188 | U43: 3.1024188 | V43: 3.1024188 | W43: 3.1024188 | X43: 3.1024188 | Y43: 3.1024188 | Z43: 3.1024188
A44: Fuel oil | B44: O4680 | C44: 3.2405832 | D44: 3.2405832 | E44: 3.2405832 | F44: 3.2405832 | G44: 3.2405832 | H44: 3.2405832 | I44: 3.2405832 | J44: 3.2405832 | K44: 3.2405832 | L44: 3.2405832 | M44: 3.2405832 | N44: 3.2405832 | O44: 3.2405832 | P44: 3.2405832 | Q44: 3.2405832 | R44: 3.2405832 | S44: 3.2405832 | T44: 3.2405832 | U44: 3.2405832 | V44: 3.2405832 | W44: 3.2405832 | X44: 3.2405832 | Y44: 3.2405832 | Z44: 3.2405832
A45: White spirit and special boiling point industrial spirits | B45: O4691 | C45: 3.0689244 | D45: 3.0689244 | E45: 3.0689244 | F45: 3.0689244 | G45: 3.0689244 | H45: 3.0689244 | I45: 3.0689244 | J45: 3.0689244 | K45: 3.0689244 | L45: 3.0689244 | M45: 3.0689244 | N45: 3.0689244 | O45: 3.0689244 | P45: 3.0689244 | Q45: 3.0689244 | R45: 3.0689244 | S45: 3.0689244 | T45: 3.0689244 | U45: 3.0689244 | V45: 3.0689244 | W45: 3.0689244 | X45: 3.0689244 | Y45: 3.0689244 | Z45: 3.0689244
... A51: Natural gas | B51: G3000 | C51: 2.3487948 | D51: 2.3487948 | E51: 2.3487948 | F51: 2.3487948 | G51: 2.3487948 | H51: 2.3487948 | I51: 2.3487948 | J51: 2.3487948 | K51: 2.3487948 | L51: 2.3487948 | M51: 2.3487948 | N51: 2.3487948 | O51: 2.3487948 | P51: 2.3487948 | Q51: 2.3487948 | R51: 2.3487948 | S51: 2.3487948 | T51: 2.3487948 | U51: 2.3487948 | V51: 2.3487948 | W51: 2.3487948 | X51: 2.3487948 | Y51: 2.3487948 | Z51: 2.3487948
A52: Non-renewable waste | B52: W6100_6220
A53: Industrial waste (non-renewable) | B53: W6100 | C53: 5.987124 | D53: 5.987124 | E53: 5.987124 | F53: 5.987124 | G53: 5.987124 | H53: 5.987124 | I53: 5.987124 | J53: 5.987124 | K53: 5.987124 | L53: 5.987124 | M53: 5.987124 | N53: 5.987124 | O53: 5.987124 | P53: 5.987124 | Q53: 5.987124 | R53: 5.987124 | S53: 5.987124 | T53: 5.987124 | U53: 5.987124 | V53: 5.987124 | W53: 5.987124 | X53: 5.987124 | Y53: 5.987124 | Z53: 5.987124
A54: Non-renewable municipal waste | B54: W6220 | C54: 3.8811966 | D54: 3.885375 | E54: 3.8724464 | F54: 3.8410544 | G54: 3.857771 | H54: 3.8530267 | I54: 3.8487666 | J54: 3.8324377 | K54: 3.8166444 | L54: 3.9146357 | M54: 3.9192517 | N54: 3.9010082 | O54: 3.9114453 | P54: 3.9081425 | Q54: 3.8955577 | R54: 3.8929235 | S54: 3.8964872 | T54: 3.8839083 | U54: 3.8914206 | V54: 3.8997662 | W54: 3.8852616 | X54: 3.8886788 | Y54: 3.9046905 | Z54: 3.9103866
A60: CO2 emissions not accounted:
A61: Renewables and biofuels | B61: RA000
A62: Primary solid biofuels | B62: R5110-5150_W6000RI | C62: 4.689216 | D62: 4.689216 | E62: 4.689216 | F62: 4.689216 | G62: 4.689216 | H62: 4.689216 | I62: 4.689216 | J62: 4.689216 | K62: 4.689216 | L62: 4.689216 | M62: 4.689216 | N62: 4.689216 | O62: 4.689216 | P62: 4.689216 | Q62: 4.689216 | R62: 4.689216 | S62: 4.689216 | T62: 4.689216 | U62: 4.689216 | V62: 4.689216 | W62: 4.689216 | X62: 4.689216 | Y62: 4.689216 | Z62: 4.689216
A63: Charcoal | B63: R5160 | C63: 4.689216 | D63: 4.689216 | E63: 4.689216 | F63: 4.689216 | G63: 4.689216 | H63: 4.689216 | I63: 4.689216 | J63: 4.689216 | K63: 4.689216 | L63: 4.689216 | M63: 4.689216 | N63: 4.689216 | O63: 4.689216 | P63: 4.689216 | Q63: 4.689216 | R63: 4.689216 | S63: 4.689216 | T63: 4.689216 | U63: 4.689216 | V63: 4.689216 | W63: 4.689216 | X63: 4.689216 | Y63: 4.689216 | Z63: 4.689216
A64: Biogases | B64: R5300 | C64: 2.2859928 | D64: 2.2859928 | E64: 2.2859928 | F64: 2.2859928 | G64: 2.2859928 | H64: 2.2859928 | I64: 2.2859928 | J64: 2.2859928 | K64: 2.2859928 | L64: 2.2859928 | M64: 2.2859928 | N64: 2.2859928 | O64: 2.2859928 | P64: 2.2859928 | Q64: 2.2859928 | R64: 2.2859928 | S64: 2.2859928 | T64: 2.2859928 | U64: 2.2859928 | V64: 2.2859928 | W64: 2.2859928 | X64: 2.2859928 | Y64: 2.2859928 | Z64: 2.2859928
A65: Renewable municipal waste | B65: W6210 | C65: 4.1868 | D65: 4.1868 | E65: 4.1868 | F65: 4.1868 | G65: 4.1868 | H65: 4.1868 | I65: 4.1868 | J65: 4.1868 | K65: 4.1868 | L65: 4.1868 | M65: 4.1868 | N65: 4.1868 | O65: 4.1868 | P65: 4.1868 | Q65: 4.1868 | R65: 4.1868 | S65: 4.1868 | T65: 4.1868 | U65: 4.1868 | V65: 4.1868 | W65: 4.1868 | X65: 4.1868 | Y65: 4.1868 | Z65: 4.1868
A66: Pure biogasoline | B66: R5210P | C66: 2.9642544 | D66: 2.9642544 | E66: 2.9642544 | F66: 2.9642544 | G66: 2.9642544 | H66: 2.9642544 | I66: 2.9642544 | J66: 2.9642544 | K66: 2.9642544 | L66: 2.9642544 | M66: 2.9642544 | N66: 2.9642544 | O66: 2.9642544 | P66: 2.9642544 | Q66: 2.9642544 | R66: 2.9642544 | S66: 2.9642544 | T66: 2.9642544 | U66: 2.9642544 | V66: 2.9642544 | W66: 2.9642544 | X66: 2.9642544 | Y66: 2.9642544 | Z66: 2.9642544
A67: Blended biogasoline | B67: R5210B | C67: 2.9642544 | D67: 2.9642544 | E67: 2.9642544 | F67: 2.9642544 | G67: 2.9642544 | H67: 2.9642544 | I67: 2.9642544 | J67: 2.9642544 | K67: 2.9642544 | L67: 2.9642544 | M67: 2.9642544 | N67: 2.9642544 | O67: 2.9642544 | P67: 2.9642544 | Q67: 2.9642544 | R67: 2.9642544 | S67: 2.9642544 | T67: 2.9642544 | U67: 2.9642544 | V67: 2.9642544 | W67: 2.9642544 | X67: 2.9642544 | Y67: 2.9642544 | Z67: 2.9642544
A68: Pure biodiesels | B68: R5220P | C68: 2.9642544 | D68: 2.9642544 | E68: 2.9642544 | F68: 2.9642544 | G68: 2.9642544 | H68: 2.9642544 | I68: 2.9642544 | J68: 2.9642544 | K68: 2.9642544 | L68: 2.9642544 | M68: 2.9642544 | N68: 2.9642544 | O68: 2.9642544 | P68: 2.9642544 | Q68: 2.9642544 | R68: 2.9642544 | S68: 2.9642544 | T68: 2.9642544 | U68: 2.9642544 | V68: 2.9642544 | W68: 2.9642544 | X68: 2.9642544 | Y68: 2.9642544 | Z68: 2.9642544
A69: Blended biodiesels | B69: R5220B | C69: 2.9642544 | D69: 2.9642544 | E69: 2.9642544 | F69: 2.9642544 | G69: 2.9642544 | H69: 2.9642544 | I69: 2.9642544 | J69: 2.9642544 | K69: 2.9642544 | L69: 2.9642544 | M69: 2.9642544 | N69: 2.9642544 | O69: 2.9642544 | P69: 2.9642544 | Q69: 2.9642544 | R69: 2.9642544 | S69: 2.9642544 | T69: 2.9642544 | U69: 2.9642544 | V69: 2.9642544 | W69: 2.9642544 | X69: 2.9642544 | Y69: 2.9642544 | Z69: 2.9642544
A70: Pure bio jet kerosene | B70: R5230P | C70: 0 | D70: 0 | E70: 0 | F70: 0 | G70: 0 | H70: 0 | I70: 0 | J70: 0 | K70: 0 | L70: 0 | M70: 0 | N70: 0 | O70: 0 | P70: 0 | Q70: 0 | R70: 0 | S70: 0 | T70: 0 | U70: 0 | V70: 0 | W70: 0 | X70: 0 | Y70: 0 | Z70: 0
A71: Blended bio jet kerosene | B71: R5230B | C71: 2.9642544 | D71: 2.9642544 | E71: 2.9642544 | F71: 2.9642544 | G71: 2.9642544 | H71: 2.9642544 | I71: 2.9642544 | J71: 2.9642544 | K71: 2.9642544 | L71: 2.9642544 | M71: 2.9642544 | N71: 2.9642544 | O71: 2.9642544 | P71: 2.9642544 | Q71: 2.9642544 | R71: 2.9642544 | S71: 2.9642544 | T71: 2.9642544 | U71: 2.9642544 | V71: 2.9642544 | W71: 2.9642544 | X71: 2.9642544 | Y71: 2.9642544 | Z71: 2.9642544
A72: Other liquid biofuels | B72: R5290 | C72: 3.3326928 | D72: 3.3326928 | E72: 3.3326928 | F72: 3.3326928 | G72: 3.3326928 | H72: 3.3326928 | I72: 3.3326928 | J72: 3.3326928 | K72: 3.3326928 | L72: 3.3326928 | M72: 3.3326928 | N72: 3.3326928 | O72: 3.3326928 | P72: 3.3326928 | Q72: 3.3326928 | R72: 3.3326928 | S72: 3.3326928 | T72: 3.3326928 | U72: 3.3326928 | V72: 3.3326928 | W72: 3.3326928 | X72: 3.3326928 | Y72: 3.3326928 | Z72: 3.3326928

Sheet GAE
A1: Gross available energy | B1: GAE | C1: 2000 | D1: 2001 | E1: 2002 | F1: 2003 | G1: 2004 | H1: 2005 | I1: 2006 | J1: 2007 | K1: 2008 | L1: 2009 | M1: 2010 | N1: 2011 | O1: 2012 | P1: 2013 | Q1: 2014 | R1: 2015 | S1: 2016 | T1: 2017 | U1: 2018 | V1: 2019 | W1: 2020 | X1: 2021 | Y1: 2022 | Z1: 2023
A2: Total | B2: TOTAL | C2: =SUM(C3,C17,C22,C25,C26,C51,C52) -> 3498242.5 | D2: =SUM(D3,D17,D22,D25,D26,D51,D52) -> 3556692.7 | E2: =SUM(E3,E17,E22,E25,E26,E51,E52) -> 3562766.6 | F2: =SUM(F3,F17,F22,F25,F26,F51,F52) -> 3649251.9 | G2: =SUM(G3,G17,G22,G25,G26,G51,G52) -> 3667632.4 | H2: =SUM(H3,H17,H22,H25,H26,H51,H52) -> 3654689.4 | I2: =SUM(I3,I17,I22,I25,I26,I51,I52) -> 3680644.1 | J2: =SUM(J3,J17,J22,J25,J26,J51,J52) -> 3638457.5 | ... Z2: =SUM(Z3,Z17,Z22,Z25,Z26,Z51,Z52) -> 2532690.8
A3: Solid fossil fuels | B3: C0000X0350-0370 | C3: =SUM(C4,C8,C11) -> 964289.03 | D3: =SUM(D4,D8,D11) -> 962445.4 | E3: =SUM(E4,E8,E11) -> 970416.24 | F3: =SUM(F4,F8,F11) -> 1006302.2 | G3: =SUM(G4,G8,G11) -> 991149.19 | H3: =SUM(H4,H8,H11) -> 959765.59 | I3: =SUM(I4,I8,I11) -> 975017.29 | J3: =SUM(J4,J8,J11) -> 982600.21 | ... Z3: =SUM(Z4,Z8,Z11) -> 393682.93
A4: Hard coal | B4: C0100 | C4: =SUM(C5:C7) -> 521809.87 | D4: =SUM(D5:D7) -> 515576.76 | E4: =SUM(E5:E7) -> 524177.3 | F4: =SUM(F5:F7) -> 554548.53 | G4: =SUM(G5:G7) -> 549431.13 | H4: =SUM(H5:H7) -> 527992.06 | I4: =SUM(I5:I7) -> 543349.96 | J4: =SUM(J5:J7) -> 550354.37 | ... Z4: =SUM(Z5:Z7) -> 182273.63
A5: Anthracite | B5: C0110 | C5: =INTMARB!C5+GIC!C5 -> 403.18249 | D5: =INTMARB!D5+GIC!D5 -> 395.51307 | E5: =INTMARB!E5+GIC!E5 -> 1478.7554 | F5: =INTMARB!F5+GIC!F5 -> 10947.103 | G5: =INTMARB!G5+GIC!G5 -> 20522.115 | H5: =INTMARB!H5+GIC!H5 -> 21169.218 | I5: =INTMARB!I5+GIC!I5 -> 19226.707 | J5: =INTMARB!J5+GIC!J5 -> 22286.223 | ... Z5: =INTMARB!Z5+GIC!Z5 -> 2787.544
A6: Coking coal | B6: C0121 | C6: =INTMARB!C6+GIC!C6 -> 36650.466 | D6: =INTMARB!D6+GIC!D6 -> 34124.055 | E6: =INTMARB!E6+GIC!E6 -> 36510.995 | F6: =INTMARB!F6+GIC!F6 -> 38024.306 | G6: =INTMARB!G6+GIC!G6 -> 38824.655 | H6: =INTMARB!H6+GIC!H6 -> 35784.495 | I6: =INTMARB!I6+GIC!I6 -> 32523.689 | J6: =INTMARB!J6+GIC!J6 -> 35888.898 | ... Z6: =INTMARB!Z6+GIC!Z6 -> 4977.1775
A7: Other bituminous coal | B7: C0129 | C7: =INTMARB!C7+GIC!C7 -> 484756.22 | D7: =INTMARB!D7+GIC!D7 -> 481057.2 | E7: =INTMARB!E7+GIC!E7 -> 486187.55 | F7: =INTMARB!F7+GIC!F7 -> 505577.12 | G7: =INTMARB!G7+GIC!G7 -> 490084.36 | H7: =INTMARB!H7+GIC!H7 -> 471038.35 | I7: =INTMARB!I7+GIC!I7 -> 491599.56 | J7: =INTMARB!J7+GIC!J7 -> 492179.25 | ... Z7: =INTMARB!Z7+GIC!Z7 -> 174508.91
A8: Brown coal | B8: C0200 | C8: =SUM(C9:C10) -> 395758.61 | D8: =SUM(D9:D10) -> 404606.12 | E8: =SUM(E9:E10) -> 405092.2 | F8: =SUM(F9:F10) -> 408138.74 | G8: =SUM(G9:G10) -> 405721.84 | H8: =SUM(H9:H10) -> 397190.87 | I8: =SUM(I9:I10) -> 394923.8 | J8: =SUM(J9:J10) -> 397898.65 | ... Z8: =SUM(Z9:Z10) -> 194685.55
A9: Sub-bituminous coal | B9: C0210 | C9: =INTMARB!C9+GIC!C9 -> 8118.1877 | D9: =INTMARB!D9+GIC!D9 -> 6258.0054 | E9: =INTMARB!E9+GIC!E9 -> 7666.3969 | F9: =INTMARB!F9+GIC!F9 -> 6630.9863 | G9: =INTMARB!G9+GIC!G9 -> 7878.6876 | H9: =INTMARB!H9+GIC!H9 -> 8834.7483 | I9: =INTMARB!I9+GIC!I9 -> 9078.5848 | J9: =INTMARB!J9+GIC!J9 -> 9310.5901 | ... Z9: =INTMARB!Z9+GIC!Z9 -> 1280.4012
A10: Lignite | B10: C0220 | C10: =INTMARB!C10+GIC!C10 -> 387640.42 | D10: =INTMARB!D10+GIC!D10 -> 398348.12 | E10: =INTMARB!E10+GIC!E10 -> 397425.8 | F10: =INTMARB!F10+GIC!F10 -> 401507.76 | G10: =INTMARB!G10+GIC!G10 -> 397843.15 | H10: =INTMARB!H10+GIC!H10 -> 388356.12 | I10: =INTMARB!I10+GIC!I10 -> 385845.22 | J10: =INTMARB!J10+GIC!J10 -> 388588.06 | ... Z10: =INTMARB!Z10+GIC!Z10 -> 193405.15
A11: Coal products | B11: C0300 | C11: =SUM(C12:C16) -> 46720.549 | D11: =SUM(D12:D16) -> 42262.512 | E11: =SUM(E12:E16) -> 41146.745 | F11: =SUM(F12:F16) -> 43614.913 | G11: =SUM(G12:G16) -> 35996.218 | H11: =SUM(H12:H16) -> 34582.666 | I11: =SUM(I12:I16) -> 36743.53 | J11: =SUM(J12:J16) -> 34347.188 | ... Z11: =SUM(Z12:Z16) -> 16723.75
A12: Patent fuel | B12: C0320 | C12: =INTMARB!C12+GIC!C12 -> 1204.8369 | D12: =INTMARB!D12+GIC!D12 -> 904.19804 | E12: =INTMARB!E12+GIC!E12 -> 938.3163 | F12: =INTMARB!F12+GIC!F12 -> 791.41489 | G12: =INTMARB!G12+GIC!G12 -> 673.89726 | H12: =INTMARB!H12+GIC!H12 -> 771.89092 | I12: =INTMARB!I12+GIC!I12 -> 747.36199 | J12: =INTMARB!J12+GIC!J12 -> 700.17382 | ... Z12: =INTMARB!Z12+GIC!Z12 -> 200.65926
A13: Coke oven coke | B13: C0311 | C13: =INTMARB!C13+GIC!C13 -> 32724.06 | D13: =INTMARB!D13+GIC!D13 -> 29149.165 | E13: =INTMARB!E13+GIC!E13 -> 27962.23 | F13: =INTMARB!F13+GIC!F13 -> 29446.84 | G13: =INTMARB!G13+GIC!G13 -> 22336.103 | H13: =INTMARB!H13+GIC!H13 -> 20405.887 | I13: =INTMARB!I13+GIC!I13 -> 22782.073 | J13: =INTMARB!J13+GIC!J13 -> 20086.438 | ... Z13: =INTMARB!Z13+GIC!Z13 -> 8135.5383
A14: Gas coke | B14: C0312 | C14: =INTMARB!C14+GIC!C14 -> 0 | D14: =INTMARB!D14+GIC!D14 -> 0 | E14: =INTMARB!E14+GIC!E14 -> 0 | F14: =INTMARB!F14+GIC!F14 -> 0 | G14: =INTMARB!G14+GIC!G14 -> 0 | H14: =INTMARB!H14+GIC!H14 -> 0 | I14: =INTMARB!I14+GIC!I14 -> 0 | J14: =INTMARB!J14+GIC!J14 -> 0 | ... Z14: =INTMARB!Z14+GIC!Z14 -> 0
A15: Coal tar | B15: C0340 | C15: =INTMARB!C15+GIC!C15 -> 121.95042 | D15: =INTMARB!D15+GIC!D15 -> 153.94778 | E15: =INTMARB!E15+GIC!E15 -> 624.57159 | F15: =INTMARB!F15+GIC!F15 -> 566.89228 | G15: =INTMARB!G15+GIC!G15 -> 637.77807 | H15: =INTMARB!H15+GIC!H15 -> 669.44588 | I15: =INTMARB!I15+GIC!I15 -> 343.70282 | J15: =INTMARB!J15+GIC!J15 -> 400.54333 | ... Z15: =INTMARB!Z15+GIC!Z15 -> 143.41003
A16: Brown coal briquettes | B16: C0330 | C16: =INTMARB!C16+GIC!C16 -> 12669.701 | D16: =INTMARB!D16+GIC!D16 -> 12055.201 | E16: =INTMARB!E16+GIC!E16 -> 11621.627 | F16: =INTMARB!F16+GIC!F16 -> 12809.766 | G16: =INTMARB!G16+GIC!G16 -> 12348.439 | H16: =INTMARB!H16+GIC!H16 -> 12735.442 | I16: =INTMARB!I16+GIC!I16 -> 12870.392 | J16: =INTMARB!J16+GIC!J16 -> 13160.034 | ... Z16: =INTMARB!Z16+GIC!Z16 -> 8244.142
A17: Manufactured gases | B17: C0350-0370 | C17: =SUM(C18:C21) -> 156228.88 | D17: =SUM(D18:D21) -> 149492.33 | E17: =SUM(E18:E21) -> 151767.87 | F17: =SUM(F18:F21) -> 150164.94 | G17: =SUM(G18:G21) -> 155681.92 | H17: =SUM(H18:H21) -> 152725.72 | I17: =SUM(I18:I21) -> 155428.83 | J17: =SUM(J18:J21) -> 159058.72 | ... Z17: =SUM(Z18:Z21) -> 111093.93
A18: Gas works gas | B18: C0360 | C18: =INTMARB!C18+GIC!C18 -> 965.18968 | D18: =INTMARB!D18+GIC!D18 -> 837.3984 | E18: =INTMARB!E18+GIC!E18 -> 845.92619 | F18: =INTMARB!F18+GIC!F18 -> 870.92836 | G18: =INTMARB!G18+GIC!G18 -> 855.63471 | H18: =INTMARB!H18+GIC!H18 -> 901.01105 | I18: =INTMARB!I18+GIC!I18 -> 930.71204 | J18: =INTMARB!J18+GIC!J18 -> 890.15951 | ... Z18: =INTMARB!Z18+GIC!Z18 -> 103.10495
A19: Coke oven gas | B19: C0350 | C19: =INTMARB!C19+GIC!C19 -> 15304.114 | D19: =INTMARB!D19+GIC!D19 -> 13883.623 | E19: =INTMARB!E19+GIC!E19 -> 13501.705 | F19: =INTMARB!F19+GIC!F19 -> 13319.112 | G19: =INTMARB!G19+GIC!G19 -> 13583.546 | H19: =INTMARB!H19+GIC!H19 -> 13141.793 | I19: =INTMARB!I19+GIC!I19 -> 13642.476 | J19: =INTMARB!J19+GIC!J19 -> 14216.464 | ... Z19: =INTMARB!Z19+GIC!Z19 -> 9654.4074
A20: Blast furnace gas | B20: C0371 | C20: =INTMARB!C20+GIC!C20 -> 135123.3 | D20: =INTMARB!D20+GIC!D20 -> 129916.28 | E20: =INTMARB!E20+GIC!E20 -> 132320.24 | F20: =INTMARB!F20+GIC!F20 -> 129746.5 | G20: =INTMARB!G20+GIC!G20 -> 134596.28 | H20: =INTMARB!H20+GIC!H20 -> 131974.06 | I20: =INTMARB!I20+GIC!I20 -> 134485.4 | J20: =INTMARB!J20+GIC!J20 -> 137326.46 | ... Z20: =INTMARB!Z20+GIC!Z20 -> 94767.966
A21: Other recovered gases | B21: C0379 | C21: =INTMARB!C21+GIC!C21 -> 4836.2854 | D21: =INTMARB!D21+GIC!D21 -> 4855.0307 | E21: =INTMARB!E21+GIC!E21 -> 5100.0034 | F21: =INTMARB!F21+GIC!F21 -> 6228.4039 | G21: =INTMARB!G21+GIC!G21 -> 6646.4589 | H21: =INTMARB!H21+GIC!H21 -> 6708.8542 | I21: =INTMARB!I21+GIC!I21 -> 6370.2456 | J21: =INTMARB!J21+GIC!J21 -> 6625.6347 | ... Z21: =INTMARB!Z21+GIC!Z21 -> 6568.4475
A22: Peat and peat products | B22: P1000 | C22: =SUM(C23:C24) -> 11745.939 | D22: =SUM(D23:D24) -> 14668.922 | E22: =SUM(E23:E24) -> 15647.04 | F22: =SUM(F23:F24) -> 16346.631 | G22: =SUM(G23:G24) -> 14770.748 | H22: =SUM(H23:H24) -> 12885.91 | I22: =SUM(I23:I24) -> 15135.244 | J22: =SUM(J23:J24) -> 16086.077 | ... Z22: =SUM(Z23:Z24) -> 3822.5388
A23: Peat | B23: P1100 | C23: =INTMARB!C23+GIC!C23 -> 11122.298 | D23: =INTMARB!D23+GIC!D23 -> 14117.313 | E23: =INTMARB!E23+GIC!E23 -> 15080.562 | F23: =INTMARB!F23+GIC!F23 -> 15862.085 | G23: =INTMARB!G23+GIC!G23 -> 14281.963 | H23: =INTMARB!H23+GIC!H23 -> 12404.037 | I23: =INTMARB!I23+GIC!I23 -> 14659.843 | J23: =INTMARB!J23+GIC!J23 -> 15618.12 | ... Z23: =INTMARB!Z23+GIC!Z23 -> 3708.8968
A24: Peat products | B24: P1200 | C24: =INTMARB!C24+GIC!C24 -> 623.64111 | D24: =INTMARB!D24+GIC!D24 -> 551.60898 | E24: =INTMARB!E24+GIC!E24 -> 566.47731 | F24: =INTMARB!F24+GIC!F24 -> 484.54621 | G24: =INTMARB!G24+GIC!G24 -> 488.78481 | H24: =INTMARB!H24+GIC!H24 -> 481.87234 | I24: =INTMARB!I24+GIC!I24 -> 475.40074 | J24: =INTMARB!J24+GIC!J24 -> 467.95665 | ... Z24: =INTMARB!Z24+GIC!Z24 -> 113.64205
A25: Oil shale and oil sands | B25: S2000 | C25: =INTMARB!C25+GIC!C25 -> 9707.0447 | D25: =INTMARB!D25+GIC!D25 -> 9333.6626 | E25: =INTMARB!E25+GIC!E25 -> 9056.6106 | F25: =INTMARB!F25+GIC!F25 -> 10861.617 | G25: =INTMARB!G25+GIC!G25 -> 10720.924 | H25: =INTMARB!H25+GIC!H25 -> 10579.734 | I25: =INTMARB!I25+GIC!I25 -> 9743.0462 | J25: =INTMARB!J25+GIC!J25 -> 12667.722 | ... Z25: =INTMARB!Z25+GIC!Z25 -> 2079.672
A26: Oil and petroleum products | B26: O4000XBIO | C26: =SUM(C27,C33) -> 1651646.1 | D26: =SUM(D27,D33) -> 1687435.9 | E26: =SUM(E27,E33) -> 1675026.4 | F26: =SUM(F27,F33) -> 1689680.6 | G26: =SUM(G27,G33) -> 1698837.7 | H26: =SUM(H27,H33) -> 1694081.9 | I26: =SUM(I27,I33) -> 1696295.9 | J26: =SUM(J27,J33) -> 1652563.7 | ... Z26: =SUM(Z27,Z33) -> 1340624.6
A27: Crude oil, NGL, refinery feedstocks, additives and oxygenates and other hydrocarbons (excluding biofuel portion) | B27: O4100_TOT_4200-4500XBIO | C27: =SUM(C28:C32) -> 435.30568 | D27: =SUM(D28:D32) -> 276.49452 | E27: =SUM(E28:E32) -> 266.42992 | F27: =SUM(F28:F32) -> 276.30282 | G27: =SUM(G28:G32) -> 499.48715 | H27: =SUM(H28:H32) -> 170.42927 | I27: =SUM(I28:I32) -> 82.890249 | J27: =SUM(J28:J32) -> 171.57729 | ... Z27: =SUM(Z28:Z32) -> 100.80657
A28: Crude oil | B28: O4100_TOT | C28: =INTMARB!C28+GIC!C28 -> 435.30568 | D28: =INTMARB!D28+GIC!D28 -> 276.49452 | E28: =INTMARB!E28+GIC!E28 -> 135.08835 | F28: =INTMARB!F28+GIC!F28 -> 173.80271 | G28: =INTMARB!G28+GIC!G28 -> 468.273 | H28: =INTMARB!H28+GIC!H28 -> 170.42927 | I28: =INTMARB!I28+GIC!I28 -> 82.890249 | J28: =INTMARB!J28+GIC!J28 -> 43.362081 | ... Z28: =INTMARB!Z28+GIC!Z28 -> 36.437342
A29: Natural gas liquids | B29: O4200 | C29: =INTMARB!C29+GIC!C29 -> 0 | D29: =INTMARB!D29+GIC!D29 -> 0 | E29: =INTMARB!E29+GIC!E29 -> 131.34157 | F29: =INTMARB!F29+GIC!F29 -> 102.5001 | G29: =INTMARB!G29+GIC!G29 -> 31.214143 | H29: =INTMARB!H29+GIC!H29 -> 0 | I29: =INTMARB!I29+GIC!I29 -> 0 | J29: =INTMARB!J29+GIC!J29 -> 128.21521 | ... Z29: =INTMARB!Z29+GIC!Z29 -> 64.369231
A30: Refinery feedstocks | B30: O4300 | C30: =INTMARB!C30+GIC!C30 -> 0 | D30: =INTMARB!D30+GIC!D30 -> 0 | E30: =INTMARB!E30+GIC!E30 -> 0 | F30: =INTMARB!F30+GIC!F30 -> 0 | G30: =INTMARB!G30+GIC!G30 -> 0 | H30: =INTMARB!H30+GIC!H30 -> 0 | I30: =INTMARB!I30+GIC!I30 -> 0 | J30: =INTMARB!J30+GIC!J30 -> 0 | ... Z30: =INTMARB!Z30+GIC!Z30 -> 0
A31: Additives and oxygenates (excluding biofuel portion) | B31: O4400X4410 | C31: =INTMARB!C31+GIC!C31 -> 0 | D31: =INTMARB!D31+GIC!D31 -> 0 | E31: =INTMARB!E31+GIC!E31 -> 0 | F31: =INTMARB!F31+GIC!F31 -> 0 | G31: =INTMARB!G31+GIC!G31 -> 0 | H31: =INTMARB!H31+GIC!H31 -> 0 | I31: =INTMARB!I31+GIC!I31 -> 0 | J31: =INTMARB!J31+GIC!J31 -> 0 | ... Z31: =INTMARB!Z31+GIC!Z31 -> 0
A32: Other hydrocarbons | B32: O4500 | C32: =INTMARB!C32+GIC!C32 -> 0 | D32: =INTMARB!D32+GIC!D32 -> 0 | E32: =INTMARB!E32+GIC!E32 -> 0 | F32: =INTMARB!F32+GIC!F32 -> 0 | G32: =INTMARB!G32+GIC!G32 -> 0 | H32: =INTMARB!H32+GIC!H32 -> 0 | I32: =INTMARB!I32+GIC!I32 -> 0 | J32: =INTMARB!J32+GIC!J32 -> 0 | ... Z32: =INTMARB!Z32+GIC!Z32 -> 0
A33: Oil products (excluding biofuel portion) | B33: O4600XBIO | C33: =SUM(C34:C50) -> 1651210.8 | D33: =SUM(D34:D50) -> 1687159.4 | E33: =SUM(E34:E50) -> 1674759.9 | F33: =SUM(F34:F50) -> 1689404.3 | G33: =SUM(G34:G50) -> 1698338.2 | H33: =SUM(H34:H50) -> 1693911.4 | I33: =SUM(I34:I50) -> 1696213.1 | J33: =SUM(J34:J50) -> 1652392.1 | ... Z33: =SUM(Z34:Z50) -> 1340523.8
A34: Refinery gas | B34: O4610 | C34: =INTMARB!C34+GIC!C34 -> 53560.028 | D34: =INTMARB!D34+GIC!D34 -> 53212.676 | E34: =INTMARB!E34+GIC!E34 -> 54531.128 | F34: =INTMARB!F34+GIC!F34 -> 59096.205 | G34: =INTMARB!G34+GIC!G34 -> 61616.98 | H34: =INTMARB!H34+GIC!H34 -> 62078.787 | I34: =INTMARB!I34+GIC!I34 -> 61792.963 | J34: =INTMARB!J34+GIC!J34 -> 64488.891 | ... Z34: =INTMARB!Z34+GIC!Z34 -> 59314.865
A35: Ethane | B35: O4620 | C35: =INTMARB!C35+GIC!C35 -> 28.582425 | D35: =INTMARB!D35+GIC!D35 -> 22.865895 | E35: =INTMARB!E35+GIC!E35 -> 25.72416 | F35: =INTMARB!F35+GIC!F35 -> 27.443465 | G35: =INTMARB!G35+GIC!G35 -> 58.502062 | H35: =INTMARB!H35+GIC!H35 -> 67.458727 | I35: =INTMARB!I35+GIC!I35 -> 38.876524 | J35: =INTMARB!J35+GIC!J35 -> 38.734597 | ... Z35: =INTMARB!Z35+GIC!Z35 -> 0.65729664
A36: Liquefied petroleum gases | B36: O4630 | C36: =INTMARB!C36+GIC!C36 -> 52714.078 | D36: =INTMARB!D36+GIC!D36 -> 52387.672 | E36: =INTMARB!E36+GIC!E36 -> 52060.552 | F36: =INTMARB!F36+GIC!F36 -> 51928.973 | G36: =INTMARB!G36+GIC!G36 -> 52141.672 | H36: =INTMARB!H36+GIC!H36 -> 53172.897 | I36: =INTMARB!I36+GIC!I36 -> 51710.124 | J36: =INTMARB!J36+GIC!J36 -> 50686.157 | ... Z36: =INTMARB!Z36+GIC!Z36 -> 44451.494
A37: Motor gasoline (excluding biofuel portion) | B37: O4652XR5210B | C37: =INTMARB!C37+GIC!C37 -> 320345.03 | D37: =INTMARB!D37+GIC!D37 -> 315577.95 | E37: =INTMARB!E37+GIC!E37 -> 310556.94 | F37: =INTMARB!F37+GIC!F37 -> 300286.55 | G37: =INTMARB!G37+GIC!G37 -> 290894.46 | H37: =INTMARB!H37+GIC!H37 -> 277883.22 | I37: =INTMARB!I37+GIC!I37 -> 268152.1 | J37: =INTMARB!J37+GIC!J37 -> 259318.04 | ... Z37: =INTMARB!Z37+GIC!Z37 -> 204059.51
A38: Aviation gasoline | B38: O4651 | C38: =INTMARB!C38+GIC!C38 -> 351.04154 | D38: =INTMARB!D38+GIC!D38 -> 335.36311 | E38: =INTMARB!E38+GIC!E38 -> 341.32342 | F38: =INTMARB!F38+GIC!F38 -> 317.68229 | G38: =INTMARB!G38+GIC!G38 -> 319.84319 | H38: =INTMARB!H38+GIC!H38 -> 377.528 | I38: =INTMARB!I38+GIC!I38 -> 309.51421 | J38: =INTMARB!J38+GIC!J38 -> 284.45206 | ... Z38: =INTMARB!Z38+GIC!Z38 -> 148.22564
A39: Gasoline-type jet fuel | B39: O4653 | C39: =INTMARB!C39+GIC!C39 -> 372.66489 | D39: =INTMARB!D39+GIC!D39 -> 317.50505 | E39: =INTMARB!E39+GIC!E39 -> 104.42046 | F39: =INTMARB!F39+GIC!F39 -> 95.094969 | G39: =INTMARB!G39+GIC!G39 -> 142.27425 | H39: =INTMARB!H39+GIC!H39 -> 44.592438 | I39: =INTMARB!I39+GIC!I39 -> 47.777464 | J39: =INTMARB!J39+GIC!J39 -> 9.5555963 | ... Z39: =INTMARB!Z39+GIC!Z39 -> 0
A40: Kerosene-type jet fuel (excluding biofuel portion) | B40: O4661XR5230B | C40: =INTMARB!C40+GIC!C40 -> 105625.38 | D40: =INTMARB!D40+GIC!D40 -> 102751.43 | E40: =INTMARB!E40+GIC!E40 -> 100325.33 | F40: =INTMARB!F40+GIC!F40 -> 102324.53 | G40: =INTMARB!G40+GIC!G40 -> 108819.9 | H40: =INTMARB!H40+GIC!H40 -> 113768.73 | I40: =INTMARB!I40+GIC!I40 -> 118794.09 | J40: =INTMARB!J40+GIC!J40 -> 123867.98 | ... Z40: =INTMARB!Z40+GIC!Z40 -> 136897.36
A41: Other kerosene | B41: O4669 | C41: =INTMARB!C41+GIC!C41 -> 3448.9154 | D41: =INTMARB!D41+GIC!D41 -> 3781.2359 | E41: =INTMARB!E41+GIC!E41 -> 3702.2545 | F41: =INTMARB!F41+GIC!F41 -> 3846.0756 | G41: =INTMARB!G41+GIC!G41 -> 3906.0659 | H41: =INTMARB!H41+GIC!H41 -> 3948.1085 | I41: =INTMARB!I41+GIC!I41 -> 3873.8419 | J41: =INTMARB!J41+GIC!J41 -> 3677.8356 | ... Z41: =INTMARB!Z41+GIC!Z41 -> 2962.004
A42: Naphtha | B42: O4640 | C42: =INTMARB!C42+GIC!C42 -> 2879.8818 | D42: =INTMARB!D42+GIC!D42 -> 1564.6105 | E42: =INTMARB!E42+GIC!E42 -> 1540.8172 | F42: =INTMARB!F42+GIC!F42 -> 1118.9758 | G42: =INTMARB!G42+GIC!G42 -> 777.66914 | H42: =INTMARB!H42+GIC!H42 -> 325.59467 | I42: =INTMARB!I42+GIC!I42 -> 109.67169 | J42: =INTMARB!J42+GIC!J42 -> 138.65258 | ... Z42: =INTMARB!Z42+GIC!Z42 -> 2807.9626
A43: Gas oil and diesel oil (excluding biofuel portion) | B43: O4671XR5220B | C43: =INTMARB!C43+GIC!C43 -> 731131.88 | D43: =INTMARB!D43+GIC!D43 -> 771345.44 | E43: =INTMARB!E43+GIC!E43 -> 765822.73 | F43: =INTMARB!F43+GIC!F43 -> 786907.93 | G43: =INTMARB!G43+GIC!G43 -> 799986.54 | H43: =INTMARB!H43+GIC!H43 -> 808851.53 | I43: =INTMARB!I43+GIC!I43 -> 819700.86 | J43: =INTMARB!J43+GIC!J43 -> 792084.61 | ... Z43: =INTMARB!Z43+GIC!Z43 -> 716887.23
A44: Fuel oil | B44: O4680 | C44: =INTMARB!C44+GIC!C44 -> 321927.39 | D44: =INTMARB!D44+GIC!D44 -> 324515.42 | E44: =INTMARB!E44+GIC!E44 -> 324021.05 | F44: =INTMARB!F44+GIC!F44 -> 315651.31 | G44: =INTMARB!G44+GIC!G44 -> 293929.36 | H44: =INTMARB!H44+GIC!H44 -> 288495.97 | I44: =INTMARB!I44+GIC!I44 -> 285999.86 | J44: =INTMARB!J44+GIC!J44 -> 274424.78 | ... Z44: =INTMARB!Z44+GIC!Z44 -> 126164.97
A45: White spirit and special boiling point industrial spirits | B45: O4691 | C45: =INTMARB!C45+GIC!C45 -> 6.46506 | D45: =INTMARB!D45+GIC!D45 -> 12.644338 | E45: =INTMARB!E45+GIC!E45 -> 16.16265 | F45: =INTMARB!F45+GIC!F45 -> 15.876868 | G45: =INTMARB!G45+GIC!G45 -> 19.39518 | H45: =INTMARB!H45+GIC!H45 -> 23.284507 | I45: =INTMARB!I45+GIC!I45 -> 30.126124 | J45: =INTMARB!J45+GIC!J45 -> 25.427741 | ... Z45: =INTMARB!Z45+GIC!Z45 -> 777.3195
... A51: Natural gas | B51: G3000 | C51: =INTMARB!C51+GIC!C51 -> 677167.63 | D51: =INTMARB!D51+GIC!D51 -> 702505.69 | E51: =INTMARB!E51+GIC!E51 -> 711186 | F51: =INTMARB!F51+GIC!F51 -> 749939.85 | G51: =INTMARB!G51+GIC!G51 -> 768231.45 | H51: =INTMARB!H51+GIC!H51 -> 794293.11 | I51: =INTMARB!I51+GIC!I51 -> 795594.75 | J51: =INTMARB!J51+GIC!J51 -> 780338.17 | ... Z51: =INTMARB!Z51+GIC!Z51 -> 616656.74
A52: Non-renewable waste | B52: W6100_6220 | C52: =SUM(C53:C54) -> 27457.817 | D52: =SUM(D53:D54) -> 30810.766 | E52: =SUM(E53:E54) -> 29666.417 | F52: =SUM(F53:F54) -> 25956.145 | G52: =SUM(G53:G54) -> 28240.492 | H52: =SUM(H53:H54) -> 30357.442 | I52: =SUM(I53:I54) -> 33428.943 | J52: =SUM(J53:J54) -> 35142.9 | ... Z52: =SUM(Z53:Z54) -> 64730.448
A53: Industrial waste (non-renewable) | B53: W6100 | C53: =INTMARB!C53+GIC!C53 -> 14152.202 | D53: =INTMARB!D53+GIC!D53 -> 16664.036 | E53: =INTMARB!E53+GIC!E53 -> 15303.095 | F53: =INTMARB!F53+GIC!F53 -> 7563.3345 | G53: =INTMARB!G53+GIC!G53 -> 8307.2118 | H53: =INTMARB!H53+GIC!H53 -> 7502.6072 | I53: =INTMARB!I53+GIC!I53 -> 8348.786 | J53: =INTMARB!J53+GIC!J53 -> 9089.82 | ... Z53: =INTMARB!Z53+GIC!Z53 -> 29411.375
A54: Non-renewable municipal waste | B54: W6220 | C54: =INTMARB!C54+GIC!C54 -> 13305.615 | D54: =INTMARB!D54+GIC!D54 -> 14146.73 | E54: =INTMARB!E54+GIC!E54 -> 14363.322 | F54: =INTMARB!F54+GIC!F54 -> 18392.811 | G54: =INTMARB!G54+GIC!G54 -> 19933.281 | H54: =INTMARB!H54+GIC!H54 -> 22854.835 | I54: =INTMARB!I54+GIC!I54 -> 25080.157 | J54: =INTMARB!J54+GIC!J54 -> 26053.08 | ... Z54: =INTMARB!Z54+GIC!Z54 -> 35319.072
A60: CO2 emissions not accounted:
A61: Renewables and biofuels | B61: RA000 | C61: =SUM(C62:C72) -> 270646.19 | D61: =SUM(D62:D72) -> 274078.96 | E61: =SUM(E62:E72) -> 284064.67 | F61: =SUM(F62:F72) -> 318774.52 | G61: =SUM(G62:G72) -> 331550.46 | H61: =SUM(H62:H72) -> 363017.91 | I61: =SUM(I62:I72) -> 387051.89 | J61: =SUM(J62:J72) -> 417039.99 | ... Z61: =SUM(Z62:Z72) -> 584419.39
A62: Primary solid biofuels | B62: R5110-5150_W6000RI | C62: =INTMARB!C62+GIC!C62 -> 250426.99 | D62: =INTMARB!D62+GIC!D62 -> 251806.42 | E62: =INTMARB!E62+GIC!E62 -> 259375.57 | F62: =INTMARB!F62+GIC!F62 -> 289416.22 | G62: =INTMARB!G62+GIC!G62 -> 298481.27 | H62: =INTMARB!H62+GIC!H62 -> 320983.92 | I62: =INTMARB!I62+GIC!I62 -> 334781.93 | J62: =INTMARB!J62+GIC!J62 -> 352750.44 | ... Z62: =INTMARB!Z62+GIC!Z62 -> 448897.29
A63: Charcoal | B63: R5160 | C63: =INTMARB!C63+GIC!C63 -> 485.08307 | D63: =INTMARB!D63+GIC!D63 -> 450.60906 | E63: =INTMARB!E63+GIC!E63 -> 412.3732 | F63: =INTMARB!F63+GIC!F63 -> 979.76471 | G63: =INTMARB!G63+GIC!G63 -> 1018.6118 | H63: =INTMARB!H63+GIC!H63 -> 1072.5725 | I63: =INTMARB!I63+GIC!I63 -> 1074.8171 | J63: =INTMARB!J63+GIC!J63 -> 1350.949 | ... Z63: =INTMARB!Z63+GIC!Z63 -> 1777.7842
A64: Biogases | B64: R5300 | C64: =INTMARB!C64+GIC!C64 -> 3145.163 | D64: =INTMARB!D64+GIC!D64 -> 4051.4114 | E64: =INTMARB!E64+GIC!E64 -> 5370.9206 | F64: =INTMARB!F64+GIC!F64 -> 4803.6726 | G64: =INTMARB!G64+GIC!G64 -> 5041.5325 | H64: =INTMARB!H64+GIC!H64 -> 5827.2748 | I64: =INTMARB!I64+GIC!I64 -> 6653.9179 | J64: =INTMARB!J64+GIC!J64 -> 9619.706 | ... Z64: =INTMARB!Z64+GIC!Z64 -> 35900.231
A65: Renewable municipal waste | B65: W6210 | C65: =INTMARB!C65+GIC!C65 -> 14468.164 | D65: =INTMARB!D65+GIC!D65 -> 15251.05 | E65: =INTMARB!E65+GIC!E65 -> 15511.47 | F65: =INTMARB!F65+GIC!F65 -> 19245.885 | G65: =INTMARB!G65+GIC!G65 -> 20669.954 | H65: =INTMARB!H65+GIC!H65 -> 23745.053 | I65: =INTMARB!I65+GIC!I65 -> 25708.887 | J65: =INTMARB!J65+GIC!J65 -> 28887.023 | ... Z65: =INTMARB!Z65+GIC!Z65 -> 38779.103
A66: Pure biogasoline | B66: R5210P | C66: =INTMARB!C66+GIC!C66 -> 0 | D66: =INTMARB!D66+GIC!D66 -> 0 | E66: =INTMARB!E66+GIC!E66 -> 0 | F66: =INTMARB!F66+GIC!F66 -> 0 | G66: =INTMARB!G66+GIC!G66 -> 40.020238 | H66: =INTMARB!H66+GIC!H66 -> 23.489486 | I66: =INTMARB!I66+GIC!I66 -> 27.18805 | J66: =INTMARB!J66+GIC!J66 -> 42.51118 | ... Z66: =INTMARB!Z66+GIC!Z66 -> 5.7251146
A67: Blended biogasoline | B67: R5210B | C67: =INTMARB!C67+GIC!C67 -> 173.9556 | D67: =INTMARB!D67+GIC!D67 -> 194.9832 | E67: =INTMARB!E67+GIC!E67 -> 472.20394 | F67: =INTMARB!F67+GIC!F67 -> 718.99431 | G67: =INTMARB!G67+GIC!G67 -> 867.87965 | H67: =INTMARB!H67+GIC!H67 -> 1606.4245 | I67: =INTMARB!I67+GIC!I67 -> 2489.3125 | J67: =INTMARB!J67+GIC!J67 -> 3218.8268 | ... Z67: =INTMARB!Z67+GIC!Z67 -> 10607.358
A68: Pure biodiesels | B68: R5220P | C68: =INTMARB!C68+GIC!C68 -> 709.40011 | D68: =INTMARB!D68+GIC!D68 -> 977.87312 | E68: =INTMARB!E68+GIC!E68 -> 1507.7554 | F68: =INTMARB!F68+GIC!F68 -> 2164.2959 | G68: =INTMARB!G68+GIC!G68 -> 1988.7094 | H68: =INTMARB!H68+GIC!H68 -> 2962.6306 | I68: =INTMARB!I68+GIC!I68 -> 5089.9388 | J68: =INTMARB!J68+GIC!J68 -> 5184.0785 | ... Z68: =INTMARB!Z68+GIC!Z68 -> 2540.4027
A69: Blended biodiesels | B69: R5220B | C69: =INTMARB!C69+GIC!C69 -> 1186.6787 | D69: =INTMARB!D69+GIC!D69 -> 1262.5491 | E69: =INTMARB!E69+GIC!E69 -> 1256.091 | F69: =INTMARB!F69+GIC!F69 -> 1273.5003 | G69: =INTMARB!G69+GIC!G69 -> 2793.5312 | H69: =INTMARB!H69+GIC!H69 -> 4543.4901 | I69: =INTMARB!I69+GIC!I69 -> 6496.3916 | J69: =INTMARB!J69+GIC!J69 -> 11773.488 | ... Z69: =INTMARB!Z69+GIC!Z69 -> 42649.249
A70: Pure bio jet kerosene | B70: R5230P | C70: =INTMARB!C70+GIC!C70 -> 0 | D70: =INTMARB!D70+GIC!D70 -> 0 | E70: =INTMARB!E70+GIC!E70 -> 0 | F70: =INTMARB!F70+GIC!F70 -> 0 | G70: =INTMARB!G70+GIC!G70 -> 0 | H70: =INTMARB!H70+GIC!H70 -> 0 | I70: =INTMARB!I70+GIC!I70 -> 0 | J70: =INTMARB!J70+GIC!J70 -> 0 | ... Z70: =INTMARB!Z70+GIC!Z70 -> 0
A71: Blended bio jet kerosene | B71: R5230B | C71: =INTMARB!C71+GIC!C71 -> 0 | D71: =INTMARB!D71+GIC!D71 -> 0 | E71: =INTMARB!E71+GIC!E71 -> 0 | F71: =INTMARB!F71+GIC!F71 -> 0 | G71: =INTMARB!G71+GIC!G71 -> 0 | H71: =INTMARB!H71+GIC!H71 -> 0 | I71: =INTMARB!I71+GIC!I71 -> 0 | J71: =INTMARB!J71+GIC!J71 -> 0 | ... Z71: =INTMARB!Z71+GIC!Z71 -> 401.78213
A72: Other liquid biofuels | B72: R5290 | C72: =INTMARB!C72+GIC!C72 -> 50.755507 | D72: =INTMARB!D72+GIC!D72 -> 84.070973 | E72: =INTMARB!E72+GIC!E72 -> 158.28715 | F72: =INTMARB!F72+GIC!F72 -> 172.18473 | G72: =INTMARB!G72+GIC!G72 -> 648.94636 | H72: =INTMARB!H72+GIC!H72 -> 2253.0625 | I72: =INTMARB!I72+GIC!I72 -> 4729.5149 | J72: =INTMARB!J72+GIC!J72 -> 4212.9616 | ... Z72: =INTMARB!Z72+GIC!Z72 -> 2860.4634

Sheet INTMARB
A1: International maritime bunkers | B1: INTMARB | C1: 2000 | D1: 2001 | E1: 2002 | F1: 2003 | G1: 2004 | H1: 2005 | I1: 2006 | J1: 2007 | K1: 2008 | L1: 2009 | M1: 2010 | N1: 2011 | O1: 2012 | P1: 2013 | Q1: 2014 | R1: 2015 | S1: 2016 | T1: 2017 | U1: 2018 | V1: 2019 | W1: 2020 | X1: 2021 | Y1: 2022 | Z1: 2023
A2: Total | B2: TOTAL | C2: =SUM(C3,C17,C22,C25,C26,C51,C52) -> 129755.56 | D2: =SUM(D3,D17,D22,D25,D26,D51,D52) -> 133806.23 | E2: =SUM(E3,E17,E22,E25,E26,E51,E52) -> 137724.48 | F2: =SUM(F3,F17,F22,F25,F26,F51,F52) -> 141828.47 | G2: =SUM(G3,G17,G22,G25,G26,G51,G52) -> 149118.53 | H2: =SUM(H3,H17,H22,H25,H26,H51,H52) -> 152050.66 | I2: =SUM(I3,I17,I22,I25,I26,I51,I52) -> 162126.1 | J2: =SUM(J3,J17,J22,J25,J26,J51,J52) -> 169125.02 | ... Z2: =SUM(Z3,Z17,Z22,Z25,Z26,Z51,Z52) -> 124591.13
A3: Solid fossil fuels | B3: C0000X0350-0370 | C3: =SUM(C4,C8,C11) -> 0 | D3: =SUM(D4,D8,D11) -> 0 | E3: =SUM(E4,E8,E11) -> 0 | F3: =SUM(F4,F8,F11) -> 0 | G3: =SUM(G4,G8,G11) -> 0 | H3: =SUM(H4,H8,H11) -> 0 | I3: =SUM(I4,I8,I11) -> 0 | J3: =SUM(J4,J8,J11) -> 0 | ... Z3: =SUM(Z4,Z8,Z11) -> 0
A4: Hard coal | B4: C0100 | C4: =SUM(C5:C7) -> 0 | D4: =SUM(D5:D7) -> 0 | E4: =SUM(E5:E7) -> 0 | F4: =SUM(F5:F7) -> 0 | G4: =SUM(G5:G7) -> 0 | H4: =SUM(H5:H7) -> 0 | I4: =SUM(I5:I7) -> 0 | J4: =SUM(J5:J7) -> 0 | ... Z4: =SUM(Z5:Z7) -> 0
A5: Anthracite | B5: C0110 | C5: =INTMARB_IN!C5+INTMARB_EX!C5 -> 0 | D5: =INTMARB_IN!D5+INTMARB_EX!D5 -> 0 | E5: =INTMARB_IN!E5+INTMARB_EX!E5 -> 0 | F5: =INTMARB_IN!F5+INTMARB_EX!F5 -> 0 | G5: =INTMARB_IN!G5+INTMARB_EX!G5 -> 0 | H5: =INTMARB_IN!H5+INTMARB_EX!H5 -> 0 | I5: =INTMARB_IN!I5+INTMARB_EX!I5 -> 0 | J5: =INTMARB_IN!J5+INTMARB_EX!J5 -> 0 | ... Z5: =INTMARB_IN!Z5+INTMARB_EX!Z5 -> 0
A6: Coking coal | B6: C0121 | C6: =INTMARB_IN!C6+INTMARB_EX!C6 -> 0 | D6: =INTMARB_IN!D6+INTMARB_EX!D6 -> 0 | E6: =INTMARB_IN!E6+INTMARB_EX!E6 -> 0 | F6: =INTMARB_IN!F6+INTMARB_EX!F6 -> 0 | G6: =INTMARB_IN!G6+INTMARB_EX!G6 -> 0 | H6: =INTMARB_IN!H6+INTMARB_EX!H6 -> 0 | I6: =INTMARB_IN!I6+INTMARB_EX!I6 -> 0 | J6: =INTMARB_IN!J6+INTMARB_EX!J6 -> 0 | ... Z6: =INTMARB_IN!Z6+INTMARB_EX!Z6 -> 0
A7: Other bituminous coal | B7: C0129 | C7: =INTMARB_IN!C7+INTMARB_EX!C7 -> 0 | D7: =INTMARB_IN!D7+INTMARB_EX!D7 -> 0 | E7: =INTMARB_IN!E7+INTMARB_EX!E7 -> 0 | F7: =INTMARB_IN!F7+INTMARB_EX!F7 -> 0 | G7: =INTMARB_IN!G7+INTMARB_EX!G7 -> 0 | H7: =INTMARB_IN!H7+INTMARB_EX!H7 -> 0 | I7: =INTMARB_IN!I7+INTMARB_EX!I7 -> 0 | J7: =INTMARB_IN!J7+INTMARB_EX!J7 -> 0 | ... Z7: =INTMARB_IN!Z7+INTMARB_EX!Z7 -> 0
A8: Brown coal | B8: C0200 | C8: =SUM(C9:C10) -> 0 | D8: =SUM(D9:D10) -> 0 | E8: =SUM(E9:E10) -> 0 | F8: =SUM(F9:F10) -> 0 | G8: =SUM(G9:G10) -> 0 | H8: =SUM(H9:H10) -> 0 | I8: =SUM(I9:I10) -> 0 | J8: =SUM(J9:J10) -> 0 | ... Z8: =SUM(Z9:Z10) -> 0
A9: Sub-bituminous coal | B9: C0210 | C9: =INTMARB_IN!C9+INTMARB_EX!C9 -> 0 | D9: =INTMARB_IN!D9+INTMARB_EX!D9 -> 0 | E9: =INTMARB_IN!E9+INTMARB_EX!E9 -> 0 | F9: =INTMARB_IN!F9+INTMARB_EX!F9 -> 0 | G9: =INTMARB_IN!G9+INTMARB_EX!G9 -> 0 | H9: =INTMARB_IN!H9+INTMARB_EX!H9 -> 0 | I9: =INTMARB_IN!I9+INTMARB_EX!I9 -> 0 | J9: =INTMARB_IN!J9+INTMARB_EX!J9 -> 0 | ... Z9: =INTMARB_IN!Z9+INTMARB_EX!Z9 -> 0
A10: Lignite | B10: C0220 | C10: =INTMARB_IN!C10+INTMARB_EX!C10 -> 0 | D10: =INTMARB_IN!D10+INTMARB_EX!D10 -> 0 | E10: =INTMARB_IN!E10+INTMARB_EX!E10 -> 0 | F10: =INTMARB_IN!F10+INTMARB_EX!F10 -> 0 | G10: =INTMARB_IN!G10+INTMARB_EX!G10 -> 0 | H10: =INTMARB_IN!H10+INTMARB_EX!H10 -> 0 | I10: =INTMARB_IN!I10+INTMARB_EX!I10 -> 0 | J10: =INTMARB_IN!J10+INTMARB_EX!J10 -> 0 | ... Z10: =INTMARB_IN!Z10+INTMARB_EX!Z10 -> 0
A11: Coal products | B11: C0300 | C11: =SUM(C12:C16) -> 0 | D11: =SUM(D12:D16) -> 0 | E11: =SUM(E12:E16) -> 0 | F11: =SUM(F12:F16) -> 0 | G11: =SUM(G12:G16) -> 0 | H11: =SUM(H12:H16) -> 0 | I11: =SUM(I12:I16) -> 0 | J11: =SUM(J12:J16) -> 0 | ... Z11: =SUM(Z12:Z16) -> 0
A12: Patent fuel | B12: C0320 | C12: =INTMARB_IN!C12+INTMARB_EX!C12 -> 0 | D12: =INTMARB_IN!D12+INTMARB_EX!D12 -> 0 | E12: =INTMARB_IN!E12+INTMARB_EX!E12 -> 0 | F12: =INTMARB_IN!F12+INTMARB_EX!F12 -> 0 | G12: =INTMARB_IN!G12+INTMARB_EX!G12 -> 0 | H12: =INTMARB_IN!H12+INTMARB_EX!H12 -> 0 | I12: =INTMARB_IN!I12+INTMARB_EX!I12 -> 0 | J12: =INTMARB_IN!J12+INTMARB_EX!J12 -> 0 | ... Z12: =INTMARB_IN!Z12+INTMARB_EX!Z12 -> 0
A13: Coke oven coke | B13: C0311 | C13: =INTMARB_IN!C13+INTMARB_EX!C13 -> 0 | D13: =INTMARB_IN!D13+INTMARB_EX!D13 -> 0 | E13: =INTMARB_IN!E13+INTMARB_EX!E13 -> 0 | F13: =INTMARB_IN!F13+INTMARB_EX!F13 -> 0 | G13: =INTMARB_IN!G13+INTMARB_EX!G13 -> 0 | H13: =INTMARB_IN!H13+INTMARB_EX!H13 -> 0 | I13: =INTMARB_IN!I13+INTMARB_EX!I13 -> 0 | J13: =INTMARB_IN!J13+INTMARB_EX!J13 -> 0 | ... Z13: =INTMARB_IN!Z13+INTMARB_EX!Z13 -> 0
A14: Gas coke | B14: C0312 | C14: =INTMARB_IN!C14+INTMARB_EX!C14 -> 0 | D14: =INTMARB_IN!D14+INTMARB_EX!D14 -> 0 | E14: =INTMARB_IN!E14+INTMARB_EX!E14 -> 0 | F14: =INTMARB_IN!F14+INTMARB_EX!F14 -> 0 | G14: =INTMARB_IN!G14+INTMARB_EX!G14 -> 0 | H14: =INTMARB_IN!H14+INTMARB_EX!H14 -> 0 | I14: =INTMARB_IN!I14+INTMARB_EX!I14 -> 0 | J14: =INTMARB_IN!J14+INTMARB_EX!J14 -> 0 | ... Z14: =INTMARB_IN!Z14+INTMARB_EX!Z14 -> 0
A15: Coal tar | B15: C0340 | C15: =INTMARB_IN!C15+INTMARB_EX!C15 -> 0 | D15: =INTMARB_IN!D15+INTMARB_EX!D15 -> 0 | E15: =INTMARB_IN!E15+INTMARB_EX!E15 -> 0 | F15: =INTMARB_IN!F15+INTMARB_EX!F15 -> 0 | G15: =INTMARB_IN!G15+INTMARB_EX!G15 -> 0 | H15: =INTMARB_IN!H15+INTMARB_EX!H15 -> 0 | I15: =INTMARB_IN!I15+INTMARB_EX!I15 -> 0 | J15: =INTMARB_IN!J15+INTMARB_EX!J15 -> 0 | ... Z15: =INTMARB_IN!Z15+INTMARB_EX!Z15 -> 0
A16: Brown coal briquettes | B16: C0330 | C16: =INTMARB_IN!C16+INTMARB_EX!C16 -> 0 | D16: =INTMARB_IN!D16+INTMARB_EX!D16 -> 0 | E16: =INTMARB_IN!E16+INTMARB_EX!E16 -> 0 | F16: =INTMARB_IN!F16+INTMARB_EX!F16 -> 0 | G16: =INTMARB_IN!G16+INTMARB_EX!G16 -> 0 | H16: =INTMARB_IN!H16+INTMARB_EX!H16 -> 0 | I16: =INTMARB_IN!I16+INTMARB_EX!I16 -> 0 | J16: =INTMARB_IN!J16+INTMARB_EX!J16 -> 0 | ... Z16: =INTMARB_IN!Z16+INTMARB_EX!Z16 -> 0
A17: Manufactured gases | B17: C0350-0370 | C17: =SUM(C18:C21) -> 0 | D17: =SUM(D18:D21) -> 0 | E17: =SUM(E18:E21) -> 0 | F17: =SUM(F18:F21) -> 0 | G17: =SUM(G18:G21) -> 0 | H17: =SUM(H18:H21) -> 0 | I17: =SUM(I18:I21) -> 0 | J17: =SUM(J18:J21) -> 0 | ... Z17: =SUM(Z18:Z21) -> 0
A18: Gas works gas | B18: C0360 | C18: =INTMARB_IN!C18+INTMARB_EX!C18 -> 0 | D18: =INTMARB_IN!D18+INTMARB_EX!D18 -> 0 | E18: =INTMARB_IN!E18+INTMARB_EX!E18 -> 0 | F18: =INTMARB_IN!F18+INTMARB_EX!F18 -> 0 | G18: =INTMARB_IN!G18+INTMARB_EX!G18 -> 0 | H18: =INTMARB_IN!H18+INTMARB_EX!H18 -> 0 | I18: =INTMARB_IN!I18+INTMARB_EX!I18 -> 0 | J18: =INTMARB_IN!J18+INTMARB_EX!J18 -> 0 | ... Z18: =INTMARB_IN!Z18+INTMARB_EX!Z18 -> 0
A19: Coke oven gas | B19: C0350 | C19: =INTMARB_IN!C19+INTMARB_EX!C19 -> 0 | D19: =INTMARB_IN!D19+INTMARB_EX!D19 -> 0 | E19: =INTMARB_IN!E19+INTMARB_EX!E19 -> 0 | F19: =INTMARB_IN!F19+INTMARB_EX!F19 -> 0 | G19: =INTMARB_IN!G19+INTMARB_EX!G19 -> 0 | H19: =INTMARB_IN!H19+INTMARB_EX!H19 -> 0 | I19: =INTMARB_IN!I19+INTMARB_EX!I19 -> 0 | J19: =INTMARB_IN!J19+INTMARB_EX!J19 -> 0 | ... Z19: =INTMARB_IN!Z19+INTMARB_EX!Z19 -> 0
A20: Blast furnace gas | B20: C0371 | C20: =INTMARB_IN!C20+INTMARB_EX!C20 -> 0 | D20: =INTMARB_IN!D20+INTMARB_EX!D20 -> 0 | E20: =INTMARB_IN!E20+INTMARB_EX!E20 -> 0 | F20: =INTMARB_IN!F20+INTMARB_EX!F20 -> 0 | G20: =INTMARB_IN!G20+INTMARB_EX!G20 -> 0 | H20: =INTMARB_IN!H20+INTMARB_EX!H20 -> 0 | I20: =INTMARB_IN!I20+INTMARB_EX!I20 -> 0 | J20: =INTMARB_IN!J20+INTMARB_EX!J20 -> 0 | ... Z20: =INTMARB_IN!Z20+INTMARB_EX!Z20 -> 0
A21: Other recovered gases | B21: C0379 | C21: =INTMARB_IN!C21+INTMARB_EX!C21 -> 0 | D21: =INTMARB_IN!D21+INTMARB_EX!D21 -> 0 | E21: =INTMARB_IN!E21+INTMARB_EX!E21 -> 0 | F21: =INTMARB_IN!F21+INTMARB_EX!F21 -> 0 | G21: =INTMARB_IN!G21+INTMARB_EX!G21 -> 0 | H21: =INTMARB_IN!H21+INTMARB_EX!H21 -> 0 | I21: =INTMARB_IN!I21+INTMARB_EX!I21 -> 0 | J21: =INTMARB_IN!J21+INTMARB_EX!J21 -> 0 | ... Z21: =INTMARB_IN!Z21+INTMARB_EX!Z21 -> 0
A22: Peat and peat products | B22: P1000 | C22: =SUM(C23:C24) -> 0 | D22: =SUM(D23:D24) -> 0 | E22: =SUM(E23:E24) -> 0 | F22: =SUM(F23:F24) -> 0 | G22: =SUM(G23:G24) -> 0 | H22: =SUM(H23:H24) -> 0 | I22: =SUM(I23:I24) -> 0 | J22: =SUM(J23:J24) -> 0 | ... Z22: =SUM(Z23:Z24) -> 0
A23: Peat | B23: P1100 | C23: =INTMARB_IN!C23+INTMARB_EX!C23 -> 0 | D23: =INTMARB_IN!D23+INTMARB_EX!D23 -> 0 | E23: =INTMARB_IN!E23+INTMARB_EX!E23 -> 0 | F23: =INTMARB_IN!F23+INTMARB_EX!F23 -> 0 | G23: =INTMARB_IN!G23+INTMARB_EX!G23 -> 0 | H23: =INTMARB_IN!H23+INTMARB_EX!H23 -> 0 | I23: =INTMARB_IN!I23+INTMARB_EX!I23 -> 0 | J23: =INTMARB_IN!J23+INTMARB_EX!J23 -> 0 | ... Z23: =INTMARB_IN!Z23+INTMARB_EX!Z23 -> 0
A24: Peat products | B24: P1200 | C24: =INTMARB_IN!C24+INTMARB_EX!C24 -> 0 | D24: =INTMARB_IN!D24+INTMARB_EX!D24 -> 0 | E24: =INTMARB_IN!E24+INTMARB_EX!E24 -> 0 | F24: =INTMARB_IN!F24+INTMARB_EX!F24 -> 0 | G24: =INTMARB_IN!G24+INTMARB_EX!G24 -> 0 | H24: =INTMARB_IN!H24+INTMARB_EX!H24 -> 0 | I24: =INTMARB_IN!I24+INTMARB_EX!I24 -> 0 | J24: =INTMARB_IN!J24+INTMARB_EX!J24 -> 0 | ... Z24: =INTMARB_IN!Z24+INTMARB_EX!Z24 -> 0
A25: Oil shale and oil sands | B25: S2000 | C25: =INTMARB_IN!C25+INTMARB_EX!C25 -> 0 | D25: =INTMARB_IN!D25+INTMARB_EX!D25 -> 0 | E25: =INTMARB_IN!E25+INTMARB_EX!E25 -> 0 | F25: =INTMARB_IN!F25+INTMARB_EX!F25 -> 0 | G25: =INTMARB_IN!G25+INTMARB_EX!G25 -> 0 | H25: =INTMARB_IN!H25+INTMARB_EX!H25 -> 0 | I25: =INTMARB_IN!I25+INTMARB_EX!I25 -> 0 | J25: =INTMARB_IN!J25+INTMARB_EX!J25 -> 0 | ... Z25: =INTMARB_IN!Z25+INTMARB_EX!Z25 -> 0
A26: Oil and petroleum products | B26: O4000XBIO | C26: =SUM(C27,C33) -> 129755.56 | D26: =SUM(D27,D33) -> 133806.23 | E26: =SUM(E27,E33) -> 137724.48 | F26: =SUM(F27,F33) -> 141828.47 | G26: =SUM(G27,G33) -> 149118.53 | H26: =SUM(H27,H33) -> 152050.66 | I26: =SUM(I27,I33) -> 162126.1 | J26: =SUM(J27,J33) -> 169125.02 | ... Z26: =SUM(Z27,Z33) -> 123582.49
A27: Crude oil, NGL, refinery feedstocks, additives and oxygenates and other hydrocarbons (excluding biofuel portion) | B27: O4100_TOT_4200-4500XBIO | C27: =SUM(C28:C32) -> 0 | D27: =SUM(D28:D32) -> 0 | E27: =SUM(E28:E32) -> 0 | F27: =SUM(F28:F32) -> 0 | G27: =SUM(G28:G32) -> 0 | H27: =SUM(H28:H32) -> 0 | I27: =SUM(I28:I32) -> 0 | J27: =SUM(J28:J32) -> 0 | ... Z27: =SUM(Z28:Z32) -> 0
A28: Crude oil | B28: O4100_TOT | C28: =INTMARB_IN!C28+INTMARB_EX!C28 -> 0 | D28: =INTMARB_IN!D28+INTMARB_EX!D28 -> 0 | E28: =INTMARB_IN!E28+INTMARB_EX!E28 -> 0 | F28: =INTMARB_IN!F28+INTMARB_EX!F28 -> 0 | G28: =INTMARB_IN!G28+INTMARB_EX!G28 -> 0 | H28: =INTMARB_IN!H28+INTMARB_EX!H28 -> 0 | I28: =INTMARB_IN!I28+INTMARB_EX!I28 -> 0 | J28: =INTMARB_IN!J28+INTMARB_EX!J28 -> 0 | ... Z28: =INTMARB_IN!Z28+INTMARB_EX!Z28 -> 0
A29: Natural gas liquids | B29: O4200 | C29: =INTMARB_IN!C29+INTMARB_EX!C29 -> 0 | D29: =INTMARB_IN!D29+INTMARB_EX!D29 -> 0 | E29: =INTMARB_IN!E29+INTMARB_EX!E29 -> 0 | F29: =INTMARB_IN!F29+INTMARB_EX!F29 -> 0 | G29: =INTMARB_IN!G29+INTMARB_EX!G29 -> 0 | H29: =INTMARB_IN!H29+INTMARB_EX!H29 -> 0 | I29: =INTMARB_IN!I29+INTMARB_EX!I29 -> 0 | J29: =INTMARB_IN!J29+INTMARB_EX!J29 -> 0 | ... Z29: =INTMARB_IN!Z29+INTMARB_EX!Z29 -> 0
A30: Refinery feedstocks | B30: O4300 | C30: =INTMARB_IN!C30+INTMARB_EX!C30 -> 0 | D30: =INTMARB_IN!D30+INTMARB_EX!D30 -> 0 | E30: =INTMARB_IN!E30+INTMARB_EX!E30 -> 0 | F30: =INTMARB_IN!F30+INTMARB_EX!F30 -> 0 | G30: =INTMARB_IN!G30+INTMARB_EX!G30 -> 0 | H30: =INTMARB_IN!H30+INTMARB_EX!H30 -> 0 | I30: =INTMARB_IN!I30+INTMARB_EX!I30 -> 0 | J30: =INTMARB_IN!J30+INTMARB_EX!J30 -> 0 | ... Z30: =INTMARB_IN!Z30+INTMARB_EX!Z30 -> 0
A31: Additives and oxygenates (excluding biofuel portion) | B31: O4400X4410 | C31: =INTMARB_IN!C31+INTMARB_EX!C31 -> 0 | D31: =INTMARB_IN!D31+INTMARB_EX!D31 -> 0 | E31: =INTMARB_IN!E31+INTMARB_EX!E31 -> 0 | F31: =INTMARB_IN!F31+INTMARB_EX!F31 -> 0 | G31: =INTMARB_IN!G31+INTMARB_EX!G31 -> 0 | H31: =INTMARB_IN!H31+INTMARB_EX!H31 -> 0 | I31: =INTMARB_IN!I31+INTMARB_EX!I31 -> 0 | J31: =INTMARB_IN!J31+INTMARB_EX!J31 -> 0 | ... Z31: =INTMARB_IN!Z31+INTMARB_EX!Z31 -> 0
A32: Other hydrocarbons | B32: O4500 | C32: =INTMARB_IN!C32+INTMARB_EX!C32 -> 0 | D32: =INTMARB_IN!D32+INTMARB_EX!D32 -> 0 | E32: =INTMARB_IN!E32+INTMARB_EX!E32 -> 0 | F32: =INTMARB_IN!F32+INTMARB_EX!F32 -> 0 | G32: =INTMARB_IN!G32+INTMARB_EX!G32 -> 0 | H32: =INTMARB_IN!H32+INTMARB_EX!H32 -> 0 | I32: =INTMARB_IN!I32+INTMARB_EX!I32 -> 0 | J32: =INTMARB_IN!J32+INTMARB_EX!J32 -> 0 | ... Z32: =INTMARB_IN!Z32+INTMARB_EX!Z32 -> 0
A33: Oil products (excluding biofuel portion) | B33: O4600XBIO | C33: =SUM(C34:C50) -> 129755.56 | D33: =SUM(D34:D50) -> 133806.23 | E33: =SUM(E34:E50) -> 137724.48 | F33: =SUM(F34:F50) -> 141828.47 | G33: =SUM(G34:G50) -> 149118.53 | H33: =SUM(H34:H50) -> 152050.66 | I33: =SUM(I34:I50) -> 162126.1 | J33: =SUM(J34:J50) -> 169125.02 | ... Z33: =SUM(Z34:Z50) -> 123582.49
A34: Refinery gas | B34: O4610 | C34: =INTMARB_IN!C34+INTMARB_EX!C34 -> 0 | D34: =INTMARB_IN!D34+INTMARB_EX!D34 -> 0 | E34: =INTMARB_IN!E34+INTMARB_EX!E34 -> 0 | F34: =INTMARB_IN!F34+INTMARB_EX!F34 -> 0 | G34: =INTMARB_IN!G34+INTMARB_EX!G34 -> 0 | H34: =INTMARB_IN!H34+INTMARB_EX!H34 -> 0 | I34: =INTMARB_IN!I34+INTMARB_EX!I34 -> 0 | J34: =INTMARB_IN!J34+INTMARB_EX!J34 -> 0 | ... Z34: =INTMARB_IN!Z34+INTMARB_EX!Z34 -> 0
A35: Ethane | B35: O4620 | C35: =INTMARB_IN!C35+INTMARB_EX!C35 -> 0 | D35: =INTMARB_IN!D35+INTMARB_EX!D35 -> 0 | E35: =INTMARB_IN!E35+INTMARB_EX!E35 -> 0 | F35: =INTMARB_IN!F35+INTMARB_EX!F35 -> 0 | G35: =INTMARB_IN!G35+INTMARB_EX!G35 -> 0 | H35: =INTMARB_IN!H35+INTMARB_EX!H35 -> 0 | I35: =INTMARB_IN!I35+INTMARB_EX!I35 -> 0 | J35: =INTMARB_IN!J35+INTMARB_EX!J35 -> 0 | ... Z35: =INTMARB_IN!Z35+INTMARB_EX!Z35 -> 0
A36: Liquefied petroleum gases | B36: O4630 | C36: =INTMARB_IN!C36+INTMARB_EX!C36 -> 0 | D36: =INTMARB_IN!D36+INTMARB_EX!D36 -> 0 | E36: =INTMARB_IN!E36+INTMARB_EX!E36 -> 0 | F36: =INTMARB_IN!F36+INTMARB_EX!F36 -> 0 | G36: =INTMARB_IN!G36+INTMARB_EX!G36 -> 0 | H36: =INTMARB_IN!H36+INTMARB_EX!H36 -> 0 | I36: =INTMARB_IN!I36+INTMARB_EX!I36 -> 0 | J36: =INTMARB_IN!J36+INTMARB_EX!J36 -> 0 | ... Z36: =INTMARB_IN!Z36+INTMARB_EX!Z36 -> 0
A37: Motor gasoline (excluding biofuel portion) | B37: O4652XR5210B | C37: =INTMARB_IN!C37+INTMARB_EX!C37 -> 0 | D37: =INTMARB_IN!D37+INTMARB_EX!D37 -> 0 | E37: =INTMARB_IN!E37+INTMARB_EX!E37 -> 0 | F37: =INTMARB_IN!F37+INTMARB_EX!F37 -> 0 | G37: =INTMARB_IN!G37+INTMARB_EX!G37 -> 0 | H37: =INTMARB_IN!H37+INTMARB_EX!H37 -> 0 | I37: =INTMARB_IN!I37+INTMARB_EX!I37 -> 0 | J37: =INTMARB_IN!J37+INTMARB_EX!J37 -> 0 | ... Z37: =INTMARB_IN!Z37+INTMARB_EX!Z37 -> 14.130797
A38: Aviation gasoline | B38: O4651 | C38: =INTMARB_IN!C38+INTMARB_EX!C38 -> 0 | D38: =INTMARB_IN!D38+INTMARB_EX!D38 -> 0 | E38: =INTMARB_IN!E38+INTMARB_EX!E38 -> 0 | F38: =INTMARB_IN!F38+INTMARB_EX!F38 -> 0 | G38: =INTMARB_IN!G38+INTMARB_EX!G38 -> 0 | H38: =INTMARB_IN!H38+INTMARB_EX!H38 -> 0 | I38: =INTMARB_IN!I38+INTMARB_EX!I38 -> 0 | J38: =INTMARB_IN!J38+INTMARB_EX!J38 -> 0 | ... Z38: =INTMARB_IN!Z38+INTMARB_EX!Z38 -> 0
A39: Gasoline-type jet fuel | B39: O4653 | C39: =INTMARB_IN!C39+INTMARB_EX!C39 -> 0 | D39: =INTMARB_IN!D39+INTMARB_EX!D39 -> 0 | E39: =INTMARB_IN!E39+INTMARB_EX!E39 -> 0 | F39: =INTMARB_IN!F39+INTMARB_EX!F39 -> 0 | G39: =INTMARB_IN!G39+INTMARB_EX!G39 -> 0 | H39: =INTMARB_IN!H39+INTMARB_EX!H39 -> 0 | I39: =INTMARB_IN!I39+INTMARB_EX!I39 -> 0 | J39: =INTMARB_IN!J39+INTMARB_EX!J39 -> 0 | ... Z39: =INTMARB_IN!Z39+INTMARB_EX!Z39 -> 0
A40: Kerosene-type jet fuel (excluding biofuel portion) | B40: O4661XR5230B | C40: =INTMARB_IN!C40+INTMARB_EX!C40 -> 0 | D40: =INTMARB_IN!D40+INTMARB_EX!D40 -> 0 | E40: =INTMARB_IN!E40+INTMARB_EX!E40 -> 0 | F40: =INTMARB_IN!F40+INTMARB_EX!F40 -> 0 | G40: =INTMARB_IN!G40+INTMARB_EX!G40 -> 0 | H40: =INTMARB_IN!H40+INTMARB_EX!H40 -> 0 | I40: =INTMARB_IN!I40+INTMARB_EX!I40 -> 0 | J40: =INTMARB_IN!J40+INTMARB_EX!J40 -> 0 | ... Z40: =INTMARB_IN!Z40+INTMARB_EX!Z40 -> 0
A41: Other kerosene | B41: O4669 | C41: =INTMARB_IN!C41+INTMARB_EX!C41 -> 0 | D41: =INTMARB_IN!D41+INTMARB_EX!D41 -> 0 | E41: =INTMARB_IN!E41+INTMARB_EX!E41 -> 0 | F41: =INTMARB_IN!F41+INTMARB_EX!F41 -> 0 | G41: =INTMARB_IN!G41+INTMARB_EX!G41 -> 0 | H41: =INTMARB_IN!H41+INTMARB_EX!H41 -> 0 | I41: =INTMARB_IN!I41+INTMARB_EX!I41 -> 0 | J41: =INTMARB_IN!J41+INTMARB_EX!J41 -> 0 | ... Z41: =INTMARB_IN!Z41+INTMARB_EX!Z41 -> 0
A42: Naphtha | B42: O4640 | C42: =INTMARB_IN!C42+INTMARB_EX!C42 -> 0 | D42: =INTMARB_IN!D42+INTMARB_EX!D42 -> 0 | E42: =INTMARB_IN!E42+INTMARB_EX!E42 -> 0 | F42: =INTMARB_IN!F42+INTMARB_EX!F42 -> 0 | G42: =INTMARB_IN!G42+INTMARB_EX!G42 -> 0 | H42: =INTMARB_IN!H42+INTMARB_EX!H42 -> 0 | I42: =INTMARB_IN!I42+INTMARB_EX!I42 -> 0 | J42: =INTMARB_IN!J42+INTMARB_EX!J42 -> 0 | ... Z42: =INTMARB_IN!Z42+INTMARB_EX!Z42 -> 0
A43: Gas oil and diesel oil (excluding biofuel portion) | B43: O4671XR5220B | C43: =INTMARB_IN!C43+INTMARB_EX!C43 -> 21492.483 | D43: =INTMARB_IN!D43+INTMARB_EX!D43 -> 20686.698 | E43: =INTMARB_IN!E43+INTMARB_EX!E43 -> 19802.845 | F43: =INTMARB_IN!F43+INTMARB_EX!F43 -> 19021.678 | G43: =INTMARB_IN!G43+INTMARB_EX!G43 -> 17429.28 | H43: =INTMARB_IN!H43+INTMARB_EX!H43 -> 17347.824 | I43: =INTMARB_IN!I43+INTMARB_EX!I43 -> 18023.691 | J43: =INTMARB_IN!J43+INTMARB_EX!J43 -> 17189.988 | ... Z43: =INTMARB_IN!Z43+INTMARB_EX!Z43 -> 27958.003
A44: Fuel oil | B44: O4680 | C44: =INTMARB_IN!C44+INTMARB_EX!C44 -> 107147.47 | D44: =INTMARB_IN!D44+INTMARB_EX!D44 -> 111994.2 | E44: =INTMARB_IN!E44+INTMARB_EX!E44 -> 116929.51 | F44: =INTMARB_IN!F44+INTMARB_EX!F44 -> 121947.81 | G44: =INTMARB_IN!G44+INTMARB_EX!G44 -> 130847.17 | H44: =INTMARB_IN!H44+INTMARB_EX!H44 -> 133866.64 | I44: =INTMARB_IN!I44+INTMARB_EX!I44 -> 143343.06 | J44: =INTMARB_IN!J44+INTMARB_EX!J44 -> 151025.22 | ... Z44: =INTMARB_IN!Z44+INTMARB_EX!Z44 -> 95120.239
A45: White spirit and special boiling point industrial spirits | B45: O4691 | C45: =INTMARB_IN!C45+INTMARB_EX!C45 -> 0 | D45: =INTMARB_IN!D45+INTMARB_EX!D45 -> 0 | E45: =INTMARB_IN!E45+INTMARB_EX!E45 -> 0 | F45: =INTMARB_IN!F45+INTMARB_EX!F45 -> 0 | G45: =INTMARB_IN!G45+INTMARB_EX!G45 -> 0 | H45: =INTMARB_IN!H45+INTMARB_EX!H45 -> 0 | I45: =INTMARB_IN!I45+INTMARB_EX!I45 -> 0 | J45: =INTMARB_IN!J45+INTMARB_EX!J45 -> 0 | ... Z45: =INTMARB_IN!Z45+INTMARB_EX!Z45 -> 0
... A51: Natural gas | B51: G3000 | C51: =INTMARB_IN!C51+INTMARB_EX!C51 -> 0 | D51: =INTMARB_IN!D51+INTMARB_EX!D51 -> 0 | E51: =INTMARB_IN!E51+INTMARB_EX!E51 -> 0 | F51: =INTMARB_IN!F51+INTMARB_EX!F51 -> 0 | G51: =INTMARB_IN!G51+INTMARB_EX!G51 -> 0 | H51: =INTMARB_IN!H51+INTMARB_EX!H51 -> 0 | I51: =INTMARB_IN!I51+INTMARB_EX!I51 -> 0 | J51: =INTMARB_IN!J51+INTMARB_EX!J51 -> 0 | ... Z51: =INTMARB_IN!Z51+INTMARB_EX!Z51 -> 1008.6426
A52: Non-renewable waste | B52: W6100_6220 | C52: =SUM(C53:C54) -> 0 | D52: =SUM(D53:D54) -> 0 | E52: =SUM(E53:E54) -> 0 | F52: =SUM(F53:F54) -> 0 | G52: =SUM(G53:G54) -> 0 | H52: =SUM(H53:H54) -> 0 | I52: =SUM(I53:I54) -> 0 | J52: =SUM(J53:J54) -> 0 | ... Z52: =SUM(Z53:Z54) -> 0
A53: Industrial waste (non-renewable) | B53: W6100 | C53: =INTMARB_IN!C53+INTMARB_EX!C53 -> 0 | D53: =INTMARB_IN!D53+INTMARB_EX!D53 -> 0 | E53: =INTMARB_IN!E53+INTMARB_EX!E53 -> 0 | F53: =INTMARB_IN!F53+INTMARB_EX!F53 -> 0 | G53: =INTMARB_IN!G53+INTMARB_EX!G53 -> 0 | H53: =INTMARB_IN!H53+INTMARB_EX!H53 -> 0 | I53: =INTMARB_IN!I53+INTMARB_EX!I53 -> 0 | J53: =INTMARB_IN!J53+INTMARB_EX!J53 -> 0 | ... Z53: =INTMARB_IN!Z53+INTMARB_EX!Z53 -> 0
A54: Non-renewable municipal waste | B54: W6220 | C54: =INTMARB_IN!C54+INTMARB_EX!C54 -> 0 | D54: =INTMARB_IN!D54+INTMARB_EX!D54 -> 0 | E54: =INTMARB_IN!E54+INTMARB_EX!E54 -> 0 | F54: =INTMARB_IN!F54+INTMARB_EX!F54 -> 0 | G54: =INTMARB_IN!G54+INTMARB_EX!G54 -> 0 | H54: =INTMARB_IN!H54+INTMARB_EX!H54 -> 0 | I54: =INTMARB_IN!I54+INTMARB_EX!I54 -> 0 | J54: =INTMARB_IN!J54+INTMARB_EX!J54 -> 0 | ... Z54: =INTMARB_IN!Z54+INTMARB_EX!Z54 -> 0
A60: CO2 emissions not accounted:
A61: Renewables and biofuels | B61: RA000 | C61: =SUM(C62:C72) -> 0 | D61: =SUM(D62:D72) -> 0 | E61: =SUM(E62:E72) -> 0 | F61: =SUM(F62:F72) -> 0 | G61: =SUM(G62:G72) -> 0 | H61: =SUM(H62:H72) -> 0 | I61: =SUM(I62:I72) -> 0 | J61: =SUM(J62:J72) -> 0 | ... Z61: =SUM(Z62:Z72) -> 990.73329
A62: Primary solid biofuels | B62: R5110-5150_W6000RI | C62: =INTMARB_IN!C62+INTMARB_EX!C62 -> 0 | D62: =INTMARB_IN!D62+INTMARB_EX!D62 -> 0 | E62: =INTMARB_IN!E62+INTMARB_EX!E62 -> 0 | F62: =INTMARB_IN!F62+INTMARB_EX!F62 -> 0 | G62: =INTMARB_IN!G62+INTMARB_EX!G62 -> 0 | H62: =INTMARB_IN!H62+INTMARB_EX!H62 -> 0 | I62: =INTMARB_IN!I62+INTMARB_EX!I62 -> 0 | J62: =INTMARB_IN!J62+INTMARB_EX!J62 -> 0 | ... Z62: =INTMARB_IN!Z62+INTMARB_EX!Z62 -> 0
A63: Charcoal | B63: R5160 | C63: =INTMARB_IN!C63+INTMARB_EX!C63 -> 0 | D63: =INTMARB_IN!D63+INTMARB_EX!D63 -> 0 | E63: =INTMARB_IN!E63+INTMARB_EX!E63 -> 0 | F63: =INTMARB_IN!F63+INTMARB_EX!F63 -> 0 | G63: =INTMARB_IN!G63+INTMARB_EX!G63 -> 0 | H63: =INTMARB_IN!H63+INTMARB_EX!H63 -> 0 | I63: =INTMARB_IN!I63+INTMARB_EX!I63 -> 0 | J63: =INTMARB_IN!J63+INTMARB_EX!J63 -> 0 | ... Z63: =INTMARB_IN!Z63+INTMARB_EX!Z63 -> 0
A64: Biogases | B64: R5300 | C64: =INTMARB_IN!C64+INTMARB_EX!C64 -> 0 | D64: =INTMARB_IN!D64+INTMARB_EX!D64 -> 0 | E64: =INTMARB_IN!E64+INTMARB_EX!E64 -> 0 | F64: =INTMARB_IN!F64+INTMARB_EX!F64 -> 0 | G64: =INTMARB_IN!G64+INTMARB_EX!G64 -> 0 | H64: =INTMARB_IN!H64+INTMARB_EX!H64 -> 0 | I64: =INTMARB_IN!I64+INTMARB_EX!I64 -> 0 | J64: =INTMARB_IN!J64+INTMARB_EX!J64 -> 0 | ... Z64: =INTMARB_IN!Z64+INTMARB_EX!Z64 -> 12.091201
A65: Renewable municipal waste | B65: W6210 | C65: =INTMARB_IN!C65+INTMARB_EX!C65 -> 0 | D65: =INTMARB_IN!D65+INTMARB_EX!D65 -> 0 | E65: =INTMARB_IN!E65+INTMARB_EX!E65 -> 0 | F65: =INTMARB_IN!F65+INTMARB_EX!F65 -> 0 | G65: =INTMARB_IN!G65+INTMARB_EX!G65 -> 0 | H65: =INTMARB_IN!H65+INTMARB_EX!H65 -> 0 | I65: =INTMARB_IN!I65+INTMARB_EX!I65 -> 0 | J65: =INTMARB_IN!J65+INTMARB_EX!J65 -> 0 | ... Z65: =INTMARB_IN!Z65+INTMARB_EX!Z65 -> 0
A66: Pure biogasoline | B66: R5210P | C66: =INTMARB_IN!C66+INTMARB_EX!C66 -> 0 | D66: =INTMARB_IN!D66+INTMARB_EX!D66 -> 0 | E66: =INTMARB_IN!E66+INTMARB_EX!E66 -> 0 | F66: =INTMARB_IN!F66+INTMARB_EX!F66 -> 0 | G66: =INTMARB_IN!G66+INTMARB_EX!G66 -> 0 | H66: =INTMARB_IN!H66+INTMARB_EX!H66 -> 0 | I66: =INTMARB_IN!I66+INTMARB_EX!I66 -> 0 | J66: =INTMARB_IN!J66+INTMARB_EX!J66 -> 0 | ... Z66: =INTMARB_IN!Z66+INTMARB_EX!Z66 -> 0
A67: Blended biogasoline | B67: R5210B | C67: =INTMARB_IN!C67+INTMARB_EX!C67 -> 0 | D67: =INTMARB_IN!D67+INTMARB_EX!D67 -> 0 | E67: =INTMARB_IN!E67+INTMARB_EX!E67 -> 0 | F67: =INTMARB_IN!F67+INTMARB_EX!F67 -> 0 | G67: =INTMARB_IN!G67+INTMARB_EX!G67 -> 0 | H67: =INTMARB_IN!H67+INTMARB_EX!H67 -> 0 | I67: =INTMARB_IN!I67+INTMARB_EX!I67 -> 0 | J67: =INTMARB_IN!J67+INTMARB_EX!J67 -> 0 | ... Z67: =INTMARB_IN!Z67+INTMARB_EX!Z67 -> 0
A68: Pure biodiesels | B68: R5220P | C68: =INTMARB_IN!C68+INTMARB_EX!C68 -> 0 | D68: =INTMARB_IN!D68+INTMARB_EX!D68 -> 0 | E68: =INTMARB_IN!E68+INTMARB_EX!E68 -> 0 | F68: =INTMARB_IN!F68+INTMARB_EX!F68 -> 0 | G68: =INTMARB_IN!G68+INTMARB_EX!G68 -> 0 | H68: =INTMARB_IN!H68+INTMARB_EX!H68 -> 0 | I68: =INTMARB_IN!I68+INTMARB_EX!I68 -> 0 | J68: =INTMARB_IN!J68+INTMARB_EX!J68 -> 0 | ... Z68: =INTMARB_IN!Z68+INTMARB_EX!Z68 -> 0
A69: Blended biodiesels | B69: R5220B | C69: =INTMARB_IN!C69+INTMARB_EX!C69 -> 0 | D69: =INTMARB_IN!D69+INTMARB_EX!D69 -> 0 | E69: =INTMARB_IN!E69+INTMARB_EX!E69 -> 0 | F69: =INTMARB_IN!F69+INTMARB_EX!F69 -> 0 | G69: =INTMARB_IN!G69+INTMARB_EX!G69 -> 0 | H69: =INTMARB_IN!H69+INTMARB_EX!H69 -> 0 | I69: =INTMARB_IN!I69+INTMARB_EX!I69 -> 0 | J69: =INTMARB_IN!J69+INTMARB_EX!J69 -> 0 | ... Z69: =INTMARB_IN!Z69+INTMARB_EX!Z69 -> 978.64209
A70: Pure bio jet kerosene | B70: R5230P | C70: =INTMARB_IN!C70+INTMARB_EX!C70 -> 0 | D70: =INTMARB_IN!D70+INTMARB_EX!D70 -> 0 | E70: =INTMARB_IN!E70+INTMARB_EX!E70 -> 0 | F70: =INTMARB_IN!F70+INTMARB_EX!F70 -> 0 | G70: =INTMARB_IN!G70+INTMARB_EX!G70 -> 0 | H70: =INTMARB_IN!H70+INTMARB_EX!H70 -> 0 | I70: =INTMARB_IN!I70+INTMARB_EX!I70 -> 0 | J70: =INTMARB_IN!J70+INTMARB_EX!J70 -> 0 | ... Z70: =INTMARB_IN!Z70+INTMARB_EX!Z70 -> 0
A71: Blended bio jet kerosene | B71: R5230B | C71: =INTMARB_IN!C71+INTMARB_EX!C71 -> 0 | D71: =INTMARB_IN!D71+INTMARB_EX!D71 -> 0 | E71: =INTMARB_IN!E71+INTMARB_EX!E71 -> 0 | F71: =INTMARB_IN!F71+INTMARB_EX!F71 -> 0 | G71: =INTMARB_IN!G71+INTMARB_EX!G71 -> 0 | H71: =INTMARB_IN!H71+INTMARB_EX!H71 -> 0 | I71: =INTMARB_IN!I71+INTMARB_EX!I71 -> 0 | J71: =INTMARB_IN!J71+INTMARB_EX!J71 -> 0 | ... Z71: =INTMARB_IN!Z71+INTMARB_EX!Z71 -> 0
A72: Other liquid biofuels | B72: R5290 | C72: =INTMARB_IN!C72+INTMARB_EX!C72 -> 0 | D72: =INTMARB_IN!D72+INTMARB_EX!D72 -> 0 | E72: =INTMARB_IN!E72+INTMARB_EX!E72 -> 0 | F72: =INTMARB_IN!F72+INTMARB_EX!F72 -> 0 | G72: =INTMARB_IN!G72+INTMARB_EX!G72 -> 0 | H72: =INTMARB_IN!H72+INTMARB_EX!H72 -> 0 | I72: =INTMARB_IN!I72+INTMARB_EX!I72 -> 0 | J72: =INTMARB_IN!J72+INTMARB_EX!J72 -> 0 | ... Z72: =INTMARB_IN!Z72+INTMARB_EX!Z72 -> 0

Sheet INTMARB_IN
A1: International Intra-EEA maritime bunkers | B1: INTMARB_IN | C1: 2000 | D1: 2001 | E1: 2002 | F1: 2003 | G1: 2004 | H1: 2005 | I1: 2006 | J1: 2007 | K1: 2008 | L1: 2009 | M1: 2010 | N1: 2011 | O1: 2012 | P1: 2013 | Q1: 2014 | R1: 2015 | S1: 2016 | T1: 2017 | U1: 2018 | V1: 2019 | W1: 2020 | X1: 2021 | Y1: 2022 | Z1: 2023
A2: Total | B2: TOTAL | C2: =SUM(C3,C17,C22,C25,C26,C51,C52) -> 46581.089 | D2: =SUM(D3,D17,D22,D25,D26,D51,D52) -> 46430.438 | E2: =SUM(E3,E17,E22,E25,E26,E51,E52) -> 46457.489 | F2: =SUM(F3,F17,F22,F25,F26,F51,F52) -> 48215.487 | G2: =SUM(G3,G17,G22,G25,G26,G51,G52) -> 49330.724 | H2: =SUM(H3,H17,H22,H25,H26,H51,H52) -> 47705.366 | I2: =SUM(I3,I17,I22,I25,I26,I51,I52) -> 48961.306 | J2: =SUM(J3,J17,J22,J25,J26,J51,J52) -> 50037.511 | ... Z2: =SUM(Z3,Z17,Z22,Z25,Z26,Z51,Z52) -> 44294.62
A3: Solid fossil fuels | B3: C0000X0350-0370 | C3: =SUM(C4,C8,C11) -> 0 | D3: =SUM(D4,D8,D11) -> 0 | E3: =SUM(E4,E8,E11) -> 0 | F3: =SUM(F4,F8,F11) -> 0 | G3: =SUM(G4,G8,G11) -> 0 | H3: =SUM(H4,H8,H11) -> 0 | I3: =SUM(I4,I8,I11) -> 0 | J3: =SUM(J4,J8,J11) -> 0 | ... Z3: =SUM(Z4,Z8,Z11) -> 0
A4: Hard coal | B4: C0100 | C4: =SUM(C5:C7) -> 0 | D4: =SUM(D5:D7) -> 0 | E4: =SUM(E5:E7) -> 0 | F4: =SUM(F5:F7) -> 0 | G4: =SUM(G5:G7) -> 0 | H4: =SUM(H5:H7) -> 0 | I4: =SUM(I5:I7) -> 0 | J4: =SUM(J5:J7) -> 0 | ... Z4: =SUM(Z5:Z7) -> 0
A5: Anthracite | B5: C0110 | C5: 0 | D5: 0 | E5: 0 | F5: 0 | G5: 0 | H5: 0 | I5: 0 | J5: 0 | K5: 0 | L5: 0 | M5: 0 | N5: 0 | O5: 0 | P5: 0 | Q5: 0 | R5: 0 | S5: 0 | T5: 0 | U5: 0 | V5: 0 | W5: 0 | X5: 0 | Y5: 0 | Z5: 0
A6: Coking coal | B6: C0121 | C6: 0 | D6: 0 | E6: 0 | F6: 0 | G6: 0 | H6: 0 | I6: 0 | J6: 0 | K6: 0 | L6: 0 | M6: 0 | N6: 0 | O6: 0 | P6: 0 | Q6: 0 | R6: 0 | S6: 0 | T6: 0 | U6: 0 | V6: 0 | W6: 0 | X6: 0 | Y6: 0 | Z6: 0
A7: Other bituminous coal | B7: C0129 | C7: 0 | D7: 0 | E7: 0 | F7: 0 | G7: 0 | H7: 0 | I7: 0 | J7: 0 | K7: 0 | L7: 0 | M7: 0 | N7: 0 | O7: 0 | P7: 0 | Q7: 0 | R7: 0 | S7: 0 | T7: 0 | U7: 0 | V7: 0 | W7: 0 | X7: 0 | Y7: 0 | Z7: 0
A8: Brown coal | B8: C0200 | C8: =SUM(C9:C10) -> 0 | D8: =SUM(D9:D10) -> 0 | E8: =SUM(E9:E10) -> 0 | F8: =SUM(F9:F10) -> 0 | G8: =SUM(G9:G10) -> 0 | H8: =SUM(H9:H10) -> 0 | I8: =SUM(I9:I10) -> 0 | J8: =SUM(J9:J10) -> 0 | ... Z8: =SUM(Z9:Z10) -> 0
A9: Sub-bituminous coal | B9: C0210 | C9: 0 | D9: 0 | E9: 0 | F9: 0 | G9: 0 | H9: 0 | I9: 0 | J9: 0 | K9: 0 | L9: 0 | M9: 0 | N9: 0 | O9: 0 | P9: 0 | Q9: 0 | R9: 0 | S9: 0 | T9: 0 | U9: 0 | V9: 0 | W9: 0 | X9: 0 | Y9: 0 | Z9: 0
A10: Lignite | B10: C0220 | C10: 0 | D10: 0 | E10: 0 | F10: 0 | G10: 0 | H10: 0 | I10: 0 | J10: 0 | K10: 0 | L10: 0 | M10: 0 | N10: 0 | O10: 0 | P10: 0 | Q10: 0 | R10: 0 | S10: 0 | T10: 0 | U10: 0 | V10: 0 | W10: 0 | X10: 0 | Y10: 0 | Z10: 0
A11: Coal products | B11: C0300 | C11: =SUM(C12:C16) -> 0 | D11: =SUM(D12:D16) -> 0 | E11: =SUM(E12:E16) -> 0 | F11: =SUM(F12:F16) -> 0 | G11: =SUM(G12:G16) -> 0 | H11: =SUM(H12:H16) -> 0 | I11: =SUM(I12:I16) -> 0 | J11: =SUM(J12:J16) -> 0 | ... Z11: =SUM(Z12:Z16) -> 0
A12: Patent fuel | B12: C0320 | C12: 0 | D12: 0 | E12: 0 | F12: 0 | G12: 0 | H12: 0 | I12: 0 | J12: 0 | K12: 0 | L12: 0 | M12: 0 | N12: 0 | O12: 0 | P12: 0 | Q12: 0 | R12: 0 | S12: 0 | T12: 0 | U12: 0 | V12: 0 | W12: 0 | X12: 0 | Y12: 0 | Z12: 0
A13: Coke oven coke | B13: C0311 | C13: 0 | D13: 0 | E13: 0 | F13: 0 | G13: 0 | H13: 0 | I13: 0 | J13: 0 | K13: 0 | L13: 0 | M13: 0 | N13: 0 | O13: 0 | P13: 0 | Q13: 0 | R13: 0 | S13: 0 | T13: 0 | U13: 0 | V13: 0 | W13: 0 | X13: 0 | Y13: 0 | Z13: 0
A14: Gas coke | B14: C0312 | C14: 0 | D14: 0 | E14: 0 | F14: 0 | G14: 0 | H14: 0 | I14: 0 | J14: 0 | K14: 0 | L14: 0 | M14: 0 | N14: 0 | O14: 0 | P14: 0 | Q14: 0 | R14: 0 | S14: 0 | T14: 0 | U14: 0 | V14: 0 | W14: 0 | X14: 0 | Y14: 0 | Z14: 0
A15: Coal tar | B15: C0340 | C15: 0 | D15: 0 | E15: 0 | F15: 0 | G15: 0 | H15: 0 | I15: 0 | J15: 0 | K15: 0 | L15: 0 | M15: 0 | N15: 0 | O15: 0 | P15: 0 | Q15: 0 | R15: 0 | S15: 0 | T15: 0 | U15: 0 | V15: 0 | W15: 0 | X15: 0 | Y15: 0 | Z15: 0
A16: Brown coal briquettes | B16: C0330 | C16: 0 | D16: 0 | E16: 0 | F16: 0 | G16: 0 | H16: 0 | I16: 0 | J16: 0 | K16: 0 | L16: 0 | M16: 0 | N16: 0 | O16: 0 | P16: 0 | Q16: 0 | R16: 0 | S16: 0 | T16: 0 | U16: 0 | V16: 0 | W16: 0 | X16: 0 | Y16: 0 | Z16: 0
A17: Manufactured gases | B17: C0350-0370 | C17: =SUM(C18:C21) -> 0 | D17: =SUM(D18:D21) -> 0 | E17: =SUM(E18:E21) -> 0 | F17: =SUM(F18:F21) -> 0 | G17: =SUM(G18:G21) -> 0 | H17: =SUM(H18:H21) -> 0 | I17: =SUM(I18:I21) -> 0 | J17: =SUM(J18:J21) -> 0 | ... Z17: =SUM(Z18:Z21) -> 0
A18: Gas works gas | B18: C0360 | C18: 0 | D18: 0 | E18: 0 | F18: 0 | G18: 0 | H18: 0 | I18: 0 | J18: 0 | K18: 0 | L18: 0 | M18: 0 | N18: 0 | O18: 0 | P18: 0 | Q18: 0 | R18: 0 | S18: 0 | T18: 0 | U18: 0 | V18: 0 | W18: 0 | X18: 0 | Y18: 0 | Z18: 0
A19: Coke oven gas | B19: C0350 | C19: 0 | D19: 0 | E19: 0 | F19: 0 | G19: 0 | H19: 0 | I19: 0 | J19: 0 | K19: 0 | L19: 0 | M19: 0 | N19: 0 | O19: 0 | P19: 0 | Q19: 0 | R19: 0 | S19: 0 | T19: 0 | U19: 0 | V19: 0 | W19: 0 | X19: 0 | Y19: 0 | Z19: 0
A20: Blast furnace gas | B20: C0371 | C20: 0 | D20: 0 | E20: 0 | F20: 0 | G20: 0 | H20: 0 | I20: 0 | J20: 0 | K20: 0 | L20: 0 | M20: 0 | N20: 0 | O20: 0 | P20: 0 | Q20: 0 | R20: 0 | S20: 0 | T20: 0 | U20: 0 | V20: 0 | W20: 0 | X20: 0 | Y20: 0 | Z20: 0
A21: Other recovered gases | B21: C0379 | C21: 0 | D21: 0 | E21: 0 | F21: 0 | G21: 0 | H21: 0 | I21: 0 | J21: 0 | K21: 0 | L21: 0 | M21: 0 | N21: 0 | O21: 0 | P21: 0 | Q21: 0 | R21: 0 | S21: 0 | T21: 0 | U21: 0 | V21: 0 | W21: 0 | X21: 0 | Y21: 0 | Z21: 0
A22: Peat and peat products | B22: P1000 | C22: =SUM(C23:C24) -> 0 | D22: =SUM(D23:D24) -> 0 | E22: =SUM(E23:E24) -> 0 | F22: =SUM(F23:F24) -> 0 | G22: =SUM(G23:G24) -> 0 | H22: =SUM(H23:H24) -> 0 | I22: =SUM(I23:I24) -> 0 | J22: =SUM(J23:J24) -> 0 | ... Z22: =SUM(Z23:Z24) -> 0
A23: Peat | B23: P1100 | C23: 0 | D23: 0 | E23: 0 | F23: 0 | G23: 0 | H23: 0 | I23: 0 | J23: 0 | K23: 0 | L23: 0 | M23: 0 | N23: 0 | O23: 0 | P23: 0 | Q23: 0 | R23: 0 | S23: 0 | T23: 0 | U23: 0 | V23: 0 | W23: 0 | X23: 0 | Y23: 0 | Z23: 0
A24: Peat products | B24: P1200 | C24: 0 | D24: 0 | E24: 0 | F24: 0 | G24: 0 | H24: 0 | I24: 0 | J24: 0 | K24: 0 | L24: 0 | M24: 0 | N24: 0 | O24: 0 | P24: 0 | Q24: 0 | R24: 0 | S24: 0 | T24: 0 | U24: 0 | V24: 0 | W24: 0 | X24: 0 | Y24: 0 | Z24: 0
A25: Oil shale and oil sands | B25: S2000 | C25: 0 | D25: 0 | E25: 0 | F25: 0 | G25: 0 | H25: 0 | I25: 0 | J25: 0 | K25: 0 | L25: 0 | M25: 0 | N25: 0 | O25: 0 | P25: 0 | Q25: 0 | R25: 0 | S25: 0 | T25: 0 | U25: 0 | V25: 0 | W25: 0 | X25: 0 | Y25: 0 | Z25: 0
A26: Oil and petroleum products | B26: O4000XBIO | C26: =SUM(C27,C33) -> 46581.089 | D26: =SUM(D27,D33) -> 46430.438 | E26: =SUM(E27,E33) -> 46457.489 | F26: =SUM(F27,F33) -> 48215.487 | G26: =SUM(G27,G33) -> 49330.724 | H26: =SUM(H27,H33) -> 47705.366 | I26: =SUM(I27,I33) -> 48961.306 | J26: =SUM(J27,J33) -> 50037.511 | ... Z26: =SUM(Z27,Z33) -> 43951.684
A27: Crude oil, NGL, refinery feedstocks, additives and oxygenates and other hydrocarbons (excluding biofuel portion) | B27: O4100_TOT_4200-4500XBIO | C27: =SUM(C28:C32) -> 0 | D27: =SUM(D28:D32) -> 0 | E27: =SUM(E28:E32) -> 0 | F27: =SUM(F28:F32) -> 0 | G27: =SUM(G28:G32) -> 0 | H27: =SUM(H28:H32) -> 0 | I27: =SUM(I28:I32) -> 0 | J27: =SUM(J28:J32) -> 0 | ... Z27: =SUM(Z28:Z32) -> 0
A28: Crude oil | B28: O4100_TOT | C28: 0 | D28: 0 | E28: 0 | F28: 0 | G28: 0 | H28: 0 | I28: 0 | J28: 0 | K28: 0 | L28: 0 | M28: 0 | N28: 0 | O28: 0 | P28: 0 | Q28: 0 | R28: 0 | S28: 0 | T28: 0 | U28: 0 | V28: 0 | W28: 0 | X28: 0 | Y28: 0 | Z28: 0
A29: Natural gas liquids | B29: O4200 | C29: 0 | D29: 0 | E29: 0 | F29: 0 | G29: 0 | H29: 0 | I29: 0 | J29: 0 | K29: 0 | L29: 0 | M29: 0 | N29: 0 | O29: 0 | P29: 0 | Q29: 0 | R29: 0 | S29: 0 | T29: 0 | U29: 0 | V29: 0 | W29: 0 | X29: 0 | Y29: 0 | Z29: 0
A30: Refinery feedstocks | B30: O4300 | C30: 0 | D30: 0 | E30: 0 | F30: 0 | G30: 0 | H30: 0 | I30: 0 | J30: 0 | K30: 0 | L30: 0 | M30: 0 | N30: 0 | O30: 0 | P30: 0 | Q30: 0 | R30: 0 | S30: 0 | T30: 0 | U30: 0 | V30: 0 | W30: 0 | X30: 0 | Y30: 0 | Z30: 0
A31: Additives and oxygenates (excluding biofuel portion) | B31: O4400X4410 | C31: 0 | D31: 0 | E31: 0 | F31: 0 | G31: 0 | H31: 0 | I31: 0 | J31: 0 | K31: 0 | L31: 0 | M31: 0 | N31: 0 | O31: 0 | P31: 0 | Q31: 0 | R31: 0 | S31: 0 | T31: 0 | U31: 0 | V31: 0 | W31: 0 | X31: 0 | Y31: 0 | Z31: 0
A32: Other hydrocarbons | B32: O4500 | C32: 0 | D32: 0 | E32: 0 | F32: 0 | G32: 0 | H32: 0 | I32: 0 | J32: 0 | K32: 0 | L32: 0 | M32: 0 | N32: 0 | O32: 0 | P32: 0 | Q32: 0 | R32: 0 | S32: 0 | T32: 0 | U32: 0 | V32: 0 | W32: 0 | X32: 0 | Y32: 0 | Z32: 0
A33: Oil products (excluding biofuel portion) | B33: O4600XBIO | C33: =SUM(C34:C50) -> 46581.089 | D33: =SUM(D34:D50) -> 46430.438 | E33: =SUM(E34:E50) -> 46457.489 | F33: =SUM(F34:F50) -> 48215.487 | G33: =SUM(G34:G50) -> 49330.724 | H33: =SUM(H34:H50) -> 47705.366 | I33: =SUM(I34:I50) -> 48961.306 | J33: =SUM(J34:J50) -> 50037.511 | ... Z33: =SUM(Z34:Z50) -> 43951.684
A34: Refinery gas | B34: O4610 | C34: 0 | D34: 0 | E34: 0 | F34: 0 | G34: 0 | H34: 0 | I34: 0 | J34: 0 | K34: 0 | L34: 0 | M34: 0 | N34: 0 | O34: 0 | P34: 0 | Q34: 0 | R34: 0 | S34: 0 | T34: 0 | U34: 0 | V34: 0 | W34: 0 | X34: 0 | Y34: 0 | Z34: 0
A35: Ethane | B35: O4620 | C35: 0 | D35: 0 | E35: 0 | F35: 0 | G35: 0 | H35: 0 | I35: 0 | J35: 0 | K35: 0 | L35: 0 | M35: 0 | N35: 0 | O35: 0 | P35: 0 | Q35: 0 | R35: 0 | S35: 0 | T35: 0 | U35: 0 | V35: 0 | W35: 0 | X35: 0 | Y35: 0 | Z35: 0
A36: Liquefied petroleum gases | B36: O4630 | C36: 0 | D36: 0 | E36: 0 | F36: 0 | G36: 0 | H36: 0 | I36: 0 | J36: 0 | K36: 0 | L36: 0 | M36: 0 | N36: 0 | O36: 0 | P36: 0 | Q36: 0 | R36: 0 | S36: 0 | T36: 0 | U36: 0 | V36: 0 | W36: 0 | X36: 0 | Y36: 0 | Z36: 0
A37: Motor gasoline (excluding biofuel portion) | B37: O4652XR5210B | C37: 0 | D37: 0 | E37: 0 | F37: 0 | G37: 0 | H37: 0 | I37: 0 | J37: 0 | K37: 0 | L37: 0 | M37: 0 | N37: 0 | O37: 0 | P37: 0 | Q37: 0 | R37: 0 | S37: 0 | T37: 0 | U37: 0 | V37: 0 | W37: 0 | X37: 0 | Y37: 7.2965398 | Z37: 6.0253329
A38: Aviation gasoline | B38: O4651 | C38: 0 | D38: 0 | E38: 0 | F38: 0 | G38: 0 | H38: 0 | I38: 0 | J38: 0 | K38: 0 | L38: 0 | M38: 0 | N38: 0 | O38: 0 | P38: 0 | Q38: 0 | R38: 0 | S38: 0 | T38: 0 | U38: 0 | V38: 0 | W38: 0 | X38: 0 | Y38: 0 | Z38: 0
A39: Gasoline-type jet fuel | B39: O4653 | C39: 0 | D39: 0 | E39: 0 | F39: 0 | G39: 0 | H39: 0 | I39: 0 | J39: 0 | K39: 0 | L39: 0 | M39: 0 | N39: 0 | O39: 0 | P39: 0 | Q39: 0 | R39: 0 | S39: 0 | T39: 0 | U39: 0 | V39: 0 | W39: 0 | X39: 0 | Y39: 0 | Z39: 0
A40: Kerosene-type jet fuel (excluding biofuel portion) | B40: O4661XR5230B | C40: 0 | D40: 0 | E40: 0 | F40: 0 | G40: 0 | H40: 0 | I40: 0 | J40: 0 | K40: 0 | L40: 0 | M40: 0 | N40: 0 | O40: 0 | P40: 0 | Q40: 0 | R40: 0 | S40: 0 | T40: 0 | U40: 0 | V40: 0 | W40: 0 | X40: 0 | Y40: 0 | Z40: 0
A41: Other kerosene | B41: O4669 | C41: 0 | D41: 0 | E41: 0 | F41: 0 | G41: 0 | H41: 0 | I41: 0 | J41: 0 | K41: 0 | L41: 0 | M41: 0 | N41: 0 | O41: 0 | P41: 0 | Q41: 0 | R41: 0 | S41: 0 | T41: 0 | U41: 0 | V41: 0 | W41: 0 | X41: 0 | Y41: 0 | Z41: 0
A42: Naphtha | B42: O4640 | C42: 0 | D42: 0 | E42: 0 | F42: 0 | G42: 0 | H42: 0 | I42: 0 | J42: 0 | K42: 0 | L42: 0 | M42: 0 | N42: 0 | O42: 0 | P42: 0 | Q42: 0 | R42: 0 | S42: 0 | T42: 0 | U42: 0 | V42: 0 | W42: 0 | X42: 0 | Y42: 0 | Z42: 0
A43: Gas oil and diesel oil (excluding biofuel portion) | B43: O4671XR5220B | C43: 16020.911 | D43: 15201.443 | E43: 14471.131 | F43: 13815.081 | G43: 12561.214 | H43: 12209.719 | I43: 12488.357 | J43: 11767.996 | K43: 11807.842 | L43: 12546.087 | M43: 13471.791 | N43: 12477.722 | O43: 12236.443 | P43: 12103.738 | Q43: 12869.823 | R43: 20733.882 | S43: 20741.059 | T43: 19058.252 | U43: 19028.489 | V43: 19686.513 | W43: 21269.988 | X43: 23517.202 | Y43: 24835.329 | Z43: 20464.667
A44: Fuel oil | B44: O4680 | C44: 30257.262 | D44: 30930.607 | E44: 31702.501 | F44: 34153.223 | G44: 36520.781 | H44: 35275.497 | I44: 36275.443 | J44: 37986.021 | K44: 37441.277 | L44: 34422.135 | M44: 35007.338 | N44: 33615.554 | O44: 31257.814 | P44: 29886.896 | Q44: 28209.053 | R44: 20626.393 | S44: 23540.22 | T44: 25963.529 | U44: 27274.24 | V44: 27052.98 | W44: 17565.923 | X44: 17235.332 | Y44: 20273.927 | Z44: 23390.052
A45: White spirit and special boiling point industrial spirits | B45: O4691 | C45: 0 | D45: 0 | E45: 0 | F45: 0 | G45: 0 | H45: 0 | I45: 0 | J45: 0 | K45: 0 | L45: 0 | M45: 0 | N45: 0 | O45: 0 | P45: 0 | Q45: 0 | R45: 0 | S45: 0 | T45: 0 | U45: 0 | V45: 0 | W45: 0 | X45: 0 | Y45: 0 | Z45: 0
... A51: Natural gas | B51: G3000 | C51: 0 | D51: 0 | E51: 0 | F51: 0 | G51: 0 | H51: 0 | I51: 0 | J51: 0 | K51: 0 | L51: 0 | M51: 0 | N51: 0 | O51: 0 | P51: 0.16189948 | Q51: 0.27413293 | R51: 4.2197274 | S51: 1.1996007 | T51: 56.921648 | U51: 66.100475 | V51: 113.73617 | W51: 116.40286 | X51: 181.94675 | Y51: 119.97859 | Z51: 342.93646
A52: Non-renewable waste | B52: W6100_6220 | C52: =SUM(C53:C54) -> 0 | D52: =SUM(D53:D54) -> 0 | E52: =SUM(E53:E54) -> 0 | F52: =SUM(F53:F54) -> 0 | G52: =SUM(G53:G54) -> 0 | H52: =SUM(H53:H54) -> 0 | I52: =SUM(I53:I54) -> 0 | J52: =SUM(J53:J54) -> 0 | ... Z52: =SUM(Z53:Z54) -> 0
A53: Industrial waste (non-renewable) | B53: W6100 | C53: 0 | D53: 0 | E53: 0 | F53: 0 | G53: 0 | H53: 0 | I53: 0 | J53: 0 | K53: 0 | L53: 0 | M53: 0 | N53: 0 | O53: 0 | P53: 0 | Q53: 0 | R53: 0 | S53: 0 | T53: 0 | U53: 0 | V53: 0 | W53: 0 | X53: 0 | Y53: 0 | Z53: 0
A54: Non-renewable municipal waste | B54: W6220 | C54: 0 | D54: 0 | E54: 0 | F54: 0 | G54: 0 | H54: 0 | I54: 0 | J54: 0 | K54: 0 | L54: 0 | M54: 0 | N54: 0 | O54: 0 | P54: 0 | Q54: 0 | R54: 0 | S54: 0 | T54: 0 | U54: 0 | V54: 0 | W54: 0 | X54: 0 | Y54: 0 | Z54: 0
A60: CO2 emissions not accounted:
A61: Renewables and biofuels | B61: RA000 | C61: =SUM(C62:C72) -> 0 | D61: =SUM(D62:D72) -> 0 | E61: =SUM(E62:E72) -> 0 | F61: =SUM(F62:F72) -> 0 | G61: =SUM(G62:G72) -> 0 | H61: =SUM(H62:H72) -> 0 | I61: =SUM(I62:I72) -> 0 | J61: =SUM(J62:J72) -> 0 | ... Z61: =SUM(Z62:Z72) -> 226.34506
A62: Primary solid biofuels | B62: R5110-5150_W6000RI | C62: 0 | D62: 0 | E62: 0 | F62: 0 | G62: 0 | H62: 0 | I62: 0 | J62: 0 | K62: 0 | L62: 0 | M62: 0 | N62: 0 | O62: 0 | P62: 0 | Q62: 0 | R62: 0 | S62: 0 | T62: 0 | U62: 0 | V62: 0 | W62: 0 | X62: 0 | Y62: 0 | Z62: 0
A63: Charcoal | B63: R5160 | C63: 0 | D63: 0 | E63: 0 | F63: 0 | G63: 0 | H63: 0 | I63: 0 | J63: 0 | K63: 0 | L63: 0 | M63: 0 | N63: 0 | O63: 0 | P63: 0 | Q63: 0 | R63: 0 | S63: 0 | T63: 0 | U63: 0 | V63: 0 | W63: 0 | X63: 0 | Y63: 0 | Z63: 0
A64: Biogases | B64: R5300 | C64: 0 | D64: 0 | E64: 0 | F64: 0 | G64: 0 | H64: 0 | I64: 0 | J64: 0 | K64: 0 | L64: 0 | M64: 0 | N64: 0 | O64: 0 | P64: 0.00018511594 | Q64: 0.00047422797 | R64: 0.0008349701 | S64: 0.0022760218 | T64: 0.035413538 | U64: 0.10870041 | V64: 0.27817768 | W64: 0.50238036 | X64: 1.8395935 | Y64: 1.7953546 | Z64: 5.4511203
A65: Renewable municipal waste | B65: W6210 | C65: 0 | D65: 0 | E65: 0 | F65: 0 | G65: 0 | H65: 0 | I65: 0 | J65: 0 | K65: 0 | L65: 0 | M65: 0 | N65: 0 | O65: 0 | P65: 0 | Q65: 0 | R65: 0 | S65: 0 | T65: 0 | U65: 0 | V65: 0 | W65: 0 | X65: 0 | Y65: 0 | Z65: 0
A66: Pure biogasoline | B66: R5210P | C66: 0 | D66: 0 | E66: 0 | F66: 0 | G66: 0 | H66: 0 | I66: 0 | J66: 0 | K66: 0 | L66: 0 | M66: 0 | N66: 0 | O66: 0 | P66: 0 | Q66: 0 | R66: 0 | S66: 0 | T66: 0 | U66: 0 | V66: 0 | W66: 0 | X66: 0 | Y66: 0 | Z66: 0
A67: Blended biogasoline | B67: R5210B | C67: 0 | D67: 0 | E67: 0 | F67: 0 | G67: 0 | H67: 0 | I67: 0 | J67: 0 | K67: 0 | L67: 0 | M67: 0 | N67: 0 | O67: 0 | P67: 0 | Q67: 0 | R67: 0 | S67: 0 | T67: 0 | U67: 0 | V67: 0 | W67: 0 | X67: 0 | Y67: 0 | Z67: 0
A68: Pure biodiesels | B68: R5220P | C68: 0 | D68: 0 | E68: 0 | F68: 0 | G68: 0 | H68: 0 | I68: 0 | J68: 0 | K68: 0 | L68: 0 | M68: 0 | N68: 0 | O68: 0 | P68: 0 | Q68: 0 | R68: 0 | S68: 0 | T68: 0 | U68: 0 | V68: 0 | W68: 0 | X68: 0 | Y68: 0 | Z68: 0
A69: Blended biodiesels | B69: R5220B | C69: 0 | D69: 0 | E69: 0 | F69: 0 | G69: 0 | H69: 0 | I69: 0 | J69: 0 | K69: 0 | L69: 0 | M69: 0 | N69: 1.3019113 | O69: 1.3084477 | P69: 1.3297307 | Q69: 1.3881515 | R69: 1.3408399 | S69: 1.3976968 | T69: 1.442591 | U69: 11.637875 | V69: 31.669155 | W69: 136.96203 | X69: 96.440256 | Y69: 268.94611 | Z69: 220.89393
A70: Pure bio jet kerosene | B70: R5230P | C70: 0 | D70: 0 | E70: 0 | F70: 0 | G70: 0 | H70: 0 | I70: 0 | J70: 0 | K70: 0 | L70: 0 | M70: 0 | N70: 0 | O70: 0 | P70: 0 | Q70: 0 | R70: 0 | S70: 0 | T70: 0 | U70: 0 | V70: 0 | W70: 0 | X70: 0 | Y70: 0 | Z70: 0
A71: Blended bio jet kerosene | B71: R5230B | C71: 0 | D71: 0 | E71: 0 | F71: 0 | G71: 0 | H71: 0 | I71: 0 | J71: 0 | K71: 0 | L71: 0 | M71: 0 | N71: 0 | O71: 0 | P71: 0 | Q71: 0 | R71: 0 | S71: 0 | T71: 0 | U71: 0 | V71: 0 | W71: 0 | X71: 0 | Y71: 0 | Z71: 0
A72: Other liquid biofuels | B72: R5290 | C72: 0 | D72: 0 | E72: 0 | F72: 0 | G72: 0 | H72: 0 | I72: 0 | J72: 0 | K72: 0 | L72: 0 | M72: 0 | N72: 0 | O72: 0 | P72: 0 | Q72: 0 | R72: 0 | S72: 0 | T72: 0 | U72: 0 | V72: 0 | W72: 0 | X72: 0 | Y72: 0 | Z72: 0

Sheet INTMARB_EX
A1: International Extra-EEA maritime bunkers | B1: INTMARB_EX | C1: 2000 | D1: 2001 | E1: 2002 | F1: 2003 | G1: 2004 | H1: 2005 | I1: 2006 | J1: 2007 | K1: 2008 | L1: 2009 | M1: 2010 | N1: 2011 | O1: 2012 | P1: 2013 | Q1: 2014 | R1: 2015 | S1: 2016 | T1: 2017 | U1: 2018 | V1: 2019 | W1: 2020 | X1: 2021 | Y1: 2022 | Z1: 2023
A2: Total | B2: TOTAL | C2: =SUM(C3,C17,C22,C25,C26,C51,C52) -> 83174.473 | D2: =SUM(D3,D17,D22,D25,D26,D51,D52) -> 87375.792 | E2: =SUM(E3,E17,E22,E25,E26,E51,E52) -> 91266.991 | F2: =SUM(F3,F17,F22,F25,F26,F51,F52) -> 93612.98 | G2: =SUM(G3,G17,G22,G25,G26,G51,G52) -> 99787.809 | H2: =SUM(H3,H17,H22,H25,H26,H51,H52) -> 104345.29 | I2: =SUM(I3,I17,I22,I25,I26,I51,I52) -> 113164.79 | J2: =SUM(J3,J17,J22,J25,J26,J51,J52) -> 119087.51 | ... Z2: =SUM(Z3,Z17,Z22,Z25,Z26,Z51,Z52) -> 80296.513
A3: Solid fossil fuels | B3: C0000X0350-0370 | C3: =SUM(C4,C8,C11) -> 0 | D3: =SUM(D4,D8,D11) -> 0 | E3: =SUM(E4,E8,E11) -> 0 | F3: =SUM(F4,F8,F11) -> 0 | G3: =SUM(G4,G8,G11) -> 0 | H3: =SUM(H4,H8,H11) -> 0 | I3: =SUM(I4,I8,I11) -> 0 | J3: =SUM(J4,J8,J11) -> 0 | ... Z3: =SUM(Z4,Z8,Z11) -> 0
A4: Hard coal | B4: C0100 | C4: =SUM(C5:C7) -> 0 | D4: =SUM(D5:D7) -> 0 | E4: =SUM(E5:E7) -> 0 | F4: =SUM(F5:F7) -> 0 | G4: =SUM(G5:G7) -> 0 | H4: =SUM(H5:H7) -> 0 | I4: =SUM(I5:I7) -> 0 | J4: =SUM(J5:J7) -> 0 | ... Z4: =SUM(Z5:Z7) -> 0
A5: Anthracite | B5: C0110 | C5: 0 | D5: 0 | E5: 0 | F5: 0 | G5: 0 | H5: 0 | I5: 0 | J5: 0 | K5: 0 | L5: 0 | M5: 0 | N5: 0 | O5: 0 | P5: 0 | Q5: 0 | R5: 0 | S5: 0 | T5: 0 | U5: 0 | V5: 0 | W5: 0 | X5: 0 | Y5: 0 | Z5: 0
A6: Coking coal | B6: C0121 | C6: 0 | D6: 0 | E6: 0 | F6: 0 | G6: 0 | H6: 0 | I6: 0 | J6: 0 | K6: 0 | L6: 0 | M6: 0 | N6: 0 | O6: 0 | P6: 0 | Q6: 0 | R6: 0 | S6: 0 | T6: 0 | U6: 0 | V6: 0 | W6: 0 | X6: 0 | Y6: 0 | Z6: 0
A7: Other bituminous coal | B7: C0129 | C7: 0 | D7: 0 | E7: 0 | F7: 0 | G7: 0 | H7: 0 | I7: 0 | J7: 0 | K7: 0 | L7: 0 | M7: 0 | N7: 0 | O7: 0 | P7: 0 | Q7: 0 | R7: 0 | S7: 0 | T7: 0 | U7: 0 | V7: 0 | W7: 0 | X7: 0 | Y7: 0 | Z7: 0
A8: Brown coal | B8: C0200 | C8: =SUM(C9:C10) -> 0 | D8: =SUM(D9:D10) -> 0 | E8: =SUM(E9:E10) -> 0 | F8: =SUM(F9:F10) -> 0 | G8: =SUM(G9:G10) -> 0 | H8: =SUM(H9:H10) -> 0 | I8: =SUM(I9:I10) -> 0 | J8: =SUM(J9:J10) -> 0 | ... Z8: =SUM(Z9:Z10) -> 0
A9: Sub-bituminous coal | B9: C0210 | C9: 0 | D9: 0 | E9: 0 | F9: 0 | G9: 0 | H9: 0 | I9: 0 | J9: 0 | K9: 0 | L9: 0 | M9: 0 | N9: 0 | O9: 0 | P9: 0 | Q9: 0 | R9: 0 | S9: 0 | T9: 0 | U9: 0 | V9: 0 | W9: 0 | X9: 0 | Y9: 0 | Z9: 0
A10: Lignite | B10: C0220 | C10: 0 | D10: 0 | E10: 0 | F10: 0 | G10: 0 | H10: 0 | I10: 0 | J10: 0 | K10: 0 | L10: 0 | M10: 0 | N10: 0 | O10: 0 | P10: 0 | Q10: 0 | R10: 0 | S10: 0 | T10: 0 | U10: 0 | V10: 0 | W10: 0 | X10: 0 | Y10: 0 | Z10: 0
A11: Coal products | B11: C0300 | C11: =SUM(C12:C16) -> 0 | D11: =SUM(D12:D16) -> 0 | E11: =SUM(E12:E16) -> 0 | F11: =SUM(F12:F16) -> 0 | G11: =SUM(G12:G16) -> 0 | H11: =SUM(H12:H16) -> 0 | I11: =SUM(I12:I16) -> 0 | J11: =SUM(J12:J16) -> 0 | ... Z11: =SUM(Z12:Z16) -> 0
A12: Patent fuel | B12: C0320 | C12: 0 | D12: 0 | E12: 0 | F12: 0 | G12: 0 | H12: 0 | I12: 0 | J12: 0 | K12: 0 | L12: 0 | M12: 0 | N12: 0 | O12: 0 | P12: 0 | Q12: 0 | R12: 0 | S12: 0 | T12: 0 | U12: 0 | V12: 0 | W12: 0 | X12: 0 | Y12: 0 | Z12: 0
A13: Coke oven coke | B13: C0311 | C13: 0 | D13: 0 | E13: 0 | F13: 0 | G13: 0 | H13: 0 | I13: 0 | J13: 0 | K13: 0 | L13: 0 | M13: 0 | N13: 0 | O13: 0 | P13: 0 | Q13: 0 | R13: 0 | S13: 0 | T13: 0 | U13: 0 | V13: 0 | W13: 0 | X13: 0 | Y13: 0 | Z13: 0
A14: Gas coke | B14: C0312 | C14: 0 | D14: 0 | E14: 0 | F14: 0 | G14: 0 | H14: 0 | I14: 0 | J14: 0 | K14: 0 | L14: 0 | M14: 0 | N14: 0 | O14: 0 | P14: 0 | Q14: 0 | R14: 0 | S14: 0 | T14: 0 | U14: 0 | V14: 0 | W14: 0 | X14: 0 | Y14: 0 | Z14: 0
A15: Coal tar | B15: C0340 | C15: 0 | D15: 0 | E15: 0 | F15: 0 | G15: 0 | H15: 0 | I15: 0 | J15: 0 | K15: 0 | L15: 0 | M15: 0 | N15: 0 | O15: 0 | P15: 0 | Q15: 0 | R15: 0 | S15: 0 | T15: 0 | U15: 0 | V15: 0 | W15: 0 | X15: 0 | Y15: 0 | Z15: 0
A16: Brown coal briquettes | B16: C0330 | C16: 0 | D16: 0 | E16: 0 | F16: 0 | G16: 0 | H16: 0 | I16: 0 | J16: 0 | K16: 0 | L16: 0 | M16: 0 | N16: 0 | O16: 0 | P16: 0 | Q16: 0 | R16: 0 | S16: 0 | T16: 0 | U16: 0 | V16: 0 | W16: 0 | X16: 0 | Y16: 0 | Z16: 0
A17: Manufactured gases | B17: C0350-0370 | C17: =SUM(C18:C21) -> 0 | D17: =SUM(D18:D21) -> 0 | E17: =SUM(E18:E21) -> 0 | F17: =SUM(F18:F21) -> 0 | G17: =SUM(G18:G21) -> 0 | H17: =SUM(H18:H21) -> 0 | I17: =SUM(I18:I21) -> 0 | J17: =SUM(J18:J21) -> 0 | ... Z17: =SUM(Z18:Z21) -> 0
A18: Gas works gas | B18: C0360 | C18: 0 | D18: 0 | E18: 0 | F18: 0 | G18: 0 | H18: 0 | I18: 0 | J18: 0 | K18: 0 | L18: 0 | M18: 0 | N18: 0 | O18: 0 | P18: 0 | Q18: 0 | R18: 0 | S18: 0 | T18: 0 | U18: 0 | V18: 0 | W18: 0 | X18: 0 | Y18: 0 | Z18: 0
A19: Coke oven gas | B19: C0350 | C19: 0 | D19: 0 | E19: 0 | F19: 0 | G19: 0 | H19: 0 | I19: 0 | J19: 0 | K19: 0 | L19: 0 | M19: 0 | N19: 0 | O19: 0 | P19: 0 | Q19: 0 | R19: 0 | S19: 0 | T19: 0 | U19: 0 | V19: 0 | W19: 0 | X19: 0 | Y19: 0 | Z19: 0
A20: Blast furnace gas | B20: C0371 | C20: 0 | D20: 0 | E20: 0 | F20: 0 | G20: 0 | H20: 0 | I20: 0 | J20: 0 | K20: 0 | L20: 0 | M20: 0 | N20: 0 | O20: 0 | P20: 0 | Q20: 0 | R20: 0 | S20: 0 | T20: 0 | U20: 0 | V20: 0 | W20: 0 | X20: 0 | Y20: 0 | Z20: 0
A21: Other recovered gases | B21: C0379 | C21: 0 | D21: 0 | E21: 0 | F21: 0 | G21: 0 | H21: 0 | I21: 0 | J21: 0 | K21: 0 | L21: 0 | M21: 0 | N21: 0 | O21: 0 | P21: 0 | Q21: 0 | R21: 0 | S21: 0 | T21: 0 | U21: 0 | V21: 0 | W21: 0 | X21: 0 | Y21: 0 | Z21: 0
A22: Peat and peat products | B22: P1000 | C22: =SUM(C23:C24) -> 0 | D22: =SUM(D23:D24) -> 0 | E22: =SUM(E23:E24) -> 0 | F22: =SUM(F23:F24) -> 0 | G22: =SUM(G23:G24) -> 0 | H22: =SUM(H23:H24) -> 0 | I22: =SUM(I23:I24) -> 0 | J22: =SUM(J23:J24) -> 0 | ... Z22: =SUM(Z23:Z24) -> 0
A23: Peat | B23: P1100 | C23: 0 | D23: 0 | E23: 0 | F23: 0 | G23: 0 | H23: 0 | I23: 0 | J23: 0 | K23: 0 | L23: 0 | M23: 0 | N23: 0 | O23: 0 | P23: 0 | Q23: 0 | R23: 0 | S23: 0 | T23: 0 | U23: 0 | V23: 0 | W23: 0 | X23: 0 | Y23: 0 | Z23: 0
A24: Peat products | B24: P1200 | C24: 0 | D24: 0 | E24: 0 | F24: 0 | G24: 0 | H24: 0 | I24: 0 | J24: 0 | K24: 0 | L24: 0 | M24: 0 | N24: 0 | O24: 0 | P24: 0 | Q24: 0 | R24: 0 | S24: 0 | T24: 0 | U24: 0 | V24: 0 | W24: 0 | X24: 0 | Y24: 0 | Z24: 0
A25: Oil shale and oil sands | B25: S2000 | C25: 0 | D25: 0 | E25: 0 | F25: 0 | G25: 0 | H25: 0 | I25: 0 | J25: 0 | K25: 0 | L25: 0 | M25: 0 | N25: 0 | O25: 0 | P25: 0 | Q25: 0 | R25: 0 | S25: 0 | T25: 0 | U25: 0 | V25: 0 | W25: 0 | X25: 0 | Y25: 0 | Z25: 0
A26: Oil and petroleum products | B26: O4000XBIO | C26: =SUM(C27,C33) -> 83174.473 | D26: =SUM(D27,D33) -> 87375.792 | E26: =SUM(E27,E33) -> 91266.991 | F26: =SUM(F27,F33) -> 93612.98 | G26: =SUM(G27,G33) -> 99787.809 | H26: =SUM(H27,H33) -> 104345.29 | I26: =SUM(I27,I33) -> 113164.79 | J26: =SUM(J27,J33) -> 119087.51 | ... Z26: =SUM(Z27,Z33) -> 79630.807
A27: Crude oil, NGL, refinery feedstocks, additives and oxygenates and other hydrocarbons (excluding biofuel portion) | B27: O4100_TOT_4200-4500XBIO | C27: =SUM(C28:C32) -> 0 | D27: =SUM(D28:D32) -> 0 | E27: =SUM(E28:E32) -> 0 | F27: =SUM(F28:F32) -> 0 | G27: =SUM(G28:G32) -> 0 | H27: =SUM(H28:H32) -> 0 | I27: =SUM(I28:I32) -> 0 | J27: =SUM(J28:J32) -> 0 | ... Z27: =SUM(Z28:Z32) -> 0
A28: Crude oil | B28: O4100_TOT | C28: 0 | D28: 0 | E28: 0 | F28: 0 | G28: 0 | H28: 0 | I28: 0 | J28: 0 | K28: 0 | L28: 0 | M28: 0 | N28: 0 | O28: 0 | P28: 0 | Q28: 0 | R28: 0 | S28: 0 | T28: 0 | U28: 0 | V28: 0 | W28: 0 | X28: 0 | Y28: 0 | Z28: 0
A29: Natural gas liquids | B29: O4200 | C29: 0 | D29: 0 | E29: 0 | F29: 0 | G29: 0 | H29: 0 | I29: 0 | J29: 0 | K29: 0 | L29: 0 | M29: 0 | N29: 0 | O29: 0 | P29: 0 | Q29: 0 | R29: 0 | S29: 0 | T29: 0 | U29: 0 | V29: 0 | W29: 0 | X29: 0 | Y29: 0 | Z29: 0
A30: Refinery feedstocks | B30: O4300 | C30: 0 | D30: 0 | E30: 0 | F30: 0 | G30: 0 | H30: 0 | I30: 0 | J30: 0 | K30: 0 | L30: 0 | M30: 0 | N30: 0 | O30: 0 | P30: 0 | Q30: 0 | R30: 0 | S30: 0 | T30: 0 | U30: 0 | V30: 0 | W30: 0 | X30: 0 | Y30: 0 | Z30: 0
A31: Additives and oxygenates (excluding biofuel portion) | B31: O4400X4410 | C31: 0 | D31: 0 | E31: 0 | F31: 0 | G31: 0 | H31: 0 | I31: 0 | J31: 0 | K31: 0 | L31: 0 | M31: 0 | N31: 0 | O31: 0 | P31: 0 | Q31: 0 | R31: 0 | S31: 0 | T31: 0 | U31: 0 | V31: 0 | W31: 0 | X31: 0 | Y31: 0 | Z31: 0
A32: Other hydrocarbons | B32: O4500 | C32: 0 | D32: 0 | E32: 0 | F32: 0 | G32: 0 | H32: 0 | I32: 0 | J32: 0 | K32: 0 | L32: 0 | M32: 0 | N32: 0 | O32: 0 | P32: 0 | Q32: 0 | R32: 0 | S32: 0 | T32: 0 | U32: 0 | V32: 0 | W32: 0 | X32: 0 | Y32: 0 | Z32: 0
A33: Oil products (excluding biofuel portion) | B33: O4600XBIO | C33: =SUM(C34:C50) -> 83174.473 | D33: =SUM(D34:D50) -> 87375.792 | E33: =SUM(E34:E50) -> 91266.991 | F33: =SUM(F34:F50) -> 93612.98 | G33: =SUM(G34:G50) -> 99787.809 | H33: =SUM(H34:H50) -> 104345.29 | I33: =SUM(I34:I50) -> 113164.79 | J33: =SUM(J34:J50) -> 119087.51 | ... Z33: =SUM(Z34:Z50) -> 79630.807
A34: Refinery gas | B34: O4610 | C34: 0 | D34: 0 | E34: 0 | F34: 0 | G34: 0 | H34: 0 | I34: 0 | J34: 0 | K34: 0 | L34: 0 | M34: 0 | N34: 0 | O34: 0 | P34: 0 | Q34: 0 | R34: 0 | S34: 0 | T34: 0 | U34: 0 | V34: 0 | W34: 0 | X34: 0 | Y34: 0 | Z34: 0
A35: Ethane | B35: O4620 | C35: 0 | D35: 0 | E35: 0 | F35: 0 | G35: 0 | H35: 0 | I35: 0 | J35: 0 | K35: 0 | L35: 0 | M35: 0 | N35: 0 | O35: 0 | P35: 0 | Q35: 0 | R35: 0 | S35: 0 | T35: 0 | U35: 0 | V35: 0 | W35: 0 | X35: 0 | Y35: 0 | Z35: 0
A36: Liquefied petroleum gases | B36: O4630 | C36: 0 | D36: 0 | E36: 0 | F36: 0 | G36: 0 | H36: 0 | I36: 0 | J36: 0 | K36: 0 | L36: 0 | M36: 0 | N36: 0 | O36: 0 | P36: 0 | Q36: 0 | R36: 0 | S36: 0 | T36: 0 | U36: 0 | V36: 0 | W36: 0 | X36: 0 | Y36: 0 | Z36: 0
A37: Motor gasoline (excluding biofuel portion) | B37: O4652XR5210B | C37: 0 | D37: 0 | E37: 0 | F37: 0 | G37: 0 | H37: 0 | I37: 0 | J37: 0 | K37: 0 | L37: 0 | M37: 0 | N37: 0 | O37: 0 | P37: 0 | Q37: 0 | R37: 0 | S37: 0 | T37: 0 | U37: 0 | V37: 0 | W37: 0 | X37: 0 | Y37: 9.1536724 | Z37: 8.1054638
A38: Aviation gasoline | B38: O4651 | C38: 0 | D38: 0 | E38: 0 | F38: 0 | G38: 0 | H38: 0 | I38: 0 | J38: 0 | K38: 0 | L38: 0 | M38: 0 | N38: 0 | O38: 0 | P38: 0 | Q38: 0 | R38: 0 | S38: 0 | T38: 0 | U38: 0 | V38: 0 | W38: 0 | X38: 0 | Y38: 0 | Z38: 0
A39: Gasoline-type jet fuel | B39: O4653 | C39: 0 | D39: 0 | E39: 0 | F39: 0 | G39: 0 | H39: 0 | I39: 0 | J39: 0 | K39: 0 | L39: 0 | M39: 0 | N39: 0 | O39: 0 | P39: 0 | Q39: 0 | R39: 0 | S39: 0 | T39: 0 | U39: 0 | V39: 0 | W39: 0 | X39: 0 | Y39: 0 | Z39: 0
A40: Kerosene-type jet fuel (excluding biofuel portion) | B40: O4661XR5230B | C40: 0 | D40: 0 | E40: 0 | F40: 0 | G40: 0 | H40: 0 | I40: 0 | J40: 0 | K40: 0 | L40: 0 | M40: 0 | N40: 0 | O40: 0 | P40: 0 | Q40: 0 | R40: 0 | S40: 0 | T40: 0 | U40: 0 | V40: 0 | W40: 0 | X40: 0 | Y40: 0 | Z40: 0
A41: Other kerosene | B41: O4669 | C41: 0 | D41: 0 | E41: 0 | F41: 0 | G41: 0 | H41: 0 | I41: 0 | J41: 0 | K41: 0 | L41: 0 | M41: 0 | N41: 0 | O41: 0 | P41: 0 | Q41: 0 | R41: 0 | S41: 0 | T41: 0 | U41: 0 | V41: 0 | W41: 0 | X41: 0 | Y41: 0 | Z41: 0
A42: Naphtha | B42: O4640 | C42: 0 | D42: 0 | E42: 0 | F42: 0 | G42: 0 | H42: 0 | I42: 0 | J42: 0 | K42: 0 | L42: 0 | M42: 0 | N42: 0 | O42: 0 | P42: 0 | Q42: 0 | R42: 0 | S42: 0 | T42: 0 | U42: 0 | V42: 0 | W42: 0 | X42: 0 | Y42: 0 | Z42: 0
A43: Gas oil and diesel oil (excluding biofuel portion) | B43: O4671XR5220B | C43: 5471.5723 | D43: 5485.2541 | E43: 5331.7139 | F43: 5206.5967 | G43: 4868.0659 | H43: 5138.1052 | I43: 5535.3338 | J43: 5421.9922 | K43: 5411.1968 | L43: 5014.1515 | M43: 5294.2661 | N43: 5272.8665 | O43: 5162.9969 | P43: 4967.1327 | Q43: 5187.968 | R43: 8741.6694 | S43: 8473.2781 | T43: 8222.6082 | U43: 8152.0261 | V43: 8569.7069 | W43: 10089.341 | X43: 11516.979 | Y43: 10046.475 | Z43: 7493.3355
A44: Fuel oil | B44: O4680 | C44: 76890.205 | D44: 81063.595 | E44: 85227.011 | F44: 87794.586 | G44: 94326.385 | H44: 98591.144 | I44: 107067.61 | J44: 113039.2 | K44: 111906.04 | L44: 96639.972 | M44: 95977.879 | N44: 98117.301 | O44: 91103.946 | P44: 84898.542 | Q44: 81719.466 | R44: 76382.204 | S44: 80105.489 | T44: 81536.066 | U44: 84259.946 | V44: 82070.065 | W44: 74207.167 | X44: 76461.672 | Y44: 77200.838 | Z44: 71730.187
A45: White spirit and special boiling point industrial spirits | B45: O4691 | C45: 0 | D45: 0 | E45: 0 | F45: 0 | G45: 0 | H45: 0 | I45: 0 | J45: 0 | K45: 0 | L45: 0 | M45: 0 | N45: 0 | O45: 0 | P45: 0 | Q45: 0 | R45: 0 | S45: 0 | T45: 0 | U45: 0 | V45: 0 | W45: 0 | X45: 0 | Y45: 0 | Z45: 0
... A51: Natural gas | B51: G3000 | C51: 0 | D51: 0 | E51: 0 | F51: 0 | G51: 0 | H51: 0 | I51: 0 | J51: 0 | K51: 0 | L51: 0 | M51: 0 | N51: 0 | O51: 0 | P51: 0.5760033 | Q51: 0.95241159 | R51: 8.5102668 | S51: 3.2058853 | T51: 60.695 | U51: 87.692587 | V51: 222.86241 | W51: 306.07432 | X51: 434.97261 | Y51: 237.66733 | Z51: 665.70609
A52: Non-renewable waste | B52: W6100_6220 | C52: =SUM(C53:C54) -> 0 | D52: =SUM(D53:D54) -> 0 | E52: =SUM(E53:E54) -> 0 | F52: =SUM(F53:F54) -> 0 | G52: =SUM(G53:G54) -> 0 | H52: =SUM(H53:H54) -> 0 | I52: =SUM(I53:I54) -> 0 | J52: =SUM(J53:J54) -> 0 | ... Z52: =SUM(Z53:Z54) -> 0
A53: Industrial waste (non-renewable) | B53: W6100 | C53: 0 | D53: 0 | E53: 0 | F53: 0 | G53: 0 | H53: 0 | I53: 0 | J53: 0 | K53: 0 | L53: 0 | M53: 0 | N53: 0 | O53: 0 | P53: 0 | Q53: 0 | R53: 0 | S53: 0 | T53: 0 | U53: 0 | V53: 0 | W53: 0 | X53: 0 | Y53: 0 | Z53: 0
A54: Non-renewable municipal waste | B54: W6220 | C54: 0 | D54: 0 | E54: 0 | F54: 0 | G54: 0 | H54: 0 | I54: 0 | J54: 0 | K54: 0 | L54: 0 | M54: 0 | N54: 0 | O54: 0 | P54: 0 | Q54: 0 | R54: 0 | S54: 0 | T54: 0 | U54: 0 | V54: 0 | W54: 0 | X54: 0 | Y54: 0 | Z54: 0
A60: CO2 emissions not accounted:
A61: Renewables and biofuels | B61: RA000 | C61: =SUM(C62:C72) -> 0 | D61: =SUM(D62:D72) -> 0 | E61: =SUM(E62:E72) -> 0 | F61: =SUM(F62:F72) -> 0 | G61: =SUM(G62:G72) -> 0 | H61: =SUM(H62:H72) -> 0 | I61: =SUM(I62:I72) -> 0 | J61: =SUM(J62:J72) -> 0 | ... Z61: =SUM(Z62:Z72) -> 764.38824
A62: Primary solid biofuels | B62: R5110-5150_W6000RI | C62: 0 | D62: 0 | E62: 0 | F62: 0 | G62: 0 | H62: 0 | I62: 0 | J62: 0 | K62: 0 | L62: 0 | M62: 0 | N62: 0 | O62: 0 | P62: 0 | Q62: 0 | R62: 0 | S62: 0 | T62: 0 | U62: 0 | V62: 0 | W62: 0 | X62: 0 | Y62: 0 | Z62: 0
A63: Charcoal | B63: R5160 | C63: 0 | D63: 0 | E63: 0 | F63: 0 | G63: 0 | H63: 0 | I63: 0 | J63: 0 | K63: 0 | L63: 0 | M63: 0 | N63: 0 | O63: 0 | P63: 0 | Q63: 0 | R63: 0 | S63: 0 | T63: 0 | U63: 0 | V63: 0 | W63: 0 | X63: 0 | Y63: 0 | Z63: 0
A64: Biogases | B64: R5300 | C64: 0 | D64: 0 | E64: 0 | F64: 0 | G64: 0 | H64: 0 | I64: 0 | J64: 0 | K64: 0 | L64: 0 | M64: 0 | N64: 0 | O64: 0 | P64: 0.00065860241 | Q64: 0.0016475956 | R64: 0.003046074 | S64: 0.0056539963 | T64: 0.04538148 | U64: 0.18052122 | V64: 0.61506983 | W64: 1.5376334 | X64: 2.7712882 | Y64: 2.6702819 | Z64: 6.6400809
A65: Renewable municipal waste | B65: W6210 | C65: 0 | D65: 0 | E65: 0 | F65: 0 | G65: 0 | H65: 0 | I65: 0 | J65: 0 | K65: 0 | L65: 0 | M65: 0 | N65: 0 | O65: 0 | P65: 0 | Q65: 0 | R65: 0 | S65: 0 | T65: 0 | U65: 0 | V65: 0 | W65: 0 | X65: 0 | Y65: 0 | Z65: 0
A66: Pure biogasoline | B66: R5210P | C66: 0 | D66: 0 | E66: 0 | F66: 0 | G66: 0 | H66: 0 | I66: 0 | J66: 0 | K66: 0 | L66: 0 | M66: 0 | N66: 0 | O66: 0 | P66: 0 | Q66: 0 | R66: 0 | S66: 0 | T66: 0 | U66: 0 | V66: 0 | W66: 0 | X66: 0 | Y66: 0 | Z66: 0
A67: Blended biogasoline | B67: R5210B | C67: 0 | D67: 0 | E67: 0 | F67: 0 | G67: 0 | H67: 0 | I67: 0 | J67: 0 | K67: 0 | L67: 0 | M67: 0 | N67: 0 | O67: 0 | P67: 0 | Q67: 0 | R67: 0 | S67: 0 | T67: 0 | U67: 0 | V67: 0 | W67: 0 | X67: 0 | Y67: 0 | Z67: 0
A68: Pure biodiesels | B68: R5220P | C68: 0 | D68: 0 | E68: 0 | F68: 0 | G68: 0 | H68: 0 | I68: 0 | J68: 0 | K68: 0 | L68: 0 | M68: 0 | N68: 0 | O68: 0 | P68: 0 | Q68: 0 | R68: 0 | S68: 0 | T68: 0 | U68: 0 | V68: 0 | W68: 0 | X68: 0 | Y68: 0 | Z68: 0
A69: Blended biodiesels | B69: R5220B | C69: 0 | D69: 0 | E69: 0 | F69: 0 | G69: 0 | H69: 0 | I69: 0 | J69: 0 | K69: 0 | L69: 0 | M69: 0 | N69: 2.9451542 | O69: 2.9279128 | P69: 3.2499531 | Q69: 3.3421664 | R69: 3.4445321 | S69: 3.1501271 | T69: 3.3226455 | U69: 42.043422 | V69: 113.36113 | W69: 567.39553 | X69: 399.73362 | Y69: 1018.0628 | Z69: 757.74816
A70: Pure bio jet kerosene | B70: R5230P | C70: 0 | D70: 0 | E70: 0 | F70: 0 | G70: 0 | H70: 0 | I70: 0 | J70: 0 | K70: 0 | L70: 0 | M70: 0 | N70: 0 | O70: 0 | P70: 0 | Q70: 0 | R70: 0 | S70: 0 | T70: 0 | U70: 0 | V70: 0 | W70: 0 | X70: 0 | Y70: 0 | Z70: 0
A71: Blended bio jet kerosene | B71: R5230B | C71: 0 | D71: 0 | E71: 0 | F71: 0 | G71: 0 | H71: 0 | I71: 0 | J71: 0 | K71: 0 | L71: 0 | M71: 0 | N71: 0 | O71: 0 | P71: 0 | Q71: 0 | R71: 0 | S71: 0 | T71: 0 | U71: 0 | V71: 0 | W71: 0 | X71: 0 | Y71: 0 | Z71: 0
A72: Other liquid biofuels | B72: R5290 | C72: 0 | D72: 0 | E72: 0 | F72: 0 | G72: 0 | H72: 0 | I72: 0 | J72: 0 | K72: 0 | L72: 0 | M72: 0 | N72: 0 | O72: 0 | P72: 0 | Q72: 0 | R72: 0 | S72: 0 | T72: 0 | U72: 0 | V72: 0 | W72: 0 | X72: 0 | Y72: 0 | Z72: 0

Sheet GIC
A1: Gross inland consumption | B1: GIC | C1: 2000 | D1: 2001 | E1: 2002 | F1: 2003 | G1: 2004 | H1: 2005 | I1: 2006 | J1: 2007 | K1: 2008 | L1: 2009 | M1: 2010 | N1: 2011 | O1: 2012 | P1: 2013 | Q1: 2014 | R1: 2015 | S1: 2016 | T1: 2017 | U1: 2018 | V1: 2019 | W1: 2020 | X1: 2021 | Y1: 2022 | Z1: 2023
A2: Total | B2: TOTAL | C2: =SUM(C3,C17,C22,C25,C26,C51,C52) -> 3368486.9 | D2: =SUM(D3,D17,D22,D25,D26,D51,D52) -> 3422886.4 | E2: =SUM(E3,E17,E22,E25,E26,E51,E52) -> 3425042.1 | F2: =SUM(F3,F17,F22,F25,F26,F51,F52) -> 3507423.5 | G2: =SUM(G3,G17,G22,G25,G26,G51,G52) -> 3518513.9 | H2: =SUM(H3,H17,H22,H25,H26,H51,H52) -> 3502638.7 | I2: =SUM(I3,I17,I22,I25,I26,I51,I52) -> 3518518 | J2: =SUM(J3,J17,J22,J25,J26,J51,J52) -> 3469332.5 | ... Z2: =SUM(Z3,Z17,Z22,Z25,Z26,Z51,Z52) -> 2408099.7
A3: Solid fossil fuels | B3: C0000X0350-0370 | C3: =SUM(C4,C8,C11) -> 964289.03 | D3: =SUM(D4,D8,D11) -> 962445.4 | E3: =SUM(E4,E8,E11) -> 970416.24 | F3: =SUM(F4,F8,F11) -> 1006302.2 | G3: =SUM(G4,G8,G11) -> 991149.19 | H3: =SUM(H4,H8,H11) -> 959765.59 | I3: =SUM(I4,I8,I11) -> 975017.29 | J3: =SUM(J4,J8,J11) -> 982600.21 | ... Z3: =SUM(Z4,Z8,Z11) -> 393682.93
A4: Hard coal | B4: C0100 | C4: =SUM(C5:C7) -> 521809.87 | D4: =SUM(D5:D7) -> 515576.76 | E4: =SUM(E5:E7) -> 524177.3 | F4: =SUM(F5:F7) -> 554548.53 | G4: =SUM(G5:G7) -> 549431.13 | H4: =SUM(H5:H7) -> 527992.06 | I4: =SUM(I5:I7) -> 543349.96 | J4: =SUM(J5:J7) -> 550354.37 | ... Z4: =SUM(Z5:Z7) -> 182273.63
A5: Anthracite | B5: C0110 | C5: =INTAVI!C5+NRGSUP!C5 -> 403.18249 | D5: =INTAVI!D5+NRGSUP!D5 -> 395.51307 | E5: =INTAVI!E5+NRGSUP!E5 -> 1478.7554 | F5: =INTAVI!F5+NRGSUP!F5 -> 10947.103 | G5: =INTAVI!G5+NRGSUP!G5 -> 20522.115 | H5: =INTAVI!H5+NRGSUP!H5 -> 21169.218 | I5: =INTAVI!I5+NRGSUP!I5 -> 19226.707 | J5: =INTAVI!J5+NRGSUP!J5 -> 22286.223 | ... Z5: =INTAVI!Z5+NRGSUP!Z5 -> 2787.544
A6: Coking coal | B6: C0121 | C6: =INTAVI!C6+NRGSUP!C6 -> 36650.466 | D6: =INTAVI!D6+NRGSUP!D6 -> 34124.055 | E6: =INTAVI!E6+NRGSUP!E6 -> 36510.995 | F6: =INTAVI!F6+NRGSUP!F6 -> 38024.306 | G6: =INTAVI!G6+NRGSUP!G6 -> 38824.655 | H6: =INTAVI!H6+NRGSUP!H6 -> 35784.495 | I6: =INTAVI!I6+NRGSUP!I6 -> 32523.689 | J6: =INTAVI!J6+NRGSUP!J6 -> 35888.898 | ... Z6: =INTAVI!Z6+NRGSUP!Z6 -> 4977.1775
A7: Other bituminous coal | B7: C0129 | C7: =INTAVI!C7+NRGSUP!C7 -> 484756.22 | D7: =INTAVI!D7+NRGSUP!D7 -> 481057.2 | E7: =INTAVI!E7+NRGSUP!E7 -> 486187.55 | F7: =INTAVI!F7+NRGSUP!F7 -> 505577.12 | G7: =INTAVI!G7+NRGSUP!G7 -> 490084.36 | H7: =INTAVI!H7+NRGSUP!H7 -> 471038.35 | I7: =INTAVI!I7+NRGSUP!I7 -> 491599.56 | J7: =INTAVI!J7+NRGSUP!J7 -> 492179.25 | ... Z7: =INTAVI!Z7+NRGSUP!Z7 -> 174508.91
A8: Brown coal | B8: C0200 | C8: =SUM(C9:C10) -> 395758.61 | D8: =SUM(D9:D10) -> 404606.12 | E8: =SUM(E9:E10) -> 405092.2 | F8: =SUM(F9:F10) -> 408138.74 | G8: =SUM(G9:G10) -> 405721.84 | H8: =SUM(H9:H10) -> 397190.87 | I8: =SUM(I9:I10) -> 394923.8 | J8: =SUM(J9:J10) -> 397898.65 | ... Z8: =SUM(Z9:Z10) -> 194685.55
A9: Sub-bituminous coal | B9: C0210 | C9: =INTAVI!C9+NRGSUP!C9 -> 8118.1877 | D9: =INTAVI!D9+NRGSUP!D9 -> 6258.0054 | E9: =INTAVI!E9+NRGSUP!E9 -> 7666.3969 | F9: =INTAVI!F9+NRGSUP!F9 -> 6630.9863 | G9: =INTAVI!G9+NRGSUP!G9 -> 7878.6876 | H9: =INTAVI!H9+NRGSUP!H9 -> 8834.7483 | I9: =INTAVI!I9+NRGSUP!I9 -> 9078.5848 | J9: =INTAVI!J9+NRGSUP!J9 -> 9310.5901 | ... Z9: =INTAVI!Z9+NRGSUP!Z9 -> 1280.4012
A10: Lignite | B10: C0220 | C10: =INTAVI!C10+NRGSUP!C10 -> 387640.42 | D10: =INTAVI!D10+NRGSUP!D10 -> 398348.12 | E10: =INTAVI!E10+NRGSUP!E10 -> 397425.8 | F10: =INTAVI!F10+NRGSUP!F10 -> 401507.76 | G10: =INTAVI!G10+NRGSUP!G10 -> 397843.15 | H10: =INTAVI!H10+NRGSUP!H10 -> 388356.12 | I10: =INTAVI!I10+NRGSUP!I10 -> 385845.22 | J10: =INTAVI!J10+NRGSUP!J10 -> 388588.06 | ... Z10: =INTAVI!Z10+NRGSUP!Z10 -> 193405.15
A11: Coal products | B11: C0300 | C11: =SUM(C12:C16) -> 46720.549 | D11: =SUM(D12:D16) -> 42262.512 | E11: =SUM(E12:E16) -> 41146.745 | F11: =SUM(F12:F16) -> 43614.913 | G11: =SUM(G12:G16) -> 35996.218 | H11: =SUM(H12:H16) -> 34582.666 | I11: =SUM(I12:I16) -> 36743.53 | J11: =SUM(J12:J16) -> 34347.188 | ... Z11: =SUM(Z12:Z16) -> 16723.75
A12: Patent fuel | B12: C0320 | C12: =INTAVI!C12+NRGSUP!C12 -> 1204.8369 | D12: =INTAVI!D12+NRGSUP!D12 -> 904.19804 | E12: =INTAVI!E12+NRGSUP!E12 -> 938.3163 | F12: =INTAVI!F12+NRGSUP!F12 -> 791.41489 | G12: =INTAVI!G12+NRGSUP!G12 -> 673.89726 | H12: =INTAVI!H12+NRGSUP!H12 -> 771.89092 | I12: =INTAVI!I12+NRGSUP!I12 -> 747.36199 | J12: =INTAVI!J12+NRGSUP!J12 -> 700.17382 | ... Z12: =INTAVI!Z12+NRGSUP!Z12 -> 200.65926
A13: Coke oven coke | B13: C0311 | C13: =INTAVI!C13+NRGSUP!C13 -> 32724.06 | D13: =INTAVI!D13+NRGSUP!D13 -> 29149.165 | E13: =INTAVI!E13+NRGSUP!E13 -> 27962.23 | F13: =INTAVI!F13+NRGSUP!F13 -> 29446.84 | G13: =INTAVI!G13+NRGSUP!G13 -> 22336.103 | H13: =INTAVI!H13+NRGSUP!H13 -> 20405.887 | I13: =INTAVI!I13+NRGSUP!I13 -> 22782.073 | J13: =INTAVI!J13+NRGSUP!J13 -> 20086.438 | ... Z13: =INTAVI!Z13+NRGSUP!Z13 -> 8135.5383
A14: Gas coke | B14: C0312 | C14: =INTAVI!C14+NRGSUP!C14 -> 0 | D14: =INTAVI!D14+NRGSUP!D14 -> 0 | E14: =INTAVI!E14+NRGSUP!E14 -> 0 | F14: =INTAVI!F14+NRGSUP!F14 -> 0 | G14: =INTAVI!G14+NRGSUP!G14 -> 0 | H14: =INTAVI!H14+NRGSUP!H14 -> 0 | I14: =INTAVI!I14+NRGSUP!I14 -> 0 | J14: =INTAVI!J14+NRGSUP!J14 -> 0 | ... Z14: =INTAVI!Z14+NRGSUP!Z14 -> 0
A15: Coal tar | B15: C0340 | C15: =INTAVI!C15+NRGSUP!C15 -> 121.95042 | D15: =INTAVI!D15+NRGSUP!D15 -> 153.94778 | E15: =INTAVI!E15+NRGSUP!E15 -> 624.57159 | F15: =INTAVI!F15+NRGSUP!F15 -> 566.89228 | G15: =INTAVI!G15+NRGSUP!G15 -> 637.77807 | H15: =INTAVI!H15+NRGSUP!H15 -> 669.44588 | I15: =INTAVI!I15+NRGSUP!I15 -> 343.70282 | J15: =INTAVI!J15+NRGSUP!J15 -> 400.54333 | ... Z15: =INTAVI!Z15+NRGSUP!Z15 -> 143.41003
A16: Brown coal briquettes | B16: C0330 | C16: =INTAVI!C16+NRGSUP!C16 -> 12669.701 | D16: =INTAVI!D16+NRGSUP!D16 -> 12055.201 | E16: =INTAVI!E16+NRGSUP!E16 -> 11621.627 | F16: =INTAVI!F16+NRGSUP!F16 -> 12809.766 | G16: =INTAVI!G16+NRGSUP!G16 -> 12348.439 | H16: =INTAVI!H16+NRGSUP!H16 -> 12735.442 | I16: =INTAVI!I16+NRGSUP!I16 -> 12870.392 | J16: =INTAVI!J16+NRGSUP!J16 -> 13160.034 | ... Z16: =INTAVI!Z16+NRGSUP!Z16 -> 8244.142
A17: Manufactured gases | B17: C0350-0370 | C17: =SUM(C18:C21) -> 156228.88 | D17: =SUM(D18:D21) -> 149492.33 | E17: =SUM(E18:E21) -> 151767.87 | F17: =SUM(F18:F21) -> 150164.94 | G17: =SUM(G18:G21) -> 155681.92 | H17: =SUM(H18:H21) -> 152725.72 | I17: =SUM(I18:I21) -> 155428.83 | J17: =SUM(J18:J21) -> 159058.72 | ... Z17: =SUM(Z18:Z21) -> 111093.93
A18: Gas works gas | B18: C0360 | C18: =INTAVI!C18+NRGSUP!C18 -> 965.18968 | D18: =INTAVI!D18+NRGSUP!D18 -> 837.3984 | E18: =INTAVI!E18+NRGSUP!E18 -> 845.92619 | F18: =INTAVI!F18+NRGSUP!F18 -> 870.92836 | G18: =INTAVI!G18+NRGSUP!G18 -> 855.63471 | H18: =INTAVI!H18+NRGSUP!H18 -> 901.01105 | I18: =INTAVI!I18+NRGSUP!I18 -> 930.71204 | J18: =INTAVI!J18+NRGSUP!J18 -> 890.15951 | ... Z18: =INTAVI!Z18+NRGSUP!Z18 -> 103.10495
A19: Coke oven gas | B19: C0350 | C19: =INTAVI!C19+NRGSUP!C19 -> 15304.114 | D19: =INTAVI!D19+NRGSUP!D19 -> 13883.623 | E19: =INTAVI!E19+NRGSUP!E19 -> 13501.705 | F19: =INTAVI!F19+NRGSUP!F19 -> 13319.112 | G19: =INTAVI!G19+NRGSUP!G19 -> 13583.546 | H19: =INTAVI!H19+NRGSUP!H19 -> 13141.793 | I19: =INTAVI!I19+NRGSUP!I19 -> 13642.476 | J19: =INTAVI!J19+NRGSUP!J19 -> 14216.464 | ... Z19: =INTAVI!Z19+NRGSUP!Z19 -> 9654.4074
A20: Blast furnace gas | B20: C0371 | C20: =INTAVI!C20+NRGSUP!C20 -> 135123.3 | D20: =INTAVI!D20+NRGSUP!D20 -> 129916.28 | E20: =INTAVI!E20+NRGSUP!E20 -> 132320.24 | F20: =INTAVI!F20+NRGSUP!F20 -> 129746.5 | G20: =INTAVI!G20+NRGSUP!G20 -> 134596.28 | H20: =INTAVI!H20+NRGSUP!H20 -> 131974.06 | I20: =INTAVI!I20+NRGSUP!I20 -> 134485.4 | J20: =INTAVI!J20+NRGSUP!J20 -> 137326.46 | ... Z20: =INTAVI!Z20+NRGSUP!Z20 -> 94767.966
A21: Other recovered gases | B21: C0379 | C21: =INTAVI!C21+NRGSUP!C21 -> 4836.2854 | D21: =INTAVI!D21+NRGSUP!D21 -> 4855.0307 | E21: =INTAVI!E21+NRGSUP!E21 -> 5100.0034 | F21: =INTAVI!F21+NRGSUP!F21 -> 6228.4039 | G21: =INTAVI!G21+NRGSUP!G21 -> 6646.4589 | H21: =INTAVI!H21+NRGSUP!H21 -> 6708.8542 | I21: =INTAVI!I21+NRGSUP!I21 -> 6370.2456 | J21: =INTAVI!J21+NRGSUP!J21 -> 6625.6347 | ... Z21: =INTAVI!Z21+NRGSUP!Z21 -> 6568.4475
A22: Peat and peat products | B22: P1000 | C22: =SUM(C23:C24) -> 11745.939 | D22: =SUM(D23:D24) -> 14668.922 | E22: =SUM(E23:E24) -> 15647.04 | F22: =SUM(F23:F24) -> 16346.631 | G22: =SUM(G23:G24) -> 14770.748 | H22: =SUM(H23:H24) -> 12885.91 | I22: =SUM(I23:I24) -> 15135.244 | J22: =SUM(J23:J24) -> 16086.077 | ... Z22: =SUM(Z23:Z24) -> 3822.5388
A23: Peat | B23: P1100 | C23: =INTAVI!C23+NRGSUP!C23 -> 11122.298 | D23: =INTAVI!D23+NRGSUP!D23 -> 14117.313 | E23: =INTAVI!E23+NRGSUP!E23 -> 15080.562 | F23: =INTAVI!F23+NRGSUP!F23 -> 15862.085 | G23: =INTAVI!G23+NRGSUP!G23 -> 14281.963 | H23: =INTAVI!H23+NRGSUP!H23 -> 12404.037 | I23: =INTAVI!I23+NRGSUP!I23 -> 14659.843 | J23: =INTAVI!J23+NRGSUP!J23 -> 15618.12 | ... Z23: =INTAVI!Z23+NRGSUP!Z23 -> 3708.8968
A24: Peat products | B24: P1200 | C24: =INTAVI!C24+NRGSUP!C24 -> 623.64111 | D24: =INTAVI!D24+NRGSUP!D24 -> 551.60898 | E24: =INTAVI!E24+NRGSUP!E24 -> 566.47731 | F24: =INTAVI!F24+NRGSUP!F24 -> 484.54621 | G24: =INTAVI!G24+NRGSUP!G24 -> 488.78481 | H24: =INTAVI!H24+NRGSUP!H24 -> 481.87234 | I24: =INTAVI!I24+NRGSUP!I24 -> 475.40074 | J24: =INTAVI!J24+NRGSUP!J24 -> 467.95665 | ... Z24: =INTAVI!Z24+NRGSUP!Z24 -> 113.64205
A25: Oil shale and oil sands | B25: S2000 | C25: =INTAVI!C25+NRGSUP!C25 -> 9707.0447 | D25: =INTAVI!D25+NRGSUP!D25 -> 9333.6626 | E25: =INTAVI!E25+NRGSUP!E25 -> 9056.6106 | F25: =INTAVI!F25+NRGSUP!F25 -> 10861.617 | G25: =INTAVI!G25+NRGSUP!G25 -> 10720.924 | H25: =INTAVI!H25+NRGSUP!H25 -> 10579.734 | I25: =INTAVI!I25+NRGSUP!I25 -> 9743.0462 | J25: =INTAVI!J25+NRGSUP!J25 -> 12667.722 | ... Z25: =INTAVI!Z25+NRGSUP!Z25 -> 2079.672
A26: Oil and petroleum products | B26: O4000XBIO | C26: =SUM(C27,C33) -> 1521890.6 | D26: =SUM(D27,D33) -> 1553629.7 | E26: =SUM(E27,E33) -> 1537301.9 | F26: =SUM(F27,F33) -> 1547852.1 | G26: =SUM(G27,G33) -> 1549719.2 | H26: =SUM(H27,H33) -> 1542031.2 | I26: =SUM(I27,I33) -> 1534169.8 | J26: =SUM(J27,J33) -> 1483438.7 | ... Z26: =SUM(Z27,Z33) -> 1217042.1
A27: Crude oil, NGL, refinery feedstocks, additives and oxygenates and other hydrocarbons (excluding biofuel portion) | B27: O4100_TOT_4200-4500XBIO | C27: =SUM(C28:C32) -> 435.30568 | D27: =SUM(D28:D32) -> 276.49452 | E27: =SUM(E28:E32) -> 266.42992 | F27: =SUM(F28:F32) -> 276.30282 | G27: =SUM(G28:G32) -> 499.48715 | H27: =SUM(H28:H32) -> 170.42927 | I27: =SUM(I28:I32) -> 82.890249 | J27: =SUM(J28:J32) -> 171.57729 | ... Z27: =SUM(Z28:Z32) -> 100.80657
A28: Crude oil | B28: O4100_TOT | C28: =INTAVI!C28+NRGSUP!C28 -> 435.30568 | D28: =INTAVI!D28+NRGSUP!D28 -> 276.49452 | E28: =INTAVI!E28+NRGSUP!E28 -> 135.08835 | F28: =INTAVI!F28+NRGSUP!F28 -> 173.80271 | G28: =INTAVI!G28+NRGSUP!G28 -> 468.273 | H28: =INTAVI!H28+NRGSUP!H28 -> 170.42927 | I28: =INTAVI!I28+NRGSUP!I28 -> 82.890249 | J28: =INTAVI!J28+NRGSUP!J28 -> 43.362081 | ... Z28: =INTAVI!Z28+NRGSUP!Z28 -> 36.437342
A29: Natural gas liquids | B29: O4200 | C29: =INTAVI!C29+NRGSUP!C29 -> 0 | D29: =INTAVI!D29+NRGSUP!D29 -> 0 | E29: =INTAVI!E29+NRGSUP!E29 -> 131.34157 | F29: =INTAVI!F29+NRGSUP!F29 -> 102.5001 | G29: =INTAVI!G29+NRGSUP!G29 -> 31.214143 | H29: =INTAVI!H29+NRGSUP!H29 -> 0 | I29: =INTAVI!I29+NRGSUP!I29 -> 0 | J29: =INTAVI!J29+NRGSUP!J29 -> 128.21521 | ... Z29: =INTAVI!Z29+NRGSUP!Z29 -> 64.369231
A30: Refinery feedstocks | B30: O4300 | C30: =INTAVI!C30+NRGSUP!C30 -> 0 | D30: =INTAVI!D30+NRGSUP!D30 -> 0 | E30: =INTAVI!E30+NRGSUP!E30 -> 0 | F30: =INTAVI!F30+NRGSUP!F30 -> 0 | G30: =INTAVI!G30+NRGSUP!G30 -> 0 | H30: =INTAVI!H30+NRGSUP!H30 -> 0 | I30: =INTAVI!I30+NRGSUP!I30 -> 0 | J30: =INTAVI!J30+NRGSUP!J30 -> 0 | ... Z30: =INTAVI!Z30+NRGSUP!Z30 -> 0
A31: Additives and oxygenates (excluding biofuel portion) | B31: O4400X4410 | C31: =INTAVI!C31+NRGSUP!C31 -> 0 | D31: =INTAVI!D31+NRGSUP!D31 -> 0 | E31: =INTAVI!E31+NRGSUP!E31 -> 0 | F31: =INTAVI!F31+NRGSUP!F31 -> 0 | G31: =INTAVI!G31+NRGSUP!G31 -> 0 | H31: =INTAVI!H31+NRGSUP!H31 -> 0 | I31: =INTAVI!I31+NRGSUP!I31 -> 0 | J31: =INTAVI!J31+NRGSUP!J31 -> 0 | ... Z31: =INTAVI!Z31+NRGSUP!Z31 -> 0
A32: Other hydrocarbons | B32: O4500 | C32: =INTAVI!C32+NRGSUP!C32 -> 0 | D32: =INTAVI!D32+NRGSUP!D32 -> 0 | E32: =INTAVI!E32+NRGSUP!E32 -> 0 | F32: =INTAVI!F32+NRGSUP!F32 -> 0 | G32: =INTAVI!G32+NRGSUP!G32 -> 0 | H32: =INTAVI!H32+NRGSUP!H32 -> 0 | I32: =INTAVI!I32+NRGSUP!I32 -> 0 | J32: =INTAVI!J32+NRGSUP!J32 -> 0 | ... Z32: =INTAVI!Z32+NRGSUP!Z32 -> 0
A33: Oil products (excluding biofuel portion) | B33: O4600XBIO | C33: =SUM(C34:C50) -> 1521455.3 | D33: =SUM(D34:D50) -> 1553353.2 | E33: =SUM(E34:E50) -> 1537035.5 | F33: =SUM(F34:F50) -> 1547575.8 | G33: =SUM(G34:G50) -> 1549219.7 | H33: =SUM(H34:H50) -> 1541860.8 | I33: =SUM(I34:I50) -> 1534087 | J33: =SUM(J34:J50) -> 1483267.1 | ... Z33: =SUM(Z34:Z50) -> 1216941.3
A34: Refinery gas | B34: O4610 | C34: =INTAVI!C34+NRGSUP!C34 -> 53560.028 | D34: =INTAVI!D34+NRGSUP!D34 -> 53212.676 | E34: =INTAVI!E34+NRGSUP!E34 -> 54531.128 | F34: =INTAVI!F34+NRGSUP!F34 -> 59096.205 | G34: =INTAVI!G34+NRGSUP!G34 -> 61616.98 | H34: =INTAVI!H34+NRGSUP!H34 -> 62078.787 | I34: =INTAVI!I34+NRGSUP!I34 -> 61792.963 | J34: =INTAVI!J34+NRGSUP!J34 -> 64488.891 | ... Z34: =INTAVI!Z34+NRGSUP!Z34 -> 59314.865
A35: Ethane | B35: O4620 | C35: =INTAVI!C35+NRGSUP!C35 -> 28.582425 | D35: =INTAVI!D35+NRGSUP!D35 -> 22.865895 | E35: =INTAVI!E35+NRGSUP!E35 -> 25.72416 | F35: =INTAVI!F35+NRGSUP!F35 -> 27.443465 | G35: =INTAVI!G35+NRGSUP!G35 -> 58.502062 | H35: =INTAVI!H35+NRGSUP!H35 -> 67.458727 | I35: =INTAVI!I35+NRGSUP!I35 -> 38.876524 | J35: =INTAVI!J35+NRGSUP!J35 -> 38.734597 | ... Z35: =INTAVI!Z35+NRGSUP!Z35 -> 0.65729664
A36: Liquefied petroleum gases | B36: O4630 | C36: =INTAVI!C36+NRGSUP!C36 -> 52714.078 | D36: =INTAVI!D36+NRGSUP!D36 -> 52387.672 | E36: =INTAVI!E36+NRGSUP!E36 -> 52060.552 | F36: =INTAVI!F36+NRGSUP!F36 -> 51928.973 | G36: =INTAVI!G36+NRGSUP!G36 -> 52141.672 | H36: =INTAVI!H36+NRGSUP!H36 -> 53172.897 | I36: =INTAVI!I36+NRGSUP!I36 -> 51710.124 | J36: =INTAVI!J36+NRGSUP!J36 -> 50686.157 | ... Z36: =INTAVI!Z36+NRGSUP!Z36 -> 44451.494
A37: Motor gasoline (excluding biofuel portion) | B37: O4652XR5210B | C37: =INTAVI!C37+NRGSUP!C37 -> 320345.03 | D37: =INTAVI!D37+NRGSUP!D37 -> 315577.95 | E37: =INTAVI!E37+NRGSUP!E37 -> 310556.94 | F37: =INTAVI!F37+NRGSUP!F37 -> 300286.55 | G37: =INTAVI!G37+NRGSUP!G37 -> 290894.46 | H37: =INTAVI!H37+NRGSUP!H37 -> 277883.22 | I37: =INTAVI!I37+NRGSUP!I37 -> 268152.1 | J37: =INTAVI!J37+NRGSUP!J37 -> 259318.04 | ... Z37: =INTAVI!Z37+NRGSUP!Z37 -> 204045.38
A38: Aviation gasoline | B38: O4651 | C38: =INTAVI!C38+NRGSUP!C38 -> 351.04154 | D38: =INTAVI!D38+NRGSUP!D38 -> 335.36311 | E38: =INTAVI!E38+NRGSUP!E38 -> 341.32342 | F38: =INTAVI!F38+NRGSUP!F38 -> 317.68229 | G38: =INTAVI!G38+NRGSUP!G38 -> 319.84319 | H38: =INTAVI!H38+NRGSUP!H38 -> 377.528 | I38: =INTAVI!I38+NRGSUP!I38 -> 309.51421 | J38: =INTAVI!J38+NRGSUP!J38 -> 284.45206 | ... Z38: =INTAVI!Z38+NRGSUP!Z38 -> 148.22564
A39: Gasoline-type jet fuel | B39: O4653 | C39: =INTAVI!C39+NRGSUP!C39 -> 372.66489 | D39: =INTAVI!D39+NRGSUP!D39 -> 317.50505 | E39: =INTAVI!E39+NRGSUP!E39 -> 104.42046 | F39: =INTAVI!F39+NRGSUP!F39 -> 95.094969 | G39: =INTAVI!G39+NRGSUP!G39 -> 142.27425 | H39: =INTAVI!H39+NRGSUP!H39 -> 44.592438 | I39: =INTAVI!I39+NRGSUP!I39 -> 47.777464 | J39: =INTAVI!J39+NRGSUP!J39 -> 9.5555963 | ... Z39: =INTAVI!Z39+NRGSUP!Z39 -> 0
A40: Kerosene-type jet fuel (excluding biofuel portion) | B40: O4661XR5230B | C40: =INTAVI!C40+NRGSUP!C40 -> 105625.38 | D40: =INTAVI!D40+NRGSUP!D40 -> 102751.43 | E40: =INTAVI!E40+NRGSUP!E40 -> 100325.33 | F40: =INTAVI!F40+NRGSUP!F40 -> 102324.53 | G40: =INTAVI!G40+NRGSUP!G40 -> 108819.9 | H40: =INTAVI!H40+NRGSUP!H40 -> 113768.73 | I40: =INTAVI!I40+NRGSUP!I40 -> 118794.09 | J40: =INTAVI!J40+NRGSUP!J40 -> 123867.98 | ... Z40: =INTAVI!Z40+NRGSUP!Z40 -> 136897.36
A41: Other kerosene | B41: O4669 | C41: =INTAVI!C41+NRGSUP!C41 -> 3448.9154 | D41: =INTAVI!D41+NRGSUP!D41 -> 3781.2359 | E41: =INTAVI!E41+NRGSUP!E41 -> 3702.2545 | F41: =INTAVI!F41+NRGSUP!F41 -> 3846.0756 | G41: =INTAVI!G41+NRGSUP!G41 -> 3906.0659 | H41: =INTAVI!H41+NRGSUP!H41 -> 3948.1085 | I41: =INTAVI!I41+NRGSUP!I41 -> 3873.8419 | J41: =INTAVI!J41+NRGSUP!J41 -> 3677.8356 | ... Z41: =INTAVI!Z41+NRGSUP!Z41 -> 2962.004
A42: Naphtha | B42: O4640 | C42: =INTAVI!C42+NRGSUP!C42 -> 2879.8818 | D42: =INTAVI!D42+NRGSUP!D42 -> 1564.6105 | E42: =INTAVI!E42+NRGSUP!E42 -> 1540.8172 | F42: =INTAVI!F42+NRGSUP!F42 -> 1118.9758 | G42: =INTAVI!G42+NRGSUP!G42 -> 777.66914 | H42: =INTAVI!H42+NRGSUP!H42 -> 325.59467 | I42: =INTAVI!I42+NRGSUP!I42 -> 109.67169 | J42: =INTAVI!J42+NRGSUP!J42 -> 138.65258 | ... Z42: =INTAVI!Z42+NRGSUP!Z42 -> 2807.9626
A43: Gas oil and diesel oil (excluding biofuel portion) | B43: O4671XR5220B | C43: =INTAVI!C43+NRGSUP!C43 -> 709639.4 | D43: =INTAVI!D43+NRGSUP!D43 -> 750658.75 | E43: =INTAVI!E43+NRGSUP!E43 -> 746019.89 | F43: =INTAVI!F43+NRGSUP!F43 -> 767886.25 | G43: =INTAVI!G43+NRGSUP!G43 -> 782557.26 | H43: =INTAVI!H43+NRGSUP!H43 -> 791503.71 | I43: =INTAVI!I43+NRGSUP!I43 -> 801677.17 | J43: =INTAVI!J43+NRGSUP!J43 -> 774894.63 | ... Z43: =INTAVI!Z43+NRGSUP!Z43 -> 688929.22
A44: Fuel oil | B44: O4680 | C44: =INTAVI!C44+NRGSUP!C44 -> 214779.92 | D44: =INTAVI!D44+NRGSUP!D44 -> 212521.22 | E44: =INTAVI!E44+NRGSUP!E44 -> 207091.53 | F44: =INTAVI!F44+NRGSUP!F44 -> 193703.5 | G44: =INTAVI!G44+NRGSUP!G44 -> 163082.2 | H44: =INTAVI!H44+NRGSUP!H44 -> 154629.33 | I44: =INTAVI!I44+NRGSUP!I44 -> 142656.8 | J44: =INTAVI!J44+NRGSUP!J44 -> 123399.57 | ... Z44: =INTAVI!Z44+NRGSUP!Z44 -> 31044.727
A45: White spirit and special boiling point industrial spirits | B45: O4691 | C45: =INTAVI!C45+NRGSUP!C45 -> 6.46506 | D45: =INTAVI!D45+NRGSUP!D45 -> 12.644338 | E45: =INTAVI!E45+NRGSUP!E45 -> 16.16265 | F45: =INTAVI!F45+NRGSUP!F45 -> 15.876868 | G45: =INTAVI!G45+NRGSUP!G45 -> 19.39518 | H45: =INTAVI!H45+NRGSUP!H45 -> 23.284507 | I45: =INTAVI!I45+NRGSUP!I45 -> 30.126124 | J45: =INTAVI!J45+NRGSUP!J45 -> 25.427741 | ... Z45: =INTAVI!Z45+NRGSUP!Z45 -> 777.3195
... A51: Natural gas | B51: G3000 | C51: =INTAVI!C51+NRGSUP!C51 -> 677167.63 | D51: =INTAVI!D51+NRGSUP!D51 -> 702505.69 | E51: =INTAVI!E51+NRGSUP!E51 -> 711186 | F51: =INTAVI!F51+NRGSUP!F51 -> 749939.85 | G51: =INTAVI!G51+NRGSUP!G51 -> 768231.45 | H51: =INTAVI!H51+NRGSUP!H51 -> 794293.11 | I51: =INTAVI!I51+NRGSUP!I51 -> 795594.75 | J51: =INTAVI!J51+NRGSUP!J51 -> 780338.17 | ... Z51: =INTAVI!Z51+NRGSUP!Z51 -> 615648.1
A52: Non-renewable waste | B52: W6100_6220 | C52: =SUM(C53:C54) -> 27457.817 | D52: =SUM(D53:D54) -> 30810.766 | E52: =SUM(E53:E54) -> 29666.417 | F52: =SUM(F53:F54) -> 25956.145 | G52: =SUM(G53:G54) -> 28240.492 | H52: =SUM(H53:H54) -> 30357.442 | I52: =SUM(I53:I54) -> 33428.943 | J52: =SUM(J53:J54) -> 35142.9 | ... Z52: =SUM(Z53:Z54) -> 64730.448
A53: Industrial waste (non-renewable) | B53: W6100 | C53: =INTAVI!C53+NRGSUP!C53 -> 14152.202 | D53: =INTAVI!D53+NRGSUP!D53 -> 16664.036 | E53: =INTAVI!E53+NRGSUP!E53 -> 15303.095 | F53: =INTAVI!F53+NRGSUP!F53 -> 7563.3345 | G53: =INTAVI!G53+NRGSUP!G53 -> 8307.2118 | H53: =INTAVI!H53+NRGSUP!H53 -> 7502.6072 | I53: =INTAVI!I53+NRGSUP!I53 -> 8348.786 | J53: =INTAVI!J53+NRGSUP!J53 -> 9089.82 | ... Z53: =INTAVI!Z53+NRGSUP!Z53 -> 29411.375
A54: Non-renewable municipal waste | B54: W6220 | C54: =INTAVI!C54+NRGSUP!C54 -> 13305.615 | D54: =INTAVI!D54+NRGSUP!D54 -> 14146.73 | E54: =INTAVI!E54+NRGSUP!E54 -> 14363.322 | F54: =INTAVI!F54+NRGSUP!F54 -> 18392.811 | G54: =INTAVI!G54+NRGSUP!G54 -> 19933.281 | H54: =INTAVI!H54+NRGSUP!H54 -> 22854.835 | I54: =INTAVI!I54+NRGSUP!I54 -> 25080.157 | J54: =INTAVI!J54+NRGSUP!J54 -> 26053.08 | ... Z54: =INTAVI!Z54+NRGSUP!Z54 -> 35319.072
A60: CO2 emissions not accounted:
A61: Renewables and biofuels | B61: RA000 | C61: =SUM(C62:C72) -> 270646.19 | D61: =SUM(D62:D72) -> 274078.96 | E61: =SUM(E62:E72) -> 284064.67 | F61: =SUM(F62:F72) -> 318774.52 | G61: =SUM(G62:G72) -> 331550.46 | H61: =SUM(H62:H72) -> 363017.91 | I61: =SUM(I62:I72) -> 387051.89 | J61: =SUM(J62:J72) -> 417039.99 | ... Z61: =SUM(Z62:Z72) -> 583428.66
A62: Primary solid biofuels | B62: R5110-5150_W6000RI | C62: =INTAVI!C62+NRGSUP!C62 -> 250426.99 | D62: =INTAVI!D62+NRGSUP!D62 -> 251806.42 | E62: =INTAVI!E62+NRGSUP!E62 -> 259375.57 | F62: =INTAVI!F62+NRGSUP!F62 -> 289416.22 | G62: =INTAVI!G62+NRGSUP!G62 -> 298481.27 | H62: =INTAVI!H62+NRGSUP!H62 -> 320983.92 | I62: =INTAVI!I62+NRGSUP!I62 -> 334781.93 | J62: =INTAVI!J62+NRGSUP!J62 -> 352750.44 | ... Z62: =INTAVI!Z62+NRGSUP!Z62 -> 448897.29
A63: Charcoal | B63: R5160 | C63: =INTAVI!C63+NRGSUP!C63 -> 485.08307 | D63: =INTAVI!D63+NRGSUP!D63 -> 450.60906 | E63: =INTAVI!E63+NRGSUP!E63 -> 412.3732 | F63: =INTAVI!F63+NRGSUP!F63 -> 979.76471 | G63: =INTAVI!G63+NRGSUP!G63 -> 1018.6118 | H63: =INTAVI!H63+NRGSUP!H63 -> 1072.5725 | I63: =INTAVI!I63+NRGSUP!I63 -> 1074.8171 | J63: =INTAVI!J63+NRGSUP!J63 -> 1350.949 | ... Z63: =INTAVI!Z63+NRGSUP!Z63 -> 1777.7842
A64: Biogases | B64: R5300 | C64: =INTAVI!C64+NRGSUP!C64 -> 3145.163 | D64: =INTAVI!D64+NRGSUP!D64 -> 4051.4114 | E64: =INTAVI!E64+NRGSUP!E64 -> 5370.9206 | F64: =INTAVI!F64+NRGSUP!F64 -> 4803.6726 | G64: =INTAVI!G64+NRGSUP!G64 -> 5041.5325 | H64: =INTAVI!H64+NRGSUP!H64 -> 5827.2748 | I64: =INTAVI!I64+NRGSUP!I64 -> 6653.9179 | J64: =INTAVI!J64+NRGSUP!J64 -> 9619.706 | ... Z64: =INTAVI!Z64+NRGSUP!Z64 -> 35888.14
A65: Renewable municipal waste | B65: W6210 | C65: =INTAVI!C65+NRGSUP!C65 -> 14468.164 | D65: =INTAVI!D65+NRGSUP!D65 -> 15251.05 | E65: =INTAVI!E65+NRGSUP!E65 -> 15511.47 | F65: =INTAVI!F65+NRGSUP!F65 -> 19245.885 | G65: =INTAVI!G65+NRGSUP!G65 -> 20669.954 | H65: =INTAVI!H65+NRGSUP!H65 -> 23745.053 | I65: =INTAVI!I65+NRGSUP!I65 -> 25708.887 | J65: =INTAVI!J65+NRGSUP!J65 -> 28887.023 | ... Z65: =INTAVI!Z65+NRGSUP!Z65 -> 38779.103
A66: Pure biogasoline | B66: R5210P | C66: =INTAVI!C66+NRGSUP!C66 -> 0 | D66: =INTAVI!D66+NRGSUP!D66 -> 0 | E66: =INTAVI!E66+NRGSUP!E66 -> 0 | F66: =INTAVI!F66+NRGSUP!F66 -> 0 | G66: =INTAVI!G66+NRGSUP!G66 -> 40.020238 | H66: =INTAVI!H66+NRGSUP!H66 -> 23.489486 | I66: =INTAVI!I66+NRGSUP!I66 -> 27.18805 | J66: =INTAVI!J66+NRGSUP!J66 -> 42.51118 | ... Z66: =INTAVI!Z66+NRGSUP!Z66 -> 5.7251146
A67: Blended biogasoline | B67: R5210B | C67: =INTAVI!C67+NRGSUP!C67 -> 173.9556 | D67: =INTAVI!D67+NRGSUP!D67 -> 194.9832 | E67: =INTAVI!E67+NRGSUP!E67 -> 472.20394 | F67: =INTAVI!F67+NRGSUP!F67 -> 718.99431 | G67: =INTAVI!G67+NRGSUP!G67 -> 867.87965 | H67: =INTAVI!H67+NRGSUP!H67 -> 1606.4245 | I67: =INTAVI!I67+NRGSUP!I67 -> 2489.3125 | J67: =INTAVI!J67+NRGSUP!J67 -> 3218.8268 | ... Z67: =INTAVI!Z67+NRGSUP!Z67 -> 10607.358
A68: Pure biodiesels | B68: R5220P | C68: =INTAVI!C68+NRGSUP!C68 -> 709.40011 | D68: =INTAVI!D68+NRGSUP!D68 -> 977.87312 | E68: =INTAVI!E68+NRGSUP!E68 -> 1507.7554 | F68: =INTAVI!F68+NRGSUP!F68 -> 2164.2959 | G68: =INTAVI!G68+NRGSUP!G68 -> 1988.7094 | H68: =INTAVI!H68+NRGSUP!H68 -> 2962.6306 | I68: =INTAVI!I68+NRGSUP!I68 -> 5089.9388 | J68: =INTAVI!J68+NRGSUP!J68 -> 5184.0785 | ... Z68: =INTAVI!Z68+NRGSUP!Z68 -> 2540.4027
A69: Blended biodiesels | B69: R5220B | C69: =INTAVI!C69+NRGSUP!C69 -> 1186.6787 | D69: =INTAVI!D69+NRGSUP!D69 -> 1262.5491 | E69: =INTAVI!E69+NRGSUP!E69 -> 1256.091 | F69: =INTAVI!F69+NRGSUP!F69 -> 1273.5003 | G69: =INTAVI!G69+NRGSUP!G69 -> 2793.5312 | H69: =INTAVI!H69+NRGSUP!H69 -> 4543.4901 | I69: =INTAVI!I69+NRGSUP!I69 -> 6496.3916 | J69: =INTAVI!J69+NRGSUP!J69 -> 11773.488 | ... Z69: =INTAVI!Z69+NRGSUP!Z69 -> 41670.607
A70: Pure bio jet kerosene | B70: R5230P | C70: =INTAVI!C70+NRGSUP!C70 -> 0 | D70: =INTAVI!D70+NRGSUP!D70 -> 0 | E70: =INTAVI!E70+NRGSUP!E70 -> 0 | F70: =INTAVI!F70+NRGSUP!F70 -> 0 | G70: =INTAVI!G70+NRGSUP!G70 -> 0 | H70: =INTAVI!H70+NRGSUP!H70 -> 0 | I70: =INTAVI!I70+NRGSUP!I70 -> 0 | J70: =INTAVI!J70+NRGSUP!J70 -> 0 | ... Z70: =INTAVI!Z70+NRGSUP!Z70 -> 0
A71: Blended bio jet kerosene | B71: R5230B | C71: =INTAVI!C71+NRGSUP!C71 -> 0 | D71: =INTAVI!D71+NRGSUP!D71 -> 0 | E71: =INTAVI!E71+NRGSUP!E71 -> 0 | F71: =INTAVI!F71+NRGSUP!F71 -> 0 | G71: =INTAVI!G71+NRGSUP!G71 -> 0 | H71: =INTAVI!H71+NRGSUP!H71 -> 0 | I71: =INTAVI!I71+NRGSUP!I71 -> 0 | J71: =INTAVI!J71+NRGSUP!J71 -> 0 | ... Z71: =INTAVI!Z71+NRGSUP!Z71 -> 401.78213
A72: Other liquid biofuels | B72: R5290 | C72: =INTAVI!C72+NRGSUP!C72 -> 50.755507 | D72: =INTAVI!D72+NRGSUP!D72 -> 84.070973 | E72: =INTAVI!E72+NRGSUP!E72 -> 158.28715 | F72: =INTAVI!F72+NRGSUP!F72 -> 172.18473 | G72: =INTAVI!G72+NRGSUP!G72 -> 648.94636 | H72: =INTAVI!H72+NRGSUP!H72 -> 2253.0625 | I72: =INTAVI!I72+NRGSUP!I72 -> 4729.5149 | J72: =INTAVI!J72+NRGSUP!J72 -> 4212.9616 | ... Z72: =INTAVI!Z72+NRGSUP!Z72 -> 2860.4634

Sheet INTAVI
A1: International aviation | B1: INTAVI | C1: 2000 | D1: 2001 | E1: 2002 | F1: 2003 | G1: 2004 | H1: 2005 | I1: 2006 | J1: 2007 | K1: 2008 | L1: 2009 | M1: 2010 | N1: 2011 | O1: 2012 | P1: 2013 | Q1: 2014 | R1: 2015 | S1: 2016 | T1: 2017 | U1: 2018 | V1: 2019 | W1: 2020 | X1: 2021 | Y1: 2022 | Z1: 2023
A2: Total | B2: TOTAL | C2: =SUM(C3,C17,C22,C25,C26,C51,C52) -> 86018.368 | D2: =SUM(D3,D17,D22,D25,D26,D51,D52) -> 84030.351 | E2: =SUM(E3,E17,E22,E25,E26,E51,E52) -> 82576.137 | F2: =SUM(F3,F17,F22,F25,F26,F51,F52) -> 84156.863 | G2: =SUM(G3,G17,G22,G25,G26,G51,G52) -> 90121.752 | H2: =SUM(H3,H17,H22,H25,H26,H51,H52) -> 93765.213 | I2: =SUM(I3,I17,I22,I25,I26,I51,I52) -> 98548.682 | J2: =SUM(J3,J17,J22,J25,J26,J51,J52) -> 102820.45 | ... Z2: =SUM(Z3,Z17,Z22,Z25,Z26,Z51,Z52) -> 115178.69
A3: Solid fossil fuels | B3: C0000X0350-0370 | C3: =SUM(C4,C8,C11) -> 0 | D3: =SUM(D4,D8,D11) -> 0 | E3: =SUM(E4,E8,E11) -> 0 | F3: =SUM(F4,F8,F11) -> 0 | G3: =SUM(G4,G8,G11) -> 0 | H3: =SUM(H4,H8,H11) -> 0 | I3: =SUM(I4,I8,I11) -> 0 | J3: =SUM(J4,J8,J11) -> 0 | ... Z3: =SUM(Z4,Z8,Z11) -> 0
A4: Hard coal | B4: C0100 | C4: =SUM(C5:C7) -> 0 | D4: =SUM(D5:D7) -> 0 | E4: =SUM(E5:E7) -> 0 | F4: =SUM(F5:F7) -> 0 | G4: =SUM(G5:G7) -> 0 | H4: =SUM(H5:H7) -> 0 | I4: =SUM(I5:I7) -> 0 | J4: =SUM(J5:J7) -> 0 | ... Z4: =SUM(Z5:Z7) -> 0
A5: Anthracite | B5: C0110 | C5: =INTAVI_PA_IN!C5+INTAVI_PA_EX!C5+INTAVI_FR_IN!C5+INTAVI_FR_EX!C5 -> 0 | D5: =INTAVI_PA_IN!D5+INTAVI_PA_EX!D5+INTAVI_FR_IN!D5+INTAVI_FR_EX!D5 -> 0 | E5: =INTAVI_PA_IN!E5+INTAVI_PA_EX!E5+INTAVI_FR_IN!E5+INTAVI_FR_EX!E5 -> 0 | F5: =INTAVI_PA_IN!F5+INTAVI_PA_EX!F5+INTAVI_FR_IN!F5+INTAVI_FR_EX!F5 -> 0 | G5: =INTAVI_PA_IN!G5+INTAVI_PA_EX!G5+INTAVI_FR_IN!G5+INTAVI_FR_EX!G5 -> 0 | H5: =INTAVI_PA_IN!H5+INTAVI_PA_EX!H5+INTAVI_FR_IN!H5+INTAVI_FR_EX!H5 -> 0 | I5: =INTAVI_PA_IN!I5+INTAVI_PA_EX!I5+INTAVI_FR_IN!I5+INTAVI_FR_EX!I5 -> 0 | J5: =INTAVI_PA_IN!J5+INTAVI_PA_EX!J5+INTAVI_FR_IN!J5+INTAVI_FR_EX!J5 -> 0 | ... Z5: =INTAVI_PA_IN!Z5+INTAVI_PA_EX!Z5+INTAVI_FR_IN!Z5+INTAVI_FR_EX!Z5 -> 0
A6: Coking coal | B6: C0121 | C6: =INTAVI_PA_IN!C6+INTAVI_PA_EX!C6+INTAVI_FR_IN!C6+INTAVI_FR_EX!C6 -> 0 | D6: =INTAVI_PA_IN!D6+INTAVI_PA_EX!D6+INTAVI_FR_IN!D6+INTAVI_FR_EX!D6 -> 0 | E6: =INTAVI_PA_IN!E6+INTAVI_PA_EX!E6+INTAVI_FR_IN!E6+INTAVI_FR_EX!E6 -> 0 | F6: =INTAVI_PA_IN!F6+INTAVI_PA_EX!F6+INTAVI_FR_IN!F6+INTAVI_FR_EX!F6 -> 0 | G6: =INTAVI_PA_IN!G6+INTAVI_PA_EX!G6+INTAVI_FR_IN!G6+INTAVI_FR_EX!G6 -> 0 | H6: =INTAVI_PA_IN!H6+INTAVI_PA_EX!H6+INTAVI_FR_IN!H6+INTAVI_FR_EX!H6 -> 0 | I6: =INTAVI_PA_IN!I6+INTAVI_PA_EX!I6+INTAVI_FR_IN!I6+INTAVI_FR_EX!I6 -> 0 | J6: =INTAVI_PA_IN!J6+INTAVI_PA_EX!J6+INTAVI_FR_IN!J6+INTAVI_FR_EX!J6 -> 0 | ... Z6: =INTAVI_PA_IN!Z6+INTAVI_PA_EX!Z6+INTAVI_FR_IN!Z6+INTAVI_FR_EX!Z6 -> 0
A7: Other bituminous coal | B7: C0129 | C7: =INTAVI_PA_IN!C7+INTAVI_PA_EX!C7+INTAVI_FR_IN!C7+INTAVI_FR_EX!C7 -> 0 | D7: =INTAVI_PA_IN!D7+INTAVI_PA_EX!D7+INTAVI_FR_IN!D7+INTAVI_FR_EX!D7 -> 0 | E7: =INTAVI_PA_IN!E7+INTAVI_PA_EX!E7+INTAVI_FR_IN!E7+INTAVI_FR_EX!E7 -> 0 | F7: =INTAVI_PA_IN!F7+INTAVI_PA_EX!F7+INTAVI_FR_IN!F7+INTAVI_FR_EX!F7 -> 0 | G7: =INTAVI_PA_IN!G7+INTAVI_PA_EX!G7+INTAVI_FR_IN!G7+INTAVI_FR_EX!G7 -> 0 | H7: =INTAVI_PA_IN!H7+INTAVI_PA_EX!H7+INTAVI_FR_IN!H7+INTAVI_FR_EX!H7 -> 0 | I7: =INTAVI_PA_IN!I7+INTAVI_PA_EX!I7+INTAVI_FR_IN!I7+INTAVI_FR_EX!I7 -> 0 | J7: =INTAVI_PA_IN!J7+INTAVI_PA_EX!J7+INTAVI_FR_IN!J7+INTAVI_FR_EX!J7 -> 0 | ... Z7: =INTAVI_PA_IN!Z7+INTAVI_PA_EX!Z7+INTAVI_FR_IN!Z7+INTAVI_FR_EX!Z7 -> 0
A8: Brown coal | B8: C0200 | C8: =SUM(C9:C10) -> 0 | D8: =SUM(D9:D10) -> 0 | E8: =SUM(E9:E10) -> 0 | F8: =SUM(F9:F10) -> 0 | G8: =SUM(G9:G10) -> 0 | H8: =SUM(H9:H10) -> 0 | I8: =SUM(I9:I10) -> 0 | J8: =SUM(J9:J10) -> 0 | ... Z8: =SUM(Z9:Z10) -> 0
A9: Sub-bituminous coal | B9: C0210 | C9: =INTAVI_PA_IN!C9+INTAVI_PA_EX!C9+INTAVI_FR_IN!C9+INTAVI_FR_EX!C9 -> 0 | D9: =INTAVI_PA_IN!D9+INTAVI_PA_EX!D9+INTAVI_FR_IN!D9+INTAVI_FR_EX!D9 -> 0 | E9: =INTAVI_PA_IN!E9+INTAVI_PA_EX!E9+INTAVI_FR_IN!E9+INTAVI_FR_EX!E9 -> 0 | F9: =INTAVI_PA_IN!F9+INTAVI_PA_EX!F9+INTAVI_FR_IN!F9+INTAVI_FR_EX!F9 -> 0 | G9: =INTAVI_PA_IN!G9+INTAVI_PA_EX!G9+INTAVI_FR_IN!G9+INTAVI_FR_EX!G9 -> 0 | H9: =INTAVI_PA_IN!H9+INTAVI_PA_EX!H9+INTAVI_FR_IN!H9+INTAVI_FR_EX!H9 -> 0 | I9: =INTAVI_PA_IN!I9+INTAVI_PA_EX!I9+INTAVI_FR_IN!I9+INTAVI_FR_EX!I9 -> 0 | J9: =INTAVI_PA_IN!J9+INTAVI_PA_EX!J9+INTAVI_FR_IN!J9+INTAVI_FR_EX!J9 -> 0 | ... Z9: =INTAVI_PA_IN!Z9+INTAVI_PA_EX!Z9+INTAVI_FR_IN!Z9+INTAVI_FR_EX!Z9 -> 0
A10: Lignite | B10: C0220 | C10: =INTAVI_PA_IN!C10+INTAVI_PA_EX!C10+INTAVI_FR_IN!C10+INTAVI_FR_EX!C10 -> 0 | D10: =INTAVI_PA_IN!D10+INTAVI_PA_EX!D10+INTAVI_FR_IN!D10+INTAVI_FR_EX!D10 -> 0 | E10: =INTAVI_PA_IN!E10+INTAVI_PA_EX!E10+INTAVI_FR_IN!E10+INTAVI_FR_EX!E10 -> 0 | F10: =INTAVI_PA_IN!F10+INTAVI_PA_EX!F10+INTAVI_FR_IN!F10+INTAVI_FR_EX!F10 -> 0 | G10: =INTAVI_PA_IN!G10+INTAVI_PA_EX!G10+INTAVI_FR_IN!G10+INTAVI_FR_EX!G10 -> 0 | H10: =INTAVI_PA_IN!H10+INTAVI_PA_EX!H10+INTAVI_FR_IN!H10+INTAVI_FR_EX!H10 -> 0 | I10: =INTAVI_PA_IN!I10+INTAVI_PA_EX!I10+INTAVI_FR_IN!I10+INTAVI_FR_EX!I10 -> 0 | J10: =INTAVI_PA_IN!J10+INTAVI_PA_EX!J10+INTAVI_FR_IN!J10+INTAVI_FR_EX!J10 -> 0 | ... Z10: =INTAVI_PA_IN!Z10+INTAVI_PA_EX!Z10+INTAVI_FR_IN!Z10+INTAVI_FR_EX!Z10 -> 0
A11: Coal products | B11: C0300 | C11: =SUM(C12:C16) -> 0 | D11: =SUM(D12:D16) -> 0 | E11: =SUM(E12:E16) -> 0 | F11: =SUM(F12:F16) -> 0 | G11: =SUM(G12:G16) -> 0 | H11: =SUM(H12:H16) -> 0 | I11: =SUM(I12:I16) -> 0 | J11: =SUM(J12:J16) -> 0 | ... Z11: =SUM(Z12:Z16) -> 0
A12: Patent fuel | B12: C0320 | C12: =INTAVI_PA_IN!C12+INTAVI_PA_EX!C12+INTAVI_FR_IN!C12+INTAVI_FR_EX!C12 -> 0 | D12: =INTAVI_PA_IN!D12+INTAVI_PA_EX!D12+INTAVI_FR_IN!D12+INTAVI_FR_EX!D12 -> 0 | E12: =INTAVI_PA_IN!E12+INTAVI_PA_EX!E12+INTAVI_FR_IN!E12+INTAVI_FR_EX!E12 -> 0 | F12: =INTAVI_PA_IN!F12+INTAVI_PA_EX!F12+INTAVI_FR_IN!F12+INTAVI_FR_EX!F12 -> 0 | G12: =INTAVI_PA_IN!G12+INTAVI_PA_EX!G12+INTAVI_FR_IN!G12+INTAVI_FR_EX!G12 -> 0 | H12: =INTAVI_PA_IN!H12+INTAVI_PA_EX!H12+INTAVI_FR_IN!H12+INTAVI_FR_EX!H12 -> 0 | I12: =INTAVI_PA_IN!I12+INTAVI_PA_EX!I12+INTAVI_FR_IN!I12+INTAVI_FR_EX!I12 -> 0 | J12: =INTAVI_PA_IN!J12+INTAVI_PA_EX!J12+INTAVI_FR_IN!J12+INTAVI_FR_EX!J12 -> 0 | ... Z12: =INTAVI_PA_IN!Z12+INTAVI_PA_EX!Z12+INTAVI_FR_IN!Z12+INTAVI_FR_EX!Z12 -> 0
A13: Coke oven coke | B13: C0311 | C13: =INTAVI_PA_IN!C13+INTAVI_PA_EX!C13+INTAVI_FR_IN!C13+INTAVI_FR_EX!C13 -> 0 | D13: =INTAVI_PA_IN!D13+INTAVI_PA_EX!D13+INTAVI_FR_IN!D13+INTAVI_FR_EX!D13 -> 0 | E13: =INTAVI_PA_IN!E13+INTAVI_PA_EX!E13+INTAVI_FR_IN!E13+INTAVI_FR_EX!E13 -> 0 | F13: =INTAVI_PA_IN!F13+INTAVI_PA_EX!F13+INTAVI_FR_IN!F13+INTAVI_FR_EX!F13 -> 0 | G13: =INTAVI_PA_IN!G13+INTAVI_PA_EX!G13+INTAVI_FR_IN!G13+INTAVI_FR_EX!G13 -> 0 | H13: =INTAVI_PA_IN!H13+INTAVI_PA_EX!H13+INTAVI_FR_IN!H13+INTAVI_FR_EX!H13 -> 0 | I13: =INTAVI_PA_IN!I13+INTAVI_PA_EX!I13+INTAVI_FR_IN!I13+INTAVI_FR_EX!I13 -> 0 | J13: =INTAVI_PA_IN!J13+INTAVI_PA_EX!J13+INTAVI_FR_IN!J13+INTAVI_FR_EX!J13 -> 0 | ... Z13: =INTAVI_PA_IN!Z13+INTAVI_PA_EX!Z13+INTAVI_FR_IN!Z13+INTAVI_FR_EX!Z13 -> 0
A14: Gas coke | B14: C0312 | C14: =INTAVI_PA_IN!C14+INTAVI_PA_EX!C14+INTAVI_FR_IN!C14+INTAVI_FR_EX!C14 -> 0 | D14: =INTAVI_PA_IN!D14+INTAVI_PA_EX!D14+INTAVI_FR_IN!D14+INTAVI_FR_EX!D14 -> 0 | E14: =INTAVI_PA_IN!E14+INTAVI_PA_EX!E14+INTAVI_FR_IN!E14+INTAVI_FR_EX!E14 -> 0 | F14: =INTAVI_PA_IN!F14+INTAVI_PA_EX!F14+INTAVI_FR_IN!F14+INTAVI_FR_EX!F14 -> 0 | G14: =INTAVI_PA_IN!G14+INTAVI_PA_EX!G14+INTAVI_FR_IN!G14+INTAVI_FR_EX!G14 -> 0 | H14: =INTAVI_PA_IN!H14+INTAVI_PA_EX!H14+INTAVI_FR_IN!H14+INTAVI_FR_EX!H14 -> 0 | I14: =INTAVI_PA_IN!I14+INTAVI_PA_EX!I14+INTAVI_FR_IN!I14+INTAVI_FR_EX!I14 -> 0 | J14: =INTAVI_PA_IN!J14+INTAVI_PA_EX!J14+INTAVI_FR_IN!J14+INTAVI_FR_EX!J14 -> 0 | ... Z14: =INTAVI_PA_IN!Z14+INTAVI_PA_EX!Z14+INTAVI_FR_IN!Z14+INTAVI_FR_EX!Z14 -> 0
A15: Coal tar | B15: C0340 | C15: =INTAVI_PA_IN!C15+INTAVI_PA_EX!C15+INTAVI_FR_IN!C15+INTAVI_FR_EX!C15 -> 0 | D15: =INTAVI_PA_IN!D15+INTAVI_PA_EX!D15+INTAVI_FR_IN!D15+INTAVI_FR_EX!D15 -> 0 | E15: =INTAVI_PA_IN!E15+INTAVI_PA_EX!E15+INTAVI_FR_IN!E15+INTAVI_FR_EX!E15 -> 0 | F15: =INTAVI_PA_IN!F15+INTAVI_PA_EX!F15+INTAVI_FR_IN!F15+INTAVI_FR_EX!F15 -> 0 | G15: =INTAVI_PA_IN!G15+INTAVI_PA_EX!G15+INTAVI_FR_IN!G15+INTAVI_FR_EX!G15 -> 0 | H15: =INTAVI_PA_IN!H15+INTAVI_PA_EX!H15+INTAVI_FR_IN!H15+INTAVI_FR_EX!H15 -> 0 | I15: =INTAVI_PA_IN!I15+INTAVI_PA_EX!I15+INTAVI_FR_IN!I15+INTAVI_FR_EX!I15 -> 0 | J15: =INTAVI_PA_IN!J15+INTAVI_PA_EX!J15+INTAVI_FR_IN!J15+INTAVI_FR_EX!J15 -> 0 | ... Z15: =INTAVI_PA_IN!Z15+INTAVI_PA_EX!Z15+INTAVI_FR_IN!Z15+INTAVI_FR_EX!Z15 -> 0
A16: Brown coal briquettes | B16: C0330 | C16: =INTAVI_PA_IN!C16+INTAVI_PA_EX!C16+INTAVI_FR_IN!C16+INTAVI_FR_EX!C16 -> 0 | D16: =INTAVI_PA_IN!D16+INTAVI_PA_EX!D16+INTAVI_FR_IN!D16+INTAVI_FR_EX!D16 -> 0 | E16: =INTAVI_PA_IN!E16+INTAVI_PA_EX!E16+INTAVI_FR_IN!E16+INTAVI_FR_EX!E16 -> 0 | F16: =INTAVI_PA_IN!F16+INTAVI_PA_EX!F16+INTAVI_FR_IN!F16+INTAVI_FR_EX!F16 -> 0 | G16: =INTAVI_PA_IN!G16+INTAVI_PA_EX!G16+INTAVI_FR_IN!G16+INTAVI_FR_EX!G16 -> 0 | H16: =INTAVI_PA_IN!H16+INTAVI_PA_EX!H16+INTAVI_FR_IN!H16+INTAVI_FR_EX!H16 -> 0 | I16: =INTAVI_PA_IN!I16+INTAVI_PA_EX!I16+INTAVI_FR_IN!I16+INTAVI_FR_EX!I16 -> 0 | J16: =INTAVI_PA_IN!J16+INTAVI_PA_EX!J16+INTAVI_FR_IN!J16+INTAVI_FR_EX!J16 -> 0 | ... Z16: =INTAVI_PA_IN!Z16+INTAVI_PA_EX!Z16+INTAVI_FR_IN!Z16+INTAVI_FR_EX!Z16 -> 0
A17: Manufactured gases | B17: C0350-0370 | C17: =SUM(C18:C21) -> 0 | D17: =SUM(D18:D21) -> 0 | E17: =SUM(E18:E21) -> 0 | F17: =SUM(F18:F21) -> 0 | G17: =SUM(G18:G21) -> 0 | H17: =SUM(H18:H21) -> 0 | I17: =SUM(I18:I21) -> 0 | J17: =SUM(J18:J21) -> 0 | ... Z17: =SUM(Z18:Z21) -> 0
A18: Gas works gas | B18: C0360 | C18: =INTAVI_PA_IN!C18+INTAVI_PA_EX!C18+INTAVI_FR_IN!C18+INTAVI_FR_EX!C18 -> 0 | D18: =INTAVI_PA_IN!D18+INTAVI_PA_EX!D18+INTAVI_FR_IN!D18+INTAVI_FR_EX!D18 -> 0 | E18: =INTAVI_PA_IN!E18+INTAVI_PA_EX!E18+INTAVI_FR_IN!E18+INTAVI_FR_EX!E18 -> 0 | F18: =INTAVI_PA_IN!F18+INTAVI_PA_EX!F18+INTAVI_FR_IN!F18+INTAVI_FR_EX!F18 -> 0 | G18: =INTAVI_PA_IN!G18+INTAVI_PA_EX!G18+INTAVI_FR_IN!G18+INTAVI_FR_EX!G18 -> 0 | H18: =INTAVI_PA_IN!H18+INTAVI_PA_EX!H18+INTAVI_FR_IN!H18+INTAVI_FR_EX!H18 -> 0 | I18: =INTAVI_PA_IN!I18+INTAVI_PA_EX!I18+INTAVI_FR_IN!I18+INTAVI_FR_EX!I18 -> 0 | J18: =INTAVI_PA_IN!J18+INTAVI_PA_EX!J18+INTAVI_FR_IN!J18+INTAVI_FR_EX!J18 -> 0 | ... Z18: =INTAVI_PA_IN!Z18+INTAVI_PA_EX!Z18+INTAVI_FR_IN!Z18+INTAVI_FR_EX!Z18 -> 0
A19: Coke oven gas | B19: C0350 | C19: =INTAVI_PA_IN!C19+INTAVI_PA_EX!C19+INTAVI_FR_IN!C19+INTAVI_FR_EX!C19 -> 0 | D19: =INTAVI_PA_IN!D19+INTAVI_PA_EX!D19+INTAVI_FR_IN!D19+INTAVI_FR_EX!D19 -> 0 | E19: =INTAVI_PA_IN!E19+INTAVI_PA_EX!E19+INTAVI_FR_IN!E19+INTAVI_FR_EX!E19 -> 0 | F19: =INTAVI_PA_IN!F19+INTAVI_PA_EX!F19+INTAVI_FR_IN!F19+INTAVI_FR_EX!F19 -> 0 | G19: =INTAVI_PA_IN!G19+INTAVI_PA_EX!G19+INTAVI_FR_IN!G19+INTAVI_FR_EX!G19 -> 0 | H19: =INTAVI_PA_IN!H19+INTAVI_PA_EX!H19+INTAVI_FR_IN!H19+INTAVI_FR_EX!H19 -> 0 | I19: =INTAVI_PA_IN!I19+INTAVI_PA_EX!I19+INTAVI_FR_IN!I19+INTAVI_FR_EX!I19 -> 0 | J19: =INTAVI_PA_IN!J19+INTAVI_PA_EX!J19+INTAVI_FR_IN!J19+INTAVI_FR_EX!J19 -> 0 | ... Z19: =INTAVI_PA_IN!Z19+INTAVI_PA_EX!Z19+INTAVI_FR_IN!Z19+INTAVI_FR_EX!Z19 -> 0
A20: Blast furnace gas | B20: C0371 | C20: =INTAVI_PA_IN!C20+INTAVI_PA_EX!C20+INTAVI_FR_IN!C20+INTAVI_FR_EX!C20 -> 0 | D20: =INTAVI_PA_IN!D20+INTAVI_PA_EX!D20+INTAVI_FR_IN!D20+INTAVI_FR_EX!D20 -> 0 | E20: =INTAVI_PA_IN!E20+INTAVI_PA_EX!E20+INTAVI_FR_IN!E20+INTAVI_FR_EX!E20 -> 0 | F20: =INTAVI_PA_IN!F20+INTAVI_PA_EX!F20+INTAVI_FR_IN!F20+INTAVI_FR_EX!F20 -> 0 | G20: =INTAVI_PA_IN!G20+INTAVI_PA_EX!G20+INTAVI_FR_IN!G20+INTAVI_FR_EX!G20 -> 0 | H20: =INTAVI_PA_IN!H20+INTAVI_PA_EX!H20+INTAVI_FR_IN!H20+INTAVI_FR_EX!H20 -> 0 | I20: =INTAVI_PA_IN!I20+INTAVI_PA_EX!I20+INTAVI_FR_IN!I20+INTAVI_FR_EX!I20 -> 0 | J20: =INTAVI_PA_IN!J20+INTAVI_PA_EX!J20+INTAVI_FR_IN!J20+INTAVI_FR_EX!J20 -> 0 | ... Z20: =INTAVI_PA_IN!Z20+INTAVI_PA_EX!Z20+INTAVI_FR_IN!Z20+INTAVI_FR_EX!Z20 -> 0
A21: Other recovered gases | B21: C0379 | C21: =INTAVI_PA_IN!C21+INTAVI_PA_EX!C21+INTAVI_FR_IN!C21+INTAVI_FR_EX!C21 -> 0 | D21: =INTAVI_PA_IN!D21+INTAVI_PA_EX!D21+INTAVI_FR_IN!D21+INTAVI_FR_EX!D21 -> 0 | E21: =INTAVI_PA_IN!E21+INTAVI_PA_EX!E21+INTAVI_FR_IN!E21+INTAVI_FR_EX!E21 -> 0 | F21: =INTAVI_PA_IN!F21+INTAVI_PA_EX!F21+INTAVI_FR_IN!F21+INTAVI_FR_EX!F21 -> 0 | G21: =INTAVI_PA_IN!G21+INTAVI_PA_EX!G21+INTAVI_FR_IN!G21+INTAVI_FR_EX!G21 -> 0 | H21: =INTAVI_PA_IN!H21+INTAVI_PA_EX!H21+INTAVI_FR_IN!H21+INTAVI_FR_EX!H21 -> 0 | I21: =INTAVI_PA_IN!I21+INTAVI_PA_EX!I21+INTAVI_FR_IN!I21+INTAVI_FR_EX!I21 -> 0 | J21: =INTAVI_PA_IN!J21+INTAVI_PA_EX!J21+INTAVI_FR_IN!J21+INTAVI_FR_EX!J21 -> 0 | ... Z21: =INTAVI_PA_IN!Z21+INTAVI_PA_EX!Z21+INTAVI_FR_IN!Z21+INTAVI_FR_EX!Z21 -> 0
A22: Peat and peat products | B22: P1000 | C22: =SUM(C23:C24) -> 0 | D22: =SUM(D23:D24) -> 0 | E22: =SUM(E23:E24) -> 0 | F22: =SUM(F23:F24) -> 0 | G22: =SUM(G23:G24) -> 0 | H22: =SUM(H23:H24) -> 0 | I22: =SUM(I23:I24) -> 0 | J22: =SUM(J23:J24) -> 0 | ... Z22: =SUM(Z23:Z24) -> 0
A23: Peat | B23: P1100 | C23: =INTAVI_PA_IN!C23+INTAVI_PA_EX!C23+INTAVI_FR_IN!C23+INTAVI_FR_EX!C23 -> 0 | D23: =INTAVI_PA_IN!D23+INTAVI_PA_EX!D23+INTAVI_FR_IN!D23+INTAVI_FR_EX!D23 -> 0 | E23: =INTAVI_PA_IN!E23+INTAVI_PA_EX!E23+INTAVI_FR_IN!E23+INTAVI_FR_EX!E23 -> 0 | F23: =INTAVI_PA_IN!F23+INTAVI_PA_EX!F23+INTAVI_FR_IN!F23+INTAVI_FR_EX!F23 -> 0 | G23: =INTAVI_PA_IN!G23+INTAVI_PA_EX!G23+INTAVI_FR_IN!G23+INTAVI_FR_EX!G23 -> 0 | H23: =INTAVI_PA_IN!H23+INTAVI_PA_EX!H23+INTAVI_FR_IN!H23+INTAVI_FR_EX!H23 -> 0 | I23: =INTAVI_PA_IN!I23+INTAVI_PA_EX!I23+INTAVI_FR_IN!I23+INTAVI_FR_EX!I23 -> 0 | J23: =INTAVI_PA_IN!J23+INTAVI_PA_EX!J23+INTAVI_FR_IN!J23+INTAVI_FR_EX!J23 -> 0 | ... Z23: =INTAVI_PA_IN!Z23+INTAVI_PA_EX!Z23+INTAVI_FR_IN!Z23+INTAVI_FR_EX!Z23 -> 0
A24: Peat products | B24: P1200 | C24: =INTAVI_PA_IN!C24+INTAVI_PA_EX!C24+INTAVI_FR_IN!C24+INTAVI_FR_EX!C24 -> 0 | D24: =INTAVI_PA_IN!D24+INTAVI_PA_EX!D24+INTAVI_FR_IN!D24+INTAVI_FR_EX!D24 -> 0 | E24: =INTAVI_PA_IN!E24+INTAVI_PA_EX!E24+INTAVI_FR_IN!E24+INTAVI_FR_EX!E24 -> 0 | F24: =INTAVI_PA_IN!F24+INTAVI_PA_EX!F24+INTAVI_FR_IN!F24+INTAVI_FR_EX!F24 -> 0 | G24: =INTAVI_PA_IN!G24+INTAVI_PA_EX!G24+INTAVI_FR_IN!G24+INTAVI_FR_EX!G24 -> 0 | H24: =INTAVI_PA_IN!H24+INTAVI_PA_EX!H24+INTAVI_FR_IN!H24+INTAVI_FR_EX!H24 -> 0 | I24: =INTAVI_PA_IN!I24+INTAVI_PA_EX!I24+INTAVI_FR_IN!I24+INTAVI_FR_EX!I24 -> 0 | J24: =INTAVI_PA_IN!J24+INTAVI_PA_EX!J24+INTAVI_FR_IN!J24+INTAVI_FR_EX!J24 -> 0 | ... Z24: =INTAVI_PA_IN!Z24+INTAVI_PA_EX!Z24+INTAVI_FR_IN!Z24+INTAVI_FR_EX!Z24 -> 0
A25: Oil shale and oil sands | B25: S2000 | C25: =INTAVI_PA_IN!C25+INTAVI_PA_EX!C25+INTAVI_FR_IN!C25+INTAVI_FR_EX!C25 -> 0 | D25: =INTAVI_PA_IN!D25+INTAVI_PA_EX!D25+INTAVI_FR_IN!D25+INTAVI_FR_EX!D25 -> 0 | E25: =INTAVI_PA_IN!E25+INTAVI_PA_EX!E25+INTAVI_FR_IN!E25+INTAVI_FR_EX!E25 -> 0 | F25: =INTAVI_PA_IN!F25+INTAVI_PA_EX!F25+INTAVI_FR_IN!F25+INTAVI_FR_EX!F25 -> 0 | G25: =INTAVI_PA_IN!G25+INTAVI_PA_EX!G25+INTAVI_FR_IN!G25+INTAVI_FR_EX!G25 -> 0 | H25: =INTAVI_PA_IN!H25+INTAVI_PA_EX!H25+INTAVI_FR_IN!H25+INTAVI_FR_EX!H25 -> 0 | I25: =INTAVI_PA_IN!I25+INTAVI_PA_EX!I25+INTAVI_FR_IN!I25+INTAVI_FR_EX!I25 -> 0 | J25: =INTAVI_PA_IN!J25+INTAVI_PA_EX!J25+INTAVI_FR_IN!J25+INTAVI_FR_EX!J25 -> 0 | ... Z25: =INTAVI_PA_IN!Z25+INTAVI_PA_EX!Z25+INTAVI_FR_IN!Z25+INTAVI_FR_EX!Z25 -> 0
A26: Oil and petroleum products | B26: O4000XBIO | C26: =SUM(C27,C33) -> 86018.368 | D26: =SUM(D27,D33) -> 84030.351 | E26: =SUM(E27,E33) -> 82576.137 | F26: =SUM(F27,F33) -> 84156.863 | G26: =SUM(G27,G33) -> 90121.752 | H26: =SUM(H27,H33) -> 93765.213 | I26: =SUM(I27,I33) -> 98548.682 | J26: =SUM(J27,J33) -> 102820.45 | ... Z26: =SUM(Z27,Z33) -> 115178.69
A27: Crude oil, NGL, refinery feedstocks, additives and oxygenates and other hydrocarbons (excluding biofuel portion) | B27: O4100_TOT_4200-4500XBIO | C27: =SUM(C28:C32) -> 0 | D27: =SUM(D28:D32) -> 0 | E27: =SUM(E28:E32) -> 0 | F27: =SUM(F28:F32) -> 0 | G27: =SUM(G28:G32) -> 0 | H27: =SUM(H28:H32) -> 0 | I27: =SUM(I28:I32) -> 0 | J27: =SUM(J28:J32) -> 0 | ... Z27: =SUM(Z28:Z32) -> 0
A28: Crude oil | B28: O4100_TOT | C28: =INTAVI_PA_IN!C28+INTAVI_PA_EX!C28+INTAVI_FR_IN!C28+INTAVI_FR_EX!C28 -> 0 | D28: =INTAVI_PA_IN!D28+INTAVI_PA_EX!D28+INTAVI_FR_IN!D28+INTAVI_FR_EX!D28 -> 0 | E28: =INTAVI_PA_IN!E28+INTAVI_PA_EX!E28+INTAVI_FR_IN!E28+INTAVI_FR_EX!E28 -> 0 | F28: =INTAVI_PA_IN!F28+INTAVI_PA_EX!F28+INTAVI_FR_IN!F28+INTAVI_FR_EX!F28 -> 0 | G28: =INTAVI_PA_IN!G28+INTAVI_PA_EX!G28+INTAVI_FR_IN!G28+INTAVI_FR_EX!G28 -> 0 | H28: =INTAVI_PA_IN!H28+INTAVI_PA_EX!H28+INTAVI_FR_IN!H28+INTAVI_FR_EX!H28 -> 0 | I28: =INTAVI_PA_IN!I28+INTAVI_PA_EX!I28+INTAVI_FR_IN!I28+INTAVI_FR_EX!I28 -> 0 | J28: =INTAVI_PA_IN!J28+INTAVI_PA_EX!J28+INTAVI_FR_IN!J28+INTAVI_FR_EX!J28 -> 0 | ... Z28: =INTAVI_PA_IN!Z28+INTAVI_PA_EX!Z28+INTAVI_FR_IN!Z28+INTAVI_FR_EX!Z28 -> 0
A29: Natural gas liquids | B29: O4200 | C29: =INTAVI_PA_IN!C29+INTAVI_PA_EX!C29+INTAVI_FR_IN!C29+INTAVI_FR_EX!C29 -> 0 | D29: =INTAVI_PA_IN!D29+INTAVI_PA_EX!D29+INTAVI_FR_IN!D29+INTAVI_FR_EX!D29 -> 0 | E29: =INTAVI_PA_IN!E29+INTAVI_PA_EX!E29+INTAVI_FR_IN!E29+INTAVI_FR_EX!E29 -> 0 | F29: =INTAVI_PA_IN!F29+INTAVI_PA_EX!F29+INTAVI_FR_IN!F29+INTAVI_FR_EX!F29 -> 0 | G29: =INTAVI_PA_IN!G29+INTAVI_PA_EX!G29+INTAVI_FR_IN!G29+INTAVI_FR_EX!G29 -> 0 | H29: =INTAVI_PA_IN!H29+INTAVI_PA_EX!H29+INTAVI_FR_IN!H29+INTAVI_FR_EX!H29 -> 0 | I29: =INTAVI_PA_IN!I29+INTAVI_PA_EX!I29+INTAVI_FR_IN!I29+INTAVI_FR_EX!I29 -> 0 | J29: =INTAVI_PA_IN!J29+INTAVI_PA_EX!J29+INTAVI_FR_IN!J29+INTAVI_FR_EX!J29 -> 0 | ... Z29: =INTAVI_PA_IN!Z29+INTAVI_PA_EX!Z29+INTAVI_FR_IN!Z29+INTAVI_FR_EX!Z29 -> 0
A30: Refinery feedstocks | B30: O4300 | C30: =INTAVI_PA_IN!C30+INTAVI_PA_EX!C30+INTAVI_FR_IN!C30+INTAVI_FR_EX!C30 -> 0 | D30: =INTAVI_PA_IN!D30+INTAVI_PA_EX!D30+INTAVI_FR_IN!D30+INTAVI_FR_EX!D30 -> 0 | E30: =INTAVI_PA_IN!E30+INTAVI_PA_EX!E30+INTAVI_FR_IN!E30+INTAVI_FR_EX!E30 -> 0 | F30: =INTAVI_PA_IN!F30+INTAVI_PA_EX!F30+INTAVI_FR_IN!F30+INTAVI_FR_EX!F30 -> 0 | G30: =INTAVI_PA_IN!G30+INTAVI_PA_EX!G30+INTAVI_FR_IN!G30+INTAVI_FR_EX!G30 -> 0 | H30: =INTAVI_PA_IN!H30+INTAVI_PA_EX!H30+INTAVI_FR_IN!H30+INTAVI_FR_EX!H30 -> 0 | I30: =INTAVI_PA_IN!I30+INTAVI_PA_EX!I30+INTAVI_FR_IN!I30+INTAVI_FR_EX!I30 -> 0 | J30: =INTAVI_PA_IN!J30+INTAVI_PA_EX!J30+INTAVI_FR_IN!J30+INTAVI_FR_EX!J30 -> 0 | ... Z30: =INTAVI_PA_IN!Z30+INTAVI_PA_EX!Z30+INTAVI_FR_IN!Z30+INTAVI_FR_EX!Z30 -> 0
A31: Additives and oxygenates (excluding biofuel portion) | B31: O4400X4410 | C31: =INTAVI_PA_IN!C31+INTAVI_PA_EX!C31+INTAVI_FR_IN!C31+INTAVI_FR_EX!C31 -> 0 | D31: =INTAVI_PA_IN!D31+INTAVI_PA_EX!D31+INTAVI_FR_IN!D31+INTAVI_FR_EX!D31 -> 0 | E31: =INTAVI_PA_IN!E31+INTAVI_PA_EX!E31+INTAVI_FR_IN!E31+INTAVI_FR_EX!E31 -> 0 | F31: =INTAVI_PA_IN!F31+INTAVI_PA_EX!F31+INTAVI_FR_IN!F31+INTAVI_FR_EX!F31 -> 0 | G31: =INTAVI_PA_IN!G31+INTAVI_PA_EX!G31+INTAVI_FR_IN!G31+INTAVI_FR_EX!G31 -> 0 | H31: =INTAVI_PA_IN!H31+INTAVI_PA_EX!H31+INTAVI_FR_IN!H31+INTAVI_FR_EX!H31 -> 0 | I31: =INTAVI_PA_IN!I31+INTAVI_PA_EX!I31+INTAVI_FR_IN!I31+INTAVI_FR_EX!I31 -> 0 | J31: =INTAVI_PA_IN!J31+INTAVI_PA_EX!J31+INTAVI_FR_IN!J31+INTAVI_FR_EX!J31 -> 0 | ... Z31: =INTAVI_PA_IN!Z31+INTAVI_PA_EX!Z31+INTAVI_FR_IN!Z31+INTAVI_FR_EX!Z31 -> 0
A32: Other hydrocarbons | B32: O4500 | C32: =INTAVI_PA_IN!C32+INTAVI_PA_EX!C32+INTAVI_FR_IN!C32+INTAVI_FR_EX!C32 -> 0 | D32: =INTAVI_PA_IN!D32+INTAVI_PA_EX!D32+INTAVI_FR_IN!D32+INTAVI_FR_EX!D32 -> 0 | E32: =INTAVI_PA_IN!E32+INTAVI_PA_EX!E32+INTAVI_FR_IN!E32+INTAVI_FR_EX!E32 -> 0 | F32: =INTAVI_PA_IN!F32+INTAVI_PA_EX!F32+INTAVI_FR_IN!F32+INTAVI_FR_EX!F32 -> 0 | G32: =INTAVI_PA_IN!G32+INTAVI_PA_EX!G32+INTAVI_FR_IN!G32+INTAVI_FR_EX!G32 -> 0 | H32: =INTAVI_PA_IN!H32+INTAVI_PA_EX!H32+INTAVI_FR_IN!H32+INTAVI_FR_EX!H32 -> 0 | I32: =INTAVI_PA_IN!I32+INTAVI_PA_EX!I32+INTAVI_FR_IN!I32+INTAVI_FR_EX!I32 -> 0 | J32: =INTAVI_PA_IN!J32+INTAVI_PA_EX!J32+INTAVI_FR_IN!J32+INTAVI_FR_EX!J32 -> 0 | ... Z32: =INTAVI_PA_IN!Z32+INTAVI_PA_EX!Z32+INTAVI_FR_IN!Z32+INTAVI_FR_EX!Z32 -> 0
A33: Oil products (excluding biofuel portion) | B33: O4600XBIO | C33: =SUM(C34:C50) -> 86018.368 | D33: =SUM(D34:D50) -> 84030.351 | E33: =SUM(E34:E50) -> 82576.137 | F33: =SUM(F34:F50) -> 84156.863 | G33: =SUM(G34:G50) -> 90121.752 | H33: =SUM(H34:H50) -> 93765.213 | I33: =SUM(I34:I50) -> 98548.682 | J33: =SUM(J34:J50) -> 102820.45 | ... Z33: =SUM(Z34:Z50) -> 115178.69
A34: Refinery gas | B34: O4610 | C34: =INTAVI_PA_IN!C34+INTAVI_PA_EX!C34+INTAVI_FR_IN!C34+INTAVI_FR_EX!C34 -> 0 | D34: =INTAVI_PA_IN!D34+INTAVI_PA_EX!D34+INTAVI_FR_IN!D34+INTAVI_FR_EX!D34 -> 0 | E34: =INTAVI_PA_IN!E34+INTAVI_PA_EX!E34+INTAVI_FR_IN!E34+INTAVI_FR_EX!E34 -> 0 | F34: =INTAVI_PA_IN!F34+INTAVI_PA_EX!F34+INTAVI_FR_IN!F34+INTAVI_FR_EX!F34 -> 0 | G34: =INTAVI_PA_IN!G34+INTAVI_PA_EX!G34+INTAVI_FR_IN!G34+INTAVI_FR_EX!G34 -> 0 | H34: =INTAVI_PA_IN!H34+INTAVI_PA_EX!H34+INTAVI_FR_IN!H34+INTAVI_FR_EX!H34 -> 0 | I34: =INTAVI_PA_IN!I34+INTAVI_PA_EX!I34+INTAVI_FR_IN!I34+INTAVI_FR_EX!I34 -> 0 | J34: =INTAVI_PA_IN!J34+INTAVI_PA_EX!J34+INTAVI_FR_IN!J34+INTAVI_FR_EX!J34 -> 0 | ... Z34: =INTAVI_PA_IN!Z34+INTAVI_PA_EX!Z34+INTAVI_FR_IN!Z34+INTAVI_FR_EX!Z34 -> 0
A35: Ethane | B35: O4620 | C35: =INTAVI_PA_IN!C35+INTAVI_PA_EX!C35+INTAVI_FR_IN!C35+INTAVI_FR_EX!C35 -> 0 | D35: =INTAVI_PA_IN!D35+INTAVI_PA_EX!D35+INTAVI_FR_IN!D35+INTAVI_FR_EX!D35 -> 0 | E35: =INTAVI_PA_IN!E35+INTAVI_PA_EX!E35+INTAVI_FR_IN!E35+INTAVI_FR_EX!E35 -> 0 | F35: =INTAVI_PA_IN!F35+INTAVI_PA_EX!F35+INTAVI_FR_IN!F35+INTAVI_FR_EX!F35 -> 0 | G35: =INTAVI_PA_IN!G35+INTAVI_PA_EX!G35+INTAVI_FR_IN!G35+INTAVI_FR_EX!G35 -> 0 | H35: =INTAVI_PA_IN!H35+INTAVI_PA_EX!H35+INTAVI_FR_IN!H35+INTAVI_FR_EX!H35 -> 0 | I35: =INTAVI_PA_IN!I35+INTAVI_PA_EX!I35+INTAVI_FR_IN!I35+INTAVI_FR_EX!I35 -> 0 | J35: =INTAVI_PA_IN!J35+INTAVI_PA_EX!J35+INTAVI_FR_IN!J35+INTAVI_FR_EX!J35 -> 0 | ... Z35: =INTAVI_PA_IN!Z35+INTAVI_PA_EX!Z35+INTAVI_FR_IN!Z35+INTAVI_FR_EX!Z35 -> 0
A36: Liquefied petroleum gases | B36: O4630 | C36: =INTAVI_PA_IN!C36+INTAVI_PA_EX!C36+INTAVI_FR_IN!C36+INTAVI_FR_EX!C36 -> 0 | D36: =INTAVI_PA_IN!D36+INTAVI_PA_EX!D36+INTAVI_FR_IN!D36+INTAVI_FR_EX!D36 -> 0 | E36: =INTAVI_PA_IN!E36+INTAVI_PA_EX!E36+INTAVI_FR_IN!E36+INTAVI_FR_EX!E36 -> 0 | F36: =INTAVI_PA_IN!F36+INTAVI_PA_EX!F36+INTAVI_FR_IN!F36+INTAVI_FR_EX!F36 -> 0 | G36: =INTAVI_PA_IN!G36+INTAVI_PA_EX!G36+INTAVI_FR_IN!G36+INTAVI_FR_EX!G36 -> 0 | H36: =INTAVI_PA_IN!H36+INTAVI_PA_EX!H36+INTAVI_FR_IN!H36+INTAVI_FR_EX!H36 -> 0 | I36: =INTAVI_PA_IN!I36+INTAVI_PA_EX!I36+INTAVI_FR_IN!I36+INTAVI_FR_EX!I36 -> 0 | J36: =INTAVI_PA_IN!J36+INTAVI_PA_EX!J36+INTAVI_FR_IN!J36+INTAVI_FR_EX!J36 -> 0 | ... Z36: =INTAVI_PA_IN!Z36+INTAVI_PA_EX!Z36+INTAVI_FR_IN!Z36+INTAVI_FR_EX!Z36 -> 0
A37: Motor gasoline (excluding biofuel portion) | B37: O4652XR5210B | C37: =INTAVI_PA_IN!C37+INTAVI_PA_EX!C37+INTAVI_FR_IN!C37+INTAVI_FR_EX!C37 -> 0 | D37: =INTAVI_PA_IN!D37+INTAVI_PA_EX!D37+INTAVI_FR_IN!D37+INTAVI_FR_EX!D37 -> 0 | E37: =INTAVI_PA_IN!E37+INTAVI_PA_EX!E37+INTAVI_FR_IN!E37+INTAVI_FR_EX!E37 -> 0 | F37: =INTAVI_PA_IN!F37+INTAVI_PA_EX!F37+INTAVI_FR_IN!F37+INTAVI_FR_EX!F37 -> 0 | G37: =INTAVI_PA_IN!G37+INTAVI_PA_EX!G37+INTAVI_FR_IN!G37+INTAVI_FR_EX!G37 -> 0 | H37: =INTAVI_PA_IN!H37+INTAVI_PA_EX!H37+INTAVI_FR_IN!H37+INTAVI_FR_EX!H37 -> 0 | I37: =INTAVI_PA_IN!I37+INTAVI_PA_EX!I37+INTAVI_FR_IN!I37+INTAVI_FR_EX!I37 -> 0 | J37: =INTAVI_PA_IN!J37+INTAVI_PA_EX!J37+INTAVI_FR_IN!J37+INTAVI_FR_EX!J37 -> 0 | ... Z37: =INTAVI_PA_IN!Z37+INTAVI_PA_EX!Z37+INTAVI_FR_IN!Z37+INTAVI_FR_EX!Z37 -> 0
A38: Aviation gasoline | B38: O4651 | C38: =INTAVI_PA_IN!C38+INTAVI_PA_EX!C38+INTAVI_FR_IN!C38+INTAVI_FR_EX!C38 -> 27.79686 | D38: =INTAVI_PA_IN!D38+INTAVI_PA_EX!D38+INTAVI_FR_IN!D38+INTAVI_FR_EX!D38 -> 12.383028 | E38: =INTAVI_PA_IN!E38+INTAVI_PA_EX!E38+INTAVI_FR_IN!E38+INTAVI_FR_EX!E38 -> 18.816084 | F38: =INTAVI_PA_IN!F38+INTAVI_PA_EX!F38+INTAVI_FR_IN!F38+INTAVI_FR_EX!F38 -> 6.509916 | G38: =INTAVI_PA_IN!G38+INTAVI_PA_EX!G38+INTAVI_FR_IN!G38+INTAVI_FR_EX!G38 -> 12.208392 | H38: =INTAVI_PA_IN!H38+INTAVI_PA_EX!H38+INTAVI_FR_IN!H38+INTAVI_FR_EX!H38 -> 18.57114 | I38: =INTAVI_PA_IN!I38+INTAVI_PA_EX!I38+INTAVI_FR_IN!I38+INTAVI_FR_EX!I38 -> 9.303084 | J38: =INTAVI_PA_IN!J38+INTAVI_PA_EX!J38+INTAVI_FR_IN!J38+INTAVI_FR_EX!J38 -> 3.078432 | ... Z38: =INTAVI_PA_IN!Z38+INTAVI_PA_EX!Z38+INTAVI_FR_IN!Z38+INTAVI_FR_EX!Z38 -> 2.282868
A39: Gasoline-type jet fuel | B39: O4653 | C39: =INTAVI_PA_IN!C39+INTAVI_PA_EX!C39+INTAVI_FR_IN!C39+INTAVI_FR_EX!C39 -> 0 | D39: =INTAVI_PA_IN!D39+INTAVI_PA_EX!D39+INTAVI_FR_IN!D39+INTAVI_FR_EX!D39 -> 62.783195 | E39: =INTAVI_PA_IN!E39+INTAVI_PA_EX!E39+INTAVI_FR_IN!E39+INTAVI_FR_EX!E39 -> 47.087396 | F39: =INTAVI_PA_IN!F39+INTAVI_PA_EX!F39+INTAVI_FR_IN!F39+INTAVI_FR_EX!F39 -> 31.391598 | G39: =INTAVI_PA_IN!G39+INTAVI_PA_EX!G39+INTAVI_FR_IN!G39+INTAVI_FR_EX!G39 -> 69.061359 | H39: =INTAVI_PA_IN!H39+INTAVI_PA_EX!H39+INTAVI_FR_IN!H39+INTAVI_FR_EX!H39 -> 0 | I39: =INTAVI_PA_IN!I39+INTAVI_PA_EX!I39+INTAVI_FR_IN!I39+INTAVI_FR_EX!I39 -> 0 | J39: =INTAVI_PA_IN!J39+INTAVI_PA_EX!J39+INTAVI_FR_IN!J39+INTAVI_FR_EX!J39 -> 0 | ... Z39: =INTAVI_PA_IN!Z39+INTAVI_PA_EX!Z39+INTAVI_FR_IN!Z39+INTAVI_FR_EX!Z39 -> 0
A40: Kerosene-type jet fuel (excluding biofuel portion) | B40: O4661XR5230B | C40: =INTAVI_PA_IN!C40+INTAVI_PA_EX!C40+INTAVI_FR_IN!C40+INTAVI_FR_EX!C40 -> 85990.571 | D40: =INTAVI_PA_IN!D40+INTAVI_PA_EX!D40+INTAVI_FR_IN!D40+INTAVI_FR_EX!D40 -> 83955.185 | E40: =INTAVI_PA_IN!E40+INTAVI_PA_EX!E40+INTAVI_FR_IN!E40+INTAVI_FR_EX!E40 -> 82510.234 | F40: =INTAVI_PA_IN!F40+INTAVI_PA_EX!F40+INTAVI_FR_IN!F40+INTAVI_FR_EX!F40 -> 84118.961 | G40: =INTAVI_PA_IN!G40+INTAVI_PA_EX!G40+INTAVI_FR_IN!G40+INTAVI_FR_EX!G40 -> 90040.483 | H40: =INTAVI_PA_IN!H40+INTAVI_PA_EX!H40+INTAVI_FR_IN!H40+INTAVI_FR_EX!H40 -> 93746.642 | I40: =INTAVI_PA_IN!I40+INTAVI_PA_EX!I40+INTAVI_FR_IN!I40+INTAVI_FR_EX!I40 -> 98539.379 | J40: =INTAVI_PA_IN!J40+INTAVI_PA_EX!J40+INTAVI_FR_IN!J40+INTAVI_FR_EX!J40 -> 102817.37 | ... Z40: =INTAVI_PA_IN!Z40+INTAVI_PA_EX!Z40+INTAVI_FR_IN!Z40+INTAVI_FR_EX!Z40 -> 115176.4
A41: Other kerosene | B41: O4669 | C41: =INTAVI_PA_IN!C41+INTAVI_PA_EX!C41+INTAVI_FR_IN!C41+INTAVI_FR_EX!C41 -> 0 | D41: =INTAVI_PA_IN!D41+INTAVI_PA_EX!D41+INTAVI_FR_IN!D41+INTAVI_FR_EX!D41 -> 0 | E41: =INTAVI_PA_IN!E41+INTAVI_PA_EX!E41+INTAVI_FR_IN!E41+INTAVI_FR_EX!E41 -> 0 | F41: =INTAVI_PA_IN!F41+INTAVI_PA_EX!F41+INTAVI_FR_IN!F41+INTAVI_FR_EX!F41 -> 0 | G41: =INTAVI_PA_IN!G41+INTAVI_PA_EX!G41+INTAVI_FR_IN!G41+INTAVI_FR_EX!G41 -> 0 | H41: =INTAVI_PA_IN!H41+INTAVI_PA_EX!H41+INTAVI_FR_IN!H41+INTAVI_FR_EX!H41 -> 0 | I41: =INTAVI_PA_IN!I41+INTAVI_PA_EX!I41+INTAVI_FR_IN!I41+INTAVI_FR_EX!I41 -> 0 | J41: =INTAVI_PA_IN!J41+INTAVI_PA_EX!J41+INTAVI_FR_IN!J41+INTAVI_FR_EX!J41 -> 0 | ... Z41: =INTAVI_PA_IN!Z41+INTAVI_PA_EX!Z41+INTAVI_FR_IN!Z41+INTAVI_FR_EX!Z41 -> 0
A42: Naphtha | B42: O4640 | C42: =INTAVI_PA_IN!C42+INTAVI_PA_EX!C42+INTAVI_FR_IN!C42+INTAVI_FR_EX!C42 -> 0 | D42: =INTAVI_PA_IN!D42+INTAVI_PA_EX!D42+INTAVI_FR_IN!D42+INTAVI_FR_EX!D42 -> 0 | E42: =INTAVI_PA_IN!E42+INTAVI_PA_EX!E42+INTAVI_FR_IN!E42+INTAVI_FR_EX!E42 -> 0 | F42: =INTAVI_PA_IN!F42+INTAVI_PA_EX!F42+INTAVI_FR_IN!F42+INTAVI_FR_EX!F42 -> 0 | G42: =INTAVI_PA_IN!G42+INTAVI_PA_EX!G42+INTAVI_FR_IN!G42+INTAVI_FR_EX!G42 -> 0 | H42: =INTAVI_PA_IN!H42+INTAVI_PA_EX!H42+INTAVI_FR_IN!H42+INTAVI_FR_EX!H42 -> 0 | I42: =INTAVI_PA_IN!I42+INTAVI_PA_EX!I42+INTAVI_FR_IN!I42+INTAVI_FR_EX!I42 -> 0 | J42: =INTAVI_PA_IN!J42+INTAVI_PA_EX!J42+INTAVI_FR_IN!J42+INTAVI_FR_EX!J42 -> 0 | ... Z42: =INTAVI_PA_IN!Z42+INTAVI_PA_EX!Z42+INTAVI_FR_IN!Z42+INTAVI_FR_EX!Z42 -> 0
A43: Gas oil and diesel oil (excluding biofuel portion) | B43: O4671XR5220B | C43: =INTAVI_PA_IN!C43+INTAVI_PA_EX!C43+INTAVI_FR_IN!C43+INTAVI_FR_EX!C43 -> 0 | D43: =INTAVI_PA_IN!D43+INTAVI_PA_EX!D43+INTAVI_FR_IN!D43+INTAVI_FR_EX!D43 -> 0 | E43: =INTAVI_PA_IN!E43+INTAVI_PA_EX!E43+INTAVI_FR_IN!E43+INTAVI_FR_EX!E43 -> 0 | F43: =INTAVI_PA_IN!F43+INTAVI_PA_EX!F43+INTAVI_FR_IN!F43+INTAVI_FR_EX!F43 -> 0 | G43: =INTAVI_PA_IN!G43+INTAVI_PA_EX!G43+INTAVI_FR_IN!G43+INTAVI_FR_EX!G43 -> 0 | H43: =INTAVI_PA_IN!H43+INTAVI_PA_EX!H43+INTAVI_FR_IN!H43+INTAVI_FR_EX!H43 -> 0 | I43: =INTAVI_PA_IN!I43+INTAVI_PA_EX!I43+INTAVI_FR_IN!I43+INTAVI_FR_EX!I43 -> 0 | J43: =INTAVI_PA_IN!J43+INTAVI_PA_EX!J43+INTAVI_FR_IN!J43+INTAVI_FR_EX!J43 -> 0 | ... Z43: =INTAVI_PA_IN!Z43+INTAVI_PA_EX!Z43+INTAVI_FR_IN!Z43+INTAVI_FR_EX!Z43 -> 0
