Workbook

Sheet cover
B6: JRC-IDEES-2023 - Integrated Database of the European Energy System
C15: Aviation - EU split
L28: Prepared by JRC C.6
L30: 45967.481
L31: v2023-1.00
B33: Legal Notice
B35: The information made available is property of the Joint Research Centre of the European Commission.
B36: Neither the European Commission nor any person acting on behalf of the Commission is responsible for the use which might be made of this information.
B38: Use conditions
B39: This work is licensed under
B40: CC BY 4.0

Sheet EU27
A1: EU27 - European Union - 27 countries (from 2020) | B1: 1990 | C1: 1991 | D1: 1992 | E1: 1993 | F1: 1994 | G1: 1995 | H1: 1996 | I1: 1997 | J1: 1998 | K1: 1999 | L1: 2000 | M1: 2001 | N1: 2002 | O1: 2003 | P1: 2004 | Q1: 2005 | R1: 2006 | S1: 2007 | T1: 2008 | U1: 2009 | V1: 2010 | W1: 2011 | X1: 2012 | Y1: 2013 | Z1: 2014 | AA1: 2015 | AB1: 2016 | AC1: 2017 | AD1: 2018 | AE1: 2019 | AF1: 2020 | AG1: 2021 | AH1: 2022 | AI1: 2023
A3: Transport activity
A4: Passenger transport (mio pkm) | B4: =SUM(B5:B7) -> 412211.97 | C4: =SUM(C5:C7) -> 416852.95 | D4: =SUM(D5:D7) -> 449647.09 | E4: =SUM(E5:E7) -> 469623.28 | F4: =SUM(F5:F7) -> 500981.22 | G4: =SUM(G5:G7) -> 538635.46 | H4: =SUM(H5:H7) -> 572555.33 | I4: =SUM(I5:I7) -> 607981.47 | ... AI4: =SUM(AI5:AI7) -> 1402030.1
A5: Domestic | B5: =AT!B5+BE!B5+BG!B5+CY!B5+CZ!B5+DE!B5+DK!B5+EE!B5+EL!B5+ES!B5+FI!B5+FR!B5+HR!B5+HU!B5+IE!B5+IT!B5+LT!B5+LU!B5+LV!B5+MT!B5+NL!B5+PL!B5+PT!B5+RO!B5+SE!B5+SI!B5+SK!B5 -> 56675.975 | C5: =AT!C5+BE!C5+BG!C5+CY!C5+CZ!C5+DE!C5+DK!C5+EE!C5+EL!C5+ES!C5+FI!C5+FR!C5+HR!C5+HU!C5+IE!C5+IT!C5+LT!C5+LU!C5+LV!C5+MT!C5+NL!C5+PL!C5+PT!C5+RO!C5+SE!C5+SI!C5+SK!C5 -> 57158.692 | D5: =AT!D5+BE!D5+BG!D5+CY!D5+CZ!D5+DE!D5+DK!D5+EE!D5+EL!D5+ES!D5+FI!D5+FR!D5+HR!D5+HU!D5+IE!D5+IT!D5+LT!D5+LU!D5+LV!D5+MT!D5+NL!D5+PL!D5+PT!D5+RO!D5+SE!D5+SI!D5+SK!D5 -> 57375.405 | E5: =AT!E5+BE!E5+BG!E5+CY!E5+CZ!E5+DE!E5+DK!E5+EE!E5+EL!E5+ES!E5+FI!E5+FR!E5+HR!E5+HU!E5+IE!E5+IT!E5+LT!E5+LU!E5+LV!E5+MT!E5+NL!E5+PL!E5+PT!E5+RO!E5+SE!E5+SI!E5+SK!E5 -> 57259.071 | F5: =AT!F5+BE!F5+BG!F5+CY!F5+CZ!F5+DE!F5+DK!F5+EE!F5+EL!F5+ES!F5+FI!F5+FR!F5+HR!F5+HU!F5+IE!F5+IT!F5+LT!F5+LU!F5+LV!F5+MT!F5+NL!F5+PL!F5+PT!F5+RO!F5+SE!F5+SI!F5+SK!F5 -> 54902.733 | G5: =AT!G5+BE!G5+BG!G5+CY!G5+CZ!G5+DE!G5+DK!G5+EE!G5+EL!G5+ES!G5+FI!G5+FR!G5+HR!G5+HU!G5+IE!G5+IT!G5+LT!G5+LU!G5+LV!G5+MT!G5+NL!G5+PL!G5+PT!G5+RO!G5+SE!G5+SI!G5+SK!G5 -> 57599.512 | H5: =AT!H5+BE!H5+BG!H5+CY!H5+CZ!H5+DE!H5+DK!H5+EE!H5+EL!H5+ES!H5+FI!H5+FR!H5+HR!H5+HU!H5+IE!H5+IT!H5+LT!H5+LU!H5+LV!H5+MT!H5+NL!H5+PL!H5+PT!H5+RO!H5+SE!H5+SI!H5+SK!H5 -> 62081.333 | I5: =AT!I5+BE!I5+BG!I5+CY!I5+CZ!I5+DE!I5+DK!I5+EE!I5+EL!I5+ES!I5+FI!I5+FR!I5+HR!I5+HU!I5+IE!I5+IT!I5+LT!I5+LU!I5+LV!I5+MT!I5+NL!I5+PL!I5+PT!I5+RO!I5+SE!I5+SI!I5+SK!I5 -> 65324.417 | ... AI5: =AT!AI5+BE!AI5+BG!AI5+CY!AI5+CZ!AI5+DE!AI5+DK!AI5+EE!AI5+EL!AI5+ES!AI5+FI!AI5+FR!AI5+HR!AI5+HU!AI5+IE!AI5+IT!AI5+LT!AI5+LU!AI5+LV!AI5+MT!AI5+NL!AI5+PL!AI5+PT!AI5+RO!AI5+SE!AI5+SI!AI5+SK!AI5 -> 114163.84
A6: International - Intra-EU27 | B6: =AT!B6+BE!B6+BG!B6+CY!B6+CZ!B6+DE!B6+DK!B6+EE!B6+EL!B6+ES!B6+FI!B6+FR!B6+HR!B6+HU!B6+IE!B6+IT!B6+LT!B6+LU!B6+LV!B6+MT!B6+NL!B6+PL!B6+PT!B6+RO!B6+SE!B6+SI!B6+SK!B6 -> 131107.36 | C6: =AT!C6+BE!C6+BG!C6+CY!C6+CZ!C6+DE!C6+DK!C6+EE!C6+EL!C6+ES!C6+FI!C6+FR!C6+HR!C6+HU!C6+IE!C6+IT!C6+LT!C6+LU!C6+LV!C6+MT!C6+NL!C6+PL!C6+PT!C6+RO!C6+SE!C6+SI!C6+SK!C6 -> 132881.09 | D6: =AT!D6+BE!D6+BG!D6+CY!D6+CZ!D6+DE!D6+DK!D6+EE!D6+EL!D6+ES!D6+FI!D6+FR!D6+HR!D6+HU!D6+IE!D6+IT!D6+LT!D6+LU!D6+LV!D6+MT!D6+NL!D6+PL!D6+PT!D6+RO!D6+SE!D6+SI!D6+SK!D6 -> 144328.97 | E6: =AT!E6+BE!E6+BG!E6+CY!E6+CZ!E6+DE!E6+DK!E6+EE!E6+EL!E6+ES!E6+FI!E6+FR!E6+HR!E6+HU!E6+IE!E6+IT!E6+LT!E6+LU!E6+LV!E6+MT!E6+NL!E6+PL!E6+PT!E6+RO!E6+SE!E6+SI!E6+SK!E6 -> 152776.64 | F6: =AT!F6+BE!F6+BG!F6+CY!F6+CZ!F6+DE!F6+DK!F6+EE!F6+EL!F6+ES!F6+FI!F6+FR!F6+HR!F6+HU!F6+IE!F6+IT!F6+LT!F6+LU!F6+LV!F6+MT!F6+NL!F6+PL!F6+PT!F6+RO!F6+SE!F6+SI!F6+SK!F6 -> 168673.32 | G6: =AT!G6+BE!G6+BG!G6+CY!G6+CZ!G6+DE!G6+DK!G6+EE!G6+EL!G6+ES!G6+FI!G6+FR!G6+HR!G6+HU!G6+IE!G6+IT!G6+LT!G6+LU!G6+LV!G6+MT!G6+NL!G6+PL!G6+PT!G6+RO!G6+SE!G6+SI!G6+SK!G6 -> 179633.09 | H6: =AT!H6+BE!H6+BG!H6+CY!H6+CZ!H6+DE!H6+DK!H6+EE!H6+EL!H6+ES!H6+FI!H6+FR!H6+HR!H6+HU!H6+IE!H6+IT!H6+LT!H6+LU!H6+LV!H6+MT!H6+NL!H6+PL!H6+PT!H6+RO!H6+SE!H6+SI!H6+SK!H6 -> 188864.14 | I6: =AT!I6+BE!I6+BG!I6+CY!I6+CZ!I6+DE!I6+DK!I6+EE!I6+EL!I6+ES!I6+FI!I6+FR!I6+HR!I6+HU!I6+IE!I6+IT!I6+LT!I6+LU!I6+LV!I6+MT!I6+NL!I6+PL!I6+PT!I6+RO!I6+SE!I6+SI!I6+SK!I6 -> 202076.5 | ... AI6: =AT!AI6+BE!AI6+BG!AI6+CY!AI6+CZ!AI6+DE!AI6+DK!AI6+EE!AI6+EL!AI6+ES!AI6+FI!AI6+FR!AI6+HR!AI6+HU!AI6+IE!AI6+IT!AI6+LT!AI6+LU!AI6+LV!AI6+MT!AI6+NL!AI6+PL!AI6+PT!AI6+RO!AI6+SE!AI6+SI!AI6+SK!AI6 -> 467852.04
A7: International - Extra-EU27 | B7: =AT!B7+BE!B7+BG!B7+CY!B7+CZ!B7+DE!B7+DK!B7+EE!B7+EL!B7+ES!B7+FI!B7+FR!B7+HR!B7+HU!B7+IE!B7+IT!B7+LT!B7+LU!B7+LV!B7+MT!B7+NL!B7+PL!B7+PT!B7+RO!B7+SE!B7+SI!B7+SK!B7 -> 224428.64 | C7: =AT!C7+BE!C7+BG!C7+CY!C7+CZ!C7+DE!C7+DK!C7+EE!C7+EL!C7+ES!C7+FI!C7+FR!C7+HR!C7+HU!C7+IE!C7+IT!C7+LT!C7+LU!C7+LV!C7+MT!C7+NL!C7+PL!C7+PT!C7+RO!C7+SE!C7+SI!C7+SK!C7 -> 226813.17 | D7: =AT!D7+BE!D7+BG!D7+CY!D7+CZ!D7+DE!D7+DK!D7+EE!D7+EL!D7+ES!D7+FI!D7+FR!D7+HR!D7+HU!D7+IE!D7+IT!D7+LT!D7+LU!D7+LV!D7+MT!D7+NL!D7+PL!D7+PT!D7+RO!D7+SE!D7+SI!D7+SK!D7 -> 247942.72 | E7: =AT!E7+BE!E7+BG!E7+CY!E7+CZ!E7+DE!E7+DK!E7+EE!E7+EL!E7+ES!E7+FI!E7+FR!E7+HR!E7+HU!E7+IE!E7+IT!E7+LT!E7+LU!E7+LV!E7+MT!E7+NL!E7+PL!E7+PT!E7+RO!E7+SE!E7+SI!E7+SK!E7 -> 259587.57 | F7: =AT!F7+BE!F7+BG!F7+CY!F7+CZ!F7+DE!F7+DK!F7+EE!F7+EL!F7+ES!F7+FI!F7+FR!F7+HR!F7+HU!F7+IE!F7+IT!F7+LT!F7+LU!F7+LV!F7+MT!F7+NL!F7+PL!F7+PT!F7+RO!F7+SE!F7+SI!F7+SK!F7 -> 277405.17 | G7: =AT!G7+BE!G7+BG!G7+CY!G7+CZ!G7+DE!G7+DK!G7+EE!G7+EL!G7+ES!G7+FI!G7+FR!G7+HR!G7+HU!G7+IE!G7+IT!G7+LT!G7+LU!G7+LV!G7+MT!G7+NL!G7+PL!G7+PT!G7+RO!G7+SE!G7+SI!G7+SK!G7 -> 301402.85 | H7: =AT!H7+BE!H7+BG!H7+CY!H7+CZ!H7+DE!H7+DK!H7+EE!H7+EL!H7+ES!H7+FI!H7+FR!H7+HR!H7+HU!H7+IE!H7+IT!H7+LT!H7+LU!H7+LV!H7+MT!H7+NL!H7+PL!H7+PT!H7+RO!H7+SE!H7+SI!H7+SK!H7 -> 321609.86 | I7: =AT!I7+BE!I7+BG!I7+CY!I7+CZ!I7+DE!I7+DK!I7+EE!I7+EL!I7+ES!I7+FI!I7+FR!I7+HR!I7+HU!I7+IE!I7+IT!I7+LT!I7+LU!I7+LV!I7+MT!I7+NL!I7+PL!I7+PT!I7+RO!I7+SE!I7+SI!I7+SK!I7 -> 340580.56 | ... AI7: =AT!AI7+BE!AI7+BG!AI7+CY!AI7+CZ!AI7+DE!AI7+DK!AI7+EE!AI7+EL!AI7+ES!AI7+FI!AI7+FR!AI7+HR!AI7+HU!AI7+IE!AI7+IT!AI7+LT!AI7+LU!AI7+LV!AI7+MT!AI7+NL!AI7+PL!AI7+PT!AI7+RO!AI7+SE!AI7+SI!AI7+SK!AI7 -> 820014.18
A8: Freight transport (mio tkm) | B8: =SUM(B9:B11) -> 13732.097 | C8: =SUM(C9:C11) -> 13594.5 | D8: =SUM(D9:D11) -> 14782.206 | E8: =SUM(E9:E11) -> 15400.717 | F8: =SUM(F9:F11) -> 16943.6 | G8: =SUM(G9:G11) -> 18376.414 | H8: =SUM(H9:H11) -> 18988.637 | I8: =SUM(I9:I11) -> 20450.214 | ... AI8: =SUM(AI9:AI11) -> 42655.471
A9: Domestic | B9: =AT!B9+BE!B9+BG!B9+CY!B9+CZ!B9+DE!B9+DK!B9+EE!B9+EL!B9+ES!B9+FI!B9+FR!B9+HR!B9+HU!B9+IE!B9+IT!B9+LT!B9+LU!B9+LV!B9+MT!B9+NL!B9+PL!B9+PT!B9+RO!B9+SE!B9+SI!B9+SK!B9 -> 352.7666 | C9: =AT!C9+BE!C9+BG!C9+CY!C9+CZ!C9+DE!C9+DK!C9+EE!C9+EL!C9+ES!C9+FI!C9+FR!C9+HR!C9+HU!C9+IE!C9+IT!C9+LT!C9+LU!C9+LV!C9+MT!C9+NL!C9+PL!C9+PT!C9+RO!C9+SE!C9+SI!C9+SK!C9 -> 362.91185 | D9: =AT!D9+BE!D9+BG!D9+CY!D9+CZ!D9+DE!D9+DK!D9+EE!D9+EL!D9+ES!D9+FI!D9+FR!D9+HR!D9+HU!D9+IE!D9+IT!D9+LT!D9+LU!D9+LV!D9+MT!D9+NL!D9+PL!D9+PT!D9+RO!D9+SE!D9+SI!D9+SK!D9 -> 354.9414 | E9: =AT!E9+BE!E9+BG!E9+CY!E9+CZ!E9+DE!E9+DK!E9+EE!E9+EL!E9+ES!E9+FI!E9+FR!E9+HR!E9+HU!E9+IE!E9+IT!E9+LT!E9+LU!E9+LV!E9+MT!E9+NL!E9+PL!E9+PT!E9+RO!E9+SE!E9+SI!E9+SK!E9 -> 359.08441 | F9: =AT!F9+BE!F9+BG!F9+CY!F9+CZ!F9+DE!F9+DK!F9+EE!F9+EL!F9+ES!F9+FI!F9+FR!F9+HR!F9+HU!F9+IE!F9+IT!F9+LT!F9+LU!F9+LV!F9+MT!F9+NL!F9+PL!F9+PT!F9+RO!F9+SE!F9+SI!F9+SK!F9 -> 339.67489 | G9: =AT!G9+BE!G9+BG!G9+CY!G9+CZ!G9+DE!G9+DK!G9+EE!G9+EL!G9+ES!G9+FI!G9+FR!G9+HR!G9+HU!G9+IE!G9+IT!G9+LT!G9+LU!G9+LV!G9+MT!G9+NL!G9+PL!G9+PT!G9+RO!G9+SE!G9+SI!G9+SK!G9 -> 341.8718 | H9: =AT!H9+BE!H9+BG!H9+CY!H9+CZ!H9+DE!H9+DK!H9+EE!H9+EL!H9+ES!H9+FI!H9+FR!H9+HR!H9+HU!H9+IE!H9+IT!H9+LT!H9+LU!H9+LV!H9+MT!H9+NL!H9+PL!H9+PT!H9+RO!H9+SE!H9+SI!H9+SK!H9 -> 364.5384 | I9: =AT!I9+BE!I9+BG!I9+CY!I9+CZ!I9+DE!I9+DK!I9+EE!I9+EL!I9+ES!I9+FI!I9+FR!I9+HR!I9+HU!I9+IE!I9+IT!I9+LT!I9+LU!I9+LV!I9+MT!I9+NL!I9+PL!I9+PT!I9+RO!I9+SE!I9+SI!I9+SK!I9 -> 364.15301 | ... AI9: =AT!AI9+BE!AI9+BG!AI9+CY!AI9+CZ!AI9+DE!AI9+DK!AI9+EE!AI9+EL!AI9+ES!AI9+FI!AI9+FR!AI9+HR!AI9+HU!AI9+IE!AI9+IT!AI9+LT!AI9+LU!AI9+LV!AI9+MT!AI9+NL!AI9+PL!AI9+PT!AI9+RO!AI9+SE!AI9+SI!AI9+SK!AI9 -> 208.10622
A10: International - Intra-EU27 | B10: =AT!B10+BE!B10+BG!B10+CY!B10+CZ!B10+DE!B10+DK!B10+EE!B10+EL!B10+ES!B10+FI!B10+FR!B10+HR!B10+HU!B10+IE!B10+IT!B10+LT!B10+LU!B10+LV!B10+MT!B10+NL!B10+PL!B10+PT!B10+RO!B10+SE!B10+SI!B10+SK!B10 -> 859.21746 | C10: =AT!C10+BE!C10+BG!C10+CY!C10+CZ!C10+DE!C10+DK!C10+EE!C10+EL!C10+ES!C10+FI!C10+FR!C10+HR!C10+HU!C10+IE!C10+IT!C10+LT!C10+LU!C10+LV!C10+MT!C10+NL!C10+PL!C10+PT!C10+RO!C10+SE!C10+SI!C10+SK!C10 -> 840.46493 | D10: =AT!D10+BE!D10+BG!D10+CY!D10+CZ!D10+DE!D10+DK!D10+EE!D10+EL!D10+ES!D10+FI!D10+FR!D10+HR!D10+HU!D10+IE!D10+IT!D10+LT!D10+LU!D10+LV!D10+MT!D10+NL!D10+PL!D10+PT!D10+RO!D10+SE!D10+SI!D10+SK!D10 -> 892.53065 | E10: =AT!E10+BE!E10+BG!E10+CY!E10+CZ!E10+DE!E10+DK!E10+EE!E10+EL!E10+ES!E10+FI!E10+FR!E10+HR!E10+HU!E10+IE!E10+IT!E10+LT!E10+LU!E10+LV!E10+MT!E10+NL!E10+PL!E10+PT!E10+RO!E10+SE!E10+SI!E10+SK!E10 -> 921.64651 | F10: =AT!F10+BE!F10+BG!F10+CY!F10+CZ!F10+DE!F10+DK!F10+EE!F10+EL!F10+ES!F10+FI!F10+FR!F10+HR!F10+HU!F10+IE!F10+IT!F10+LT!F10+LU!F10+LV!F10+MT!F10+NL!F10+PL!F10+PT!F10+RO!F10+SE!F10+SI!F10+SK!F10 -> 1020.7608 | G10: =AT!G10+BE!G10+BG!G10+CY!G10+CZ!G10+DE!G10+DK!G10+EE!G10+EL!G10+ES!G10+FI!G10+FR!G10+HR!G10+HU!G10+IE!G10+IT!G10+LT!G10+LU!G10+LV!G10+MT!G10+NL!G10+PL!G10+PT!G10+RO!G10+SE!G10+SI!G10+SK!G10 -> 1076.3537 | H10: =AT!H10+BE!H10+BG!H10+CY!H10+CZ!H10+DE!H10+DK!H10+EE!H10+EL!H10+ES!H10+FI!H10+FR!H10+HR!H10+HU!H10+IE!H10+IT!H10+LT!H10+LU!H10+LV!H10+MT!H10+NL!H10+PL!H10+PT!H10+RO!H10+SE!H10+SI!H10+SK!H10 -> 1096.2339 | I10: =AT!I10+BE!I10+BG!I10+CY!I10+CZ!I10+DE!I10+DK!I10+EE!I10+EL!I10+ES!I10+FI!I10+FR!I10+HR!I10+HU!I10+IE!I10+IT!I10+LT!I10+LU!I10+LV!I10+MT!I10+NL!I10+PL!I10+PT!I10+RO!I10+SE!I10+SI!I10+SK!I10 -> 1181.7128 | ... AI10: =AT!AI10+BE!AI10+BG!AI10+CY!AI10+CZ!AI10+DE!AI10+DK!AI10+EE!AI10+EL!AI10+ES!AI10+FI!AI10+FR!AI10+HR!AI10+HU!AI10+IE!AI10+IT!AI10+LT!AI10+LU!AI10+LV!AI10+MT!AI10+NL!AI10+PL!AI10+PT!AI10+RO!AI10+SE!AI10+SI!AI10+SK!AI10 -> 1977.958
A11: International - Extra-EU27 | B11: =AT!B11+BE!B11+BG!B11+CY!B11+CZ!B11+DE!B11+DK!B11+EE!B11+EL!B11+ES!B11+FI!B11+FR!B11+HR!B11+HU!B11+IE!B11+IT!B11+LT!B11+LU!B11+LV!B11+MT!B11+NL!B11+PL!B11+PT!B11+RO!B11+SE!B11+SI!B11+SK!B11 -> 12520.113 | C11: =AT!C11+BE!C11+BG!C11+CY!C11+CZ!C11+DE!C11+DK!C11+EE!C11+EL!C11+ES!C11+FI!C11+FR!C11+HR!C11+HU!C11+IE!C11+IT!C11+LT!C11+LU!C11+LV!C11+MT!C11+NL!C11+PL!C11+PT!C11+RO!C11+SE!C11+SI!C11+SK!C11 -> 12391.123 | D11: =AT!D11+BE!D11+BG!D11+CY!D11+CZ!D11+DE!D11+DK!D11+EE!D11+EL!D11+ES!D11+FI!D11+FR!D11+HR!D11+HU!D11+IE!D11+IT!D11+LT!D11+LU!D11+LV!D11+MT!D11+NL!D11+PL!D11+PT!D11+RO!D11+SE!D11+SI!D11+SK!D11 -> 13534.734 | E11: =AT!E11+BE!E11+BG!E11+CY!E11+CZ!E11+DE!E11+DK!E11+EE!E11+EL!E11+ES!E11+FI!E11+FR!E11+HR!E11+HU!E11+IE!E11+IT!E11+LT!E11+LU!E11+LV!E11+MT!E11+NL!E11+PL!E11+PT!E11+RO!E11+SE!E11+SI!E11+SK!E11 -> 14119.986 | F11: =AT!F11+BE!F11+BG!F11+CY!F11+CZ!F11+DE!F11+DK!F11+EE!F11+EL!F11+ES!F11+FI!F11+FR!F11+HR!F11+HU!F11+IE!F11+IT!F11+LT!F11+LU!F11+LV!F11+MT!F11+NL!F11+PL!F11+PT!F11+RO!F11+SE!F11+SI!F11+SK!F11 -> 15583.165 | G11: =AT!G11+BE!G11+BG!G11+CY!G11+CZ!G11+DE!G11+DK!G11+EE!G11+EL!G11+ES!G11+FI!G11+FR!G11+HR!G11+HU!G11+IE!G11+IT!G11+LT!G11+LU!G11+LV!G11+MT!G11+NL!G11+PL!G11+PT!G11+RO!G11+SE!G11+SI!G11+SK!G11 -> 16958.188 | H11: =AT!H11+BE!H11+BG!H11+CY!H11+CZ!H11+DE!H11+DK!H11+EE!H11+EL!H11+ES!H11+FI!H11+FR!H11+HR!H11+HU!H11+IE!H11+IT!H11+LT!H11+LU!H11+LV!H11+MT!H11+NL!H11+PL!H11+PT!H11+RO!H11+SE!H11+SI!H11+SK!H11 -> 17527.864 | I11: =AT!I11+BE!I11+BG!I11+CY!I11+CZ!I11+DE!I11+DK!I11+EE!I11+EL!I11+ES!I11+FI!I11+FR!I11+HR!I11+HU!I11+IE!I11+IT!I11+LT!I11+LU!I11+LV!I11+MT!I11+NL!I11+PL!I11+PT!I11+RO!I11+SE!I11+SI!I11+SK!I11 -> 18904.348 | ... AI11: =AT!AI11+BE!AI11+BG!AI11+CY!AI11+CZ!AI11+DE!AI11+DK!AI11+EE!AI11+EL!AI11+ES!AI11+FI!AI11+FR!AI11+HR!AI11+HU!AI11+IE!AI11+IT!AI11+LT!AI11+LU!AI11+LV!AI11+MT!AI11+NL!AI11+PL!AI11+PT!AI11+RO!AI11+SE!AI11+SI!AI11+SK!AI11 -> 40469.407
A13: Market shares of activity
A14: Passenger transport (% of pkm) | B14: =IF(B4=0,0,B4/B$4) -> 1 | C14: =IF(C4=0,0,C4/C$4) -> 1 | D14: =IF(D4=0,0,D4/D$4) -> 1 | E14: =IF(E4=0,0,E4/E$4) -> 1 | F14: =IF(F4=0,0,F4/F$4) -> 1 | G14: =IF(G4=0,0,G4/G$4) -> 1 | H14: =IF(H4=0,0,H4/H$4) -> 1 | I14: =IF(I4=0,0,I4/I$4) -> 1 | ... AI14: =IF(AI4=0,0,AI4/AI$4) -> 1
A15: Domestic | B15: =IF(B5=0,0,B5/B$4) -> 0.13749231 | C15: =IF(C5=0,0,C5/C$4) -> 0.13711956 | D15: =IF(D5=0,0,D5/D$4) -> 0.12760097 | E15: =IF(E5=0,0,E5/E$4) -> 0.12192554 | F15: =IF(F5=0,0,F5/F$4) -> 0.1095904 | G15: =IF(G5=0,0,G5/G$4) -> 0.10693598 | H15: =IF(H5=0,0,H5/H$4) -> 0.10842853 | I15: =IF(I5=0,0,I5/I$4) -> 0.10744475 | ... AI15: =IF(AI5=0,0,AI5/AI$4) -> 0.08142753
A16: International - Intra-EU27 | B16: =IF(B6=0,0,B6/B$4) -> 0.3180581 | C16: =IF(C6=0,0,C6/C$4) -> 0.3187721 | D16: =IF(D6=0,0,D6/D$4) -> 0.32098277 | E16: =IF(E6=0,0,E6/E$4) -> 0.32531743 | F16: =IF(F6=0,0,F6/F$4) -> 0.33668592 | G16: =IF(G6=0,0,G6/G$4) -> 0.3334966 | H16: =IF(H6=0,0,H6/H$4) -> 0.32986181 | I16: =IF(I6=0,0,I6/I$4) -> 0.33237279 | ... AI16: =IF(AI6=0,0,AI6/AI$4) -> 0.33369615
A17: International - Extra-EU27 | B17: =IF(B7=0,0,B7/B$4) -> 0.54444959 | C17: =IF(C7=0,0,C7/C$4) -> 0.54410834 | D17: =IF(D7=0,0,D7/D$4) -> 0.55141626 | E17: =IF(E7=0,0,E7/E$4) -> 0.55275703 | F17: =IF(F7=0,0,F7/F$4) -> 0.55372368 | G17: =IF(G7=0,0,G7/G$4) -> 0.55956742 | H17: =IF(H7=0,0,H7/H$4) -> 0.56170966 | I17: =IF(I7=0,0,I7/I$4) -> 0.56018247 | ... AI17: =IF(AI7=0,0,AI7/AI$4) -> 0.58487632
A18: Freight transport (% of tkm) | B18: =IF(B8=0,0,B8/B$8) -> 1 | C18: =IF(C8=0,0,C8/C$8) -> 1 | D18: =IF(D8=0,0,D8/D$8) -> 1 | E18: =IF(E8=0,0,E8/E$8) -> 1 | F18: =IF(F8=0,0,F8/F$8) -> 1 | G18: =IF(G8=0,0,G8/G$8) -> 1 | H18: =IF(H8=0,0,H8/H$8) -> 1 | I18: =IF(I8=0,0,I8/I$8) -> 1 | ... AI18: =IF(AI8=0,0,AI8/AI$8) -> 1
A19: Domestic | B19: =IF(B9=0,0,B9/B$8) -> 0.025689201 | C19: =IF(C9=0,0,C9/C$8) -> 0.02669549 | D19: =IF(D9=0,0,D9/D$8) -> 0.024011396 | E19: =IF(E9=0,0,E9/E$8) -> 0.023316084 | F19: =IF(F9=0,0,F9/F$8) -> 0.020047386 | G19: =IF(G9=0,0,G9/G$8) -> 0.018603837 | H19: =IF(H9=0,0,H9/H$8) -> 0.019197713 | I19: =IF(I9=0,0,I9/I$8) -> 0.017806807 | ... AI19: =IF(AI9=0,0,AI9/AI$8) -> 0.0048787696
A20: International - Intra-EU27 | B20: =IF(B10=0,0,B10/B$8) -> 0.062570012 | C20: =IF(C10=0,0,C10/C$8) -> 0.061823893 | D20: =IF(D10=0,0,D10/D$8) -> 0.060378718 | E20: =IF(E10=0,0,E10/E$8) -> 0.059844389 | F20: =IF(F10=0,0,F10/F$8) -> 0.060244625 | G20: =IF(G10=0,0,G10/G$8) -> 0.058572566 | H20: =IF(H10=0,0,H10/H$8) -> 0.057731047 | I20: =IF(I10=0,0,I10/I$8) -> 0.057784863 | ... AI20: =IF(AI10=0,0,AI10/AI$8) -> 0.046370558
A21: International - Extra-EU27 | B21: =IF(B11=0,0,B11/B$8) -> 0.91174079 | C21: =IF(C11=0,0,C11/C$8) -> 0.91148062 | D21: =IF(D11=0,0,D11/D$8) -> 0.91560989 | E21: =IF(E11=0,0,E11/E$8) -> 0.91683953 | F21: =IF(F11=0,0,F11/F$8) -> 0.91970799 | G21: =IF(G11=0,0,G11/G$8) -> 0.9228236 | H21: =IF(H11=0,0,H11/H$8) -> 0.92307124 | I21: =IF(I11=0,0,I11/I$8) -> 0.92440833 | ... AI21: =IF(AI11=0,0,AI11/AI$8) -> 0.94875067
A23: Vehicle-km (mio km) | B23: =SUM(B24,B28) -> 3845.5232 | C23: =SUM(C24,C28) -> 3871.2115 | D23: =SUM(D24,D28) -> 4119.5692 | E23: =SUM(E24,E28) -> 4259.9742 | F23: =SUM(F24,F28) -> 4497.7072 | G23: =SUM(G24,G28) -> 4800.9102 | H23: =SUM(H24,H28) -> 5031.4561 | I23: =SUM(I24,I28) -> 5271.0634 | ... AI23: =SUM(AI24,AI28) -> 8822.1845
A24: Passenger transport | B24: =SUM(B25:B27) -> 3618.4811 | C24: =SUM(C25:C27) -> 3644.8001 | D24: =SUM(D25:D27) -> 3878.3426 | E24: =SUM(E25:E27) -> 4014.8915 | F24: =SUM(F25:F27) -> 4233.8345 | G24: =SUM(G25:G27) -> 4516.6171 | H24: =SUM(H25:H27) -> 4732.235 | I24: =SUM(I25:I27) -> 4955.2768 | ... AI24: =SUM(AI25:AI27) -> 8190.0104
A25: Domestic | B25: =AT!B25+BE!B25+BG!B25+CY!B25+CZ!B25+DE!B25+DK!B25+EE!B25+EL!B25+ES!B25+FI!B25+FR!B25+HR!B25+HU!B25+IE!B25+IT!B25+LT!B25+LU!B25+LV!B25+MT!B25+NL!B25+PL!B25+PT!B25+RO!B25+SE!B25+SI!B25+SK!B25 -> 779.16471 | C25: =AT!C25+BE!C25+BG!C25+CY!C25+CZ!C25+DE!C25+DK!C25+EE!C25+EL!C25+ES!C25+FI!C25+FR!C25+HR!C25+HU!C25+IE!C25+IT!C25+LT!C25+LU!C25+LV!C25+MT!C25+NL!C25+PL!C25+PT!C25+RO!C25+SE!C25+SI!C25+SK!C25 -> 795.66529 | D25: =AT!D25+BE!D25+BG!D25+CY!D25+CZ!D25+DE!D25+DK!D25+EE!D25+EL!D25+ES!D25+FI!D25+FR!D25+HR!D25+HU!D25+IE!D25+IT!D25+LT!D25+LU!D25+LV!D25+MT!D25+NL!D25+PL!D25+PT!D25+RO!D25+SE!D25+SI!D25+SK!D25 -> 792.90111 | E25: =AT!E25+BE!E25+BG!E25+CY!E25+CZ!E25+DE!E25+DK!E25+EE!E25+EL!E25+ES!E25+FI!E25+FR!E25+HR!E25+HU!E25+IE!E25+IT!E25+LT!E25+LU!E25+LV!E25+MT!E25+NL!E25+PL!E25+PT!E25+RO!E25+SE!E25+SI!E25+SK!E25 -> 794.66805 | F25: =AT!F25+BE!F25+BG!F25+CY!F25+CZ!F25+DE!F25+DK!F25+EE!F25+EL!F25+ES!F25+FI!F25+FR!F25+HR!F25+HU!F25+IE!F25+IT!F25+LT!F25+LU!F25+LV!F25+MT!F25+NL!F25+PL!F25+PT!F25+RO!F25+SE!F25+SI!F25+SK!F25 -> 762.96248 | G25: =AT!G25+BE!G25+BG!G25+CY!G25+CZ!G25+DE!G25+DK!G25+EE!G25+EL!G25+ES!G25+FI!G25+FR!G25+HR!G25+HU!G25+IE!G25+IT!G25+LT!G25+LU!G25+LV!G25+MT!G25+NL!G25+PL!G25+PT!G25+RO!G25+SE!G25+SI!G25+SK!G25 -> 791.1611 | H25: =AT!H25+BE!H25+BG!H25+CY!H25+CZ!H25+DE!H25+DK!H25+EE!H25+EL!H25+ES!H25+FI!H25+FR!H25+HR!H25+HU!H25+IE!H25+IT!H25+LT!H25+LU!H25+LV!H25+MT!H25+NL!H25+PL!H25+PT!H25+RO!H25+SE!H25+SI!H25+SK!H25 -> 842.64176 | I25: =AT!I25+BE!I25+BG!I25+CY!I25+CZ!I25+DE!I25+DK!I25+EE!I25+EL!I25+ES!I25+FI!I25+FR!I25+HR!I25+HU!I25+IE!I25+IT!I25+LT!I25+LU!I25+LV!I25+MT!I25+NL!I25+PL!I25+PT!I25+RO!I25+SE!I25+SI!I25+SK!I25 -> 880.91075 | ... AI25: =AT!AI25+BE!AI25+BG!AI25+CY!AI25+CZ!AI25+DE!AI25+DK!AI25+EE!AI25+EL!AI25+ES!AI25+FI!AI25+FR!AI25+HR!AI25+HU!AI25+IE!AI25+IT!AI25+LT!AI25+LU!AI25+LV!AI25+MT!AI25+NL!AI25+PL!AI25+PT!AI25+RO!AI25+SE!AI25+SI!AI25+SK!AI25 -> 878.08462
A26: International - Intra-EU27 | B26: =AT!B26+BE!B26+BG!B26+CY!B26+CZ!B26+DE!B26+DK!B26+EE!B26+EL!B26+ES!B26+FI!B26+FR!B26+HR!B26+HU!B26+IE!B26+IT!B26+LT!B26+LU!B26+LV!B26+MT!B26+NL!B26+PL!B26+PT!B26+RO!B26+SE!B26+SI!B26+SK!B26 -> 1252.0761 | C26: =AT!C26+BE!C26+BG!C26+CY!C26+CZ!C26+DE!C26+DK!C26+EE!C26+EL!C26+ES!C26+FI!C26+FR!C26+HR!C26+HU!C26+IE!C26+IT!C26+LT!C26+LU!C26+LV!C26+MT!C26+NL!C26+PL!C26+PT!C26+RO!C26+SE!C26+SI!C26+SK!C26 -> 1258.024 | D26: =AT!D26+BE!D26+BG!D26+CY!D26+CZ!D26+DE!D26+DK!D26+EE!D26+EL!D26+ES!D26+FI!D26+FR!D26+HR!D26+HU!D26+IE!D26+IT!D26+LT!D26+LU!D26+LV!D26+MT!D26+NL!D26+PL!D26+PT!D26+RO!D26+SE!D26+SI!D26+SK!D26 -> 1349.0145 | E26: =AT!E26+BE!E26+BG!E26+CY!E26+CZ!E26+DE!E26+DK!E26+EE!E26+EL!E26+ES!E26+FI!E26+FR!E26+HR!E26+HU!E26+IE!E26+IT!E26+LT!E26+LU!E26+LV!E26+MT!E26+NL!E26+PL!E26+PT!E26+RO!E26+SE!E26+SI!E26+SK!E26 -> 1413.4321 | F26: =AT!F26+BE!F26+BG!F26+CY!F26+CZ!F26+DE!F26+DK!F26+EE!F26+EL!F26+ES!F26+FI!F26+FR!F26+HR!F26+HU!F26+IE!F26+IT!F26+LT!F26+LU!F26+LV!F26+MT!F26+NL!F26+PL!F26+PT!F26+RO!F26+SE!F26+SI!F26+SK!F26 -> 1539.2225 | G26: =AT!G26+BE!G26+BG!G26+CY!G26+CZ!G26+DE!G26+DK!G26+EE!G26+EL!G26+ES!G26+FI!G26+FR!G26+HR!G26+HU!G26+IE!G26+IT!G26+LT!G26+LU!G26+LV!G26+MT!G26+NL!G26+PL!G26+PT!G26+RO!G26+SE!G26+SI!G26+SK!G26 -> 1640.5706 | H26: =AT!H26+BE!H26+BG!H26+CY!H26+CZ!H26+DE!H26+DK!H26+EE!H26+EL!H26+ES!H26+FI!H26+FR!H26+HR!H26+HU!H26+IE!H26+IT!H26+LT!H26+LU!H26+LV!H26+MT!H26+NL!H26+PL!H26+PT!H26+RO!H26+SE!H26+SI!H26+SK!H26 -> 1687.8005 | I26: =AT!I26+BE!I26+BG!I26+CY!I26+CZ!I26+DE!I26+DK!I26+EE!I26+EL!I26+ES!I26+FI!I26+FR!I26+HR!I26+HU!I26+IE!I26+IT!I26+LT!I26+LU!I26+LV!I26+MT!I26+NL!I26+PL!I26+PT!I26+RO!I26+SE!I26+SI!I26+SK!I26 -> 1765.6105 | ... AI26: =AT!AI26+BE!AI26+BG!AI26+CY!AI26+CZ!AI26+DE!AI26+DK!AI26+EE!AI26+EL!AI26+ES!AI26+FI!AI26+FR!AI26+HR!AI26+HU!AI26+IE!AI26+IT!AI26+LT!AI26+LU!AI26+LV!AI26+MT!AI26+NL!AI26+PL!AI26+PT!AI26+RO!AI26+SE!AI26+SI!AI26+SK!AI26 -> 3245.8154
A27: International - Extra-EU27 | B27: =AT!B27+BE!B27+BG!B27+CY!B27+CZ!B27+DE!B27+DK!B27+EE!B27+EL!B27+ES!B27+FI!B27+FR!B27+HR!B27+HU!B27+IE!B27+IT!B27+LT!B27+LU!B27+LV!B27+MT!B27+NL!B27+PL!B27+PT!B27+RO!B27+SE!B27+SI!B27+SK!B27 -> 1587.2403 | C27: =AT!C27+BE!C27+BG!C27+CY!C27+CZ!C27+DE!C27+DK!C27+EE!C27+EL!C27+ES!C27+FI!C27+FR!C27+HR!C27+HU!C27+IE!C27+IT!C27+LT!C27+LU!C27+LV!C27+MT!C27+NL!C27+PL!C27+PT!C27+RO!C27+SE!C27+SI!C27+SK!C27 -> 1591.1108 | D27: =AT!D27+BE!D27+BG!D27+CY!D27+CZ!D27+DE!D27+DK!D27+EE!D27+EL!D27+ES!D27+FI!D27+FR!D27+HR!D27+HU!D27+IE!D27+IT!D27+LT!D27+LU!D27+LV!D27+MT!D27+NL!D27+PL!D27+PT!D27+RO!D27+SE!D27+SI!D27+SK!D27 -> 1736.427 | E27: =AT!E27+BE!E27+BG!E27+CY!E27+CZ!E27+DE!E27+DK!E27+EE!E27+EL!E27+ES!E27+FI!E27+FR!E27+HR!E27+HU!E27+IE!E27+IT!E27+LT!E27+LU!E27+LV!E27+MT!E27+NL!E27+PL!E27+PT!E27+RO!E27+SE!E27+SI!E27+SK!E27 -> 1806.7914 | F27: =AT!F27+BE!F27+BG!F27+CY!F27+CZ!F27+DE!F27+DK!F27+EE!F27+EL!F27+ES!F27+FI!F27+FR!F27+HR!F27+HU!F27+IE!F27+IT!F27+LT!F27+LU!F27+LV!F27+MT!F27+NL!F27+PL!F27+PT!F27+RO!F27+SE!F27+SI!F27+SK!F27 -> 1931.6496 | G27: =AT!G27+BE!G27+BG!G27+CY!G27+CZ!G27+DE!G27+DK!G27+EE!G27+EL!G27+ES!G27+FI!G27+FR!G27+HR!G27+HU!G27+IE!G27+IT!G27+LT!G27+LU!G27+LV!G27+MT!G27+NL!G27+PL!G27+PT!G27+RO!G27+SE!G27+SI!G27+SK!G27 -> 2084.8855 | H27: =AT!H27+BE!H27+BG!H27+CY!H27+CZ!H27+DE!H27+DK!H27+EE!H27+EL!H27+ES!H27+FI!H27+FR!H27+HR!H27+HU!H27+IE!H27+IT!H27+LT!H27+LU!H27+LV!H27+MT!H27+NL!H27+PL!H27+PT!H27+RO!H27+SE!H27+SI!H27+SK!H27 -> 2201.7928 | I27: =AT!I27+BE!I27+BG!I27+CY!I27+CZ!I27+DE!I27+DK!I27+EE!I27+EL!I27+ES!I27+FI!I27+FR!I27+HR!I27+HU!I27+IE!I27+IT!I27+LT!I27+LU!I27+LV!I27+MT!I27+NL!I27+PL!I27+PT!I27+RO!I27+SE!I27+SI!I27+SK!I27 -> 2308.7556 | ... AI27: =AT!AI27+BE!AI27+BG!AI27+CY!AI27+CZ!AI27+DE!AI27+DK!AI27+EE!AI27+EL!AI27+ES!AI27+FI!AI27+FR!AI27+HR!AI27+HU!AI27+IE!AI27+IT!AI27+LT!AI27+LU!AI27+LV!AI27+MT!AI27+NL!AI27+PL!AI27+PT!AI27+RO!AI27+SE!AI27+SI!AI27+SK!AI27 -> 4066.1104
A28: Freight transport | B28: =SUM(B29:B31) -> 227.04208 | C28: =SUM(C29:C31) -> 226.41141 | D28: =SUM(D29:D31) -> 241.22662 | E28: =SUM(E29:E31) -> 245.08269 | F28: =SUM(F29:F31) -> 263.87271 | G28: =SUM(G29:G31) -> 284.29302 | H28: =SUM(H29:H31) -> 299.22109 | I28: =SUM(I29:I31) -> 315.78656 | ... AI28: =SUM(AI29:AI31) -> 632.17403
A29: Domestic | B29: =AT!B29+BE!B29+BG!B29+CY!B29+CZ!B29+DE!B29+DK!B29+EE!B29+EL!B29+ES!B29+FI!B29+FR!B29+HR!B29+HU!B29+IE!B29+IT!B29+LT!B29+LU!B29+LV!B29+MT!B29+NL!B29+PL!B29+PT!B29+RO!B29+SE!B29+SI!B29+SK!B29 -> 33.376259 | C29: =AT!C29+BE!C29+BG!C29+CY!C29+CZ!C29+DE!C29+DK!C29+EE!C29+EL!C29+ES!C29+FI!C29+FR!C29+HR!C29+HU!C29+IE!C29+IT!C29+LT!C29+LU!C29+LV!C29+MT!C29+NL!C29+PL!C29+PT!C29+RO!C29+SE!C29+SI!C29+SK!C29 -> 34.765761 | D29: =AT!D29+BE!D29+BG!D29+CY!D29+CZ!D29+DE!D29+DK!D29+EE!D29+EL!D29+ES!D29+FI!D29+FR!D29+HR!D29+HU!D29+IE!D29+IT!D29+LT!D29+LU!D29+LV!D29+MT!D29+NL!D29+PL!D29+PT!D29+RO!D29+SE!D29+SI!D29+SK!D29 -> 33.260461 | E29: =AT!E29+BE!E29+BG!E29+CY!E29+CZ!E29+DE!E29+DK!E29+EE!E29+EL!E29+ES!E29+FI!E29+FR!E29+HR!E29+HU!E29+IE!E29+IT!E29+LT!E29+LU!E29+LV!E29+MT!E29+NL!E29+PL!E29+PT!E29+RO!E29+SE!E29+SI!E29+SK!E29 -> 33.358359 | F29: =AT!F29+BE!F29+BG!F29+CY!F29+CZ!F29+DE!F29+DK!F29+EE!F29+EL!F29+ES!F29+FI!F29+FR!F29+HR!F29+HU!F29+IE!F29+IT!F29+LT!F29+LU!F29+LV!F29+MT!F29+NL!F29+PL!F29+PT!F29+RO!F29+SE!F29+SI!F29+SK!F29 -> 30.824103 | G29: =AT!G29+BE!G29+BG!G29+CY!G29+CZ!G29+DE!G29+DK!G29+EE!G29+EL!G29+ES!G29+FI!G29+FR!G29+HR!G29+HU!G29+IE!G29+IT!G29+LT!G29+LU!G29+LV!G29+MT!G29+NL!G29+PL!G29+PT!G29+RO!G29+SE!G29+SI!G29+SK!G29 -> 30.661033 | H29: =AT!H29+BE!H29+BG!H29+CY!H29+CZ!H29+DE!H29+DK!H29+EE!H29+EL!H29+ES!H29+FI!H29+FR!H29+HR!H29+HU!H29+IE!H29+IT!H29+LT!H29+LU!H29+LV!H29+MT!H29+NL!H29+PL!H29+PT!H29+RO!H29+SE!H29+SI!H29+SK!H29 -> 32.691547 | I29: =AT!I29+BE!I29+BG!I29+CY!I29+CZ!I29+DE!I29+DK!I29+EE!I29+EL!I29+ES!I29+FI!I29+FR!I29+HR!I29+HU!I29+IE!I29+IT!I29+LT!I29+LU!I29+LV!I29+MT!I29+NL!I29+PL!I29+PT!I29+RO!I29+SE!I29+SI!I29+SK!I29 -> 31.972972 | ... AI29: =AT!AI29+BE!AI29+BG!AI29+CY!AI29+CZ!AI29+DE!AI29+DK!AI29+EE!AI29+EL!AI29+ES!AI29+FI!AI29+FR!AI29+HR!AI29+HU!AI29+IE!AI29+IT!AI29+LT!AI29+LU!AI29+LV!AI29+MT!AI29+NL!AI29+PL!AI29+PT!AI29+RO!AI29+SE!AI29+SI!AI29+SK!AI29 -> 13.11108
A30: International - Intra-EU27 | B30: =AT!B30+BE!B30+BG!B30+CY!B30+CZ!B30+DE!B30+DK!B30+EE!B30+EL!B30+ES!B30+FI!B30+FR!B30+HR!B30+HU!B30+IE!B30+IT!B30+LT!B30+LU!B30+LV!B30+MT!B30+NL!B30+PL!B30+PT!B30+RO!B30+SE!B30+SI!B30+SK!B30 -> 28.508969 | C30: =AT!C30+BE!C30+BG!C30+CY!C30+CZ!C30+DE!C30+DK!C30+EE!C30+EL!C30+ES!C30+FI!C30+FR!C30+HR!C30+HU!C30+IE!C30+IT!C30+LT!C30+LU!C30+LV!C30+MT!C30+NL!C30+PL!C30+PT!C30+RO!C30+SE!C30+SI!C30+SK!C30 -> 27.908984 | D30: =AT!D30+BE!D30+BG!D30+CY!D30+CZ!D30+DE!D30+DK!D30+EE!D30+EL!D30+ES!D30+FI!D30+FR!D30+HR!D30+HU!D30+IE!D30+IT!D30+LT!D30+LU!D30+LV!D30+MT!D30+NL!D30+PL!D30+PT!D30+RO!D30+SE!D30+SI!D30+SK!D30 -> 29.664238 | E30: =AT!E30+BE!E30+BG!E30+CY!E30+CZ!E30+DE!E30+DK!E30+EE!E30+EL!E30+ES!E30+FI!E30+FR!E30+HR!E30+HU!E30+IE!E30+IT!E30+LT!E30+LU!E30+LV!E30+MT!E30+NL!E30+PL!E30+PT!E30+RO!E30+SE!E30+SI!E30+SK!E30 -> 30.005413 | F30: =AT!F30+BE!F30+BG!F30+CY!F30+CZ!F30+DE!F30+DK!F30+EE!F30+EL!F30+ES!F30+FI!F30+FR!F30+HR!F30+HU!F30+IE!F30+IT!F30+LT!F30+LU!F30+LV!F30+MT!F30+NL!F30+PL!F30+PT!F30+RO!F30+SE!F30+SI!F30+SK!F30 -> 33.065229 | G30: =AT!G30+BE!G30+BG!G30+CY!G30+CZ!G30+DE!G30+DK!G30+EE!G30+EL!G30+ES!G30+FI!G30+FR!G30+HR!G30+HU!G30+IE!G30+IT!G30+LT!G30+LU!G30+LV!G30+MT!G30+NL!G30+PL!G30+PT!G30+RO!G30+SE!G30+SI!G30+SK!G30 -> 34.870933 | H30: =AT!H30+BE!H30+BG!H30+CY!H30+CZ!H30+DE!H30+DK!H30+EE!H30+EL!H30+ES!H30+FI!H30+FR!H30+HR!H30+HU!H30+IE!H30+IT!H30+LT!H30+LU!H30+LV!H30+MT!H30+NL!H30+PL!H30+PT!H30+RO!H30+SE!H30+SI!H30+SK!H30 -> 36.566987 | I30: =AT!I30+BE!I30+BG!I30+CY!I30+CZ!I30+DE!I30+DK!I30+EE!I30+EL!I30+ES!I30+FI!I30+FR!I30+HR!I30+HU!I30+IE!I30+IT!I30+LT!I30+LU!I30+LV!I30+MT!I30+NL!I30+PL!I30+PT!I30+RO!I30+SE!I30+SI!I30+SK!I30 -> 38.918247 | ... AI30: =AT!AI30+BE!AI30+BG!AI30+CY!AI30+CZ!AI30+DE!AI30+DK!AI30+EE!AI30+EL!AI30+ES!AI30+FI!AI30+FR!AI30+HR!AI30+HU!AI30+IE!AI30+IT!AI30+LT!AI30+LU!AI30+LV!AI30+MT!AI30+NL!AI30+PL!AI30+PT!AI30+RO!AI30+SE!AI30+SI!AI30+SK!AI30 -> 87.422882
A31: International - Extra-EU27 | B31: =AT!B31+BE!B31+BG!B31+CY!B31+CZ!B31+DE!B31+DK!B31+EE!B31+EL!B31+ES!B31+FI!B31+FR!B31+HR!B31+HU!B31+IE!B31+IT!B31+LT!B31+LU!B31+LV!B31+MT!B31+NL!B31+PL!B31+PT!B31+RO!B31+SE!B31+SI!B31+SK!B31 -> 165.15685 | C31: =AT!C31+BE!C31+BG!C31+CY!C31+CZ!C31+DE!C31+DK!C31+EE!C31+EL!C31+ES!C31+FI!C31+FR!C31+HR!C31+HU!C31+IE!C31+IT!C31+LT!C31+LU!C31+LV!C31+MT!C31+NL!C31+PL!C31+PT!C31+RO!C31+SE!C31+SI!C31+SK!C31 -> 163.73666 | D31: =AT!D31+BE!D31+BG!D31+CY!D31+CZ!D31+DE!D31+DK!D31+EE!D31+EL!D31+ES!D31+FI!D31+FR!D31+HR!D31+HU!D31+IE!D31+IT!D31+LT!D31+LU!D31+LV!D31+MT!D31+NL!D31+PL!D31+PT!D31+RO!D31+SE!D31+SI!D31+SK!D31 -> 178.30192 | E31: =AT!E31+BE!E31+BG!E31+CY!E31+CZ!E31+DE!E31+DK!E31+EE!E31+EL!E31+ES!E31+FI!E31+FR!E31+HR!E31+HU!E31+IE!E31+IT!E31+LT!E31+LU!E31+LV!E31+MT!E31+NL!E31+PL!E31+PT!E31+RO!E31+SE!E31+SI!E31+SK!E31 -> 181.71892 | F31: =AT!F31+BE!F31+BG!F31+CY!F31+CZ!F31+DE!F31+DK!F31+EE!F31+EL!F31+ES!F31+FI!F31+FR!F31+HR!F31+HU!F31+IE!F31+IT!F31+LT!F31+LU!F31+LV!F31+MT!F31+NL!F31+PL!F31+PT!F31+RO!F31+SE!F31+SI!F31+SK!F31 -> 199.98338 | G31: =AT!G31+BE!G31+BG!G31+CY!G31+CZ!G31+DE!G31+DK!G31+EE!G31+EL!G31+ES!G31+FI!G31+FR!G31+HR!G31+HU!G31+IE!G31+IT!G31+LT!G31+LU!G31+LV!G31+MT!G31+NL!G31+PL!G31+PT!G31+RO!G31+SE!G31+SI!G31+SK!G31 -> 218.76106 | H31: =AT!H31+BE!H31+BG!H31+CY!H31+CZ!H31+DE!H31+DK!H31+EE!H31+EL!H31+ES!H31+FI!H31+FR!H31+HR!H31+HU!H31+IE!H31+IT!H31+LT!H31+LU!H31+LV!H31+MT!H31+NL!H31+PL!H31+PT!H31+RO!H31+SE!H31+SI!H31+SK!H31 -> 229.96255 | I31: =AT!I31+BE!I31+BG!I31+CY!I31+CZ!I31+DE!I31+DK!I31+EE!I31+EL!I31+ES!I31+FI!I31+FR!I31+HR!I31+HU!I31+IE!I31+IT!I31+LT!I31+LU!I31+LV!I31+MT!I31+NL!I31+PL!I31+PT!I31+RO!I31+SE!I31+SI!I31+SK!I31 -> 244.89535 | ... AI31: =AT!AI31+BE!AI31+BG!AI31+CY!AI31+CZ!AI31+DE!AI31+DK!AI31+EE!AI31+EL!AI31+ES!AI31+FI!AI31+FR!AI31+HR!AI31+HU!AI31+IE!AI31+IT!AI31+LT!AI31+LU!AI31+LV!AI31+MT!AI31+NL!AI31+PL!AI31+PT!AI31+RO!AI31+SE!AI31+SI!AI31+SK!AI31 -> 531.64007
A33: Market shares of vehicle km (% of km)
A34: Passenger transport | B34: =IF(B24=0,0,B24/B$24) -> 1 | C34: =IF(C24=0,0,C24/C$24) -> 1 | D34: =IF(D24=0,0,D24/D$24) -> 1 | E34: =IF(E24=0,0,E24/E$24) -> 1 | F34: =IF(F24=0,0,F24/F$24) -> 1 | G34: =IF(G24=0,0,G24/G$24) -> 1 | H34: =IF(H24=0,0,H24/H$24) -> 1 | I34: =IF(I24=0,0,I24/I$24) -> 1 | ... AI34: =IF(AI24=0,0,AI24/AI$24) -> 1
A35: Domestic | B35: =IF(B25=0,0,B25/B$24) -> 0.21532922 | C35: =IF(C25=0,0,C25/C$24) -> 0.21830149 | D35: =IF(D25=0,0,D25/D$24) -> 0.20444329 | E35: =IF(E25=0,0,E25/E$24) -> 0.19793014 | F35: =IF(F25=0,0,F25/F$24) -> 0.18020602 | G35: =IF(G25=0,0,G25/G$24) -> 0.17516674 | H35: =IF(H25=0,0,H25/H$24) -> 0.17806422 | I35: =IF(I25=0,0,I25/I$24) -> 0.17777226 | ... AI35: =IF(AI25=0,0,AI25/AI$24) -> 0.1072141
A36: International - Intra-EU27 | B36: =IF(B26=0,0,B26/B$24) -> 0.34602257 | C36: =IF(C26=0,0,C26/C$24) -> 0.34515583 | D36: =IF(D26=0,0,D26/D$24) -> 0.34783274 | E36: =IF(E26=0,0,E26/E$24) -> 0.35204739 | F36: =IF(F26=0,0,F26/F$24) -> 0.36355282 | G36: =IF(G26=0,0,G26/G$24) -> 0.36322994 | H36: =IF(H26=0,0,H26/H$24) -> 0.35666032 | I36: =IF(I26=0,0,I26/I$24) -> 0.35630916 | ... AI36: =IF(AI26=0,0,AI26/AI$24) -> 0.39631395
A37: International - Extra-EU27 | B37: =IF(B27=0,0,B27/B$24) -> 0.43864821 | C37: =IF(C27=0,0,C27/C$24) -> 0.43654268 | D37: =IF(D27=0,0,D27/D$24) -> 0.44772397 | E37: =IF(E27=0,0,E27/E$24) -> 0.45002247 | F37: =IF(F27=0,0,F27/F$24) -> 0.45624116 | G37: =IF(G27=0,0,G27/G$24) -> 0.46160332 | H37: =IF(H27=0,0,H27/H$24) -> 0.46527545 | I37: =IF(I27=0,0,I27/I$24) -> 0.46591858 | ... AI37: =IF(AI27=0,0,AI27/AI$24) -> 0.49647195
A38: Freight transport | B38: =IF(B28=0,0,B28/B$28) -> 1 | C38: =IF(C28=0,0,C28/C$28) -> 1 | D38: =IF(D28=0,0,D28/D$28) -> 1 | E38: =IF(E28=0,0,E28/E$28) -> 1 | F38: =IF(F28=0,0,F28/F$28) -> 1 | G38: =IF(G28=0,0,G28/G$28) -> 1 | H38: =IF(H28=0,0,H28/H$28) -> 1 | I38: =IF(I28=0,0,I28/I$28) -> 1 | ... AI38: =IF(AI28=0,0,AI28/AI$28) -> 1
A39: Domestic | B39: =IF(B29=0,0,B29/B$28) -> 0.14700473 | C39: =IF(C29=0,0,C29/C$28) -> 0.15355128 | D39: =IF(D29=0,0,D29/D$28) -> 0.13788056 | E39: =IF(E29=0,0,E29/E$28) -> 0.13611063 | F39: =IF(F29=0,0,F29/F$28) -> 0.11681429 | G39: =IF(G29=0,0,G29/G$28) -> 0.10785011 | H39: =IF(H29=0,0,H29/H$28) -> 0.10925549 | I39: =IF(I29=0,0,I29/I$28) -> 0.10124868 | ... AI39: =IF(AI29=0,0,AI29/AI$28) -> 0.020739668
A40: International - Intra-EU27 | B40: =IF(B30=0,0,B30/B$28) -> 0.1255669 | C40: =IF(C30=0,0,C30/C$28) -> 0.12326669 | D40: =IF(D30=0,0,D30/D$28) -> 0.12297249 | E40: =IF(E30=0,0,E30/E$28) -> 0.12242975 | F40: =IF(F30=0,0,F30/F$28) -> 0.1253075 | G40: =IF(G30=0,0,G30/G$28) -> 0.12265842 | H40: =IF(H30=0,0,H30/H$28) -> 0.12220725 | I40: =IF(I30=0,0,I30/I$28) -> 0.12324225 | ... AI40: =IF(AI30=0,0,AI30/AI$28) -> 0.13828927
A41: International - Extra-EU27 | B41: =IF(B31=0,0,B31/B$28) -> 0.72742837 | C41: =IF(C31=0,0,C31/C$28) -> 0.72318204 | D41: =IF(D31=0,0,D31/D$28) -> 0.73914695 | E41: =IF(E31=0,0,E31/E$28) -> 0.74145962 | F41: =IF(F31=0,0,F31/F$28) -> 0.75787822 | G41: =IF(G31=0,0,G31/G$28) -> 0.76949147 | H41: =IF(H31=0,0,H31/H$28) -> 0.76853726 | I41: =IF(I31=0,0,I31/I$28) -> 0.77550907 | ... AI41: =IF(AI31=0,0,AI31/AI$28) -> 0.84097107
A43: Number of departing flights | B43: =SUM(B44,B48) -> 3269983 | C43: =SUM(C44,C48) -> 3284650 | D43: =SUM(D44,D48) -> 3391719 | E43: =SUM(E44,E48) -> 3493244 | F43: =SUM(F44,F48) -> 3589945 | G43: =SUM(G44,G48) -> 3803425 | H43: =SUM(H44,H48) -> 3975132 | I43: =SUM(I44,I48) -> 4160688 | ... AI43: =SUM(AI44,AI48) -> 5425889
A44: Passenger transport | B44: =SUM(B45:B47) -> 3137677 | C44: =SUM(C45:C47) -> 3152322 | D44: =SUM(D45:D47) -> 3258711 | E44: =SUM(E45:E47) -> 3358946 | F44: =SUM(F45:F47) -> 3452967 | G44: =SUM(G45:G47) -> 3660093 | H44: =SUM(H45:H47) -> 3824216 | I44: =SUM(I45:I47) -> 4005309 | ... AI44: =SUM(AI45:AI47) -> 5204436
A45: Domestic | B45: =AT!B45+BE!B45+BG!B45+CY!B45+CZ!B45+DE!B45+DK!B45+EE!B45+EL!B45+ES!B45+FI!B45+FR!B45+HR!B45+HU!B45+IE!B45+IT!B45+LT!B45+LU!B45+LV!B45+MT!B45+NL!B45+PL!B45+PT!B45+RO!B45+SE!B45+SI!B45+SK!B45 -> 1397285 | C45: =AT!C45+BE!C45+BG!C45+CY!C45+CZ!C45+DE!C45+DK!C45+EE!C45+EL!C45+ES!C45+FI!C45+FR!C45+HR!C45+HU!C45+IE!C45+IT!C45+LT!C45+LU!C45+LV!C45+MT!C45+NL!C45+PL!C45+PT!C45+RO!C45+SE!C45+SI!C45+SK!C45 -> 1413962 | D45: =AT!D45+BE!D45+BG!D45+CY!D45+CZ!D45+DE!D45+DK!D45+EE!D45+EL!D45+ES!D45+FI!D45+FR!D45+HR!D45+HU!D45+IE!D45+IT!D45+LT!D45+LU!D45+LV!D45+MT!D45+NL!D45+PL!D45+PT!D45+RO!D45+SE!D45+SI!D45+SK!D45 -> 1393673 | E45: =AT!E45+BE!E45+BG!E45+CY!E45+CZ!E45+DE!E45+DK!E45+EE!E45+EL!E45+ES!E45+FI!E45+FR!E45+HR!E45+HU!E45+IE!E45+IT!E45+LT!E45+LU!E45+LV!E45+MT!E45+NL!E45+PL!E45+PT!E45+RO!E45+SE!E45+SI!E45+SK!E45 -> 1399408 | F45: =AT!F45+BE!F45+BG!F45+CY!F45+CZ!F45+DE!F45+DK!F45+EE!F45+EL!F45+ES!F45+FI!F45+FR!F45+HR!F45+HU!F45+IE!F45+IT!F45+LT!F45+LU!F45+LV!F45+MT!F45+NL!F45+PL!F45+PT!F45+RO!F45+SE!F45+SI!F45+SK!F45 -> 1347063 | G45: =AT!G45+BE!G45+BG!G45+CY!G45+CZ!G45+DE!G45+DK!G45+EE!G45+EL!G45+ES!G45+FI!G45+FR!G45+HR!G45+HU!G45+IE!G45+IT!G45+LT!G45+LU!G45+LV!G45+MT!G45+NL!G45+PL!G45+PT!G45+RO!G45+SE!G45+SI!G45+SK!G45 -> 1401253 | H45: =AT!H45+BE!H45+BG!H45+CY!H45+CZ!H45+DE!H45+DK!H45+EE!H45+EL!H45+ES!H45+FI!H45+FR!H45+HR!H45+HU!H45+IE!H45+IT!H45+LT!H45+LU!H45+LV!H45+MT!H45+NL!H45+PL!H45+PT!H45+RO!H45+SE!H45+SI!H45+SK!H45 -> 1484360 | I45: =AT!I45+BE!I45+BG!I45+CY!I45+CZ!I45+DE!I45+DK!I45+EE!I45+EL!I45+ES!I45+FI!I45+FR!I45+HR!I45+HU!I45+IE!I45+IT!I45+LT!I45+LU!I45+LV!I45+MT!I45+NL!I45+PL!I45+PT!I45+RO!I45+SE!I45+SI!I45+SK!I45 -> 1553189 | ... AI45: =AT!AI45+BE!AI45+BG!AI45+CY!AI45+CZ!AI45+DE!AI45+DK!AI45+EE!AI45+EL!AI45+ES!AI45+FI!AI45+FR!AI45+HR!AI45+HU!AI45+IE!AI45+IT!AI45+LT!AI45+LU!AI45+LV!AI45+MT!AI45+NL!AI45+PL!AI45+PT!AI45+RO!AI45+SE!AI45+SI!AI45+SK!AI45 -> 1310191
A46: International - Intra-EU27 | B46: =AT!B46+BE!B46+BG!B46+CY!B46+CZ!B46+DE!B46+DK!B46+EE!B46+EL!B46+ES!B46+FI!B46+FR!B46+HR!B46+HU!B46+IE!B46+IT!B46+LT!B46+LU!B46+LV!B46+MT!B46+NL!B46+PL!B46+PT!B46+RO!B46+SE!B46+SI!B46+SK!B46 -> 1068370 | C46: =AT!C46+BE!C46+BG!C46+CY!C46+CZ!C46+DE!C46+DK!C46+EE!C46+EL!C46+ES!C46+FI!C46+FR!C46+HR!C46+HU!C46+IE!C46+IT!C46+LT!C46+LU!C46+LV!C46+MT!C46+NL!C46+PL!C46+PT!C46+RO!C46+SE!C46+SI!C46+SK!C46 -> 1068058 | D46: =AT!D46+BE!D46+BG!D46+CY!D46+CZ!D46+DE!D46+DK!D46+EE!D46+EL!D46+ES!D46+FI!D46+FR!D46+HR!D46+HU!D46+IE!D46+IT!D46+LT!D46+LU!D46+LV!D46+MT!D46+NL!D46+PL!D46+PT!D46+RO!D46+SE!D46+SI!D46+SK!D46 -> 1142003 | E46: =AT!E46+BE!E46+BG!E46+CY!E46+CZ!E46+DE!E46+DK!E46+EE!E46+EL!E46+ES!E46+FI!E46+FR!E46+HR!E46+HU!E46+IE!E46+IT!E46+LT!E46+LU!E46+LV!E46+MT!E46+NL!E46+PL!E46+PT!E46+RO!E46+SE!E46+SI!E46+SK!E46 -> 1196338 | F46: =AT!F46+BE!F46+BG!F46+CY!F46+CZ!F46+DE!F46+DK!F46+EE!F46+EL!F46+ES!F46+FI!F46+FR!F46+HR!F46+HU!F46+IE!F46+IT!F46+LT!F46+LU!F46+LV!F46+MT!F46+NL!F46+PL!F46+PT!F46+RO!F46+SE!F46+SI!F46+SK!F46 -> 1298972 | G46: =AT!G46+BE!G46+BG!G46+CY!G46+CZ!G46+DE!G46+DK!G46+EE!G46+EL!G46+ES!G46+FI!G46+FR!G46+HR!G46+HU!G46+IE!G46+IT!G46+LT!G46+LU!G46+LV!G46+MT!G46+NL!G46+PL!G46+PT!G46+RO!G46+SE!G46+SI!G46+SK!G46 -> 1392508 | H46: =AT!H46+BE!H46+BG!H46+CY!H46+CZ!H46+DE!H46+DK!H46+EE!H46+EL!H46+ES!H46+FI!H46+FR!H46+HR!H46+HU!H46+IE!H46+IT!H46+LT!H46+LU!H46+LV!H46+MT!H46+NL!H46+PL!H46+PT!H46+RO!H46+SE!H46+SI!H46+SK!H46 -> 1437298 | I46: =AT!I46+BE!I46+BG!I46+CY!I46+CZ!I46+DE!I46+DK!I46+EE!I46+EL!I46+ES!I46+FI!I46+FR!I46+HR!I46+HU!I46+IE!I46+IT!I46+LT!I46+LU!I46+LV!I46+MT!I46+NL!I46+PL!I46+PT!I46+RO!I46+SE!I46+SI!I46+SK!I46 -> 1499736 | ... AI46: =AT!AI46+BE!AI46+BG!AI46+CY!AI46+CZ!AI46+DE!AI46+DK!AI46+EE!AI46+EL!AI46+ES!AI46+FI!AI46+FR!AI46+HR!AI46+HU!AI46+IE!AI46+IT!AI46+LT!AI46+LU!AI46+LV!AI46+MT!AI46+NL!AI46+PL!AI46+PT!AI46+RO!AI46+SE!AI46+SI!AI46+SK!AI46 -> 2397351
A47: International - Extra-EU27 | B47: =AT!B47+BE!B47+BG!B47+CY!B47+CZ!B47+DE!B47+DK!B47+EE!B47+EL!B47+ES!B47+FI!B47+FR!B47+HR!B47+HU!B47+IE!B47+IT!B47+LT!B47+LU!B47+LV!B47+MT!B47+NL!B47+PL!B47+PT!B47+RO!B47+SE!B47+SI!B47+SK!B47 -> 672022 | C47: =AT!C47+BE!C47+BG!C47+CY!C47+CZ!C47+DE!C47+DK!C47+EE!C47+EL!C47+ES!C47+FI!C47+FR!C47+HR!C47+HU!C47+IE!C47+IT!C47+LT!C47+LU!C47+LV!C47+MT!C47+NL!C47+PL!C47+PT!C47+RO!C47+SE!C47+SI!C47+SK!C47 -> 670302 | D47: =AT!D47+BE!D47+BG!D47+CY!D47+CZ!D47+DE!D47+DK!D47+EE!D47+EL!D47+ES!D47+FI!D47+FR!D47+HR!D47+HU!D47+IE!D47+IT!D47+LT!D47+LU!D47+LV!D47+MT!D47+NL!D47+PL!D47+PT!D47+RO!D47+SE!D47+SI!D47+SK!D47 -> 723035 | E47: =AT!E47+BE!E47+BG!E47+CY!E47+CZ!E47+DE!E47+DK!E47+EE!E47+EL!E47+ES!E47+FI!E47+FR!E47+HR!E47+HU!E47+IE!E47+IT!E47+LT!E47+LU!E47+LV!E47+MT!E47+NL!E47+PL!E47+PT!E47+RO!E47+SE!E47+SI!E47+SK!E47 -> 763200 | F47: =AT!F47+BE!F47+BG!F47+CY!F47+CZ!F47+DE!F47+DK!F47+EE!F47+EL!F47+ES!F47+FI!F47+FR!F47+HR!F47+HU!F47+IE!F47+IT!F47+LT!F47+LU!F47+LV!F47+MT!F47+NL!F47+PL!F47+PT!F47+RO!F47+SE!F47+SI!F47+SK!F47 -> 806932 | G47: =AT!G47+BE!G47+BG!G47+CY!G47+CZ!G47+DE!G47+DK!G47+EE!G47+EL!G47+ES!G47+FI!G47+FR!G47+HR!G47+HU!G47+IE!G47+IT!G47+LT!G47+LU!G47+LV!G47+MT!G47+NL!G47+PL!G47+PT!G47+RO!G47+SE!G47+SI!G47+SK!G47 -> 866332 | H47: =AT!H47+BE!H47+BG!H47+CY!H47+CZ!H47+DE!H47+DK!H47+EE!H47+EL!H47+ES!H47+FI!H47+FR!H47+HR!H47+HU!H47+IE!H47+IT!H47+LT!H47+LU!H47+LV!H47+MT!H47+NL!H47+PL!H47+PT!H47+RO!H47+SE!H47+SI!H47+SK!H47 -> 902558 | I47: =AT!I47+BE!I47+BG!I47+CY!I47+CZ!I47+DE!I47+DK!I47+EE!I47+EL!I47+ES!I47+FI!I47+FR!I47+HR!I47+HU!I47+IE!I47+IT!I47+LT!I47+LU!I47+LV!I47+MT!I47+NL!I47+PL!I47+PT!I47+RO!I47+SE!I47+SI!I47+SK!I47 -> 952384 | ... AI47: =AT!AI47+BE!AI47+BG!AI47+CY!AI47+CZ!AI47+DE!AI47+DK!AI47+EE!AI47+EL!AI47+ES!AI47+FI!AI47+FR!AI47+HR!AI47+HU!AI47+IE!AI47+IT!AI47+LT!AI47+LU!AI47+LV!AI47+MT!AI47+NL!AI47+PL!AI47+PT!AI47+RO!AI47+SE!AI47+SI!AI47+SK!AI47 -> 1496894
A48: Freight transport | B48: =SUM(B49:B51) -> 132306 | C48: =SUM(C49:C51) -> 132328 | D48: =SUM(D49:D51) -> 133008 | E48: =SUM(E49:E51) -> 134298 | F48: =SUM(F49:F51) -> 136978 | G48: =SUM(G49:G51) -> 143332 | H48: =SUM(H49:H51) -> 150916 | I48: =SUM(I49:I51) -> 155379 | ... AI48: =SUM(AI49:AI51) -> 221453
A49: Domestic | B49: =AT!B49+BE!B49+BG!B49+CY!B49+CZ!B49+DE!B49+DK!B49+EE!B49+EL!B49+ES!B49+FI!B49+FR!B49+HR!B49+HU!B49+IE!B49+IT!B49+LT!B49+LU!B49+LV!B49+MT!B49+NL!B49+PL!B49+PT!B49+RO!B49+SE!B49+SI!B49+SK!B49 -> 62450 | C49: =AT!C49+BE!C49+BG!C49+CY!C49+CZ!C49+DE!C49+DK!C49+EE!C49+EL!C49+ES!C49+FI!C49+FR!C49+HR!C49+HU!C49+IE!C49+IT!C49+LT!C49+LU!C49+LV!C49+MT!C49+NL!C49+PL!C49+PT!C49+RO!C49+SE!C49+SI!C49+SK!C49 -> 63640 | D49: =AT!D49+BE!D49+BG!D49+CY!D49+CZ!D49+DE!D49+DK!D49+EE!D49+EL!D49+ES!D49+FI!D49+FR!D49+HR!D49+HU!D49+IE!D49+IT!D49+LT!D49+LU!D49+LV!D49+MT!D49+NL!D49+PL!D49+PT!D49+RO!D49+SE!D49+SI!D49+SK!D49 -> 59481 | E49: =AT!E49+BE!E49+BG!E49+CY!E49+CZ!E49+DE!E49+DK!E49+EE!E49+EL!E49+ES!E49+FI!E49+FR!E49+HR!E49+HU!E49+IE!E49+IT!E49+LT!E49+LU!E49+LV!E49+MT!E49+NL!E49+PL!E49+PT!E49+RO!E49+SE!E49+SI!E49+SK!E49 -> 59623 | F49: =AT!F49+BE!F49+BG!F49+CY!F49+CZ!F49+DE!F49+DK!F49+EE!F49+EL!F49+ES!F49+FI!F49+FR!F49+HR!F49+HU!F49+IE!F49+IT!F49+LT!F49+LU!F49+LV!F49+MT!F49+NL!F49+PL!F49+PT!F49+RO!F49+SE!F49+SI!F49+SK!F49 -> 55202 | G49: =AT!G49+BE!G49+BG!G49+CY!G49+CZ!G49+DE!G49+DK!G49+EE!G49+EL!G49+ES!G49+FI!G49+FR!G49+HR!G49+HU!G49+IE!G49+IT!G49+LT!G49+LU!G49+LV!G49+MT!G49+NL!G49+PL!G49+PT!G49+RO!G49+SE!G49+SI!G49+SK!G49 -> 55171 | H49: =AT!H49+BE!H49+BG!H49+CY!H49+CZ!H49+DE!H49+DK!H49+EE!H49+EL!H49+ES!H49+FI!H49+FR!H49+HR!H49+HU!H49+IE!H49+IT!H49+LT!H49+LU!H49+LV!H49+MT!H49+NL!H49+PL!H49+PT!H49+RO!H49+SE!H49+SI!H49+SK!H49 -> 58392 | I49: =AT!I49+BE!I49+BG!I49+CY!I49+CZ!I49+DE!I49+DK!I49+EE!I49+EL!I49+ES!I49+FI!I49+FR!I49+HR!I49+HU!I49+IE!I49+IT!I49+LT!I49+LU!I49+LV!I49+MT!I49+NL!I49+PL!I49+PT!I49+RO!I49+SE!I49+SI!I49+SK!I49 -> 56293 | ... AI49: =AT!AI49+BE!AI49+BG!AI49+CY!AI49+CZ!AI49+DE!AI49+DK!AI49+EE!AI49+EL!AI49+ES!AI49+FI!AI49+FR!AI49+HR!AI49+HU!AI49+IE!AI49+IT!AI49+LT!AI49+LU!AI49+LV!AI49+MT!AI49+NL!AI49+PL!AI49+PT!AI49+RO!AI49+SE!AI49+SI!AI49+SK!AI49 -> 26523
A50: International - Intra-EU27 | B50: =AT!B50+BE!B50+BG!B50+CY!B50+CZ!B50+DE!B50+DK!B50+EE!B50+EL!B50+ES!B50+FI!B50+FR!B50+HR!B50+HU!B50+IE!B50+IT!B50+LT!B50+LU!B50+LV!B50+MT!B50+NL!B50+PL!B50+PT!B50+RO!B50+SE!B50+SI!B50+SK!B50 -> 30754 | C50: =AT!C50+BE!C50+BG!C50+CY!C50+CZ!C50+DE!C50+DK!C50+EE!C50+EL!C50+ES!C50+FI!C50+FR!C50+HR!C50+HU!C50+IE!C50+IT!C50+LT!C50+LU!C50+LV!C50+MT!C50+NL!C50+PL!C50+PT!C50+RO!C50+SE!C50+SI!C50+SK!C50 -> 29988 | D50: =AT!D50+BE!D50+BG!D50+CY!D50+CZ!D50+DE!D50+DK!D50+EE!D50+EL!D50+ES!D50+FI!D50+FR!D50+HR!D50+HU!D50+IE!D50+IT!D50+LT!D50+LU!D50+LV!D50+MT!D50+NL!D50+PL!D50+PT!D50+RO!D50+SE!D50+SI!D50+SK!D50 -> 31891 | E50: =AT!E50+BE!E50+BG!E50+CY!E50+CZ!E50+DE!E50+DK!E50+EE!E50+EL!E50+ES!E50+FI!E50+FR!E50+HR!E50+HU!E50+IE!E50+IT!E50+LT!E50+LU!E50+LV!E50+MT!E50+NL!E50+PL!E50+PT!E50+RO!E50+SE!E50+SI!E50+SK!E50 -> 32289 | F50: =AT!F50+BE!F50+BG!F50+CY!F50+CZ!F50+DE!F50+DK!F50+EE!F50+EL!F50+ES!F50+FI!F50+FR!F50+HR!F50+HU!F50+IE!F50+IT!F50+LT!F50+LU!F50+LV!F50+MT!F50+NL!F50+PL!F50+PT!F50+RO!F50+SE!F50+SI!F50+SK!F50 -> 35566 | G50: =AT!G50+BE!G50+BG!G50+CY!G50+CZ!G50+DE!G50+DK!G50+EE!G50+EL!G50+ES!G50+FI!G50+FR!G50+HR!G50+HU!G50+IE!G50+IT!G50+LT!G50+LU!G50+LV!G50+MT!G50+NL!G50+PL!G50+PT!G50+RO!G50+SE!G50+SI!G50+SK!G50 -> 37702 | H50: =AT!H50+BE!H50+BG!H50+CY!H50+CZ!H50+DE!H50+DK!H50+EE!H50+EL!H50+ES!H50+FI!H50+FR!H50+HR!H50+HU!H50+IE!H50+IT!H50+LT!H50+LU!H50+LV!H50+MT!H50+NL!H50+PL!H50+PT!H50+RO!H50+SE!H50+SI!H50+SK!H50 -> 39580 | I50: =AT!I50+BE!I50+BG!I50+CY!I50+CZ!I50+DE!I50+DK!I50+EE!I50+EL!I50+ES!I50+FI!I50+FR!I50+HR!I50+HU!I50+IE!I50+IT!I50+LT!I50+LU!I50+LV!I50+MT!I50+NL!I50+PL!I50+PT!I50+RO!I50+SE!I50+SI!I50+SK!I50 -> 42243 | ... AI50: =AT!AI50+BE!AI50+BG!AI50+CY!AI50+CZ!AI50+DE!AI50+DK!AI50+EE!AI50+EL!AI50+ES!AI50+FI!AI50+FR!AI50+HR!AI50+HU!AI50+IE!AI50+IT!AI50+LT!AI50+LU!AI50+LV!AI50+MT!AI50+NL!AI50+PL!AI50+PT!AI50+RO!AI50+SE!AI50+SI!AI50+SK!AI50 -> 91860
A51: International - Extra-EU27 | B51: =AT!B51+BE!B51+BG!B51+CY!B51+CZ!B51+DE!B51+DK!B51+EE!B51+EL!B51+ES!B51+FI!B51+FR!B51+HR!B51+HU!B51+IE!B51+IT!B51+LT!B51+LU!B51+LV!B51+MT!B51+NL!B51+PL!B51+PT!B51+RO!B51+SE!B51+SI!B51+SK!B51 -> 39102 | C51: =AT!C51+BE!C51+BG!C51+CY!C51+CZ!C51+DE!C51+DK!C51+EE!C51+EL!C51+ES!C51+FI!C51+FR!C51+HR!C51+HU!C51+IE!C51+IT!C51+LT!C51+LU!C51+LV!C51+MT!C51+NL!C51+PL!C51+PT!C51+RO!C51+SE!C51+SI!C51+SK!C51 -> 38700 | D51: =AT!D51+BE!D51+BG!D51+CY!D51+CZ!D51+DE!D51+DK!D51+EE!D51+EL!D51+ES!D51+FI!D51+FR!D51+HR!D51+HU!D51+IE!D51+IT!D51+LT!D51+LU!D51+LV!D51+MT!D51+NL!D51+PL!D51+PT!D51+RO!D51+SE!D51+SI!D51+SK!D51 -> 41636 | E51: =AT!E51+BE!E51+BG!E51+CY!E51+CZ!E51+DE!E51+DK!E51+EE!E51+EL!E51+ES!E51+FI!E51+FR!E51+HR!E51+HU!E51+IE!E51+IT!E51+LT!E51+LU!E51+LV!E51+MT!E51+NL!E51+PL!E51+PT!E51+RO!E51+SE!E51+SI!E51+SK!E51 -> 42386 | F51: =AT!F51+BE!F51+BG!F51+CY!F51+CZ!F51+DE!F51+DK!F51+EE!F51+EL!F51+ES!F51+FI!F51+FR!F51+HR!F51+HU!F51+IE!F51+IT!F51+LT!F51+LU!F51+LV!F51+MT!F51+NL!F51+PL!F51+PT!F51+RO!F51+SE!F51+SI!F51+SK!F51 -> 46210 | G51: =AT!G51+BE!G51+BG!G51+CY!G51+CZ!G51+DE!G51+DK!G51+EE!G51+EL!G51+ES!G51+FI!G51+FR!G51+HR!G51+HU!G51+IE!G51+IT!G51+LT!G51+LU!G51+LV!G51+MT!G51+NL!G51+PL!G51+PT!G51+RO!G51+SE!G51+SI!G51+SK!G51 -> 50459 | H51: =AT!H51+BE!H51+BG!H51+CY!H51+CZ!H51+DE!H51+DK!H51+EE!H51+EL!H51+ES!H51+FI!H51+FR!H51+HR!H51+HU!H51+IE!H51+IT!H51+LT!H51+LU!H51+LV!H51+MT!H51+NL!H51+PL!H51+PT!H51+RO!H51+SE!H51+SI!H51+SK!H51 -> 52944 | I51: =AT!I51+BE!I51+BG!I51+CY!I51+CZ!I51+DE!I51+DK!I51+EE!I51+EL!I51+ES!I51+FI!I51+FR!I51+HR!I51+HU!I51+IE!I51+IT!I51+LT!I51+LU!I51+LV!I51+MT!I51+NL!I51+PL!I51+PT!I51+RO!I51+SE!I51+SI!I51+SK!I51 -> 56843 | ... AI51: =AT!AI51+BE!AI51+BG!AI51+CY!AI51+CZ!AI51+DE!AI51+DK!AI51+EE!AI51+EL!AI51+ES!AI51+FI!AI51+FR!AI51+HR!AI51+HU!AI51+IE!AI51+IT!AI51+LT!AI51+LU!AI51+LV!AI51+MT!AI51+NL!AI51+PL!AI51+PT!AI51+RO!AI51+SE!AI51+SI!AI51+SK!AI51 -> 103070
A53: Distance travelled per flight (km/flight) | B53: =IF(AND(B23=0,B43=0),0,IF(OR(B23=0,B43=0),1/0,1000000*B23/B43)) -> 1176.0071 | C53: =IF(AND(C23=0,C43=0),0,IF(OR(C23=0,C43=0),1/0,1000000*C23/C43)) -> 1178.5766 | D53: =IF(AND(D23=0,D43=0),0,IF(OR(D23=0,D43=0),1/0,1000000*D23/D43)) -> 1214.5963 | E53: =IF(AND(E23=0,E43=0),0,IF(OR(E23=0,E43=0),1/0,1000000*E23/E43)) -> 1219.4895 | F53: =IF(AND(F23=0,F43=0),0,IF(OR(F23=0,F43=0),1/0,1000000*F23/F43)) -> 1252.8624 | G53: =IF(AND(G23=0,G43=0),0,IF(OR(G23=0,G43=0),1/0,1000000*G23/G43)) -> 1262.2597 | H53: =IF(AND(H23=0,H43=0),0,IF(OR(H23=0,H43=0),1/0,1000000*H23/H43)) -> 1265.7331 | I53: =IF(AND(I23=0,I43=0),0,IF(OR(I23=0,I43=0),1/0,1000000*I23/I43)) -> 1266.873 | ... AI53: =IF(AND(AI23=0,AI43=0),0,IF(OR(AI23=0,AI43=0),1/0,1000000*AI23/AI43)) -> 1625.9427
A54: Passenger transport | B54: =IF(AND(B24=0,B44=0),0,IF(OR(B24=0,B44=0),1/0,1000000*B24/B44)) -> 1153.2357 | C54: =IF(AND(C24=0,C44=0),0,IF(OR(C24=0,C44=0),1/0,1000000*C24/C44)) -> 1156.2271 | D54: =IF(AND(D24=0,D44=0),0,IF(OR(D24=0,D44=0),1/0,1000000*D24/D44)) -> 1190.1462 | E54: =IF(AND(E24=0,E44=0),0,IF(OR(E24=0,E44=0),1/0,1000000*E24/E44)) -> 1195.2831 | F54: =IF(AND(F24=0,F44=0),0,IF(OR(F24=0,F44=0),1/0,1000000*F24/F44)) -> 1226.1439 | G54: =IF(AND(G24=0,G44=0),0,IF(OR(G24=0,G44=0),1/0,1000000*G24/G44)) -> 1234.017 | H54: =IF(AND(H24=0,H44=0),0,IF(OR(H24=0,H44=0),1/0,1000000*H24/H44)) -> 1237.4393 | I54: =IF(AND(I24=0,I44=0),0,IF(OR(I24=0,I44=0),1/0,1000000*I24/I44)) -> 1237.1772 | ... AI54: =IF(AND(AI24=0,AI44=0),0,IF(OR(AI24=0,AI44=0),1/0,1000000*AI24/AI44)) -> 1573.6596
A55: Domestic | B55: =IF(AND(B25=0,B45=0),0,IF(OR(B25=0,B45=0),1/0,1000000*B25/B45)) -> 557.62762 | C55: =IF(AND(C25=0,C45=0),0,IF(OR(C25=0,C45=0),1/0,1000000*C25/C45)) -> 562.72042 | D55: =IF(AND(D25=0,D45=0),0,IF(OR(D25=0,D45=0),1/0,1000000*D25/D45)) -> 568.92909 | E55: =IF(AND(E25=0,E45=0),0,IF(OR(E25=0,E45=0),1/0,1000000*E25/E45)) -> 567.86016 | F55: =IF(AND(F25=0,F45=0),0,IF(OR(F25=0,F45=0),1/0,1000000*F25/F45)) -> 566.3896 | G55: =IF(AND(G25=0,G45=0),0,IF(OR(G25=0,G45=0),1/0,1000000*G25/G45)) -> 564.60974 | H55: =IF(AND(H25=0,H45=0),0,IF(OR(H25=0,H45=0),1/0,1000000*H25/H45)) -> 567.68018 | I55: =IF(AND(I25=0,I45=0),0,IF(OR(I25=0,I45=0),1/0,1000000*I25/I45)) -> 567.16263 | ... AI55: =IF(AND(AI25=0,AI45=0),0,IF(OR(AI25=0,AI45=0),1/0,1000000*AI25/AI45)) -> 670.19589
A56: International - Intra-EU27 | B56: =IF(AND(B26=0,B46=0),0,IF(OR(B26=0,B46=0),1/0,1000000*B26/B46)) -> 1171.9499 | C56: =IF(AND(C26=0,C46=0),0,IF(OR(C26=0,C46=0),1/0,1000000*C26/C46)) -> 1177.8611 | D56: =IF(AND(D26=0,D46=0),0,IF(OR(D26=0,D46=0),1/0,1000000*D26/D46)) -> 1181.2706 | E56: =IF(AND(E26=0,E46=0),0,IF(OR(E26=0,E46=0),1/0,1000000*E26/E46)) -> 1181.4655 | F56: =IF(AND(F26=0,F46=0),0,IF(OR(F26=0,F46=0),1/0,1000000*F26/F46)) -> 1184.9543 | G56: =IF(AND(G26=0,G46=0),0,IF(OR(G26=0,G46=0),1/0,1000000*G26/G46)) -> 1178.1409 | H56: =IF(AND(H26=0,H46=0),0,IF(OR(H26=0,H46=0),1/0,1000000*H26/H46)) -> 1174.2871 | I56: =IF(AND(I26=0,I46=0),0,IF(OR(I26=0,I46=0),1/0,1000000*I26/I46)) -> 1177.2809 | ... AI56: =IF(AND(AI26=0,AI46=0),0,IF(OR(AI26=0,AI46=0),1/0,1000000*AI26/AI46)) -> 1353.9175
A57: International - Extra-EU27 | B57: =IF(AND(B27=0,B47=0),0,IF(OR(B27=0,B47=0),1/0,1000000*B27/B47)) -> 2361.8873 | C57: =IF(AND(C27=0,C47=0),0,IF(OR(C27=0,C47=0),1/0,1000000*C27/C47)) -> 2373.7223 | D57: =IF(AND(D27=0,D47=0),0,IF(OR(D27=0,D47=0),1/0,1000000*D27/D47)) -> 2401.5808 | E57: =IF(AND(E27=0,E47=0),0,IF(OR(E27=0,E47=0),1/0,1000000*E27/E47)) -> 2367.3891 | F57: =IF(AND(F27=0,F47=0),0,IF(OR(F27=0,F47=0),1/0,1000000*F27/F47)) -> 2393.8195 | G57: =IF(AND(G27=0,G47=0),0,IF(OR(G27=0,G47=0),1/0,1000000*G27/G47)) -> 2406.5664 | H57: =IF(AND(H27=0,H47=0),0,IF(OR(H27=0,H47=0),1/0,1000000*H27/H47)) -> 2439.5028 | I57: =IF(AND(I27=0,I47=0),0,IF(OR(I27=0,I47=0),1/0,1000000*I27/I47)) -> 2424.1856 | ... AI57: =IF(AND(AI27=0,AI47=0),0,IF(OR(AI27=0,AI47=0),1/0,1000000*AI27/AI47)) -> 2716.365
A58: Freight transport | B58: =IF(AND(B28=0,B48=0),0,IF(OR(B28=0,B48=0),1/0,1000000*B28/B48)) -> 1716.0376 | C58: =IF(AND(C28=0,C48=0),0,IF(OR(C28=0,C48=0),1/0,1000000*C28/C48)) -> 1710.9864 | D58: =IF(AND(D28=0,D48=0),0,IF(OR(D28=0,D48=0),1/0,1000000*D28/D48)) -> 1813.6249 | E58: =IF(AND(E28=0,E48=0),0,IF(OR(E28=0,E48=0),1/0,1000000*E28/E48)) -> 1824.9169 | F58: =IF(AND(F28=0,F48=0),0,IF(OR(F28=0,F48=0),1/0,1000000*F28/F48)) -> 1926.3876 | G58: =IF(AND(G28=0,G48=0),0,IF(OR(G28=0,G48=0),1/0,1000000*G28/G48)) -> 1983.4581 | H58: =IF(AND(H28=0,H48=0),0,IF(OR(H28=0,H48=0),1/0,1000000*H28/H48)) -> 1982.6996 | I58: =IF(AND(I28=0,I48=0),0,IF(OR(I28=0,I48=0),1/0,1000000*I28/I48)) -> 2032.3632 | ... AI58: =IF(AND(AI28=0,AI48=0),0,IF(OR(AI28=0,AI48=0),1/0,1000000*AI28/AI48)) -> 2854.6645
A59: Domestic | B59: =IF(AND(B29=0,B49=0),0,IF(OR(B29=0,B49=0),1/0,1000000*B29/B49)) -> 534.4477 | C59: =IF(AND(C29=0,C49=0),0,IF(OR(C29=0,C49=0),1/0,1000000*C29/C49)) -> 546.28788 | D59: =IF(AND(D29=0,D49=0),0,IF(OR(D29=0,D49=0),1/0,1000000*D29/D49)) -> 559.17791 | E59: =IF(AND(E29=0,E49=0),0,IF(OR(E29=0,E49=0),1/0,1000000*E29/E49)) -> 559.4881 | F59: =IF(AND(F29=0,F49=0),0,IF(OR(F29=0,F49=0),1/0,1000000*F29/F49)) -> 558.38742 | G59: =IF(AND(G29=0,G49=0),0,IF(OR(G29=0,G49=0),1/0,1000000*G29/G49)) -> 555.74546 | H59: =IF(AND(H29=0,H49=0),0,IF(OR(H29=0,H49=0),1/0,1000000*H29/H49)) -> 559.86345 | I59: =IF(AND(I29=0,I49=0),0,IF(OR(I29=0,I49=0),1/0,1000000*I29/I49)) -> 567.9742 | ... AI59: =IF(AND(AI29=0,AI49=0),0,IF(OR(AI29=0,AI49=0),1/0,1000000*AI29/AI49)) -> 494.32868
A60: International - Intra-EU27 | B60: =IF(AND(B30=0,B50=0),0,IF(OR(B30=0,B50=0),1/0,1000000*B30/B50)) -> 927.00036 | C60: =IF(AND(C30=0,C50=0),0,IF(OR(C30=0,C50=0),1/0,1000000*C30/C50)) -> 930.67175 | D60: =IF(AND(D30=0,D50=0),0,IF(OR(D30=0,D50=0),1/0,1000000*D30/D50)) -> 930.17586 | E60: =IF(AND(E30=0,E50=0),0,IF(OR(E30=0,E50=0),1/0,1000000*E30/E50)) -> 929.27662 | F60: =IF(AND(F30=0,F50=0),0,IF(OR(F30=0,F50=0),1/0,1000000*F30/F50)) -> 929.68647 | G60: =IF(AND(G30=0,G50=0),0,IF(OR(G30=0,G50=0),1/0,1000000*G30/G50)) -> 924.90937 | H60: =IF(AND(H30=0,H50=0),0,IF(OR(H30=0,H50=0),1/0,1000000*H30/H50)) -> 923.87535 | I60: =IF(AND(I30=0,I50=0),0,IF(OR(I30=0,I50=0),1/0,1000000*I30/I50)) -> 921.29459 | ... AI60: =IF(AND(AI30=0,AI50=0),0,IF(OR(AI30=0,AI50=0),1/0,1000000*AI30/AI50)) -> 951.69695
A61: International - Extra-EU27 | B61: =IF(AND(B31=0,B51=0),0,IF(OR(B31=0,B51=0),1/0,1000000*B31/B51)) -> 4223.7443 | C61: =IF(AND(C31=0,C51=0),0,IF(OR(C31=0,C51=0),1/0,1000000*C31/C51)) -> 4230.9216 | D61: =IF(AND(D31=0,D51=0),0,IF(OR(D31=0,D51=0),1/0,1000000*D31/D51)) -> 4282.398 | E61: =IF(AND(E31=0,E51=0),0,IF(OR(E31=0,E51=0),1/0,1000000*E31/E51)) -> 4287.2392 | F61: =IF(AND(F31=0,F51=0),0,IF(OR(F31=0,F51=0),1/0,1000000*F31/F51)) -> 4327.7079 | G61: =IF(AND(G31=0,G51=0),0,IF(OR(G31=0,G51=0),1/0,1000000*G31/G51)) -> 4335.422 | H61: =IF(AND(H31=0,H51=0),0,IF(OR(H31=0,H51=0),1/0,1000000*H31/H51)) -> 4343.5055 | I61: =IF(AND(I31=0,I51=0),0,IF(OR(I31=0,I51=0),1/0,1000000*I31/I51)) -> 4308.2762 | ... AI61: =IF(AND(AI31=0,AI51=0),0,IF(OR(AI31=0,AI51=0),1/0,1000000*AI31/AI51)) -> 5158.0486
A63: Passenger-km and tonne-km per flight
A64: Passenger transport (pkm/flight) | B64: =IF(AND(B4=0,B44=0),0,IF(OR(B4=0,B44=0),1/0,1000000*B4/B44)) -> 131374.89 | C64: =IF(AND(C4=0,C44=0),0,IF(OR(C4=0,C44=0),1/0,1000000*C4/C44)) -> 132236.79 | D64: =IF(AND(D4=0,D44=0),0,IF(OR(D4=0,D44=0),1/0,1000000*D4/D44)) -> 137983.11 | E64: =IF(AND(E4=0,E44=0),0,IF(OR(E4=0,E44=0),1/0,1000000*E4/E44)) -> 139812.69 | F64: =IF(AND(F4=0,F44=0),0,IF(OR(F4=0,F44=0),1/0,1000000*F4/F44)) -> 145087.17 | G64: =IF(AND(G4=0,G44=0),0,IF(OR(G4=0,G44=0),1/0,1000000*G4/G44)) -> 147164.42 | H64: =IF(AND(H4=0,H44=0),0,IF(OR(H4=0,H44=0),1/0,1000000*H4/H44)) -> 149718.36 | I64: =IF(AND(I4=0,I44=0),0,IF(OR(I4=0,I44=0),1/0,1000000*I4/I44)) -> 151793.9 | ... AI64: =IF(AND(AI4=0,AI44=0),0,IF(OR(AI4=0,AI44=0),1/0,1000000*AI4/AI44)) -> 269391.35
A65: Domestic | B65: =IF(AND(B5=0,B45=0),0,IF(OR(B5=0,B45=0),1/0,1000000*B5/B45)) -> 40561.5 | C65: =IF(AND(C5=0,C45=0),0,IF(OR(C5=0,C45=0),1/0,1000000*C5/C45)) -> 40424.49 | D65: =IF(AND(D5=0,D45=0),0,IF(OR(D5=0,D45=0),1/0,1000000*D5/D45)) -> 41168.484 | E65: =IF(AND(E5=0,E45=0),0,IF(OR(E5=0,E45=0),1/0,1000000*E5/E45)) -> 40916.638 | F65: =IF(AND(F5=0,F45=0),0,IF(OR(F5=0,F45=0),1/0,1000000*F5/F45)) -> 40757.361 | G65: =IF(AND(G5=0,G45=0),0,IF(OR(G5=0,G45=0),1/0,1000000*G5/G45)) -> 41105.719 | H65: =IF(AND(H5=0,H45=0),0,IF(OR(H5=0,H45=0),1/0,1000000*H5/H45)) -> 41823.636 | I65: =IF(AND(I5=0,I45=0),0,IF(OR(I5=0,I45=0),1/0,1000000*I5/I45)) -> 42058.254 | ... AI65: =IF(AND(AI5=0,AI45=0),0,IF(OR(AI5=0,AI45=0),1/0,1000000*AI5/AI45)) -> 87135.268
A66: International - Intra-EU27 | B66: =IF(AND(B6=0,B46=0),0,IF(OR(B6=0,B46=0),1/0,1000000*B6/B46)) -> 122717.18 | C66: =IF(AND(C6=0,C46=0),0,IF(OR(C6=0,C46=0),1/0,1000000*C6/C46)) -> 124413.74 | D66: =IF(AND(D6=0,D46=0),0,IF(OR(D6=0,D46=0),1/0,1000000*D6/D46)) -> 126382.3 | E66: =IF(AND(E6=0,E46=0),0,IF(OR(E6=0,E46=0),1/0,1000000*E6/E46)) -> 127703.57 | F66: =IF(AND(F6=0,F46=0),0,IF(OR(F6=0,F46=0),1/0,1000000*F6/F46)) -> 129851.39 | G66: =IF(AND(G6=0,G46=0),0,IF(OR(G6=0,G46=0),1/0,1000000*G6/G46)) -> 128999.68 | H66: =IF(AND(H6=0,H46=0),0,IF(OR(H6=0,H46=0),1/0,1000000*H6/H46)) -> 131402.21 | I66: =IF(AND(I6=0,I46=0),0,IF(OR(I6=0,I46=0),1/0,1000000*I6/I46)) -> 134741.38 | ... AI66: =IF(AND(AI6=0,AI46=0),0,IF(OR(AI6=0,AI46=0),1/0,1000000*AI6/AI46)) -> 195153.75
A67: International - Extra-EU27 | B67: =IF(AND(B7=0,B47=0),0,IF(OR(B7=0,B47=0),1/0,1000000*B7/B47)) -> 333960.26 | C67: =IF(AND(C7=0,C47=0),0,IF(OR(C7=0,C47=0),1/0,1000000*C7/C47)) -> 338374.59 | D67: =IF(AND(D7=0,D47=0),0,IF(OR(D7=0,D47=0),1/0,1000000*D7/D47)) -> 342919.39 | E67: =IF(AND(E7=0,E47=0),0,IF(OR(E7=0,E47=0),1/0,1000000*E7/E47)) -> 340130.46 | F67: =IF(AND(F7=0,F47=0),0,IF(OR(F7=0,F47=0),1/0,1000000*F7/F47)) -> 343777.62 | G67: =IF(AND(G7=0,G47=0),0,IF(OR(G7=0,G47=0),1/0,1000000*G7/G47)) -> 347906.87 | H67: =IF(AND(H7=0,H47=0),0,IF(OR(H7=0,H47=0),1/0,1000000*H7/H47)) -> 356331.51 | I67: =IF(AND(I7=0,I47=0),0,IF(OR(I7=0,I47=0),1/0,1000000*I7/I47)) -> 357608.44 | ... AI67: =IF(AND(AI7=0,AI47=0),0,IF(OR(AI7=0,AI47=0),1/0,1000000*AI7/AI47)) -> 547810.45
A68: Freight transport (tkm/flight) | B68: =IF(AND(B8=0,B48=0),0,IF(OR(B8=0,B48=0),1/0,1000000*B8/B48)) -> 103790.43 | C68: =IF(AND(C8=0,C48=0),0,IF(OR(C8=0,C48=0),1/0,1000000*C8/C48)) -> 102733.36 | D68: =IF(AND(D8=0,D48=0),0,IF(OR(D8=0,D48=0),1/0,1000000*D8/D48)) -> 111137.72 | E68: =IF(AND(E8=0,E48=0),0,IF(OR(E8=0,E48=0),1/0,1000000*E8/E48)) -> 114675.7 | F68: =IF(AND(F8=0,F48=0),0,IF(OR(F8=0,F48=0),1/0,1000000*F8/F48)) -> 123695.78 | G68: =IF(AND(G8=0,G48=0),0,IF(OR(G8=0,G48=0),1/0,1000000*G8/G48)) -> 128208.73 | H68: =IF(AND(H8=0,H48=0),0,IF(OR(H8=0,H48=0),1/0,1000000*H8/H48)) -> 125822.55 | I68: =IF(AND(I8=0,I48=0),0,IF(OR(I8=0,I48=0),1/0,1000000*I8/I48)) -> 131615.04 | ... AI68: =IF(AND(AI8=0,AI48=0),0,IF(OR(AI8=0,AI48=0),1/0,1000000*AI8/AI48)) -> 192616.36
A69: Domestic | B69: =IF(AND(B9=0,B49=0),0,IF(OR(B9=0,B49=0),1/0,1000000*B9/B49)) -> 5648.7846 | C69: =IF(AND(C9=0,C49=0),0,IF(OR(C9=0,C49=0),1/0,1000000*C9/C49)) -> 5702.5746 | D69: =IF(AND(D9=0,D49=0),0,IF(OR(D9=0,D49=0),1/0,1000000*D9/D49)) -> 5967.3073 | E69: =IF(AND(E9=0,E49=0),0,IF(OR(E9=0,E49=0),1/0,1000000*E9/E49)) -> 6022.5821 | F69: =IF(AND(F9=0,F49=0),0,IF(OR(F9=0,F49=0),1/0,1000000*F9/F49)) -> 6153.3076 | G69: =IF(AND(G9=0,G49=0),0,IF(OR(G9=0,G49=0),1/0,1000000*G9/G49)) -> 6196.5851 | H69: =IF(AND(H9=0,H49=0),0,IF(OR(H9=0,H49=0),1/0,1000000*H9/H49)) -> 6242.951 | I69: =IF(AND(I9=0,I49=0),0,IF(OR(I9=0,I49=0),1/0,1000000*I9/I49)) -> 6468.8862 | ... AI69: =IF(AND(AI9=0,AI49=0),0,IF(OR(AI9=0,AI49=0),1/0,1000000*AI9/AI49)) -> 7846.2549
A70: International - Intra-EU27 | B70: =IF(AND(B10=0,B50=0),0,IF(OR(B10=0,B50=0),1/0,1000000*B10/B50)) -> 27938.397 | C70: =IF(AND(C10=0,C50=0),0,IF(OR(C10=0,C50=0),1/0,1000000*C10/C50)) -> 28026.708 | D70: =IF(AND(D10=0,D50=0),0,IF(OR(D10=0,D50=0),1/0,1000000*D10/D50)) -> 27986.913 | E70: =IF(AND(E10=0,E50=0),0,IF(OR(E10=0,E50=0),1/0,1000000*E10/E50)) -> 28543.668 | F70: =IF(AND(F10=0,F50=0),0,IF(OR(F10=0,F50=0),1/0,1000000*F10/F50)) -> 28700.468 | G70: =IF(AND(G10=0,G50=0),0,IF(OR(G10=0,G50=0),1/0,1000000*G10/G50)) -> 28548.982 | H70: =IF(AND(H10=0,H50=0),0,IF(OR(H10=0,H50=0),1/0,1000000*H10/H50)) -> 27696.662 | I70: =IF(AND(I10=0,I50=0),0,IF(OR(I10=0,I50=0),1/0,1000000*I10/I50)) -> 27974.168 | ... AI70: =IF(AND(AI10=0,AI50=0),0,IF(OR(AI10=0,AI50=0),1/0,1000000*AI10/AI50)) -> 21532.31
A71: International - Extra-EU27 | B71: =IF(AND(B11=0,B51=0),0,IF(OR(B11=0,B51=0),1/0,1000000*B11/B51)) -> 320191.11 | C71: =IF(AND(C11=0,C51=0),0,IF(OR(C11=0,C51=0),1/0,1000000*C11/C51)) -> 320184.07 | D71: =IF(AND(D11=0,D51=0),0,IF(OR(D11=0,D51=0),1/0,1000000*D11/D51)) -> 325072.87 | E71: =IF(AND(E11=0,E51=0),0,IF(OR(E11=0,E51=0),1/0,1000000*E11/E51)) -> 333128.54 | F71: =IF(AND(F11=0,F51=0),0,IF(OR(F11=0,F51=0),1/0,1000000*F11/F51)) -> 337224.94 | G71: =IF(AND(G11=0,G51=0),0,IF(OR(G11=0,G51=0),1/0,1000000*G11/G51)) -> 336078.56 | H71: =IF(AND(H11=0,H51=0),0,IF(OR(H11=0,H51=0),1/0,1000000*H11/H51)) -> 331064.23 | I71: =IF(AND(I11=0,I51=0),0,IF(OR(I11=0,I51=0),1/0,1000000*I11/I51)) -> 332571.26 | ... AI71: =IF(AND(AI11=0,AI51=0),0,IF(OR(AI11=0,AI51=0),1/0,1000000*AI11/AI51)) -> 392640.02
A73: Volume carried in departing flights
A74: Passenger transport (passengers) | B74: =SUM(B75:B77) -> 227553053 | C74: =SUM(C75:C77) -> 229801485 | D74: =SUM(D75:D77) -> 240739585 | E74: =SUM(E75:E77) -> 249942507 | F74: =SUM(F75:F77) -> 259999801 | G74: =SUM(G75:G77) -> 277041048 | H74: =SUM(H75:H77) -> 290854331 | I74: =SUM(I75:I77) -> 307740319 | ... AI74: =SUM(AI75:AI77) -> 718271156
A75: Domestic | B75: =AT!B75+BE!B75+BG!B75+CY!B75+CZ!B75+DE!B75+DK!B75+EE!B75+EL!B75+ES!B75+FI!B75+FR!B75+HR!B75+HU!B75+IE!B75+IT!B75+LT!B75+LU!B75+LV!B75+MT!B75+NL!B75+PL!B75+PT!B75+RO!B75+SE!B75+SI!B75+SK!B75 -> 88135095 | C75: =AT!C75+BE!C75+BG!C75+CY!C75+CZ!C75+DE!C75+DK!C75+EE!C75+EL!C75+ES!C75+FI!C75+FR!C75+HR!C75+HU!C75+IE!C75+IT!C75+LT!C75+LU!C75+LV!C75+MT!C75+NL!C75+PL!C75+PT!C75+RO!C75+SE!C75+SI!C75+SK!C75 -> 88973751 | D75: =AT!D75+BE!D75+BG!D75+CY!D75+CZ!D75+DE!D75+DK!D75+EE!D75+EL!D75+ES!D75+FI!D75+FR!D75+HR!D75+HU!D75+IE!D75+IT!D75+LT!D75+LU!D75+LV!D75+MT!D75+NL!D75+PL!D75+PT!D75+RO!D75+SE!D75+SI!D75+SK!D75 -> 88140921 | E75: =AT!E75+BE!E75+BG!E75+CY!E75+CZ!E75+DE!E75+DK!E75+EE!E75+EL!E75+ES!E75+FI!E75+FR!E75+HR!E75+HU!E75+IE!E75+IT!E75+LT!E75+LU!E75+LV!E75+MT!E75+NL!E75+PL!E75+PT!E75+RO!E75+SE!E75+SI!E75+SK!E75 -> 88470814 | F75: =AT!F75+BE!F75+BG!F75+CY!F75+CZ!F75+DE!F75+DK!F75+EE!F75+EL!F75+ES!F75+FI!F75+FR!F75+HR!F75+HU!F75+IE!F75+IT!F75+LT!F75+LU!F75+LV!F75+MT!F75+NL!F75+PL!F75+PT!F75+RO!F75+SE!F75+SI!F75+SK!F75 -> 85147918 | G75: =AT!G75+BE!G75+BG!G75+CY!G75+CZ!G75+DE!G75+DK!G75+EE!G75+EL!G75+ES!G75+FI!G75+FR!G75+HR!G75+HU!G75+IE!G75+IT!G75+LT!G75+LU!G75+LV!G75+MT!G75+NL!G75+PL!G75+PT!G75+RO!G75+SE!G75+SI!G75+SK!G75 -> 89221746 | H75: =AT!H75+BE!H75+BG!H75+CY!H75+CZ!H75+DE!H75+DK!H75+EE!H75+EL!H75+ES!H75+FI!H75+FR!H75+HR!H75+HU!H75+IE!H75+IT!H75+LT!H75+LU!H75+LV!H75+MT!H75+NL!H75+PL!H75+PT!H75+RO!H75+SE!H75+SI!H75+SK!H75 -> 95374432 | I75: =AT!I75+BE!I75+BG!I75+CY!I75+CZ!I75+DE!I75+DK!I75+EE!I75+EL!I75+ES!I75+FI!I75+FR!I75+HR!I75+HU!I75+IE!I75+IT!I75+LT!I75+LU!I75+LV!I75+MT!I75+NL!I75+PL!I75+PT!I75+RO!I75+SE!I75+SI!I75+SK!I75 -> 100313364 | ... AI75: =AT!AI75+BE!AI75+BG!AI75+CY!AI75+CZ!AI75+DE!AI75+DK!AI75+EE!AI75+EL!AI75+ES!AI75+FI!AI75+FR!AI75+HR!AI75+HU!AI75+IE!AI75+IT!AI75+LT!AI75+LU!AI75+LV!AI75+MT!AI75+NL!AI75+PL!AI75+PT!AI75+RO!AI75+SE!AI75+SI!AI75+SK!AI75 -> 145558233
A76: International - Intra-EU27 | B76: =AT!B76+BE!B76+BG!B76+CY!B76+CZ!B76+DE!B76+DK!B76+EE!B76+EL!B76+ES!B76+FI!B76+FR!B76+HR!B76+HU!B76+IE!B76+IT!B76+LT!B76+LU!B76+LV!B76+MT!B76+NL!B76+PL!B76+PT!B76+RO!B76+SE!B76+SI!B76+SK!B76 -> 71867959 | C76: =AT!C76+BE!C76+BG!C76+CY!C76+CZ!C76+DE!C76+DK!C76+EE!C76+EL!C76+ES!C76+FI!C76+FR!C76+HR!C76+HU!C76+IE!C76+IT!C76+LT!C76+LU!C76+LV!C76+MT!C76+NL!C76+PL!C76+PT!C76+RO!C76+SE!C76+SI!C76+SK!C76 -> 72553714 | D76: =AT!D76+BE!D76+BG!D76+CY!D76+CZ!D76+DE!D76+DK!D76+EE!D76+EL!D76+ES!D76+FI!D76+FR!D76+HR!D76+HU!D76+IE!D76+IT!D76+LT!D76+LU!D76+LV!D76+MT!D76+NL!D76+PL!D76+PT!D76+RO!D76+SE!D76+SI!D76+SK!D76 -> 78580977 | E76: =AT!E76+BE!E76+BG!E76+CY!E76+CZ!E76+DE!E76+DK!E76+EE!E76+EL!E76+ES!E76+FI!E76+FR!E76+HR!E76+HU!E76+IE!E76+IT!E76+LT!E76+LU!E76+LV!E76+MT!E76+NL!E76+PL!E76+PT!E76+RO!E76+SE!E76+SI!E76+SK!E76 -> 83160089 | F76: =AT!F76+BE!F76+BG!F76+CY!F76+CZ!F76+DE!F76+DK!F76+EE!F76+EL!F76+ES!F76+FI!F76+FR!F76+HR!F76+HU!F76+IE!F76+IT!F76+LT!F76+LU!F76+LV!F76+MT!F76+NL!F76+PL!F76+PT!F76+RO!F76+SE!F76+SI!F76+SK!F76 -> 91403561 | G76: =AT!G76+BE!G76+BG!G76+CY!G76+CZ!G76+DE!G76+DK!G76+EE!G76+EL!G76+ES!G76+FI!G76+FR!G76+HR!G76+HU!G76+IE!G76+IT!G76+LT!G76+LU!G76+LV!G76+MT!G76+NL!G76+PL!G76+PT!G76+RO!G76+SE!G76+SI!G76+SK!G76 -> 97985573 | H76: =AT!H76+BE!H76+BG!H76+CY!H76+CZ!H76+DE!H76+DK!H76+EE!H76+EL!H76+ES!H76+FI!H76+FR!H76+HR!H76+HU!H76+IE!H76+IT!H76+LT!H76+LU!H76+LV!H76+MT!H76+NL!H76+PL!H76+PT!H76+RO!H76+SE!H76+SI!H76+SK!H76 -> 101601596 | I76: =AT!I76+BE!I76+BG!I76+CY!I76+CZ!I76+DE!I76+DK!I76+EE!I76+EL!I76+ES!I76+FI!I76+FR!I76+HR!I76+HU!I76+IE!I76+IT!I76+LT!I76+LU!I76+LV!I76+MT!I76+NL!I76+PL!I76+PT!I76+RO!I76+SE!I76+SI!I76+SK!I76 -> 107689930 | ... AI76: =AT!AI76+BE!AI76+BG!AI76+CY!AI76+CZ!AI76+DE!AI76+DK!AI76+EE!AI76+EL!AI76+ES!AI76+FI!AI76+FR!AI76+HR!AI76+HU!AI76+IE!AI76+IT!AI76+LT!AI76+LU!AI76+LV!AI76+MT!AI76+NL!AI76+PL!AI76+PT!AI76+RO!AI76+SE!AI76+SI!AI76+SK!AI76 -> 333980960
A77: International - Extra-EU27 | B77: =AT!B77+BE!B77+BG!B77+CY!B77+CZ!B77+DE!B77+DK!B77+EE!B77+EL!B77+ES!B77+FI!B77+FR!B77+HR!B77+HU!B77+IE!B77+IT!B77+LT!B77+LU!B77+LV!B77+MT!B77+NL!B77+PL!B77+PT!B77+RO!B77+SE!B77+SI!B77+SK!B77 -> 67549999 | C77: =AT!C77+BE!C77+BG!C77+CY!C77+CZ!C77+DE!C77+DK!C77+EE!C77+EL!C77+ES!C77+FI!C77+FR!C77+HR!C77+HU!C77+IE!C77+IT!C77+LT!C77+LU!C77+LV!C77+MT!C77+NL!C77+PL!C77+PT!C77+RO!C77+SE!C77+SI!C77+SK!C77 -> 68274020 | D77: =AT!D77+BE!D77+BG!D77+CY!D77+CZ!D77+DE!D77+DK!D77+EE!D77+EL!D77+ES!D77+FI!D77+FR!D77+HR!D77+HU!D77+IE!D77+IT!D77+LT!D77+LU!D77+LV!D77+MT!D77+NL!D77+PL!D77+PT!D77+RO!D77+SE!D77+SI!D77+SK!D77 -> 74017687 | E77: =AT!E77+BE!E77+BG!E77+CY!E77+CZ!E77+DE!E77+DK!E77+EE!E77+EL!E77+ES!E77+FI!E77+FR!E77+HR!E77+HU!E77+IE!E77+IT!E77+LT!E77+LU!E77+LV!E77+MT!E77+NL!E77+PL!E77+PT!E77+RO!E77+SE!E77+SI!E77+SK!E77 -> 78311604 | F77: =AT!F77+BE!F77+BG!F77+CY!F77+CZ!F77+DE!F77+DK!F77+EE!F77+EL!F77+ES!F77+FI!F77+FR!F77+HR!F77+HU!F77+IE!F77+IT!F77+LT!F77+LU!F77+LV!F77+MT!F77+NL!F77+PL!F77+PT!F77+RO!F77+SE!F77+SI!F77+SK!F77 -> 83448322 | G77: =AT!G77+BE!G77+BG!G77+CY!G77+CZ!G77+DE!G77+DK!G77+EE!G77+EL!G77+ES!G77+FI!G77+FR!G77+HR!G77+HU!G77+IE!G77+IT!G77+LT!G77+LU!G77+LV!G77+MT!G77+NL!G77+PL!G77+PT!G77+RO!G77+SE!G77+SI!G77+SK!G77 -> 89833729 | H77: =AT!H77+BE!H77+BG!H77+CY!H77+CZ!H77+DE!H77+DK!H77+EE!H77+EL!H77+ES!H77+FI!H77+FR!H77+HR!H77+HU!H77+IE!H77+IT!H77+LT!H77+LU!H77+LV!H77+MT!H77+NL!H77+PL!H77+PT!H77+RO!H77+SE!H77+SI!H77+SK!H77 -> 93878303 | I77: =AT!I77+BE!I77+BG!I77+CY!I77+CZ!I77+DE!I77+DK!I77+EE!I77+EL!I77+ES!I77+FI!I77+FR!I77+HR!I77+HU!I77+IE!I77+IT!I77+LT!I77+LU!I77+LV!I77+MT!I77+NL!I77+PL!I77+PT!I77+RO!I77+SE!I77+SI!I77+SK!I77 -> 99737025 | ... AI77: =AT!AI77+BE!AI77+BG!AI77+CY!AI77+CZ!AI77+DE!AI77+DK!AI77+EE!AI77+EL!AI77+ES!AI77+FI!AI77+FR!AI77+HR!AI77+HU!AI77+IE!AI77+IT!AI77+LT!AI77+LU!AI77+LV!AI77+MT!AI77+NL!AI77+PL!AI77+PT!AI77+RO!AI77+SE!AI77+SI!AI77+SK!AI77 -> 238731963
A78: Freight transport (tonnes) | B78: =SUM(B79:B81) -> 2801564.9 | C78: =SUM(C79:C81) -> 2781515.8 | D78: =SUM(D79:D81) -> 2922875.2 | E78: =SUM(E79:E81) -> 3024460.6 | F78: =SUM(F79:F81) -> 3242678.3 | G78: =SUM(G79:G81) -> 3465698.9 | H78: =SUM(H79:H81) -> 3643394.3 | I78: =SUM(I79:I81) -> 3858802.2 | ... AI78: =SUM(AI79:AI81) -> 7580028.8
A79: Domestic | B79: =AT!B79+BE!B79+BG!B79+CY!B79+CZ!B79+DE!B79+DK!B79+EE!B79+EL!B79+ES!B79+FI!B79+FR!B79+HR!B79+HU!B79+IE!B79+IT!B79+LT!B79+LU!B79+LV!B79+MT!B79+NL!B79+PL!B79+PT!B79+RO!B79+SE!B79+SI!B79+SK!B79 -> 601422.54 | C79: =AT!C79+BE!C79+BG!C79+CY!C79+CZ!C79+DE!C79+DK!C79+EE!C79+EL!C79+ES!C79+FI!C79+FR!C79+HR!C79+HU!C79+IE!C79+IT!C79+LT!C79+LU!C79+LV!C79+MT!C79+NL!C79+PL!C79+PT!C79+RO!C79+SE!C79+SI!C79+SK!C79 -> 608717.98 | D79: =AT!D79+BE!D79+BG!D79+CY!D79+CZ!D79+DE!D79+DK!D79+EE!D79+EL!D79+ES!D79+FI!D79+FR!D79+HR!D79+HU!D79+IE!D79+IT!D79+LT!D79+LU!D79+LV!D79+MT!D79+NL!D79+PL!D79+PT!D79+RO!D79+SE!D79+SI!D79+SK!D79 -> 579706.47 | E79: =AT!E79+BE!E79+BG!E79+CY!E79+CZ!E79+DE!E79+DK!E79+EE!E79+EL!E79+ES!E79+FI!E79+FR!E79+HR!E79+HU!E79+IE!E79+IT!E79+LT!E79+LU!E79+LV!E79+MT!E79+NL!E79+PL!E79+PT!E79+RO!E79+SE!E79+SI!E79+SK!E79 -> 587986.45 | F79: =AT!F79+BE!F79+BG!F79+CY!F79+CZ!F79+DE!F79+DK!F79+EE!F79+EL!F79+ES!F79+FI!F79+FR!F79+HR!F79+HU!F79+IE!F79+IT!F79+LT!F79+LU!F79+LV!F79+MT!F79+NL!F79+PL!F79+PT!F79+RO!F79+SE!F79+SI!F79+SK!F79 -> 558198.41 | G79: =AT!G79+BE!G79+BG!G79+CY!G79+CZ!G79+DE!G79+DK!G79+EE!G79+EL!G79+ES!G79+FI!G79+FR!G79+HR!G79+HU!G79+IE!G79+IT!G79+LT!G79+LU!G79+LV!G79+MT!G79+NL!G79+PL!G79+PT!G79+RO!G79+SE!G79+SI!G79+SK!G79 -> 562576.08 | H79: =AT!H79+BE!H79+BG!H79+CY!H79+CZ!H79+DE!H79+DK!H79+EE!H79+EL!H79+ES!H79+FI!H79+FR!H79+HR!H79+HU!H79+IE!H79+IT!H79+LT!H79+LU!H79+LV!H79+MT!H79+NL!H79+PL!H79+PT!H79+RO!H79+SE!H79+SI!H79+SK!H79 -> 593879.51 | I79: =AT!I79+BE!I79+BG!I79+CY!I79+CZ!I79+DE!I79+DK!I79+EE!I79+EL!I79+ES!I79+FI!I79+FR!I79+HR!I79+HU!I79+IE!I79+IT!I79+LT!I79+LU!I79+LV!I79+MT!I79+NL!I79+PL!I79+PT!I79+RO!I79+SE!I79+SI!I79+SK!I79 -> 582807.96 | ... AI79: =AT!AI79+BE!AI79+BG!AI79+CY!AI79+CZ!AI79+DE!AI79+DK!AI79+EE!AI79+EL!AI79+ES!AI79+FI!AI79+FR!AI79+HR!AI79+HU!AI79+IE!AI79+IT!AI79+LT!AI79+LU!AI79+LV!AI79+MT!AI79+NL!AI79+PL!AI79+PT!AI79+RO!AI79+SE!AI79+SI!AI79+SK!AI79 -> 392310.81
A80: International - Intra-EU27 | B80: =AT!B80+BE!B80+BG!B80+CY!B80+CZ!B80+DE!B80+DK!B80+EE!B80+EL!B80+ES!B80+FI!B80+FR!B80+HR!B80+HU!B80+IE!B80+IT!B80+LT!B80+LU!B80+LV!B80+MT!B80+NL!B80+PL!B80+PT!B80+RO!B80+SE!B80+SI!B80+SK!B80 -> 507207.89 | C80: =AT!C80+BE!C80+BG!C80+CY!C80+CZ!C80+DE!C80+DK!C80+EE!C80+EL!C80+ES!C80+FI!C80+FR!C80+HR!C80+HU!C80+IE!C80+IT!C80+LT!C80+LU!C80+LV!C80+MT!C80+NL!C80+PL!C80+PT!C80+RO!C80+SE!C80+SI!C80+SK!C80 -> 494915.16 | D80: =AT!D80+BE!D80+BG!D80+CY!D80+CZ!D80+DE!D80+DK!D80+EE!D80+EL!D80+ES!D80+FI!D80+FR!D80+HR!D80+HU!D80+IE!D80+IT!D80+LT!D80+LU!D80+LV!D80+MT!D80+NL!D80+PL!D80+PT!D80+RO!D80+SE!D80+SI!D80+SK!D80 -> 526010.67 | E80: =AT!E80+BE!E80+BG!E80+CY!E80+CZ!E80+DE!E80+DK!E80+EE!E80+EL!E80+ES!E80+FI!E80+FR!E80+HR!E80+HU!E80+IE!E80+IT!E80+LT!E80+LU!E80+LV!E80+MT!E80+NL!E80+PL!E80+PT!E80+RO!E80+SE!E80+SI!E80+SK!E80 -> 543402.44 | F80: =AT!F80+BE!F80+BG!F80+CY!F80+CZ!F80+DE!F80+DK!F80+EE!F80+EL!F80+ES!F80+FI!F80+FR!F80+HR!F80+HU!F80+IE!F80+IT!F80+LT!F80+LU!F80+LV!F80+MT!F80+NL!F80+PL!F80+PT!F80+RO!F80+SE!F80+SI!F80+SK!F80 -> 600451.99 | G80: =AT!G80+BE!G80+BG!G80+CY!G80+CZ!G80+DE!G80+DK!G80+EE!G80+EL!G80+ES!G80+FI!G80+FR!G80+HR!G80+HU!G80+IE!G80+IT!G80+LT!G80+LU!G80+LV!G80+MT!G80+NL!G80+PL!G80+PT!G80+RO!G80+SE!G80+SI!G80+SK!G80 -> 636128.65 | H80: =AT!H80+BE!H80+BG!H80+CY!H80+CZ!H80+DE!H80+DK!H80+EE!H80+EL!H80+ES!H80+FI!H80+FR!H80+HR!H80+HU!H80+IE!H80+IT!H80+LT!H80+LU!H80+LV!H80+MT!H80+NL!H80+PL!H80+PT!H80+RO!H80+SE!H80+SI!H80+SK!H80 -> 668044.89 | I80: =AT!I80+BE!I80+BG!I80+CY!I80+CZ!I80+DE!I80+DK!I80+EE!I80+EL!I80+ES!I80+FI!I80+FR!I80+HR!I80+HU!I80+IE!I80+IT!I80+LT!I80+LU!I80+LV!I80+MT!I80+NL!I80+PL!I80+PT!I80+RO!I80+SE!I80+SI!I80+SK!I80 -> 712774.51 | ... AI80: =AT!AI80+BE!AI80+BG!AI80+CY!AI80+CZ!AI80+DE!AI80+DK!AI80+EE!AI80+EL!AI80+ES!AI80+FI!AI80+FR!AI80+HR!AI80+HU!AI80+IE!AI80+IT!AI80+LT!AI80+LU!AI80+LV!AI80+MT!AI80+NL!AI80+PL!AI80+PT!AI80+RO!AI80+SE!AI80+SI!AI80+SK!AI80 -> 1650727.6
A81: International - Extra-EU27 | B81: =AT!B81+BE!B81+BG!B81+CY!B81+CZ!B81+DE!B81+DK!B81+EE!B81+EL!B81+ES!B81+FI!B81+FR!B81+HR!B81+HU!B81+IE!B81+IT!B81+LT!B81+LU!B81+LV!B81+MT!B81+NL!B81+PL!B81+PT!B81+RO!B81+SE!B81+SI!B81+SK!B81 -> 1692934.5 | C81: =AT!C81+BE!C81+BG!C81+CY!C81+CZ!C81+DE!C81+DK!C81+EE!C81+EL!C81+ES!C81+FI!C81+FR!C81+HR!C81+HU!C81+IE!C81+IT!C81+LT!C81+LU!C81+LV!C81+MT!C81+NL!C81+PL!C81+PT!C81+RO!C81+SE!C81+SI!C81+SK!C81 -> 1677882.6 | D81: =AT!D81+BE!D81+BG!D81+CY!D81+CZ!D81+DE!D81+DK!D81+EE!D81+EL!D81+ES!D81+FI!D81+FR!D81+HR!D81+HU!D81+IE!D81+IT!D81+LT!D81+LU!D81+LV!D81+MT!D81+NL!D81+PL!D81+PT!D81+RO!D81+SE!D81+SI!D81+SK!D81 -> 1817158 | E81: =AT!E81+BE!E81+BG!E81+CY!E81+CZ!E81+DE!E81+DK!E81+EE!E81+EL!E81+ES!E81+FI!E81+FR!E81+HR!E81+HU!E81+IE!E81+IT!E81+LT!E81+LU!E81+LV!E81+MT!E81+NL!E81+PL!E81+PT!E81+RO!E81+SE!E81+SI!E81+SK!E81 -> 1893071.7 | F81: =AT!F81+BE!F81+BG!F81+CY!F81+CZ!F81+DE!F81+DK!F81+EE!F81+EL!F81+ES!F81+FI!F81+FR!F81+HR!F81+HU!F81+IE!F81+IT!F81+LT!F81+LU!F81+LV!F81+MT!F81+NL!F81+PL!F81+PT!F81+RO!F81+SE!F81+SI!F81+SK!F81 -> 2084027.9 | G81: =AT!G81+BE!G81+BG!G81+CY!G81+CZ!G81+DE!G81+DK!G81+EE!G81+EL!G81+ES!G81+FI!G81+FR!G81+HR!G81+HU!G81+IE!G81+IT!G81+LT!G81+LU!G81+LV!G81+MT!G81+NL!G81+PL!G81+PT!G81+RO!G81+SE!G81+SI!G81+SK!G81 -> 2266994.1 | H81: =AT!H81+BE!H81+BG!H81+CY!H81+CZ!H81+DE!H81+DK!H81+EE!H81+EL!H81+ES!H81+FI!H81+FR!H81+HR!H81+HU!H81+IE!H81+IT!H81+LT!H81+LU!H81+LV!H81+MT!H81+NL!H81+PL!H81+PT!H81+RO!H81+SE!H81+SI!H81+SK!H81 -> 2381469.9 | I81: =AT!I81+BE!I81+BG!I81+CY!I81+CZ!I81+DE!I81+DK!I81+EE!I81+EL!I81+ES!I81+FI!I81+FR!I81+HR!I81+HU!I81+IE!I81+IT!I81+LT!I81+LU!I81+LV!I81+MT!I81+NL!I81+PL!I81+PT!I81+RO!I81+SE!I81+SI!I81+SK!I81 -> 2563219.8 | ... AI81: =AT!AI81+BE!AI81+BG!AI81+CY!AI81+CZ!AI81+DE!AI81+DK!AI81+EE!AI81+EL!AI81+ES!AI81+FI!AI81+FR!AI81+HR!AI81+HU!AI81+IE!AI81+IT!AI81+LT!AI81+LU!AI81+LV!AI81+MT!AI81+NL!AI81+PL!AI81+PT!AI81+RO!AI81+SE!AI81+SI!AI81+SK!AI81 -> 5536990.4
A83: Load factor of flights
A84: Passenger transport (p/flight) | B84: =IF(AND(B44=0,B74=0),0,IF(OR(B44=0,B74=0),1/0,B74/B44)) -> 72.522778 | C84: =IF(AND(C44=0,C74=0),0,IF(OR(C44=0,C74=0),1/0,C74/C44)) -> 72.899115 | D84: =IF(AND(D44=0,D74=0),0,IF(OR(D44=0,D74=0),1/0,D74/D44)) -> 73.875709 | E84: =IF(AND(E44=0,E74=0),0,IF(OR(E44=0,E74=0),1/0,E74/E44)) -> 74.410993 | F84: =IF(AND(F44=0,F74=0),0,IF(OR(F44=0,F74=0),1/0,F74/F44)) -> 75.297505 | G84: =IF(AND(G44=0,G74=0),0,IF(OR(G44=0,G74=0),1/0,G74/G44)) -> 75.692352 | H84: =IF(AND(H44=0,H74=0),0,IF(OR(H44=0,H74=0),1/0,H74/H44)) -> 76.055937 | I84: =IF(AND(I44=0,I74=0),0,IF(OR(I44=0,I74=0),1/0,I74/I44)) -> 76.833103 | ... AI84: =IF(AND(AI44=0,AI74=0),0,IF(OR(AI44=0,AI74=0),1/0,AI74/AI44)) -> 138.01133
A85: Domestic | B85: =IF(AND(B45=0,B75=0),0,IF(OR(B45=0,B75=0),1/0,B75/B45)) -> 63.075962 | C85: =IF(AND(C45=0,C75=0),0,IF(OR(C45=0,C75=0),1/0,C75/C45)) -> 62.925136 | D85: =IF(AND(D45=0,D75=0),0,IF(OR(D45=0,D75=0),1/0,D75/D45)) -> 63.243617 | E85: =IF(AND(E45=0,E75=0),0,IF(OR(E45=0,E75=0),1/0,E75/E45)) -> 63.220172 | F85: =IF(AND(F45=0,F75=0),0,IF(OR(F45=0,F75=0),1/0,F75/F45)) -> 63.210049 | G85: =IF(AND(G45=0,G75=0),0,IF(OR(G45=0,G75=0),1/0,G75/G45)) -> 63.672831 | H85: =IF(AND(H45=0,H75=0),0,IF(OR(H45=0,H75=0),1/0,H75/H45)) -> 64.252898 | I85: =IF(AND(I45=0,I75=0),0,IF(OR(I45=0,I75=0),1/0,I75/I45)) -> 64.58542 | ... AI85: =IF(AND(AI45=0,AI75=0),0,IF(OR(AI45=0,AI75=0),1/0,AI75/AI45)) -> 111.09696
A86: International - Intra-EU27 | B86: =IF(AND(B46=0,B76=0),0,IF(OR(B46=0,B76=0),1/0,B76/B46)) -> 67.268792 | C86: =IF(AND(C46=0,C76=0),0,IF(OR(C46=0,C76=0),1/0,C76/C46)) -> 67.9305 | D86: =IF(AND(D46=0,D76=0),0,IF(OR(D46=0,D76=0),1/0,D76/D46)) -> 68.809782 | E86: =IF(AND(E46=0,E76=0),0,IF(OR(E46=0,E76=0),1/0,E76/E46)) -> 69.512202 | F86: =IF(AND(F46=0,F76=0),0,IF(OR(F46=0,F76=0),1/0,F76/F46)) -> 70.366075 | G86: =IF(AND(G46=0,G76=0),0,IF(OR(G46=0,G76=0),1/0,G76/G46)) -> 70.366255 | H86: =IF(AND(H46=0,H76=0),0,IF(OR(H46=0,H76=0),1/0,H76/H46)) -> 70.689305 | I86: =IF(AND(I46=0,I76=0),0,IF(OR(I46=0,I76=0),1/0,I76/I46)) -> 71.805925 | ... AI86: =IF(AND(AI46=0,AI76=0),0,IF(OR(AI46=0,AI76=0),1/0,AI76/AI46)) -> 139.3125
A87: International - Extra-EU27 | B87: =IF(AND(B47=0,B77=0),0,IF(OR(B47=0,B77=0),1/0,B77/B47)) -> 100.51754 | C87: =IF(AND(C47=0,C77=0),0,IF(OR(C47=0,C77=0),1/0,C77/C47)) -> 101.85561 | D87: =IF(AND(D47=0,D77=0),0,IF(OR(D47=0,D77=0),1/0,D77/D47)) -> 102.37082 | E87: =IF(AND(E47=0,E77=0),0,IF(OR(E47=0,E77=0),1/0,E77/E47)) -> 102.60954 | F87: =IF(AND(F47=0,F77=0),0,IF(OR(F47=0,F77=0),1/0,F77/F47)) -> 103.41432 | G87: =IF(AND(G47=0,G77=0),0,IF(OR(G47=0,G77=0),1/0,G77/G47)) -> 103.69434 | H87: =IF(AND(H47=0,H77=0),0,IF(OR(H47=0,H77=0),1/0,H77/H47)) -> 104.0136 | I87: =IF(AND(I47=0,I77=0),0,IF(OR(I47=0,I77=0),1/0,I77/I47)) -> 104.72354 | ... AI87: =IF(AND(AI47=0,AI77=0),0,IF(OR(AI47=0,AI77=0),1/0,AI77/AI47)) -> 159.48488
A88: Freight transport (t/flight) | B88: =IF(AND(B48=0,B78=0),0,IF(OR(B48=0,B78=0),1/0,B78/B48)) -> 21.174889 | C88: =IF(AND(C48=0,C78=0),0,IF(OR(C48=0,C78=0),1/0,C78/C48)) -> 21.019858 | D88: =IF(AND(D48=0,D78=0),0,IF(OR(D48=0,D78=0),1/0,D78/D48)) -> 21.975183 | E88: =IF(AND(E48=0,E78=0),0,IF(OR(E48=0,E78=0),1/0,E78/E48)) -> 22.520519 | F88: =IF(AND(F48=0,F78=0),0,IF(OR(F48=0,F78=0),1/0,F78/F48)) -> 23.672986 | G88: =IF(AND(G48=0,G78=0),0,IF(OR(G48=0,G78=0),1/0,G78/G48)) -> 24.179519 | H88: =IF(AND(H48=0,H78=0),0,IF(OR(H48=0,H78=0),1/0,H78/H48)) -> 24.141869 | I88: =IF(AND(I48=0,I78=0),0,IF(OR(I48=0,I78=0),1/0,I78/I48)) -> 24.834773 | ... AI88: =IF(AND(AI48=0,AI78=0),0,IF(OR(AI48=0,AI78=0),1/0,AI78/AI48)) -> 34.228612
A89: Domestic | B89: =IF(AND(B49=0,B79=0),0,IF(OR(B49=0,B79=0),1/0,B79/B49)) -> 9.6304651 | C89: =IF(AND(C49=0,C79=0),0,IF(OR(C49=0,C79=0),1/0,C79/C49)) -> 9.5650217 | D89: =IF(AND(D49=0,D79=0),0,IF(OR(D49=0,D79=0),1/0,D79/D49)) -> 9.746078 | E89: =IF(AND(E49=0,E79=0),0,IF(OR(E49=0,E79=0),1/0,E79/E49)) -> 9.8617387 | F89: =IF(AND(F49=0,F79=0),0,IF(OR(F49=0,F79=0),1/0,F79/F49)) -> 10.111924 | G89: =IF(AND(G49=0,G79=0),0,IF(OR(G49=0,G79=0),1/0,G79/G49)) -> 10.196953 | H89: =IF(AND(H49=0,H79=0),0,IF(OR(H49=0,H79=0),1/0,H79/H49)) -> 10.170563 | I89: =IF(AND(I49=0,I79=0),0,IF(OR(I49=0,I79=0),1/0,I79/I49)) -> 10.353116 | ... AI89: =IF(AND(AI49=0,AI79=0),0,IF(OR(AI49=0,AI79=0),1/0,AI79/AI49)) -> 14.791344
A90: International - Intra-EU27 | B90: =IF(AND(B50=0,B80=0),0,IF(OR(B50=0,B80=0),1/0,B80/B50)) -> 16.49242 | C90: =IF(AND(C50=0,C80=0),0,IF(OR(C50=0,C80=0),1/0,C80/C50)) -> 16.503774 | D90: =IF(AND(D50=0,D80=0),0,IF(OR(D50=0,D80=0),1/0,D80/D50)) -> 16.494016 | E90: =IF(AND(E50=0,E80=0),0,IF(OR(E50=0,E80=0),1/0,E80/E50)) -> 16.829336 | F90: =IF(AND(F50=0,F80=0),0,IF(OR(F50=0,F80=0),1/0,F80/F50)) -> 16.882753 | G90: =IF(AND(G50=0,G80=0),0,IF(OR(G50=0,G80=0),1/0,G80/G50)) -> 16.872544 | H90: =IF(AND(H50=0,H80=0),0,IF(OR(H50=0,H80=0),1/0,H80/H50)) -> 16.878345 | I90: =IF(AND(I50=0,I80=0),0,IF(OR(I50=0,I80=0),1/0,I80/I50)) -> 16.873198 | ... AI90: =IF(AND(AI50=0,AI80=0),0,IF(OR(AI50=0,AI80=0),1/0,AI80/AI50)) -> 17.970037
A91: International - Extra-EU27 | B91: =IF(AND(B51=0,B81=0),0,IF(OR(B51=0,B81=0),1/0,B81/B51)) -> 43.295343 | C91: =IF(AND(C51=0,C81=0),0,IF(OR(C51=0,C81=0),1/0,C81/C51)) -> 43.35614 | D91: =IF(AND(D51=0,D81=0),0,IF(OR(D51=0,D81=0),1/0,D81/D51)) -> 43.643915 | E91: =IF(AND(E51=0,E81=0),0,IF(OR(E51=0,E81=0),1/0,E81/E51)) -> 44.662665 | F91: =IF(AND(F51=0,F81=0),0,IF(OR(F51=0,F81=0),1/0,F81/F51)) -> 45.099066 | G91: =IF(AND(G51=0,G81=0),0,IF(OR(G51=0,G81=0),1/0,G81/G51)) -> 44.927449 | H91: =IF(AND(H51=0,H81=0),0,IF(OR(H51=0,H81=0),1/0,H81/H51)) -> 44.980921 | I91: =IF(AND(I51=0,I81=0),0,IF(OR(I51=0,I81=0),1/0,I81/I51)) -> 45.092971 | ... AI91: =IF(AND(AI51=0,AI81=0),0,IF(OR(AI51=0,AI81=0),1/0,AI81/AI51)) -> 53.720679
A93: Stock of aircrafts | B93: =SUM(B94,B98) -> 2628.7737 | C93: =SUM(C94,C98) -> 2640.2339 | D93: =SUM(D94,D98) -> 2782.1488 | E93: =SUM(E94,E98) -> 2874.4736 | F93: =SUM(F94,F98) -> 3007.9196 | G93: =SUM(G94,G98) -> 3206.537 | H93: =SUM(H94,H98) -> 3360.2407 | I93: =SUM(I94,I98) -> 3518.6534 | ... AI93: =SUM(AI94,AI98) -> 5644.9041
A94: Passenger transport | B94: =SUM(B95:B97) -> 2456.9492 | C94: =SUM(C95:C97) -> 2468.7612 | D94: =SUM(D95:D97) -> 2603.7188 | E94: =SUM(E95:E97) -> 2693.6016 | F94: =SUM(F95:F97) -> 2817.1899 | G94: =SUM(G95:G97) -> 3003.2343 | H94: =SUM(H95:H97) -> 3146.2197 | I94: =SUM(I95:I97) -> 3294.9036 | ... AI94: =SUM(AI95:AI97) -> 5167.1696
A95: Domestic | B95: =AT!B95+BE!B95+BG!B95+CY!B95+CZ!B95+DE!B95+DK!B95+EE!B95+EL!B95+ES!B95+FI!B95+FR!B95+HR!B95+HU!B95+IE!B95+IT!B95+LT!B95+LU!B95+LV!B95+MT!B95+NL!B95+PL!B95+PT!B95+RO!B95+SE!B95+SI!B95+SK!B95 -> 693.37001 | C95: =AT!C95+BE!C95+BG!C95+CY!C95+CZ!C95+DE!C95+DK!C95+EE!C95+EL!C95+ES!C95+FI!C95+FR!C95+HR!C95+HU!C95+IE!C95+IT!C95+LT!C95+LU!C95+LV!C95+MT!C95+NL!C95+PL!C95+PT!C95+RO!C95+SE!C95+SI!C95+SK!C95 -> 704.09882 | D95: =AT!D95+BE!D95+BG!D95+CY!D95+CZ!D95+DE!D95+DK!D95+EE!D95+EL!D95+ES!D95+FI!D95+FR!D95+HR!D95+HU!D95+IE!D95+IT!D95+LT!D95+LU!D95+LV!D95+MT!D95+NL!D95+PL!D95+PT!D95+RO!D95+SE!D95+SI!D95+SK!D95 -> 696.94584 | E95: =AT!E95+BE!E95+BG!E95+CY!E95+CZ!E95+DE!E95+DK!E95+EE!E95+EL!E95+ES!E95+FI!E95+FR!E95+HR!E95+HU!E95+IE!E95+IT!E95+LT!E95+LU!E95+LV!E95+MT!E95+NL!E95+PL!E95+PT!E95+RO!E95+SE!E95+SI!E95+SK!E95 -> 699.30353 | F95: =AT!F95+BE!F95+BG!F95+CY!F95+CZ!F95+DE!F95+DK!F95+EE!F95+EL!F95+ES!F95+FI!F95+FR!F95+HR!F95+HU!F95+IE!F95+IT!F95+LT!F95+LU!F95+LV!F95+MT!F95+NL!F95+PL!F95+PT!F95+RO!F95+SE!F95+SI!F95+SK!F95 -> 672.47103 | G95: =AT!G95+BE!G95+BG!G95+CY!G95+CZ!G95+DE!G95+DK!G95+EE!G95+EL!G95+ES!G95+FI!G95+FR!G95+HR!G95+HU!G95+IE!G95+IT!G95+LT!G95+LU!G95+LV!G95+MT!G95+NL!G95+PL!G95+PT!G95+RO!G95+SE!G95+SI!G95+SK!G95 -> 698.67685 | H95: =AT!H95+BE!H95+BG!H95+CY!H95+CZ!H95+DE!H95+DK!H95+EE!H95+EL!H95+ES!H95+FI!H95+FR!H95+HR!H95+HU!H95+IE!H95+IT!H95+LT!H95+LU!H95+LV!H95+MT!H95+NL!H95+PL!H95+PT!H95+RO!H95+SE!H95+SI!H95+SK!H95 -> 741.66745 | I95: =AT!I95+BE!I95+BG!I95+CY!I95+CZ!I95+DE!I95+DK!I95+EE!I95+EL!I95+ES!I95+FI!I95+FR!I95+HR!I95+HU!I95+IE!I95+IT!I95+LT!I95+LU!I95+LV!I95+MT!I95+NL!I95+PL!I95+PT!I95+RO!I95+SE!I95+SI!I95+SK!I95 -> 775.78434 | ... AI95: =AT!AI95+BE!AI95+BG!AI95+CY!AI95+CZ!AI95+DE!AI95+DK!AI95+EE!AI95+EL!AI95+ES!AI95+FI!AI95+FR!AI95+HR!AI95+HU!AI95+IE!AI95+IT!AI95+LT!AI95+LU!AI95+LV!AI95+MT!AI95+NL!AI95+PL!AI95+PT!AI95+RO!AI95+SE!AI95+SI!AI95+SK!AI95 -> 733.98645
A96: International - Intra-EU27 | B96: =AT!B96+BE!B96+BG!B96+CY!B96+CZ!B96+DE!B96+DK!B96+EE!B96+EL!B96+ES!B96+FI!B96+FR!B96+HR!B96+HU!B96+IE!B96+IT!B96+LT!B96+LU!B96+LV!B96+MT!B96+NL!B96+PL!B96+PT!B96+RO!B96+SE!B96+SI!B96+SK!B96 -> 816.64101 | C96: =AT!C96+BE!C96+BG!C96+CY!C96+CZ!C96+DE!C96+DK!C96+EE!C96+EL!C96+ES!C96+FI!C96+FR!C96+HR!C96+HU!C96+IE!C96+IT!C96+LT!C96+LU!C96+LV!C96+MT!C96+NL!C96+PL!C96+PT!C96+RO!C96+SE!C96+SI!C96+SK!C96 -> 818.39517 | D96: =AT!D96+BE!D96+BG!D96+CY!D96+CZ!D96+DE!D96+DK!D96+EE!D96+EL!D96+ES!D96+FI!D96+FR!D96+HR!D96+HU!D96+IE!D96+IT!D96+LT!D96+LU!D96+LV!D96+MT!D96+NL!D96+PL!D96+PT!D96+RO!D96+SE!D96+SI!D96+SK!D96 -> 876.28534 | E96: =AT!E96+BE!E96+BG!E96+CY!E96+CZ!E96+DE!E96+DK!E96+EE!E96+EL!E96+ES!E96+FI!E96+FR!E96+HR!E96+HU!E96+IE!E96+IT!E96+LT!E96+LU!E96+LV!E96+MT!E96+NL!E96+PL!E96+PT!E96+RO!E96+SE!E96+SI!E96+SK!E96 -> 918.0502 | F96: =AT!F96+BE!F96+BG!F96+CY!F96+CZ!F96+DE!F96+DK!F96+EE!F96+EL!F96+ES!F96+FI!F96+FR!F96+HR!F96+HU!F96+IE!F96+IT!F96+LT!F96+LU!F96+LV!F96+MT!F96+NL!F96+PL!F96+PT!F96+RO!F96+SE!F96+SI!F96+SK!F96 -> 998.23711 | G96: =AT!G96+BE!G96+BG!G96+CY!G96+CZ!G96+DE!G96+DK!G96+EE!G96+EL!G96+ES!G96+FI!G96+FR!G96+HR!G96+HU!G96+IE!G96+IT!G96+LT!G96+LU!G96+LV!G96+MT!G96+NL!G96+PL!G96+PT!G96+RO!G96+SE!G96+SI!G96+SK!G96 -> 1067.1204 | H96: =AT!H96+BE!H96+BG!H96+CY!H96+CZ!H96+DE!H96+DK!H96+EE!H96+EL!H96+ES!H96+FI!H96+FR!H96+HR!H96+HU!H96+IE!H96+IT!H96+LT!H96+LU!H96+LV!H96+MT!H96+NL!H96+PL!H96+PT!H96+RO!H96+SE!H96+SI!H96+SK!H96 -> 1099.6941 | I96: =AT!I96+BE!I96+BG!I96+CY!I96+CZ!I96+DE!I96+DK!I96+EE!I96+EL!I96+ES!I96+FI!I96+FR!I96+HR!I96+HU!I96+IE!I96+IT!I96+LT!I96+LU!I96+LV!I96+MT!I96+NL!I96+PL!I96+PT!I96+RO!I96+SE!I96+SI!I96+SK!I96 -> 1148.8818 | ... AI96: =AT!AI96+BE!AI96+BG!AI96+CY!AI96+CZ!AI96+DE!AI96+DK!AI96+EE!AI96+EL!AI96+ES!AI96+FI!AI96+FR!AI96+HR!AI96+HU!AI96+IE!AI96+IT!AI96+LT!AI96+LU!AI96+LV!AI96+MT!AI96+NL!AI96+PL!AI96+PT!AI96+RO!AI96+SE!AI96+SI!AI96+SK!AI96 -> 1987.7541
A97: International - Extra-EU27 | B97: =AT!B97+BE!B97+BG!B97+CY!B97+CZ!B97+DE!B97+DK!B97+EE!B97+EL!B97+ES!B97+FI!B97+FR!B97+HR!B97+HU!B97+IE!B97+IT!B97+LT!B97+LU!B97+LV!B97+MT!B97+NL!B97+PL!B97+PT!B97+RO!B97+SE!B97+SI!B97+SK!B97 -> 946.93821 | C97: =AT!C97+BE!C97+BG!C97+CY!C97+CZ!C97+DE!C97+DK!C97+EE!C97+EL!C97+ES!C97+FI!C97+FR!C97+HR!C97+HU!C97+IE!C97+IT!C97+LT!C97+LU!C97+LV!C97+MT!C97+NL!C97+PL!C97+PT!C97+RO!C97+SE!C97+SI!C97+SK!C97 -> 946.26723 | D97: =AT!D97+BE!D97+BG!D97+CY!D97+CZ!D97+DE!D97+DK!D97+EE!D97+EL!D97+ES!D97+FI!D97+FR!D97+HR!D97+HU!D97+IE!D97+IT!D97+LT!D97+LU!D97+LV!D97+MT!D97+NL!D97+PL!D97+PT!D97+RO!D97+SE!D97+SI!D97+SK!D97 -> 1030.4876 | E97: =AT!E97+BE!E97+BG!E97+CY!E97+CZ!E97+DE!E97+DK!E97+EE!E97+EL!E97+ES!E97+FI!E97+FR!E97+HR!E97+HU!E97+IE!E97+IT!E97+LT!E97+LU!E97+LV!E97+MT!E97+NL!E97+PL!E97+PT!E97+RO!E97+SE!E97+SI!E97+SK!E97 -> 1076.2479 | F97: =AT!F97+BE!F97+BG!F97+CY!F97+CZ!F97+DE!F97+DK!F97+EE!F97+EL!F97+ES!F97+FI!F97+FR!F97+HR!F97+HU!F97+IE!F97+IT!F97+LT!F97+LU!F97+LV!F97+MT!F97+NL!F97+PL!F97+PT!F97+RO!F97+SE!F97+SI!F97+SK!F97 -> 1146.4818 | G97: =AT!G97+BE!G97+BG!G97+CY!G97+CZ!G97+DE!G97+DK!G97+EE!G97+EL!G97+ES!G97+FI!G97+FR!G97+HR!G97+HU!G97+IE!G97+IT!G97+LT!G97+LU!G97+LV!G97+MT!G97+NL!G97+PL!G97+PT!G97+RO!G97+SE!G97+SI!G97+SK!G97 -> 1237.4371 | H97: =AT!H97+BE!H97+BG!H97+CY!H97+CZ!H97+DE!H97+DK!H97+EE!H97+EL!H97+ES!H97+FI!H97+FR!H97+HR!H97+HU!H97+IE!H97+IT!H97+LT!H97+LU!H97+LV!H97+MT!H97+NL!H97+PL!H97+PT!H97+RO!H97+SE!H97+SI!H97+SK!H97 -> 1304.8581 | I97: =AT!I97+BE!I97+BG!I97+CY!I97+CZ!I97+DE!I97+DK!I97+EE!I97+EL!I97+ES!I97+FI!I97+FR!I97+HR!I97+HU!I97+IE!I97+IT!I97+LT!I97+LU!I97+LV!I97+MT!I97+NL!I97+PL!I97+PT!I97+RO!I97+SE!I97+SI!I97+SK!I97 -> 1370.2375 | ... AI97: =AT!AI97+BE!AI97+BG!AI97+CY!AI97+CZ!AI97+DE!AI97+DK!AI97+EE!AI97+EL!AI97+ES!AI97+FI!AI97+FR!AI97+HR!AI97+HU!AI97+IE!AI97+IT!AI97+LT!AI97+LU!AI97+LV!AI97+MT!AI97+NL!AI97+PL!AI97+PT!AI97+RO!AI97+SE!AI97+SI!AI97+SK!AI97 -> 2445.4291
A98: Freight transport | B98: =SUM(B99:B101) -> 171.82445 | C98: =SUM(C99:C101) -> 171.47267 | D98: =SUM(D99:D101) -> 178.43004 | E98: =SUM(E99:E101) -> 180.87201 | F98: =SUM(F99:F101) -> 190.72969 | G98: =SUM(G99:G101) -> 203.30272 | H98: =SUM(H99:H101) -> 214.02106 | I98: =SUM(I99:I101) -> 223.74977 | ... AI98: =SUM(AI99:AI101) -> 477.73449
A99: Domestic | B99: =AT!B99+BE!B99+BG!B99+CY!B99+CZ!B99+DE!B99+DK!B99+EE!B99+EL!B99+ES!B99+FI!B99+FR!B99+HR!B99+HU!B99+IE!B99+IT!B99+LT!B99+LU!B99+LV!B99+MT!B99+NL!B99+PL!B99+PT!B99+RO!B99+SE!B99+SI!B99+SK!B99 -> 48.175645 | C99: =AT!C99+BE!C99+BG!C99+CY!C99+CZ!C99+DE!C99+DK!C99+EE!C99+EL!C99+ES!C99+FI!C99+FR!C99+HR!C99+HU!C99+IE!C99+IT!C99+LT!C99+LU!C99+LV!C99+MT!C99+NL!C99+PL!C99+PT!C99+RO!C99+SE!C99+SI!C99+SK!C99 -> 49.359489 | D99: =AT!D99+BE!D99+BG!D99+CY!D99+CZ!D99+DE!D99+DK!D99+EE!D99+EL!D99+ES!D99+FI!D99+FR!D99+HR!D99+HU!D99+IE!D99+IT!D99+LT!D99+LU!D99+LV!D99+MT!D99+NL!D99+PL!D99+PT!D99+RO!D99+SE!D99+SI!D99+SK!D99 -> 46.404892 | E99: =AT!E99+BE!E99+BG!E99+CY!E99+CZ!E99+DE!E99+DK!E99+EE!E99+EL!E99+ES!E99+FI!E99+FR!E99+HR!E99+HU!E99+IE!E99+IT!E99+LT!E99+LU!E99+LV!E99+MT!E99+NL!E99+PL!E99+PT!E99+RO!E99+SE!E99+SI!E99+SK!E99 -> 46.522048 | F99: =AT!F99+BE!F99+BG!F99+CY!F99+CZ!F99+DE!F99+DK!F99+EE!F99+EL!F99+ES!F99+FI!F99+FR!F99+HR!F99+HU!F99+IE!F99+IT!F99+LT!F99+LU!F99+LV!F99+MT!F99+NL!F99+PL!F99+PT!F99+RO!F99+SE!F99+SI!F99+SK!F99 -> 43.050968 | G99: =AT!G99+BE!G99+BG!G99+CY!G99+CZ!G99+DE!G99+DK!G99+EE!G99+EL!G99+ES!G99+FI!G99+FR!G99+HR!G99+HU!G99+IE!G99+IT!G99+LT!G99+LU!G99+LV!G99+MT!G99+NL!G99+PL!G99+PT!G99+RO!G99+SE!G99+SI!G99+SK!G99 -> 42.975511 | H99: =AT!H99+BE!H99+BG!H99+CY!H99+CZ!H99+DE!H99+DK!H99+EE!H99+EL!H99+ES!H99+FI!H99+FR!H99+HR!H99+HU!H99+IE!H99+IT!H99+LT!H99+LU!H99+LV!H99+MT!H99+NL!H99+PL!H99+PT!H99+RO!H99+SE!H99+SI!H99+SK!H99 -> 45.569623 | I99: =AT!I99+BE!I99+BG!I99+CY!I99+CZ!I99+DE!I99+DK!I99+EE!I99+EL!I99+ES!I99+FI!I99+FR!I99+HR!I99+HU!I99+IE!I99+IT!I99+LT!I99+LU!I99+LV!I99+MT!I99+NL!I99+PL!I99+PT!I99+RO!I99+SE!I99+SI!I99+SK!I99 -> 44.093168 | ... AI99: =AT!AI99+BE!AI99+BG!AI99+CY!AI99+CZ!AI99+DE!AI99+DK!AI99+EE!AI99+EL!AI99+ES!AI99+FI!AI99+FR!AI99+HR!AI99+HU!AI99+IE!AI99+IT!AI99+LT!AI99+LU!AI99+LV!AI99+MT!AI99+NL!AI99+PL!AI99+PT!AI99+RO!AI99+SE!AI99+SI!AI99+SK!AI99 -> 22.157633
A100: International - Intra-EU27 | B100: =AT!B100+BE!B100+BG!B100+CY!B100+CZ!B100+DE!B100+DK!B100+EE!B100+EL!B100+ES!B100+FI!B100+FR!B100+HR!B100+HU!B100+IE!B100+IT!B100+LT!B100+LU!B100+LV!B100+MT!B100+NL!B100+PL!B100+PT!B100+RO!B100+SE!B100+SI!B100+SK!B100 -> 27.990754 | C100: =AT!C100+BE!C100+BG!C100+CY!C100+CZ!C100+DE!C100+DK!C100+EE!C100+EL!C100+ES!C100+FI!C100+FR!C100+HR!C100+HU!C100+IE!C100+IT!C100+LT!C100+LU!C100+LV!C100+MT!C100+NL!C100+PL!C100+PT!C100+RO!C100+SE!C100+SI!C100+SK!C100 -> 27.332686 | D100: =AT!D100+BE!D100+BG!D100+CY!D100+CZ!D100+DE!D100+DK!D100+EE!D100+EL!D100+ES!D100+FI!D100+FR!D100+HR!D100+HU!D100+IE!D100+IT!D100+LT!D100+LU!D100+LV!D100+MT!D100+NL!D100+PL!D100+PT!D100+RO!D100+SE!D100+SI!D100+SK!D100 -> 29.061811 | E100: =AT!E100+BE!E100+BG!E100+CY!E100+CZ!E100+DE!E100+DK!E100+EE!E100+EL!E100+ES!E100+FI!E100+FR!E100+HR!E100+HU!E100+IE!E100+IT!E100+LT!E100+LU!E100+LV!E100+MT!E100+NL!E100+PL!E100+PT!E100+RO!E100+SE!E100+SI!E100+SK!E100 -> 29.414381 | F100: =AT!F100+BE!F100+BG!F100+CY!F100+CZ!F100+DE!F100+DK!F100+EE!F100+EL!F100+ES!F100+FI!F100+FR!F100+HR!F100+HU!F100+IE!F100+IT!F100+LT!F100+LU!F100+LV!F100+MT!F100+NL!F100+PL!F100+PT!F100+RO!F100+SE!F100+SI!F100+SK!F100 -> 32.404683 | G100: =AT!G100+BE!G100+BG!G100+CY!G100+CZ!G100+DE!G100+DK!G100+EE!G100+EL!G100+ES!G100+FI!G100+FR!G100+HR!G100+HU!G100+IE!G100+IT!G100+LT!G100+LU!G100+LV!G100+MT!G100+NL!G100+PL!G100+PT!G100+RO!G100+SE!G100+SI!G100+SK!G100 -> 34.287237 | H100: =AT!H100+BE!H100+BG!H100+CY!H100+CZ!H100+DE!H100+DK!H100+EE!H100+EL!H100+ES!H100+FI!H100+FR!H100+HR!H100+HU!H100+IE!H100+IT!H100+LT!H100+LU!H100+LV!H100+MT!H100+NL!H100+PL!H100+PT!H100+RO!H100+SE!H100+SI!H100+SK!H100 -> 35.980789 | I100: =AT!I100+BE!I100+BG!I100+CY!I100+CZ!I100+DE!I100+DK!I100+EE!I100+EL!I100+ES!I100+FI!I100+FR!I100+HR!I100+HU!I100+IE!I100+IT!I100+LT!I100+LU!I100+LV!I100+MT!I100+NL!I100+PL!I100+PT!I100+RO!I100+SE!I100+SI!I100+SK!I100 -> 38.363091 | ... AI100: =AT!AI100+BE!AI100+BG!AI100+CY!AI100+CZ!AI100+DE!AI100+DK!AI100+EE!AI100+EL!AI100+ES!AI100+FI!AI100+FR!AI100+HR!AI100+HU!AI100+IE!AI100+IT!AI100+LT!AI100+LU!AI100+LV!AI100+MT!AI100+NL!AI100+PL!AI100+PT!AI100+RO!AI100+SE!AI100+SI!AI100+SK!AI100 -> 92.653659
A101: International - Extra-EU27 | B101: =AT!B101+BE!B101+BG!B101+CY!B101+CZ!B101+DE!B101+DK!B101+EE!B101+EL!B101+ES!B101+FI!B101+FR!B101+HR!B101+HU!B101+IE!B101+IT!B101+LT!B101+LU!B101+LV!B101+MT!B101+NL!B101+PL!B101+PT!B101+RO!B101+SE!B101+SI!B101+SK!B101 -> 95.658056 | C101: =AT!C101+BE!C101+BG!C101+CY!C101+CZ!C101+DE!C101+DK!C101+EE!C101+EL!C101+ES!C101+FI!C101+FR!C101+HR!C101+HU!C101+IE!C101+IT!C101+LT!C101+LU!C101+LV!C101+MT!C101+NL!C101+PL!C101+PT!C101+RO!C101+SE!C101+SI!C101+SK!C101 -> 94.780495 | D101: =AT!D101+BE!D101+BG!D101+CY!D101+CZ!D101+DE!D101+DK!D101+EE!D101+EL!D101+ES!D101+FI!D101+FR!D101+HR!D101+HU!D101+IE!D101+IT!D101+LT!D101+LU!D101+LV!D101+MT!D101+NL!D101+PL!D101+PT!D101+RO!D101+SE!D101+SI!D101+SK!D101 -> 102.96334 | E101: =AT!E101+BE!E101+BG!E101+CY!E101+CZ!E101+DE!E101+DK!E101+EE!E101+EL!E101+ES!E101+FI!E101+FR!E101+HR!E101+HU!E101+IE!E101+IT!E101+LT!E101+LU!E101+LV!E101+MT!E101+NL!E101+PL!E101+PT!E101+RO!E101+SE!E101+SI!E101+SK!E101 -> 104.93558 | F101: =AT!F101+BE!F101+BG!F101+CY!F101+CZ!F101+DE!F101+DK!F101+EE!F101+EL!F101+ES!F101+FI!F101+FR!F101+HR!F101+HU!F101+IE!F101+IT!F101+LT!F101+LU!F101+LV!F101+MT!F101+NL!F101+PL!F101+PT!F101+RO!F101+SE!F101+SI!F101+SK!F101 -> 115.27404 | G101: =AT!G101+BE!G101+BG!G101+CY!G101+CZ!G101+DE!G101+DK!G101+EE!G101+EL!G101+ES!G101+FI!G101+FR!G101+HR!G101+HU!G101+IE!G101+IT!G101+LT!G101+LU!G101+LV!G101+MT!G101+NL!G101+PL!G101+PT!G101+RO!G101+SE!G101+SI!G101+SK!G101 -> 126.03997 | H101: =AT!H101+BE!H101+BG!H101+CY!H101+CZ!H101+DE!H101+DK!H101+EE!H101+EL!H101+ES!H101+FI!H101+FR!H101+HR!H101+HU!H101+IE!H101+IT!H101+LT!H101+LU!H101+LV!H101+MT!H101+NL!H101+PL!H101+PT!H101+RO!H101+SE!H101+SI!H101+SK!H101 -> 132.47065 | I101: =AT!I101+BE!I101+BG!I101+CY!I101+CZ!I101+DE!I101+DK!I101+EE!I101+EL!I101+ES!I101+FI!I101+FR!I101+HR!I101+HU!I101+IE!I101+IT!I101+LT!I101+LU!I101+LV!I101+MT!I101+NL!I101+PL!I101+PT!I101+RO!I101+SE!I101+SI!I101+SK!I101 -> 141.29351 | ... AI101: =AT!AI101+BE!AI101+BG!AI101+CY!AI101+CZ!AI101+DE!AI101+DK!AI101+EE!AI101+EL!AI101+ES!AI101+FI!AI101+FR!AI101+HR!AI101+HU!AI101+IE!AI101+IT!AI101+LT!AI101+LU!AI101+LV!AI101+MT!AI101+NL!AI101+PL!AI101+PT!AI101+RO!AI101+SE!AI101+SI!AI101+SK!AI101 -> 362.9232
A103: New aircrafts | B103: =SUM(B104,B108) -> 0 | C103: =SUM(C104,C108) -> 197.37371 | D103: =SUM(D104,D108) -> 307.06809 | E103: =SUM(E104,E108) -> 248.12424 | F103: =SUM(F104,F108) -> 289.92004 | G103: =SUM(G104,G108) -> 343.7786 | H103: =SUM(H104,H108) -> 319.99941 | I103: =SUM(I104,I108) -> 305.24448 | ... AI103: =SUM(AI104,AI108) -> 310.53728
A104: Passenger transport | B104: =SUM(B105:B107) -> 0 | C104: =SUM(C105:C107) -> 186.61223 | D104: =SUM(D105:D107) -> 287.98604 | E104: =SUM(E105:E107) -> 235.50594 | F104: =SUM(F105:F107) -> 268.79448 | G104: =SUM(G105:G107) -> 321.77982 | H104: =SUM(H105:H107) -> 299.31917 | I104: =SUM(I105:I107) -> 284.56664 | ... AI104: =SUM(AI105:AI107) -> 304.33366
A105: Domestic | B105: =AT!B105+BE!B105+BG!B105+CY!B105+CZ!B105+DE!B105+DK!B105+EE!B105+EL!B105+ES!B105+FI!B105+FR!B105+HR!B105+HU!B105+IE!B105+IT!B105+LT!B105+LU!B105+LV!B105+MT!B105+NL!B105+PL!B105+PT!B105+RO!B105+SE!B105+SI!B105+SK!B105 -> 0 | C105: =AT!C105+BE!C105+BG!C105+CY!C105+CZ!C105+DE!C105+DK!C105+EE!C105+EL!C105+ES!C105+FI!C105+FR!C105+HR!C105+HU!C105+IE!C105+IT!C105+LT!C105+LU!C105+LV!C105+MT!C105+NL!C105+PL!C105+PT!C105+RO!C105+SE!C105+SI!C105+SK!C105 -> 61.301644 | D105: =AT!D105+BE!D105+BG!D105+CY!D105+CZ!D105+DE!D105+DK!D105+EE!D105+EL!D105+ES!D105+FI!D105+FR!D105+HR!D105+HU!D105+IE!D105+IT!D105+LT!D105+LU!D105+LV!D105+MT!D105+NL!D105+PL!D105+PT!D105+RO!D105+SE!D105+SI!D105+SK!D105 -> 40.717624 | E105: =AT!E105+BE!E105+BG!E105+CY!E105+CZ!E105+DE!E105+DK!E105+EE!E105+EL!E105+ES!E105+FI!E105+FR!E105+HR!E105+HU!E105+IE!E105+IT!E105+LT!E105+LU!E105+LV!E105+MT!E105+NL!E105+PL!E105+PT!E105+RO!E105+SE!E105+SI!E105+SK!E105 -> 42.547927 | F105: =AT!F105+BE!F105+BG!F105+CY!F105+CZ!F105+DE!F105+DK!F105+EE!F105+EL!F105+ES!F105+FI!F105+FR!F105+HR!F105+HU!F105+IE!F105+IT!F105+LT!F105+LU!F105+LV!F105+MT!F105+NL!F105+PL!F105+PT!F105+RO!F105+SE!F105+SI!F105+SK!F105 -> 15.536874 | G105: =AT!G105+BE!G105+BG!G105+CY!G105+CZ!G105+DE!G105+DK!G105+EE!G105+EL!G105+ES!G105+FI!G105+FR!G105+HR!G105+HU!G105+IE!G105+IT!G105+LT!G105+LU!G105+LV!G105+MT!G105+NL!G105+PL!G105+PT!G105+RO!G105+SE!G105+SI!G105+SK!G105 -> 59.399865 | H105: =AT!H105+BE!H105+BG!H105+CY!H105+CZ!H105+DE!H105+DK!H105+EE!H105+EL!H105+ES!H105+FI!H105+FR!H105+HR!H105+HU!H105+IE!H105+IT!H105+LT!H105+LU!H105+LV!H105+MT!H105+NL!H105+PL!H105+PT!H105+RO!H105+SE!H105+SI!H105+SK!H105 -> 72.785471 | I105: =AT!I105+BE!I105+BG!I105+CY!I105+CZ!I105+DE!I105+DK!I105+EE!I105+EL!I105+ES!I105+FI!I105+FR!I105+HR!I105+HU!I105+IE!I105+IT!I105+LT!I105+LU!I105+LV!I105+MT!I105+NL!I105+PL!I105+PT!I105+RO!I105+SE!I105+SI!I105+SK!I105 -> 64.063565 | ... AI105: =AT!AI105+BE!AI105+BG!AI105+CY!AI105+CZ!AI105+DE!AI105+DK!AI105+EE!AI105+EL!AI105+ES!AI105+FI!AI105+FR!AI105+HR!AI105+HU!AI105+IE!AI105+IT!AI105+LT!AI105+LU!AI105+LV!AI105+MT!AI105+NL!AI105+PL!AI105+PT!AI105+RO!AI105+SE!AI105+SI!AI105+SK!AI105 -> 35.661682
A106: International - Intra-EU27 | B106: =AT!B106+BE!B106+BG!B106+CY!B106+CZ!B106+DE!B106+DK!B106+EE!B106+EL!B106+ES!B106+FI!B106+FR!B106+HR!B106+HU!B106+IE!B106+IT!B106+LT!B106+LU!B106+LV!B106+MT!B106+NL!B106+PL!B106+PT!B106+RO!B106+SE!B106+SI!B106+SK!B106 -> 0 | C106: =AT!C106+BE!C106+BG!C106+CY!C106+CZ!C106+DE!C106+DK!C106+EE!C106+EL!C106+ES!C106+FI!C106+FR!C106+HR!C106+HU!C106+IE!C106+IT!C106+LT!C106+LU!C106+LV!C106+MT!C106+NL!C106+PL!C106+PT!C106+RO!C106+SE!C106+SI!C106+SK!C106 -> 61.978425 | D106: =AT!D106+BE!D106+BG!D106+CY!D106+CZ!D106+DE!D106+DK!D106+EE!D106+EL!D106+ES!D106+FI!D106+FR!D106+HR!D106+HU!D106+IE!D106+IT!D106+LT!D106+LU!D106+LV!D106+MT!D106+NL!D106+PL!D106+PT!D106+RO!D106+SE!D106+SI!D106+SK!D106 -> 107.36781 | E106: =AT!E106+BE!E106+BG!E106+CY!E106+CZ!E106+DE!E106+DK!E106+EE!E106+EL!E106+ES!E106+FI!E106+FR!E106+HR!E106+HU!E106+IE!E106+IT!E106+LT!E106+LU!E106+LV!E106+MT!E106+NL!E106+PL!E106+PT!E106+RO!E106+SE!E106+SI!E106+SK!E106 -> 90.004847 | F106: =AT!F106+BE!F106+BG!F106+CY!F106+CZ!F106+DE!F106+DK!F106+EE!F106+EL!F106+ES!F106+FI!F106+FR!F106+HR!F106+HU!F106+IE!F106+IT!F106+LT!F106+LU!F106+LV!F106+MT!F106+NL!F106+PL!F106+PT!F106+RO!F106+SE!F106+SI!F106+SK!F106 -> 127.19381 | G106: =AT!G106+BE!G106+BG!G106+CY!G106+CZ!G106+DE!G106+DK!G106+EE!G106+EL!G106+ES!G106+FI!G106+FR!G106+HR!G106+HU!G106+IE!G106+IT!G106+LT!G106+LU!G106+LV!G106+MT!G106+NL!G106+PL!G106+PT!G106+RO!G106+SE!G106+SI!G106+SK!G106 -> 116.547 | H106: =AT!H106+BE!H106+BG!H106+CY!H106+CZ!H106+DE!H106+DK!H106+EE!H106+EL!H106+ES!H106+FI!H106+FR!H106+HR!H106+HU!H106+IE!H106+IT!H106+LT!H106+LU!H106+LV!H106+MT!H106+NL!H106+PL!H106+PT!H106+RO!H106+SE!H106+SI!H106+SK!H106 -> 95.055372 | I106: =AT!I106+BE!I106+BG!I106+CY!I106+CZ!I106+DE!I106+DK!I106+EE!I106+EL!I106+ES!I106+FI!I106+FR!I106+HR!I106+HU!I106+IE!I106+IT!I106+LT!I106+LU!I106+LV!I106+MT!I106+NL!I106+PL!I106+PT!I106+RO!I106+SE!I106+SI!I106+SK!I106 -> 98.766695 | ... AI106: =AT!AI106+BE!AI106+BG!AI106+CY!AI106+CZ!AI106+DE!AI106+DK!AI106+EE!AI106+EL!AI106+ES!AI106+FI!AI106+FR!AI106+HR!AI106+HU!AI106+IE!AI106+IT!AI106+LT!AI106+LU!AI106+LV!AI106+MT!AI106+NL!AI106+PL!AI106+PT!AI106+RO!AI106+SE!AI106+SI!AI106+SK!AI106 -> 146.18488
A107: International - Extra-EU27 | B107: =AT!B107+BE!B107+BG!B107+CY!B107+CZ!B107+DE!B107+DK!B107+EE!B107+EL!B107+ES!B107+FI!B107+FR!B107+HR!B107+HU!B107+IE!B107+IT!B107+LT!B107+LU!B107+LV!B107+MT!B107+NL!B107+PL!B107+PT!B107+RO!B107+SE!B107+SI!B107+SK!B107 -> 0 | C107: =AT!C107+BE!C107+BG!C107+CY!C107+CZ!C107+DE!C107+DK!C107+EE!C107+EL!C107+ES!C107+FI!C107+FR!C107+HR!C107+HU!C107+IE!C107+IT!C107+LT!C107+LU!C107+LV!C107+MT!C107+NL!C107+PL!C107+PT!C107+RO!C107+SE!C107+SI!C107+SK!C107 -> 63.332163 | D107: =AT!D107+BE!D107+BG!D107+CY!D107+CZ!D107+DE!D107+DK!D107+EE!D107+EL!D107+ES!D107+FI!D107+FR!D107+HR!D107+HU!D107+IE!D107+IT!D107+LT!D107+LU!D107+LV!D107+MT!D107+NL!D107+PL!D107+PT!D107+RO!D107+SE!D107+SI!D107+SK!D107 -> 139.90061 | E107: =AT!E107+BE!E107+BG!E107+CY!E107+CZ!E107+DE!E107+DK!E107+EE!E107+EL!E107+ES!E107+FI!E107+FR!E107+HR!E107+HU!E107+IE!E107+IT!E107+LT!E107+LU!E107+LV!E107+MT!E107+NL!E107+PL!E107+PT!E107+RO!E107+SE!E107+SI!E107+SK!E107 -> 102.95317 | F107: =AT!F107+BE!F107+BG!F107+CY!F107+CZ!F107+DE!F107+DK!F107+EE!F107+EL!F107+ES!F107+FI!F107+FR!F107+HR!F107+HU!F107+IE!F107+IT!F107+LT!F107+LU!F107+LV!F107+MT!F107+NL!F107+PL!F107+PT!F107+RO!F107+SE!F107+SI!F107+SK!F107 -> 126.06379 | G107: =AT!G107+BE!G107+BG!G107+CY!G107+CZ!G107+DE!G107+DK!G107+EE!G107+EL!G107+ES!G107+FI!G107+FR!G107+HR!G107+HU!G107+IE!G107+IT!G107+LT!G107+LU!G107+LV!G107+MT!G107+NL!G107+PL!G107+PT!G107+RO!G107+SE!G107+SI!G107+SK!G107 -> 145.83295 | H107: =AT!H107+BE!H107+BG!H107+CY!H107+CZ!H107+DE!H107+DK!H107+EE!H107+EL!H107+ES!H107+FI!H107+FR!H107+HR!H107+HU!H107+IE!H107+IT!H107+LT!H107+LU!H107+LV!H107+MT!H107+NL!H107+PL!H107+PT!H107+RO!H107+SE!H107+SI!H107+SK!H107 -> 131.47832 | I107: =AT!I107+BE!I107+BG!I107+CY!I107+CZ!I107+DE!I107+DK!I107+EE!I107+EL!I107+ES!I107+FI!I107+FR!I107+HR!I107+HU!I107+IE!I107+IT!I107+LT!I107+LU!I107+LV!I107+MT!I107+NL!I107+PL!I107+PT!I107+RO!I107+SE!I107+SI!I107+SK!I107 -> 121.73638 | ... AI107: =AT!AI107+BE!AI107+BG!AI107+CY!AI107+CZ!AI107+DE!AI107+DK!AI107+EE!AI107+EL!AI107+ES!AI107+FI!AI107+FR!AI107+HR!AI107+HU!AI107+IE!AI107+IT!AI107+LT!AI107+LU!AI107+LV!AI107+MT!AI107+NL!AI107+PL!AI107+PT!AI107+RO!AI107+SE!AI107+SI!AI107+SK!AI107 -> 122.48709
A108: Freight transport | B108: =SUM(B109:B111) -> 0 | C108: =SUM(C109:C111) -> 10.761478 | D108: =SUM(D109:D111) -> 19.082047 | E108: =SUM(E109:E111) -> 12.618299 | F108: =SUM(F109:F111) -> 21.12556 | G108: =SUM(G109:G111) -> 21.998789 | H108: =SUM(H109:H111) -> 20.68024 | I108: =SUM(I109:I111) -> 20.677838 | ... AI108: =SUM(AI109:AI111) -> 6.203623
A109: Domestic | B109: =AT!B109+BE!B109+BG!B109+CY!B109+CZ!B109+DE!B109+DK!B109+EE!B109+EL!B109+ES!B109+FI!B109+FR!B109+HR!B109+HU!B109+IE!B109+IT!B109+LT!B109+LU!B109+LV!B109+MT!B109+NL!B109+PL!B109+PT!B109+RO!B109+SE!B109+SI!B109+SK!B109 -> 0 | C109: =AT!C109+BE!C109+BG!C109+CY!C109+CZ!C109+DE!C109+DK!C109+EE!C109+EL!C109+ES!C109+FI!C109+FR!C109+HR!C109+HU!C109+IE!C109+IT!C109+LT!C109+LU!C109+LV!C109+MT!C109+NL!C109+PL!C109+PT!C109+RO!C109+SE!C109+SI!C109+SK!C109 -> 4.0733337 | D109: =AT!D109+BE!D109+BG!D109+CY!D109+CZ!D109+DE!D109+DK!D109+EE!D109+EL!D109+ES!D109+FI!D109+FR!D109+HR!D109+HU!D109+IE!D109+IT!D109+LT!D109+LU!D109+LV!D109+MT!D109+NL!D109+PL!D109+PT!D109+RO!D109+SE!D109+SI!D109+SK!D109 -> 1.7635868 | E109: =AT!E109+BE!E109+BG!E109+CY!E109+CZ!E109+DE!E109+DK!E109+EE!E109+EL!E109+ES!E109+FI!E109+FR!E109+HR!E109+HU!E109+IE!E109+IT!E109+LT!E109+LU!E109+LV!E109+MT!E109+NL!E109+PL!E109+PT!E109+RO!E109+SE!E109+SI!E109+SK!E109 -> 2.4206646 | F109: =AT!F109+BE!F109+BG!F109+CY!F109+CZ!F109+DE!F109+DK!F109+EE!F109+EL!F109+ES!F109+FI!F109+FR!F109+HR!F109+HU!F109+IE!F109+IT!F109+LT!F109+LU!F109+LV!F109+MT!F109+NL!F109+PL!F109+PT!F109+RO!F109+SE!F109+SI!F109+SK!F109 -> 0.35920289 | G109: =AT!G109+BE!G109+BG!G109+CY!G109+CZ!G109+DE!G109+DK!G109+EE!G109+EL!G109+ES!G109+FI!G109+FR!G109+HR!G109+HU!G109+IE!G109+IT!G109+LT!G109+LU!G109+LV!G109+MT!G109+NL!G109+PL!G109+PT!G109+RO!G109+SE!G109+SI!G109+SK!G109 -> 1.9637515 | H109: =AT!H109+BE!H109+BG!H109+CY!H109+CZ!H109+DE!H109+DK!H109+EE!H109+EL!H109+ES!H109+FI!H109+FR!H109+HR!H109+HU!H109+IE!H109+IT!H109+LT!H109+LU!H109+LV!H109+MT!H109+NL!H109+PL!H109+PT!H109+RO!H109+SE!H109+SI!H109+SK!H109 -> 4.4452598 | I109: =AT!I109+BE!I109+BG!I109+CY!I109+CZ!I109+DE!I109+DK!I109+EE!I109+EL!I109+ES!I109+FI!I109+FR!I109+HR!I109+HU!I109+IE!I109+IT!I109+LT!I109+LU!I109+LV!I109+MT!I109+NL!I109+PL!I109+PT!I109+RO!I109+SE!I109+SI!I109+SK!I109 -> 1.9974848 | ... AI109: =AT!AI109+BE!AI109+BG!AI109+CY!AI109+CZ!AI109+DE!AI109+DK!AI109+EE!AI109+EL!AI109+ES!AI109+FI!AI109+FR!AI109+HR!AI109+HU!AI109+IE!AI109+IT!AI109+LT!AI109+LU!AI109+LV!AI109+MT!AI109+NL!AI109+PL!AI109+PT!AI109+RO!AI109+SE!AI109+SI!AI109+SK!AI109 -> 0.53163809
A110: International - Intra-EU27 | B110: =AT!B110+BE!B110+BG!B110+CY!B110+CZ!B110+DE!B110+DK!B110+EE!B110+EL!B110+ES!B110+FI!B110+FR!B110+HR!B110+HU!B110+IE!B110+IT!B110+LT!B110+LU!B110+LV!B110+MT!B110+NL!B110+PL!B110+PT!B110+RO!B110+SE!B110+SI!B110+SK!B110 -> 0 | C110: =AT!C110+BE!C110+BG!C110+CY!C110+CZ!C110+DE!C110+DK!C110+EE!C110+EL!C110+ES!C110+FI!C110+FR!C110+HR!C110+HU!C110+IE!C110+IT!C110+LT!C110+LU!C110+LV!C110+MT!C110+NL!C110+PL!C110+PT!C110+RO!C110+SE!C110+SI!C110+SK!C110 -> 1.3459629 | D110: =AT!D110+BE!D110+BG!D110+CY!D110+CZ!D110+DE!D110+DK!D110+EE!D110+EL!D110+ES!D110+FI!D110+FR!D110+HR!D110+HU!D110+IE!D110+IT!D110+LT!D110+LU!D110+LV!D110+MT!D110+NL!D110+PL!D110+PT!D110+RO!D110+SE!D110+SI!D110+SK!D110 -> 3.3390984 | E110: =AT!E110+BE!E110+BG!E110+CY!E110+CZ!E110+DE!E110+DK!E110+EE!E110+EL!E110+ES!E110+FI!E110+FR!E110+HR!E110+HU!E110+IE!E110+IT!E110+LT!E110+LU!E110+LV!E110+MT!E110+NL!E110+PL!E110+PT!E110+RO!E110+SE!E110+SI!E110+SK!E110 -> 2.1312639 | F110: =AT!F110+BE!F110+BG!F110+CY!F110+CZ!F110+DE!F110+DK!F110+EE!F110+EL!F110+ES!F110+FI!F110+FR!F110+HR!F110+HU!F110+IE!F110+IT!F110+LT!F110+LU!F110+LV!F110+MT!F110+NL!F110+PL!F110+PT!F110+RO!F110+SE!F110+SI!F110+SK!F110 -> 4.5814708 | G110: =AT!G110+BE!G110+BG!G110+CY!G110+CZ!G110+DE!G110+DK!G110+EE!G110+EL!G110+ES!G110+FI!G110+FR!G110+HR!G110+HU!G110+IE!G110+IT!G110+LT!G110+LU!G110+LV!G110+MT!G110+NL!G110+PL!G110+PT!G110+RO!G110+SE!G110+SI!G110+SK!G110 -> 3.4978496 | H110: =AT!H110+BE!H110+BG!H110+CY!H110+CZ!H110+DE!H110+DK!H110+EE!H110+EL!H110+ES!H110+FI!H110+FR!H110+HR!H110+HU!H110+IE!H110+IT!H110+LT!H110+LU!H110+LV!H110+MT!H110+NL!H110+PL!H110+PT!H110+RO!H110+SE!H110+SI!H110+SK!H110 -> 3.658431 | I110: =AT!I110+BE!I110+BG!I110+CY!I110+CZ!I110+DE!I110+DK!I110+EE!I110+EL!I110+ES!I110+FI!I110+FR!I110+HR!I110+HU!I110+IE!I110+IT!I110+LT!I110+LU!I110+LV!I110+MT!I110+NL!I110+PL!I110+PT!I110+RO!I110+SE!I110+SI!I110+SK!I110 -> 4.0145656 | ... AI110: =AT!AI110+BE!AI110+BG!AI110+CY!AI110+CZ!AI110+DE!AI110+DK!AI110+EE!AI110+EL!AI110+ES!AI110+FI!AI110+FR!AI110+HR!AI110+HU!AI110+IE!AI110+IT!AI110+LT!AI110+LU!AI110+LV!AI110+MT!AI110+NL!AI110+PL!AI110+PT!AI110+RO!AI110+SE!AI110+SI!AI110+SK!AI110 -> 0.71520677
A111: International - Extra-EU27 | B111: =AT!B111+BE!B111+BG!B111+CY!B111+CZ!B111+DE!B111+DK!B111+EE!B111+EL!B111+ES!B111+FI!B111+FR!B111+HR!B111+HU!B111+IE!B111+IT!B111+LT!B111+LU!B111+LV!B111+MT!B111+NL!B111+PL!B111+PT!B111+RO!B111+SE!B111+SI!B111+SK!B111 -> 0 | C111: =AT!C111+BE!C111+BG!C111+CY!C111+CZ!C111+DE!C111+DK!C111+EE!C111+EL!C111+ES!C111+FI!C111+FR!C111+HR!C111+HU!C111+IE!C111+IT!C111+LT!C111+LU!C111+LV!C111+MT!C111+NL!C111+PL!C111+PT!C111+RO!C111+SE!C111+SI!C111+SK!C111 -> 5.3421813 | D111: =AT!D111+BE!D111+BG!D111+CY!D111+CZ!D111+DE!D111+DK!D111+EE!D111+EL!D111+ES!D111+FI!D111+FR!D111+HR!D111+HU!D111+IE!D111+IT!D111+LT!D111+LU!D111+LV!D111+MT!D111+NL!D111+PL!D111+PT!D111+RO!D111+SE!D111+SI!D111+SK!D111 -> 13.979362 | E111: =AT!E111+BE!E111+BG!E111+CY!E111+CZ!E111+DE!E111+DK!E111+EE!E111+EL!E111+ES!E111+FI!E111+FR!E111+HR!E111+HU!E111+IE!E111+IT!E111+LT!E111+LU!E111+LV!E111+MT!E111+NL!E111+PL!E111+PT!E111+RO!E111+SE!E111+SI!E111+SK!E111 -> 8.0663701 | F111: =AT!F111+BE!F111+BG!F111+CY!F111+CZ!F111+DE!F111+DK!F111+EE!F111+EL!F111+ES!F111+FI!F111+FR!F111+HR!F111+HU!F111+IE!F111+IT!F111+LT!F111+LU!F111+LV!F111+MT!F111+NL!F111+PL!F111+PT!F111+RO!F111+SE!F111+SI!F111+SK!F111 -> 16.184886 | G111: =AT!G111+BE!G111+BG!G111+CY!G111+CZ!G111+DE!G111+DK!G111+EE!G111+EL!G111+ES!G111+FI!G111+FR!G111+HR!G111+HU!G111+IE!G111+IT!G111+LT!G111+LU!G111+LV!G111+MT!G111+NL!G111+PL!G111+PT!G111+RO!G111+SE!G111+SI!G111+SK!G111 -> 16.537188 | H111: =AT!H111+BE!H111+BG!H111+CY!H111+CZ!H111+DE!H111+DK!H111+EE!H111+EL!H111+ES!H111+FI!H111+FR!H111+HR!H111+HU!H111+IE!H111+IT!H111+LT!H111+LU!H111+LV!H111+MT!H111+NL!H111+PL!H111+PT!H111+RO!H111+SE!H111+SI!H111+SK!H111 -> 12.576549 | I111: =AT!I111+BE!I111+BG!I111+CY!I111+CZ!I111+DE!I111+DK!I111+EE!I111+EL!I111+ES!I111+FI!I111+FR!I111+HR!I111+HU!I111+IE!I111+IT!I111+LT!I111+LU!I111+LV!I111+MT!I111+NL!I111+PL!I111+PT!I111+RO!I111+SE!I111+SI!I111+SK!I111 -> 14.665788 | ... AI111: =AT!AI111+BE!AI111+BG!AI111+CY!AI111+CZ!AI111+DE!AI111+DK!AI111+EE!AI111+EL!AI111+ES!AI111+FI!AI111+FR!AI111+HR!AI111+HU!AI111+IE!AI111+IT!AI111+LT!AI111+LU!AI111+LV!AI111+MT!AI111+NL!AI111+PL!AI111+PT!AI111+RO!AI111+SE!AI111+SI!AI111+SK!AI111 -> 4.9567781
...

Sheet AT
A1: AT - Austria | B1: 1990 | C1: 1991 | D1: 1992 | E1: 1993 | F1: 1994 | G1: 1995 | H1: 1996 | I1: 1997 | J1: 1998 | K1: 1999 | L1: 2000 | M1: 2001 | N1: 2002 | O1: 2003 | P1: 2004 | Q1: 2005 | R1: 2006 | S1: 2007 | T1: 2008 | U1: 2009 | V1: 2010 | W1: 2011 | X1: 2012 | Y1: 2013 | Z1: 2014 | AA1: 2015 | AB1: 2016 | AC1: 2017 | AD1: 2018 | AE1: 2019 | AF1: 2020 | AG1: 2021 | AH1: 2022 | AI1: 2023
A3: Transport activity
A4: Passenger transport (mio pkm) | B4: =SUM(B5:B7) -> 5731.7115 | C4: =SUM(C5:C7) -> 6491.1159 | D4: =SUM(D5:D7) -> 7080.715 | E4: =SUM(E5:E7) -> 7568.5197 | F4: =SUM(F5:F7) -> 8011.1868 | G4: =SUM(G5:G7) -> 9145.9732 | H4: =SUM(H5:H7) -> 10305.014 | I4: =SUM(I5:I7) -> 11488.297 | ... AI4: =SUM(AI5:AI7) -> 28467.541
A5: Domestic | B5: 80.050319 | C5: 88.816703 | D5: 94.403096 | E5: 112.12593 | F5: 115.86254 | G5: 111.30345 | H5: 119.09547 | I5: 123.99333 | J5: 137.53549 | K5: 145.03676 | L5: 157.73011 | M5: 161.67067 | N5: 164.77892 | O5: 169.57292 | P5: 176.92057 | Q5: 176.76307 | R5: 222.22347 | S5: 239.27198 | T5: 254.91025 | U5: 253.19716 | V5: 273.91359 | W5: 214.35635 | X5: 199.03831 | Y5: 190.16316 | Z5: 178.54922 | AA5: 162.9432 | AB5: 156.43057 | AC5: 167.9268 | AD5: 184.04799 | AE5: 174.945 | AF5: 44.975527 | AG5: 32.685958 | AH5: 72.223238 | AI5: 81.445386
A6: International - Intra-EU27 | B6: 2360.6859 | C6: 2686.4438 | D6: 2941.1143 | E6: 3141.2319 | F6: 3437.2781 | G6: 3909.3643 | H6: 4085.6112 | I6: 4345.2194 | J6: 4587.5167 | K6: 4652.9045 | L6: 4987.5895 | M6: 5022.7363 | N6: 5107.0795 | O6: 5510.9709 | P6: 6053.0276 | Q6: 6330.3745 | R6: 6547.8277 | S6: 6869.9768 | T6: 6790.9975 | U6: 6052.0117 | V6: 6534.4561 | W6: 7111.7536 | X6: 7316.9777 | Y6: 7267.2304 | Z6: 7535.478 | AA6: 7679.0592 | AB6: 7883.5557 | AC6: 8062.3631 | AD6: 8906.8925 | AE6: 10779.223 | AF6: 3067.5152 | AG6: 4054.4501 | AH6: 9000.4575 | AI6: 11098.271
A7: International - Extra-EU27 | B7: 3290.9753 | C7: 3715.8554 | D7: 4045.1976 | E7: 4315.1619 | F7: 4458.0462 | G7: 5125.3055 | H7: 6100.3071 | I7: 7019.0839 | J7: 7279.6191 | K7: 7262.8444 | L7: 8411.6776 | M7: 8380.4843 | N7: 8885.4884 | O7: 8866.4388 | P7: 10943.496 | Q7: 12203.404 | R7: 11635.387 | S7: 11706.916 | T7: 11752.805 | U7: 10393.401 | V7: 11097.258 | W7: 11335.192 | X7: 11500.058 | Y7: 11624.601 | Z7: 12726.194 | AA7: 13124.061 | AB7: 12947.661 | AC7: 13580.56 | AD7: 16255.192 | AE7: 19189.412 | AF7: 4330.4506 | AG7: 4785.3373 | AH7: 12304.093 | AI7: 17287.825
A8: Freight transport (mio tkm) | B8: =SUM(B9:B11) -> 43.912794 | C8: =SUM(C9:C11) -> 49.519309 | D8: =SUM(D9:D11) -> 53.618473 | E8: =SUM(E9:E11) -> 56.528604 | F8: =SUM(F9:F11) -> 74.382055 | G8: =SUM(G9:G11) -> 88.695864 | H8: =SUM(H9:H11) -> 88.739573 | I8: =SUM(I9:I11) -> 110.09398 | ... AI8: =SUM(AI9:AI11) -> 231.25905
A9: Domestic | B9: 0.14865409 | C9: 0.16354404 | D9: 0.17126864 | E9: 0.19906214 | F9: 0.1680924 | G9: 0.10412502 | H9: 0.12559276 | I9: 0.12784704 | J9: 0.13402257 | K9: 0.19776235 | L9: 0.28801273 | M9: 0.17715885 | N9: 0.1821774 | O9: 0.19378083 | P9: 0.23600016 | Q9: 0.24124955 | R9: 0.23872719 | S9: 0.21276302 | T9: 0.22503387 | U9: 0.21629151 | V9: 0.18957173 | W9: 0.14504914 | X9: 0.11128335 | Y9: 0.082766665 | Z9: 0.056643408 | AA9: 0.051504269 | AB9: 0.032377339 | AC9: 0.022563754 | AD9: 0.021363161 | AE9: 0.0070960203 | AF9: 0.0029143153 | AG9: 0.0028440696 | AH9: 0.0031269284 | AI9: 0.0048996119
A10: International - Intra-EU27 | B10: 16.176769 | C10: 18.208422 | D10: 19.718088 | E10: 20.846143 | F10: 26.383553 | G10: 29.235227 | H10: 28.188037 | I10: 31.71639 | J10: 29.281444 | K10: 32.4015 | L10: 30.62094 | M10: 29.267582 | N10: 36.544559 | O10: 40.752184 | P10: 55.119707 | Q10: 58.952934 | R10: 60.68571 | S10: 50.233704 | T10: 44.8159 | U10: 41.372192 | V10: 44.308283 | W10: 42.198726 | X10: 37.370304 | Y10: 40.976445 | Z10: 55.77613 | AA10: 54.585952 | AB10: 49.051057 | AC10: 53.800224 | AD10: 56.327183 | AE10: 66.699389 | AF10: 52.200025 | AG10: 56.265087 | AH10: 65.168455 | AI10: 66.548013
A11: International - Extra-EU27 | B11: 27.58737 | C11: 31.147343 | D11: 33.729116 | E11: 35.483399 | F11: 47.830409 | G11: 59.356512 | H11: 60.425944 | I11: 78.249742 | J11: 76.905496 | K11: 86.030687 | L11: 106.15102 | M11: 93.557925 | N11: 101.4122 | O11: 99.176525 | P11: 118.89472 | Q11: 154.0099 | R11: 134.82864 | S11: 118.84597 | T11: 107.98068 | U11: 92.011831 | V11: 99.212109 | W11: 143.28446 | X11: 168.4213 | Y11: 194.05359 | Z11: 247.52113 | AA11: 315.77741 | AB11: 335.11707 | AC11: 359.04465 | AD11: 437.41614 | AE11: 460.30571 | AF11: 124.64094 | AG11: 116.155 | AH11: 159.60437 | AI11: 164.70614
A13: Market shares of activity
A14: Passenger transport (% of pkm) | B14: =IF(B4=0,0,B4/B$4) -> 1 | C14: =IF(C4=0,0,C4/C$4) -> 1 | D14: =IF(D4=0,0,D4/D$4) -> 1 | E14: =IF(E4=0,0,E4/E$4) -> 1 | F14: =IF(F4=0,0,F4/F$4) -> 1 | G14: =IF(G4=0,0,G4/G$4) -> 1 | H14: =IF(H4=0,0,H4/H$4) -> 1 | I14: =IF(I4=0,0,I4/I$4) -> 1 | ... AI14: =IF(AI4=0,0,AI4/AI$4) -> 1
A15: Domestic | B15: =IF(B5=0,0,B5/B$4) -> 0.013966216 | C15: =IF(C5=0,0,C5/C$4) -> 0.01368281 | D15: =IF(D5=0,0,D5/D$4) -> 0.013332424 | E15: =IF(E5=0,0,E5/E$4) -> 0.014814777 | F15: =IF(F5=0,0,F5/F$4) -> 0.014462594 | G15: =IF(G5=0,0,G5/G$4) -> 0.012169668 | H15: =IF(H5=0,0,H5/H$4) -> 0.011557042 | I15: =IF(I5=0,0,I5/I$4) -> 0.010793013 | ... AI15: =IF(AI5=0,0,AI5/AI$4) -> 0.0028609913
A16: International - Intra-EU27 | B16: =IF(B6=0,0,B6/B$4) -> 0.41186404 | C16: =IF(C6=0,0,C6/C$4) -> 0.41386472 | D16: =IF(D6=0,0,D6/D$4) -> 0.41536968 | E16: =IF(E6=0,0,E6/E$4) -> 0.41503914 | F16: =IF(F6=0,0,F6/F$4) -> 0.42905979 | G16: =IF(G6=0,0,G6/G$4) -> 0.42744104 | H16: =IF(H6=0,0,H6/H$4) -> 0.39646829 | I16: =IF(I6=0,0,I6/I$4) -> 0.37823008 | ... AI16: =IF(AI6=0,0,AI6/AI$4) -> 0.38985702
A17: International - Extra-EU27 | B17: =IF(B7=0,0,B7/B$4) -> 0.57416974 | C17: =IF(C7=0,0,C7/C$4) -> 0.57245247 | D17: =IF(D7=0,0,D7/D$4) -> 0.57129789 | E17: =IF(E7=0,0,E7/E$4) -> 0.57014608 | F17: =IF(F7=0,0,F7/F$4) -> 0.55647762 | G17: =IF(G7=0,0,G7/G$4) -> 0.56038929 | H17: =IF(H7=0,0,H7/H$4) -> 0.59197467 | I17: =IF(I7=0,0,I7/I$4) -> 0.6109769 | ... AI17: =IF(AI7=0,0,AI7/AI$4) -> 0.60728199
A18: Freight transport (% of tkm) | B18: =IF(B8=0,0,B8/B$8) -> 1 | C18: =IF(C8=0,0,C8/C$8) -> 1 | D18: =IF(D8=0,0,D8/D$8) -> 1 | E18: =IF(E8=0,0,E8/E$8) -> 1 | F18: =IF(F8=0,0,F8/F$8) -> 1 | G18: =IF(G8=0,0,G8/G$8) -> 1 | H18: =IF(H8=0,0,H8/H$8) -> 1 | I18: =IF(I8=0,0,I8/I$8) -> 1 | ... AI18: =IF(AI8=0,0,AI8/AI$8) -> 1
A19: Domestic | B19: =IF(B9=0,0,B9/B$8) -> 0.0033852115 | C19: =IF(C9=0,0,C9/C$8) -> 0.0033026316 | D19: =IF(D9=0,0,D9/D$8) -> 0.0031942097 | E19: =IF(E9=0,0,E9/E$8) -> 0.0035214409 | F19: =IF(F9=0,0,F9/F$8) -> 0.0022598515 | G19: =IF(G9=0,0,G9/G$8) -> 0.0011739558 | H19: =IF(H9=0,0,H9/H$8) -> 0.0014152959 | I19: =IF(I9=0,0,I9/I$8) -> 0.0011612537 | ... AI19: =IF(AI9=0,0,AI9/AI$8) -> 2.1186681e-05
A20: International - Intra-EU27 | B20: =IF(B10=0,0,B10/B$8) -> 0.36838397 | C20: =IF(C10=0,0,C10/C$8) -> 0.36770347 | D20: =IF(D10=0,0,D10/D$8) -> 0.36774803 | E20: =IF(E10=0,0,E10/E$8) -> 0.36877159 | F20: =IF(F10=0,0,F10/F$8) -> 0.3547032 | G20: =IF(G10=0,0,G10/G$8) -> 0.32961207 | H20: =IF(H10=0,0,H10/H$8) -> 0.317649 | I20: =IF(I10=0,0,I10/I$8) -> 0.28808469 | ... AI20: =IF(AI10=0,0,AI10/AI$8) -> 0.28776392
A21: International - Extra-EU27 | B21: =IF(B11=0,0,B11/B$8) -> 0.62823082 | C21: =IF(C11=0,0,C11/C$8) -> 0.6289939 | D21: =IF(D11=0,0,D11/D$8) -> 0.62905776 | E21: =IF(E11=0,0,E11/E$8) -> 0.62770697 | F21: =IF(F11=0,0,F11/F$8) -> 0.64303695 | G21: =IF(G11=0,0,G11/G$8) -> 0.66921398 | H21: =IF(H11=0,0,H11/H$8) -> 0.6809357 | I21: =IF(I11=0,0,I11/I$8) -> 0.71075405 | ... AI21: =IF(AI11=0,0,AI11/AI$8) -> 0.71221489
A23: Vehicle-km (mio km) | B23: =SUM(B24,B28) -> 65.945782 | C23: =SUM(C24,C28) -> 74.129856 | D23: =SUM(D24,D28) -> 80.153905 | E23: =SUM(E24,E28) -> 85.146207 | F23: =SUM(F24,F28) -> 89.504197 | G23: =SUM(G24,G28) -> 101.06276 | H23: =SUM(H24,H28) -> 109.81471 | I23: =SUM(I24,I28) -> 114.69173 | ... AI23: =SUM(AI24,AI28) -> 176.01271
A24: Passenger transport | B24: =SUM(B25:B27) -> 64.910244 | C24: =SUM(C25:C27) -> 72.962933 | D24: =SUM(D25:D27) -> 78.890761 | E24: =SUM(E25:E27) -> 83.839059 | F24: =SUM(F25:F27) -> 87.925119 | G24: =SUM(G25:G27) -> 99.29879 | H24: =SUM(H25:H27) -> 108.04188 | I24: =SUM(I25:I27) -> 112.64763 | ... AI24: =SUM(AI25:AI27) -> 171.06284
A25: Domestic | B25: 3.6620375 | C25: 4.0172373 | D25: 4.1971297 | E25: 4.9164296 | F25: 4.9959922 | G25: 4.7087577 | H25: 4.950682 | I25: 4.9744159 | J25: 5.1874819 | K25: 4.8932351 | L25: 5.6861641 | M25: 5.096322 | N25: 5.4752558 | O25: 5.2314436 | P25: 5.1114254 | Q25: 5.1718207 | R25: 5.3994792 | S25: 5.5863667 | T25: 6.004601 | U25: 5.9842778 | V25: 5.9186437 | W25: 4.5415264 | X25: 4.3741924 | Y25: 4.1366258 | Z25: 3.8758739 | AA25: 3.5605271 | AB25: 3.2743145 | AC25: 3.2518334 | AD25: 3.197267 | AE25: 3.0205834 | AF25: 0.97697962 | AG25: 0.71541947 | AH25: 1.2051166 | AI25: 1.3318606
A26: International - Intra-EU27 | B26: 34.479544 | C26: 38.812734 | D26: 42.048678 | E26: 44.429143 | F26: 48.090291 | G26: 54.08372 | H26: 54.832687 | I26: 53.550313 | J26: 55.328899 | K26: 57.302758 | L26: 60.531939 | M26: 60.175208 | N26: 60.443179 | O26: 65.636075 | P26: 72.851013 | Q26: 74.5214 | R26: 76.007461 | S26: 83.400021 | T26: 85.957075 | U26: 75.71827 | V26: 76.583331 | W26: 76.217383 | X26: 73.61008 | Y26: 69.043135 | Z26: 71.533371 | AA26: 71.972106 | AB26: 73.341808 | AC26: 71.918724 | AD26: 77.836666 | AE26: 89.087293 | AF26: 32.254968 | AG26: 38.596726 | AH26: 71.508113 | AI26: 83.688071
A27: International - Extra-EU27 | B27: 26.768662 | C27: 30.132961 | D27: 32.644953 | E27: 34.493486 | F27: 34.838835 | G27: 40.506312 | H27: 48.258507 | I27: 54.122901 | J27: 56.863791 | K27: 56.195275 | L27: 65.189009 | M27: 64.438244 | N27: 63.407154 | O27: 65.549727 | P27: 79.719507 | Q27: 87.258737 | R27: 84.633292 | S27: 83.774241 | T27: 85.83524 | U27: 78.330095 | V27: 79.111211 | W27: 82.00975 | X27: 79.802033 | Y27: 78.465977 | Z27: 82.483416 | AA27: 84.883104 | AB27: 84.131249 | AC27: 85.669771 | AD27: 96.154561 | AE27: 108.78484 | AF27: 32.140998 | AG27: 37.19606 | AH27: 68.212686 | AI27: 86.042911
A28: Freight transport | B28: =SUM(B29:B31) -> 1.0355384 | C28: =SUM(C29:C31) -> 1.1669229 | D28: =SUM(D29:D31) -> 1.2631442 | E28: =SUM(E29:E31) -> 1.3071483 | F28: =SUM(F29:F31) -> 1.5790784 | G28: =SUM(G29:G31) -> 1.7639705 | H28: =SUM(H29:H31) -> 1.7728312 | I28: =SUM(I29:I31) -> 2.044102 | ... AI28: =SUM(AI29:AI31) -> 4.9498674
A29: Domestic | B29: 0.014390219 | C29: 0.015939934 | D29: 0.01638271 | E29: 0.018817978 | F29: 0.015497159 | G29: 0.0095196831 | H29: 0.011512175 | I29: 0.011512175 | J29: 0.012176339 | K29: 0.01748965 | L29: 0.026787945 | M29: 0.016604098 | N29: 0.016604098 | O29: 0.016604098 | P29: 0.021474634 | Q29: 0.022431579 | R29: 0.023076459 | S29: 0.020643291 | T29: 0.022694143 | U29: 0.021625709 | V29: 0.017721435 | W29: 0.013276708 | X29: 0.0096845714 | Y29: 0.0068577409 | Z29: 0.0041973938 | AA29: 0.0038537902 | AB29: 0.0021005779 | AC29: 0.0015880154 | AD29: 0.00148 | AE29: 0.000441 | AF29: 0.000196 | AG29: 0.000196 | AH29: 0.0002095 | AI29: 0.00032533333
A30: International - Intra-EU27 | B30: 0.5429474 | C30: 0.61071617 | D30: 0.66174206 | E30: 0.68566045 | F30: 0.86504835 | G30: 0.95912735 | H30: 0.95274911 | I30: 1.0595846 | J30: 1.0005859 | K30: 1.1297452 | L30: 1.112205 | M30: 1.0268961 | N30: 1.3681318 | O30: 1.4837373 | P30: 2.2116536 | Q30: 2.4072538 | R30: 2.9578835 | S30: 2.5677443 | T30: 2.364803 | U30: 2.125752 | V30: 2.2915443 | W30: 2.0754772 | X30: 1.6904417 | Y30: 1.8312639 | Z30: 2.1516061 | AA30: 2.1086288 | AB30: 1.7597948 | AC30: 2.0873445 | AD30: 2.1351473 | AE30: 2.3867101 | AF30: 2.2166564 | AG30: 2.4481867 | AH30: 2.8642478 | AI30: 2.925393
A31: International - Extra-EU27 | B31: 0.47820077 | C31: 0.54026684 | D31: 0.58501943 | E31: 0.60266983 | F31: 0.69853287 | G31: 0.7953235 | H31: 0.80856991 | I31: 0.97300525 | J31: 1.0815665 | K31: 1.2647047 | L31: 1.4058496 | M31: 1.1791472 | N31: 1.3609052 | O31: 1.4210992 | P31: 2.0500857 | Q31: 2.5623362 | R31: 2.1065093 | S31: 1.9050232 | T31: 1.7800194 | U31: 1.3618667 | V31: 1.3952937 | W31: 2.1635018 | X31: 2.3745807 | Y31: 2.641744 | Z31: 2.8504332 | AA31: 3.5185031 | AB31: 3.4108075 | AC31: 3.7177585 | AD31: 4.3001783 | AE31: 4.3351804 | AF31: 1.8095237 | AG31: 1.8681592 | AH31: 2.2330878 | AI31: 2.024149
A33: Market shares of vehicle km (% of km)
A34: Passenger transport | B34: =IF(B24=0,0,B24/B$24) -> 1 | C34: =IF(C24=0,0,C24/C$24) -> 1 | D34: =IF(D24=0,0,D24/D$24) -> 1 | E34: =IF(E24=0,0,E24/E$24) -> 1 | F34: =IF(F24=0,0,F24/F$24) -> 1 | G34: =IF(G24=0,0,G24/G$24) -> 1 | H34: =IF(H24=0,0,H24/H$24) -> 1 | I34: =IF(I24=0,0,I24/I$24) -> 1 | ... AI34: =IF(AI24=0,0,AI24/AI$24) -> 1
A35: Domestic | B35: =IF(B25=0,0,B25/B$24) -> 0.056416942 | C35: =IF(C25=0,0,C25/C$24) -> 0.055058605 | D35: =IF(D25=0,0,D25/D$24) -> 0.05320179 | E35: =IF(E25=0,0,E25/E$24) -> 0.058641279 | F35: =IF(F25=0,0,F25/F$24) -> 0.056820989 | G35: =IF(G25=0,0,G25/G$24) -> 0.047420092 | H35: =IF(H25=0,0,H25/H$24) -> 0.045821881 | I35: =IF(I25=0,0,I25/I$24) -> 0.044159082 | ... AI35: =IF(AI25=0,0,AI25/AI$24) -> 0.0077857973
A36: International - Intra-EU27 | B36: =IF(B26=0,0,B26/B$24) -> 0.53118803 | C36: =IF(C26=0,0,C26/C$24) -> 0.5319514 | D36: =IF(D26=0,0,D26/D$24) -> 0.53299877 | E36: =IF(E26=0,0,E26/E$24) -> 0.52993371 | F36: =IF(F26=0,0,F26/F$24) -> 0.54694599 | G36: =IF(G26=0,0,G26/G$24) -> 0.54465639 | H36: =IF(H26=0,0,H26/H$24) -> 0.50751328 | I36: =IF(I26=0,0,I26/I$24) -> 0.47537896 | ... AI36: =IF(AI26=0,0,AI26/AI$24) -> 0.48922413
A37: International - Extra-EU27 | B37: =IF(B27=0,0,B27/B$24) -> 0.41239503 | C37: =IF(C27=0,0,C27/C$24) -> 0.41299 | D37: =IF(D27=0,0,D27/D$24) -> 0.41379944 | E37: =IF(E27=0,0,E27/E$24) -> 0.41142501 | F37: =IF(F27=0,0,F27/F$24) -> 0.39623302 | G37: =IF(G27=0,0,G27/G$24) -> 0.40792352 | H37: =IF(H27=0,0,H27/H$24) -> 0.44666484 | I37: =IF(I27=0,0,I27/I$24) -> 0.48046196 | ... AI37: =IF(AI27=0,0,AI27/AI$24) -> 0.50299007
A38: Freight transport | B38: =IF(B28=0,0,B28/B$28) -> 1 | C38: =IF(C28=0,0,C28/C$28) -> 1 | D38: =IF(D28=0,0,D28/D$28) -> 1 | E38: =IF(E28=0,0,E28/E$28) -> 1 | F38: =IF(F28=0,0,F28/F$28) -> 1 | G38: =IF(G28=0,0,G28/G$28) -> 1 | H38: =IF(H28=0,0,H28/H$28) -> 1 | I38: =IF(I28=0,0,I28/I$28) -> 1 | ... AI38: =IF(AI28=0,0,AI28/AI$28) -> 1
A39: Domestic | B39: =IF(B29=0,0,B29/B$28) -> 0.013896364 | C39: =IF(C29=0,0,C29/C$28) -> 0.0136598 | D39: =IF(D29=0,0,D29/D$28) -> 0.012969786 | E39: =IF(E29=0,0,E29/E$28) -> 0.014396208 | F39: =IF(F29=0,0,F29/F$28) -> 0.0098140528 | G39: =IF(G29=0,0,G29/G$28) -> 0.0053967359 | H39: =IF(H29=0,0,H29/H$28) -> 0.0064936667 | I39: =IF(I29=0,0,I29/I$28) -> 0.0056318985 | ... AI39: =IF(AI29=0,0,AI29/AI$28) -> 6.5725667e-05
A40: International - Intra-EU27 | B40: =IF(B30=0,0,B30/B$28) -> 0.52431412 | C40: =IF(C30=0,0,C30/C$28) -> 0.52335604 | D40: =IF(D30=0,0,D30/D$28) -> 0.52388481 | E40: =IF(E30=0,0,E30/E$28) -> 0.52454681 | F40: =IF(F30=0,0,F30/F$28) -> 0.5478185 | G40: =IF(G30=0,0,G30/G$28) -> 0.54373207 | H40: =IF(H30=0,0,H30/H$28) -> 0.53741671 | I40: =IF(I30=0,0,I30/I$28) -> 0.51836189 | ... AI40: =IF(AI30=0,0,AI30/AI$28) -> 0.59100433
A41: International - Extra-EU27 | B41: =IF(B31=0,0,B31/B$28) -> 0.46178951 | C41: =IF(C31=0,0,C31/C$28) -> 0.46298416 | D41: =IF(D31=0,0,D31/D$28) -> 0.4631454 | E41: =IF(E31=0,0,E31/E$28) -> 0.46105698 | F41: =IF(F31=0,0,F31/F$28) -> 0.44236744 | G41: =IF(G31=0,0,G31/G$28) -> 0.45087119 | H41: =IF(H31=0,0,H31/H$28) -> 0.45608962 | I41: =IF(I31=0,0,I31/I$28) -> 0.47600621 | ... AI41: =IF(AI31=0,0,AI31/AI$28) -> 0.40892995
A43: Number of departing flights | B43: =SUM(B44,B48) -> 72131 | C43: =SUM(C44,C48) -> 80806 | D43: =SUM(D44,D48) -> 86964 | E43: =SUM(E44,E48) -> 93650 | F43: =SUM(F44,F48) -> 99324 | G43: =SUM(G44,G48) -> 107969 | H43: =SUM(H44,H48) -> 112823 | I43: =SUM(I44,I48) -> 114306 | ... AI43: =SUM(AI44,AI48) -> 129833
A44: Passenger transport | B44: =SUM(B45:B47) -> 70971 | C44: =SUM(C45:C47) -> 79501 | D44: =SUM(D45:D47) -> 85554 | E44: =SUM(E45:E47) -> 92183 | F44: =SUM(F45:F47) -> 97590 | G44: =SUM(G45:G47) -> 106084 | H44: =SUM(H45:H47) -> 110935 | I44: =SUM(I45:I47) -> 112200 | ... AI44: =SUM(AI45:AI47) -> 125420
A45: Domestic | B45: 13578 | C45: 14895 | D45: 15562 | E45: 18229 | F45: 18524 | G45: 17459 | H45: 18356 | I45: 18444 | J45: 19234 | K45: 18143 | L45: 21083 | M45: 18896 | N45: 20301 | O45: 19397 | P45: 18952 | Q45: 18970 | R45: 19618 | S45: 19837 | T45: 20580 | U45: 19975 | V45: 19873 | W45: 15427 | X45: 15550 | Y45: 14879 | Z45: 13964 | AA45: 12456 | AB45: 11028 | AC45: 10823 | AD45: 10585 | AE45: 9885 | AF45: 3253 | AG45: 2509 | AH45: 3900 | AI45: 4331
A46: International - Intra-EU27 | B46: 40788 | C46: 45914 | D46: 49742 | E46: 52558 | F46: 56889 | G46: 63979 | H46: 64865 | I46: 63348 | J46: 65452 | K46: 67787 | L46: 71607 | M46: 71185 | N46: 71502 | O46: 77645 | P46: 86180 | Q46: 88312 | R46: 89972 | S46: 98564 | T46: 102513 | U46: 91401 | V46: 91929 | W46: 91564 | X46: 88088 | Y46: 82502 | Z46: 84215 | AA46: 83612 | AB46: 83835 | AC46: 82752 | AD46: 87784 | AE46: 96860 | AF46: 34209 | AG46: 37480 | AH46: 71643 | AI46: 84311
A47: International - Extra-EU27 | B47: 16605 | C47: 18692 | D47: 20250 | E47: 21396 | F47: 22177 | G47: 24646 | H47: 27714 | I47: 30408 | J47: 31802 | K47: 31842 | L47: 37557 | M47: 35361 | N47: 34631 | O47: 34827 | P47: 41118 | Q47: 42483 | R47: 40174 | S47: 42013 | T47: 44735 | U47: 42285 | V47: 42721 | W47: 43942 | X47: 43333 | Y47: 42881 | Z47: 42291 | AA47: 42080 | AB47: 41017 | AC47: 42134 | AD47: 45397 | AE47: 48369 | AF47: 15382 | AG47: 18109 | AH47: 31209 | AI47: 36778
A48: Freight transport | B48: =SUM(B49:B51) -> 1160 | C48: =SUM(C49:C51) -> 1305 | D48: =SUM(D49:D51) -> 1410 | E48: =SUM(E49:E51) -> 1467 | F48: =SUM(F49:F51) -> 1734 | G48: =SUM(G49:G51) -> 1885 | H48: =SUM(H49:H51) -> 1888 | I48: =SUM(I49:I51) -> 2106 | ... AI48: =SUM(AI49:AI51) -> 4413
A49: Domestic | B49: 65 | C49: 72 | D49: 74 | E49: 85 | F49: 70 | G49: 43 | H49: 52 | I49: 52 | J49: 55 | K49: 79 | L49: 121 | M49: 75 | N49: 75 | O49: 75 | P49: 97 | Q49: 100 | R49: 102 | S49: 89 | T49: 94 | U49: 87 | V49: 72 | W49: 52 | X49: 38 | Y49: 29 | Z49: 19 | AA49: 18 | AB49: 10 | AC49: 8 | AD49: 8 | AE49: 2 | AF49: 1 | AG49: 1 | AH49: 1 | AI49: 1
A50: International - Intra-EU27 | B50: 681 | C50: 766 | D50: 830 | E50: 860 | F50: 1085 | G50: 1203 | H50: 1195 | I50: 1329 | J50: 1255 | K50: 1417 | L50: 1395 | M50: 1288 | N50: 1716 | O50: 1861 | P50: 2774 | Q50: 3025 | R50: 3878 | S50: 3517 | T50: 3435 | U50: 3299 | V50: 3726 | W50: 3326 | X50: 2654 | Y50: 2843 | Z50: 3247 | AA50: 3101 | AB50: 2514 | AC50: 2981 | AD50: 2950 | AE50: 3304 | AF50: 3088 | AG50: 3389 | AH50: 3401 | AI50: 3533
A51: International - Extra-EU27 | B51: 414 | C51: 467 | D51: 506 | E51: 522 | F51: 579 | G51: 639 | H51: 641 | I51: 725 | J51: 805 | K51: 964 | L51: 1056 | M51: 877 | N51: 1000 | O51: 1028 | P51: 1498 | Q51: 1799 | R51: 1481 | S51: 1456 | T51: 1400 | U51: 1101 | V51: 1127 | W51: 1459 | X51: 1445 | Y51: 1424 | Z51: 1307 | AA51: 1363 | AB51: 1183 | AC51: 1240 | AD51: 1262 | AE51: 1143 | AF51: 864 | AG51: 1030 | AH51: 1016 | AI51: 879
A53: Distance travelled per flight (km/flight) | B53: =IF(AND(B23=0,B43=0),0,IF(OR(B23=0,B43=0),1/0,1000000*B23/B43)) -> 914.25022 | C53: =IF(AND(C23=0,C43=0),0,IF(OR(C23=0,C43=0),1/0,1000000*C23/C43)) -> 917.38059 | D53: =IF(AND(D23=0,D43=0),0,IF(OR(D23=0,D43=0),1/0,1000000*D23/D43)) -> 921.69064 | E53: =IF(AND(E23=0,E43=0),0,IF(OR(E23=0,E43=0),1/0,1000000*E23/E43)) -> 909.19602 | F53: =IF(AND(F23=0,F43=0),0,IF(OR(F23=0,F43=0),1/0,1000000*F23/F43)) -> 901.13364 | G53: =IF(AND(G23=0,G43=0),0,IF(OR(G23=0,G43=0),1/0,1000000*G23/G43)) -> 936.03497 | H53: =IF(AND(H23=0,H43=0),0,IF(OR(H23=0,H43=0),1/0,1000000*H23/H43)) -> 973.33618 | I53: =IF(AND(I23=0,I43=0),0,IF(OR(I23=0,I43=0),1/0,1000000*I23/I43)) -> 1003.3746 | ... AI53: =IF(AND(AI23=0,AI43=0),0,IF(OR(AI23=0,AI43=0),1/0,1000000*AI23/AI43)) -> 1355.6855
A54: Passenger transport | B54: =IF(AND(B24=0,B44=0),0,IF(OR(B24=0,B44=0),1/0,1000000*B24/B44)) -> 914.60236 | C54: =IF(AND(C24=0,C44=0),0,IF(OR(C24=0,C44=0),1/0,1000000*C24/C44)) -> 917.7612 | D54: =IF(AND(D24=0,D44=0),0,IF(OR(D24=0,D44=0),1/0,1000000*D24/D44)) -> 922.11657 | E54: =IF(AND(E24=0,E44=0),0,IF(OR(E24=0,E44=0),1/0,1000000*E24/E44)) -> 909.48503 | F54: =IF(AND(F24=0,F44=0),0,IF(OR(F24=0,F44=0),1/0,1000000*F24/F44)) -> 900.96443 | G54: =IF(AND(G24=0,G44=0),0,IF(OR(G24=0,G44=0),1/0,1000000*G24/G44)) -> 936.03927 | H54: =IF(AND(H24=0,H44=0),0,IF(OR(H24=0,H44=0),1/0,1000000*H24/H44)) -> 973.92055 | I54: =IF(AND(I24=0,I44=0),0,IF(OR(I24=0,I44=0),1/0,1000000*I24/I44)) -> 1003.9896 | ... AI54: =IF(AND(AI24=0,AI44=0),0,IF(OR(AI24=0,AI44=0),1/0,1000000*AI24/AI44)) -> 1363.92
A55: Domestic | B55: =IF(AND(B25=0,B45=0),0,IF(OR(B25=0,B45=0),1/0,1000000*B25/B45)) -> 269.70375 | C55: =IF(AND(C25=0,C45=0),0,IF(OR(C25=0,C45=0),1/0,1000000*C25/C45)) -> 269.70375 | D55: =IF(AND(D25=0,D45=0),0,IF(OR(D25=0,D45=0),1/0,1000000*D25/D45)) -> 269.70375 | E55: =IF(AND(E25=0,E45=0),0,IF(OR(E25=0,E45=0),1/0,1000000*E25/E45)) -> 269.70375 | F55: =IF(AND(F25=0,F45=0),0,IF(OR(F25=0,F45=0),1/0,1000000*F25/F45)) -> 269.70375 | G55: =IF(AND(G25=0,G45=0),0,IF(OR(G25=0,G45=0),1/0,1000000*G25/G45)) -> 269.70375 | H55: =IF(AND(H25=0,H45=0),0,IF(OR(H25=0,H45=0),1/0,1000000*H25/H45)) -> 269.70375 | I55: =IF(AND(I25=0,I45=0),0,IF(OR(I25=0,I45=0),1/0,1000000*I25/I45)) -> 269.70375 | ... AI55: =IF(AND(AI25=0,AI45=0),0,IF(OR(AI25=0,AI45=0),1/0,1000000*AI25/AI45)) -> 307.51804
A56: International - Intra-EU27 | B56: =IF(AND(B26=0,B46=0),0,IF(OR(B26=0,B46=0),1/0,1000000*B26/B46)) -> 845.3355 | C56: =IF(AND(C26=0,C46=0),0,IF(OR(C26=0,C46=0),1/0,1000000*C26/C46)) -> 845.3355 | D56: =IF(AND(D26=0,D46=0),0,IF(OR(D26=0,D46=0),1/0,1000000*D26/D46)) -> 845.3355 | E56: =IF(AND(E26=0,E46=0),0,IF(OR(E26=0,E46=0),1/0,1000000*E26/E46)) -> 845.3355 | F56: =IF(AND(F26=0,F46=0),0,IF(OR(F26=0,F46=0),1/0,1000000*F26/F46)) -> 845.3355 | G56: =IF(AND(G26=0,G46=0),0,IF(OR(G26=0,G46=0),1/0,1000000*G26/G46)) -> 845.3355 | H56: =IF(AND(H26=0,H46=0),0,IF(OR(H26=0,H46=0),1/0,1000000*H26/H46)) -> 845.3355 | I56: =IF(AND(I26=0,I46=0),0,IF(OR(I26=0,I46=0),1/0,1000000*I26/I46)) -> 845.3355 | ... AI56: =IF(AND(AI26=0,AI46=0),0,IF(OR(AI26=0,AI46=0),1/0,1000000*AI26/AI46)) -> 992.61154
A57: International - Extra-EU27 | B57: =IF(AND(B27=0,B47=0),0,IF(OR(B27=0,B47=0),1/0,1000000*B27/B47)) -> 1612.0844 | C57: =IF(AND(C27=0,C47=0),0,IF(OR(C27=0,C47=0),1/0,1000000*C27/C47)) -> 1612.078 | D57: =IF(AND(D27=0,D47=0),0,IF(OR(D27=0,D47=0),1/0,1000000*D27/D47)) -> 1612.0964 | E57: =IF(AND(E27=0,E47=0),0,IF(OR(E27=0,E47=0),1/0,1000000*E27/E47)) -> 1612.1465 | F57: =IF(AND(F27=0,F47=0),0,IF(OR(F27=0,F47=0),1/0,1000000*F27/F47)) -> 1570.9445 | G57: =IF(AND(G27=0,G47=0),0,IF(OR(G27=0,G47=0),1/0,1000000*G27/G47)) -> 1643.5248 | H57: =IF(AND(H27=0,H47=0),0,IF(OR(H27=0,H47=0),1/0,1000000*H27/H47)) -> 1741.3043 | I57: =IF(AND(I27=0,I47=0),0,IF(OR(I27=0,I47=0),1/0,1000000*I27/I47)) -> 1779.8902 | ... AI57: =IF(AND(AI27=0,AI47=0),0,IF(OR(AI27=0,AI47=0),1/0,1000000*AI27/AI47)) -> 2339.5212
A58: Freight transport | B58: =IF(AND(B28=0,B48=0),0,IF(OR(B28=0,B48=0),1/0,1000000*B28/B48)) -> 892.70551 | C58: =IF(AND(C28=0,C48=0),0,IF(OR(C28=0,C48=0),1/0,1000000*C28/C48)) -> 894.19383 | D58: =IF(AND(D28=0,D48=0),0,IF(OR(D28=0,D48=0),1/0,1000000*D28/D48)) -> 895.84695 | E58: =IF(AND(E28=0,E48=0),0,IF(OR(E28=0,E48=0),1/0,1000000*E28/E48)) -> 891.03494 | F58: =IF(AND(F28=0,F48=0),0,IF(OR(F28=0,F48=0),1/0,1000000*F28/F48)) -> 910.6565 | G58: =IF(AND(G28=0,G48=0),0,IF(OR(G28=0,G48=0),1/0,1000000*G28/G48)) -> 935.79338 | H58: =IF(AND(H28=0,H48=0),0,IF(OR(H28=0,H48=0),1/0,1000000*H28/H48)) -> 938.99957 | I58: =IF(AND(I28=0,I48=0),0,IF(OR(I28=0,I48=0),1/0,1000000*I28/I48)) -> 970.60874 | ... AI58: =IF(AND(AI28=0,AI48=0),0,IF(OR(AI28=0,AI48=0),1/0,1000000*AI28/AI48)) -> 1121.6559
A59: Domestic | B59: =IF(AND(B29=0,B49=0),0,IF(OR(B29=0,B49=0),1/0,1000000*B29/B49)) -> 221.38798 | C59: =IF(AND(C29=0,C49=0),0,IF(OR(C29=0,C49=0),1/0,1000000*C29/C49)) -> 221.38798 | D59: =IF(AND(D29=0,D49=0),0,IF(OR(D29=0,D49=0),1/0,1000000*D29/D49)) -> 221.38798 | E59: =IF(AND(E29=0,E49=0),0,IF(OR(E29=0,E49=0),1/0,1000000*E29/E49)) -> 221.38798 | F59: =IF(AND(F29=0,F49=0),0,IF(OR(F29=0,F49=0),1/0,1000000*F29/F49)) -> 221.38798 | G59: =IF(AND(G29=0,G49=0),0,IF(OR(G29=0,G49=0),1/0,1000000*G29/G49)) -> 221.38798 | H59: =IF(AND(H29=0,H49=0),0,IF(OR(H29=0,H49=0),1/0,1000000*H29/H49)) -> 221.38798 | I59: =IF(AND(I29=0,I49=0),0,IF(OR(I29=0,I49=0),1/0,1000000*I29/I49)) -> 221.38798 | ... AI59: =IF(AND(AI29=0,AI49=0),0,IF(OR(AI29=0,AI49=0),1/0,1000000*AI29/AI49)) -> 325.33333
A60: International - Intra-EU27 | B60: =IF(AND(B30=0,B50=0),0,IF(OR(B30=0,B50=0),1/0,1000000*B30/B50)) -> 797.27959 | C60: =IF(AND(C30=0,C50=0),0,IF(OR(C30=0,C50=0),1/0,1000000*C30/C50)) -> 797.27959 | D60: =IF(AND(D30=0,D50=0),0,IF(OR(D30=0,D50=0),1/0,1000000*D30/D50)) -> 797.27959 | E60: =IF(AND(E30=0,E50=0),0,IF(OR(E30=0,E50=0),1/0,1000000*E30/E50)) -> 797.27959 | F60: =IF(AND(F30=0,F50=0),0,IF(OR(F30=0,F50=0),1/0,1000000*F30/F50)) -> 797.27959 | G60: =IF(AND(G30=0,G50=0),0,IF(OR(G30=0,G50=0),1/0,1000000*G30/G50)) -> 797.27959 | H60: =IF(AND(H30=0,H50=0),0,IF(OR(H30=0,H50=0),1/0,1000000*H30/H50)) -> 797.27959 | I60: =IF(AND(I30=0,I50=0),0,IF(OR(I30=0,I50=0),1/0,1000000*I30/I50)) -> 797.27959 | ... AI60: =IF(AND(AI30=0,AI50=0),0,IF(OR(AI30=0,AI50=0),1/0,1000000*AI30/AI50)) -> 828.01954
A61: International - Extra-EU27 | B61: =IF(AND(B31=0,B51=0),0,IF(OR(B31=0,B51=0),1/0,1000000*B31/B51)) -> 1155.0743 | C61: =IF(AND(C31=0,C51=0),0,IF(OR(C31=0,C51=0),1/0,1000000*C31/C51)) -> 1156.8883 | D61: =IF(AND(D31=0,D51=0),0,IF(OR(D31=0,D51=0),1/0,1000000*D31/D51)) -> 1156.1649 | E61: =IF(AND(E31=0,E51=0),0,IF(OR(E31=0,E51=0),1/0,1000000*E31/E51)) -> 1154.5399 | F61: =IF(AND(F31=0,F51=0),0,IF(OR(F31=0,F51=0),1/0,1000000*F31/F51)) -> 1206.4471 | G61: =IF(AND(G31=0,G51=0),0,IF(OR(G31=0,G51=0),1/0,1000000*G31/G51)) -> 1244.6377 | H61: =IF(AND(H31=0,H51=0),0,IF(OR(H31=0,H51=0),1/0,1000000*H31/H51)) -> 1261.4195 | I61: =IF(AND(I31=0,I51=0),0,IF(OR(I31=0,I51=0),1/0,1000000*I31/I51)) -> 1342.0762 | ... AI61: =IF(AND(AI31=0,AI51=0),0,IF(OR(AI31=0,AI51=0),1/0,1000000*AI31/AI51)) -> 2302.7861
A63: Passenger-km and tonne-km per flight
A64: Passenger transport (pkm/flight) | B64: =IF(AND(B4=0,B44=0),0,IF(OR(B4=0,B44=0),1/0,1000000*B4/B44)) -> 80761.318 | C64: =IF(AND(C4=0,C44=0),0,IF(OR(C4=0,C44=0),1/0,1000000*C4/C44)) -> 81648.23 | D64: =IF(AND(D4=0,D44=0),0,IF(OR(D4=0,D44=0),1/0,1000000*D4/D44)) -> 82763.108 | E64: =IF(AND(E4=0,E44=0),0,IF(OR(E4=0,E44=0),1/0,1000000*E4/E44)) -> 82103.205 | F64: =IF(AND(F4=0,F44=0),0,IF(OR(F4=0,F44=0),1/0,1000000*F4/F44)) -> 82090.243 | G64: =IF(AND(G4=0,G44=0),0,IF(OR(G4=0,G44=0),1/0,1000000*G4/G44)) -> 86214.445 | H64: =IF(AND(H4=0,H44=0),0,IF(OR(H4=0,H44=0),1/0,1000000*H4/H44)) -> 92892.358 | I64: =IF(AND(I4=0,I44=0),0,IF(OR(I4=0,I44=0),1/0,1000000*I4/I44)) -> 102391.24 | ... AI64: =IF(AND(AI4=0,AI44=0),0,IF(OR(AI4=0,AI44=0),1/0,1000000*AI4/AI44)) -> 226977.68
A65: Domestic | B65: =IF(AND(B5=0,B45=0),0,IF(OR(B5=0,B45=0),1/0,1000000*B5/B45)) -> 5895.5899 | C65: =IF(AND(C5=0,C45=0),0,IF(OR(C5=0,C45=0),1/0,1000000*C5/C45)) -> 5962.8535 | D65: =IF(AND(D5=0,D45=0),0,IF(OR(D5=0,D45=0),1/0,1000000*D5/D45)) -> 6066.2573 | E65: =IF(AND(E5=0,E45=0),0,IF(OR(E5=0,E45=0),1/0,1000000*E5/E45)) -> 6150.9646 | F65: =IF(AND(F5=0,F45=0),0,IF(OR(F5=0,F45=0),1/0,1000000*F5/F45)) -> 6254.7258 | G65: =IF(AND(G5=0,G45=0),0,IF(OR(G5=0,G45=0),1/0,1000000*G5/G45)) -> 6375.1334 | H65: =IF(AND(H5=0,H45=0),0,IF(OR(H5=0,H45=0),1/0,1000000*H5/H45)) -> 6488.0951 | I65: =IF(AND(I5=0,I45=0),0,IF(OR(I5=0,I45=0),1/0,1000000*I5/I45)) -> 6722.692 | ... AI65: =IF(AND(AI5=0,AI45=0),0,IF(OR(AI5=0,AI45=0),1/0,1000000*AI5/AI45)) -> 18805.215
A66: International - Intra-EU27 | B66: =IF(AND(B6=0,B46=0),0,IF(OR(B6=0,B46=0),1/0,1000000*B6/B46)) -> 57876.97 | C66: =IF(AND(C6=0,C46=0),0,IF(OR(C6=0,C46=0),1/0,1000000*C6/C46)) -> 58510.342 | D66: =IF(AND(D6=0,D46=0),0,IF(OR(D6=0,D46=0),1/0,1000000*D6/D46)) -> 59127.384 | E66: =IF(AND(E6=0,E46=0),0,IF(OR(E6=0,E46=0),1/0,1000000*E6/E46)) -> 59766.961 | F66: =IF(AND(F6=0,F46=0),0,IF(OR(F6=0,F46=0),1/0,1000000*F6/F46)) -> 60420.786 | G66: =IF(AND(G6=0,G46=0),0,IF(OR(G6=0,G46=0),1/0,1000000*G6/G46)) -> 61103.867 | H66: =IF(AND(H6=0,H46=0),0,IF(OR(H6=0,H46=0),1/0,1000000*H6/H46)) -> 62986.375 | I66: =IF(AND(I6=0,I46=0),0,IF(OR(I6=0,I46=0),1/0,1000000*I6/I46)) -> 68592.843 | ... AI66: =IF(AND(AI6=0,AI46=0),0,IF(OR(AI6=0,AI46=0),1/0,1000000*AI6/AI46)) -> 131634.91
A67: International - Extra-EU27 | B67: =IF(AND(B7=0,B47=0),0,IF(OR(B7=0,B47=0),1/0,1000000*B7/B47)) -> 198191.83 | C67: =IF(AND(C7=0,C47=0),0,IF(OR(C7=0,C47=0),1/0,1000000*C7/C47)) -> 198793.89 | D67: =IF(AND(D7=0,D47=0),0,IF(OR(D7=0,D47=0),1/0,1000000*D7/D47)) -> 199762.84 | E67: =IF(AND(E7=0,E47=0),0,IF(OR(E7=0,E47=0),1/0,1000000*E7/E47)) -> 201680.77 | F67: =IF(AND(F7=0,F47=0),0,IF(OR(F7=0,F47=0),1/0,1000000*F7/F47)) -> 201021.16 | G67: =IF(AND(G7=0,G47=0),0,IF(OR(G7=0,G47=0),1/0,1000000*G7/G47)) -> 207956.89 | H67: =IF(AND(H7=0,H47=0),0,IF(OR(H7=0,H47=0),1/0,1000000*H7/H47)) -> 220116.44 | I67: =IF(AND(I7=0,I47=0),0,IF(OR(I7=0,I47=0),1/0,1000000*I7/I47)) -> 230830.17 | ... AI67: =IF(AND(AI7=0,AI47=0),0,IF(OR(AI7=0,AI47=0),1/0,1000000*AI7/AI47)) -> 470058.87
A68: Freight transport (tkm/flight) | B68: =IF(AND(B8=0,B48=0),0,IF(OR(B8=0,B48=0),1/0,1000000*B8/B48)) -> 37855.857 | C68: =IF(AND(C8=0,C48=0),0,IF(OR(C8=0,C48=0),1/0,1000000*C8/C48)) -> 37945.831 | D68: =IF(AND(D8=0,D48=0),0,IF(OR(D8=0,D48=0),1/0,1000000*D8/D48)) -> 38027.286 | E68: =IF(AND(E8=0,E48=0),0,IF(OR(E8=0,E48=0),1/0,1000000*E8/E48)) -> 38533.472 | F68: =IF(AND(F8=0,F48=0),0,IF(OR(F8=0,F48=0),1/0,1000000*F8/F48)) -> 42896.225 | G68: =IF(AND(G8=0,G48=0),0,IF(OR(G8=0,G48=0),1/0,1000000*G8/G48)) -> 47053.509 | H68: =IF(AND(H8=0,H48=0),0,IF(OR(H8=0,H48=0),1/0,1000000*H8/H48)) -> 47001.893 | I68: =IF(AND(I8=0,I48=0),0,IF(OR(I8=0,I48=0),1/0,1000000*I8/I48)) -> 52276.344 | ... AI68: =IF(AND(AI8=0,AI48=0),0,IF(OR(AI8=0,AI48=0),1/0,1000000*AI8/AI48)) -> 52404.046
A69: Domestic | B69: =IF(AND(B9=0,B49=0),0,IF(OR(B9=0,B49=0),1/0,1000000*B9/B49)) -> 2286.986 | C69: =IF(AND(C9=0,C49=0),0,IF(OR(C9=0,C49=0),1/0,1000000*C9/C49)) -> 2271.4449 | D69: =IF(AND(D9=0,D49=0),0,IF(OR(D9=0,D49=0),1/0,1000000*D9/D49)) -> 2314.4411 | E69: =IF(AND(E9=0,E49=0),0,IF(OR(E9=0,E49=0),1/0,1000000*E9/E49)) -> 2341.9075 | F69: =IF(AND(F9=0,F49=0),0,IF(OR(F9=0,F49=0),1/0,1000000*F9/F49)) -> 2401.32 | G69: =IF(AND(G9=0,G49=0),0,IF(OR(G9=0,G49=0),1/0,1000000*G9/G49)) -> 2421.5122 | H69: =IF(AND(H9=0,H49=0),0,IF(OR(H9=0,H49=0),1/0,1000000*H9/H49)) -> 2415.2453 | I69: =IF(AND(I9=0,I49=0),0,IF(OR(I9=0,I49=0),1/0,1000000*I9/I49)) -> 2458.5969 | ... AI69: =IF(AND(AI9=0,AI49=0),0,IF(OR(AI9=0,AI49=0),1/0,1000000*AI9/AI49)) -> 4899.6119
A70: International - Intra-EU27 | B70: =IF(AND(B10=0,B50=0),0,IF(OR(B10=0,B50=0),1/0,1000000*B10/B50)) -> 23754.433 | C70: =IF(AND(C10=0,C50=0),0,IF(OR(C10=0,C50=0),1/0,1000000*C10/C50)) -> 23770.786 | D70: =IF(AND(D10=0,D50=0),0,IF(OR(D10=0,D50=0),1/0,1000000*D10/D50)) -> 23756.732 | E70: =IF(AND(E10=0,E50=0),0,IF(OR(E10=0,E50=0),1/0,1000000*E10/E50)) -> 24239.701 | F70: =IF(AND(F10=0,F50=0),0,IF(OR(F10=0,F50=0),1/0,1000000*F10/F50)) -> 24316.639 | G70: =IF(AND(G10=0,G50=0),0,IF(OR(G10=0,G50=0),1/0,1000000*G10/G50)) -> 24301.934 | H70: =IF(AND(H10=0,H50=0),0,IF(OR(H10=0,H50=0),1/0,1000000*H10/H50)) -> 23588.315 | I70: =IF(AND(I10=0,I50=0),0,IF(OR(I10=0,I50=0),1/0,1000000*I10/I50)) -> 23864.853 | ... AI70: =IF(AND(AI10=0,AI50=0),0,IF(OR(AI10=0,AI50=0),1/0,1000000*AI10/AI50)) -> 18836.12
A71: International - Extra-EU27 | B71: =IF(AND(B11=0,B51=0),0,IF(OR(B11=0,B51=0),1/0,1000000*B11/B51)) -> 66636.16 | C71: =IF(AND(C11=0,C51=0),0,IF(OR(C11=0,C51=0),1/0,1000000*C11/C51)) -> 66696.667 | D71: =IF(AND(D11=0,D51=0),0,IF(OR(D11=0,D51=0),1/0,1000000*D11/D51)) -> 66658.333 | E71: =IF(AND(E11=0,E51=0),0,IF(OR(E11=0,E51=0),1/0,1000000*E11/E51)) -> 67975.86 | F71: =IF(AND(F11=0,F51=0),0,IF(OR(F11=0,F51=0),1/0,1000000*F11/F51)) -> 82608.652 | G71: =IF(AND(G11=0,G51=0),0,IF(OR(G11=0,G51=0),1/0,1000000*G11/G51)) -> 92889.69 | H71: =IF(AND(H11=0,H51=0),0,IF(OR(H11=0,H51=0),1/0,1000000*H11/H51)) -> 94268.243 | I71: =IF(AND(I11=0,I51=0),0,IF(OR(I11=0,I51=0),1/0,1000000*I11/I51)) -> 107930.68 | ... AI71: =IF(AND(AI11=0,AI51=0),0,IF(OR(AI11=0,AI51=0),1/0,1000000*AI11/AI51)) -> 187379
A73: Volume carried in departing flights
A74: Passenger transport (passengers) | B74: =SUM(B75:B77) -> 3507431 | C74: =SUM(C75:C77) -> 3967069 | D74: =SUM(D75:D77) -> 4319567 | E74: =SUM(E75:E77) -> 4644439 | F74: =SUM(F75:F77) -> 4969408 | G74: =SUM(G75:G77) -> 5527894 | H74: =SUM(H75:H77) -> 5884800 | I74: =SUM(I75:I77) -> 6323148 | ... AI74: =SUM(AI75:AI77) -> 16726413
A75: Domestic | B75: 276703 | C75: 307005 | D75: 326315 | E75: 387576 | F75: 400492 | G75: 384733 | H75: 411667 | I75: 428597 | J75: 475407 | K75: 501336 | L75: 545212 | M75: 558833 | N75: 569577 | O75: 586148 | P75: 611546 | Q75: 604440 | R75: 752715 | S75: 792093 | T75: 814491 | U75: 787901 | V75: 857418 | W75: 726166 | X75: 689130 | Y75: 650192 | Z75: 613351 | AA75: 564733 | AB75: 521657 | AC75: 552166 | AD75: 603120 | AE75: 562292 | AF75: 146697 | AG75: 116395 | AH75: 233376 | AI75: 260118
A76: International - Intra-EU27 | B76: 1898445 | C76: 2160417 | D76: 2365221 | E76: 2526154 | F76: 2764232 | G76: 3143880 | H76: 3227684 | I76: 3402526 | J76: 3778019 | K76: 4015842 | L76: 4188742 | M76: 4175023 | N76: 4261761 | O76: 4689493 | P76: 5301823 | Q76: 5649313 | R76: 6165369 | S76: 6923963 | T76: 7295087 | U76: 6554142 | V76: 7079617 | W76: 7697147 | X76: 7930698 | Y76: 7819646 | Z76: 8132770 | AA76: 8258385 | AB76: 8501418 | AC76: 8767839 | AD76: 9491295 | AE76: 11019589 | AF76: 2925768 | AG76: 3654122 | AH76: 8638481 | AI76: 10745724
A77: International - Extra-EU27 | B77: 1332283 | C77: 1499647 | D77: 1628031 | E77: 1730709 | F77: 1804684 | G77: 1999281 | H77: 2245449 | I77: 2492025 | J77: 2604006 | K77: 2639369 | L77: 2943116 | M77: 2906538 | N77: 3069488 | O77: 3067368 | P77: 3715990 | Q77: 4033910 | R77: 3966039 | S77: 4236307 | T77: 4364688 | U77: 4070957 | V77: 4340946 | W77: 4612267 | X77: 4789709 | Y77: 4805658 | Z77: 4891510 | AA77: 5005910 | AB77: 4977592 | AC77: 5274288 | AD77: 5936068 | AE77: 6648562 | AF77: 1607294 | AG77: 1877139 | AH77: 4479559 | AI77: 5720571
A78: Freight transport (tonnes) | B78: =SUM(B79:B81) -> 24993.388 | C78: =SUM(C79:C81) -> 28155.803 | D78: =SUM(D79:D81) -> 30467.177 | E78: =SUM(E79:E81) -> 32215.364 | F78: =SUM(F79:F81) -> 40243.212 | G78: =SUM(G79:G81) -> 45912.711 | H78: =SUM(H79:H81) -> 46491.598 | I78: =SUM(I79:I81) -> 54892.746 | ... AI78: =SUM(AI79:AI81) -> 111858.92
A79: Domestic | B79: 625.98023 | C79: 688.68157 | D79: 721.20978 | E79: 838.24779 | F79: 707.83465 | G79: 438.46897 | H79: 528.86927 | I79: 538.36203 | J79: 564.36711 | K79: 832.77439 | L79: 1212.8174 | M79: 746.01333 | N79: 767.14641 | O79: 816.00828 | P79: 993.79325 | Q79: 1002.6387 | R79: 983.71814 | S79: 855.1553 | T79: 868.95989 | U79: 811.19669 | V79: 718.03391 | W79: 566.56274 | X79: 425.27058 | Y79: 332.70559 | Z79: 244.47484 | AA79: 238.32538 | AB79: 152.61225 | AC79: 112.29926 | AD79: 114.30217 | AE79: 31.606818 | AF79: 14.56555 | AG79: 14.733887 | AH79: 14.903134 | AI79: 14.791344
A80: International - Intra-EU27 | B80: 11231.338 | C80: 12641.891 | D80: 13690.033 | E80: 14473.229 | F80: 18317.787 | G80: 20297.67 | H80: 20169.622 | I80: 22424.48 | J80: 21089.154 | K80: 24400.487 | L80: 22554.092 | M80: 21055.621 | N80: 28082.587 | O80: 32049.578 | P80: 44566.938 | Q80: 45987.49 | R80: 54361.214 | S80: 48488.33 | T80: 47080.28 | U80: 45192.652 | V80: 54044.79 | W80: 51865.614 | X80: 44237.595 | Y80: 47640.17 | Z80: 59905.243 | AA80: 57299.058 | AB80: 52411.669 | AC80: 57764.403 | AD80: 56715.111 | AE80: 65097.386 | AF80: 54473.883 | AG80: 60217.093 | AH80: 60845.503 | AI80: 63488.142
A81: International - Extra-EU27 | B81: 13136.07 | C81: 14825.231 | D81: 16055.934 | E81: 16903.887 | F81: 21217.59 | G81: 25176.572 | H81: 25793.107 | I81: 31929.903 | J81: 32270.67 | K81: 37492.175 | L81: 44374.826 | M81: 38236.93 | N81: 43001.378 | O81: 42498.267 | P81: 53820.922 | Q81: 64050.782 | R81: 58229.413 | S81: 57187.237 | T81: 54358.837 | U81: 46830.794 | V81: 51898.527 | W81: 65184.487 | X81: 67474.954 | Y81: 67241.646 | Z81: 67948.699 | AA81: 74787.7 | AB81: 72681.773 | AC81: 73552.768 | AD81: 77488.099 | AE81: 74821.36 | AF81: 37374.839 | AG81: 45057.954 | AH81: 48473.285 | AI81: 48355.988
A83: Load factor of flights
A84: Passenger transport (p/flight) | B84: =IF(AND(B44=0,B74=0),0,IF(OR(B44=0,B74=0),1/0,B74/B44)) -> 49.420623 | C84: =IF(AND(C44=0,C74=0),0,IF(OR(C44=0,C74=0),1/0,C74/C44)) -> 49.899611 | D84: =IF(AND(D44=0,D74=0),0,IF(OR(D44=0,D74=0),1/0,D74/D44)) -> 50.489363 | E84: =IF(AND(E44=0,E74=0),0,IF(OR(E44=0,E74=0),1/0,E74/E44)) -> 50.382815 | F84: =IF(AND(F44=0,F74=0),0,IF(OR(F44=0,F74=0),1/0,F74/F44)) -> 50.921283 | G84: =IF(AND(G44=0,G74=0),0,IF(OR(G44=0,G74=0),1/0,G74/G44)) -> 52.10865 | H84: =IF(AND(H44=0,H74=0),0,IF(OR(H44=0,H74=0),1/0,H74/H44)) -> 53.04728 | I84: =IF(AND(I44=0,I74=0),0,IF(OR(I44=0,I74=0),1/0,I74/I44)) -> 56.356043 | ... AI84: =IF(AND(AI44=0,AI74=0),0,IF(OR(AI44=0,AI74=0),1/0,AI74/AI44)) -> 133.3632
A85: Domestic | B85: =IF(AND(B45=0,B75=0),0,IF(OR(B45=0,B75=0),1/0,B75/B45)) -> 20.378774 | C85: =IF(AND(C45=0,C75=0),0,IF(OR(C45=0,C75=0),1/0,C75/C45)) -> 20.611279 | D85: =IF(AND(D45=0,D75=0),0,IF(OR(D45=0,D75=0),1/0,D75/D45)) -> 20.968706 | E85: =IF(AND(E45=0,E75=0),0,IF(OR(E45=0,E75=0),1/0,E75/E45)) -> 21.261506 | F85: =IF(AND(F45=0,F75=0),0,IF(OR(F45=0,F75=0),1/0,F75/F45)) -> 21.620168 | G85: =IF(AND(G45=0,G75=0),0,IF(OR(G45=0,G75=0),1/0,G75/G45)) -> 22.036371 | H85: =IF(AND(H45=0,H75=0),0,IF(OR(H45=0,H75=0),1/0,H75/H45)) -> 22.426836 | I85: =IF(AND(I45=0,I75=0),0,IF(OR(I45=0,I75=0),1/0,I75/I45)) -> 23.237747 | ... AI85: =IF(AND(AI45=0,AI75=0),0,IF(OR(AI45=0,AI75=0),1/0,AI75/AI45)) -> 60.059571
A86: International - Intra-EU27 | B86: =IF(AND(B46=0,B76=0),0,IF(OR(B46=0,B76=0),1/0,B76/B46)) -> 46.544204 | C86: =IF(AND(C46=0,C76=0),0,IF(OR(C46=0,C76=0),1/0,C76/C46)) -> 47.053557 | D86: =IF(AND(D46=0,D76=0),0,IF(OR(D46=0,D76=0),1/0,D76/D46)) -> 47.549777 | E86: =IF(AND(E46=0,E76=0),0,IF(OR(E46=0,E76=0),1/0,E76/E46)) -> 48.06412 | F86: =IF(AND(F46=0,F76=0),0,IF(OR(F46=0,F76=0),1/0,F76/F46)) -> 48.589921 | G86: =IF(AND(G46=0,G76=0),0,IF(OR(G46=0,G76=0),1/0,G76/G46)) -> 49.139249 | H86: =IF(AND(H46=0,H76=0),0,IF(OR(H46=0,H76=0),1/0,H76/H46)) -> 49.760025 | I86: =IF(AND(I46=0,I76=0),0,IF(OR(I46=0,I76=0),1/0,I76/I46)) -> 53.711656 | ... AI86: =IF(AND(AI46=0,AI76=0),0,IF(OR(AI46=0,AI76=0),1/0,AI76/AI46)) -> 127.4534
A87: International - Extra-EU27 | B87: =IF(AND(B47=0,B77=0),0,IF(OR(B47=0,B77=0),1/0,B77/B47)) -> 80.233845 | C87: =IF(AND(C47=0,C77=0),0,IF(OR(C47=0,C77=0),1/0,C77/C47)) -> 80.229349 | D87: =IF(AND(D47=0,D77=0),0,IF(OR(D47=0,D77=0),1/0,D77/D47)) -> 80.396593 | E87: =IF(AND(E47=0,E77=0),0,IF(OR(E47=0,E77=0),1/0,E77/E47)) -> 80.889372 | F87: =IF(AND(F47=0,F77=0),0,IF(OR(F47=0,F77=0),1/0,F77/F47)) -> 81.376381 | G87: =IF(AND(G47=0,G77=0),0,IF(OR(G47=0,G77=0),1/0,G77/G47)) -> 81.119898 | H87: =IF(AND(H47=0,H77=0),0,IF(OR(H47=0,H77=0),1/0,H77/H47)) -> 81.022191 | I87: =IF(AND(I47=0,I77=0),0,IF(OR(I47=0,I77=0),1/0,I77/I47)) -> 81.95294 | ... AI87: =IF(AND(AI47=0,AI77=0),0,IF(OR(AI47=0,AI77=0),1/0,AI77/AI47)) -> 155.54329
A88: Freight transport (t/flight) | B88: =IF(AND(B48=0,B78=0),0,IF(OR(B48=0,B78=0),1/0,B78/B48)) -> 21.546024 | C88: =IF(AND(C48=0,C78=0),0,IF(OR(C48=0,C78=0),1/0,C78/C48)) -> 21.575328 | D88: =IF(AND(D48=0,D78=0),0,IF(OR(D48=0,D78=0),1/0,D78/D48)) -> 21.607927 | E88: =IF(AND(E48=0,E78=0),0,IF(OR(E48=0,E78=0),1/0,E78/E48)) -> 21.96003 | F88: =IF(AND(F48=0,F78=0),0,IF(OR(F48=0,F78=0),1/0,F78/F48)) -> 23.208311 | G88: =IF(AND(G48=0,G78=0),0,IF(OR(G48=0,G78=0),1/0,G78/G48)) -> 24.356876 | H88: =IF(AND(H48=0,H78=0),0,IF(OR(H48=0,H78=0),1/0,H78/H48)) -> 24.624787 | I88: =IF(AND(I48=0,I78=0),0,IF(OR(I48=0,I78=0),1/0,I78/I48)) -> 26.064932 | ... AI88: =IF(AND(AI48=0,AI78=0),0,IF(OR(AI48=0,AI78=0),1/0,AI78/AI48)) -> 25.347591
A89: Domestic | B89: =IF(AND(B49=0,B79=0),0,IF(OR(B49=0,B79=0),1/0,B79/B49)) -> 9.6304651 | C89: =IF(AND(C49=0,C79=0),0,IF(OR(C49=0,C79=0),1/0,C79/C49)) -> 9.5650217 | D89: =IF(AND(D49=0,D79=0),0,IF(OR(D49=0,D79=0),1/0,D79/D49)) -> 9.746078 | E89: =IF(AND(E49=0,E79=0),0,IF(OR(E49=0,E79=0),1/0,E79/E49)) -> 9.8617387 | F89: =IF(AND(F49=0,F79=0),0,IF(OR(F49=0,F79=0),1/0,F79/F49)) -> 10.111924 | G89: =IF(AND(G49=0,G79=0),0,IF(OR(G49=0,G79=0),1/0,G79/G49)) -> 10.196953 | H89: =IF(AND(H49=0,H79=0),0,IF(OR(H49=0,H79=0),1/0,H79/H49)) -> 10.170563 | I89: =IF(AND(I49=0,I79=0),0,IF(OR(I49=0,I79=0),1/0,I79/I49)) -> 10.353116 | ... AI89: =IF(AND(AI49=0,AI79=0),0,IF(OR(AI49=0,AI79=0),1/0,AI79/AI49)) -> 14.791344
A90: International - Intra-EU27 | B90: =IF(AND(B50=0,B80=0),0,IF(OR(B50=0,B80=0),1/0,B80/B50)) -> 16.49242 | C90: =IF(AND(C50=0,C80=0),0,IF(OR(C50=0,C80=0),1/0,C80/C50)) -> 16.503774 | D90: =IF(AND(D50=0,D80=0),0,IF(OR(D50=0,D80=0),1/0,D80/D50)) -> 16.494016 | E90: =IF(AND(E50=0,E80=0),0,IF(OR(E50=0,E80=0),1/0,E80/E50)) -> 16.829336 | F90: =IF(AND(F50=0,F80=0),0,IF(OR(F50=0,F80=0),1/0,F80/F50)) -> 16.882753 | G90: =IF(AND(G50=0,G80=0),0,IF(OR(G50=0,G80=0),1/0,G80/G50)) -> 16.872544 | H90: =IF(AND(H50=0,H80=0),0,IF(OR(H50=0,H80=0),1/0,H80/H50)) -> 16.878345 | I90: =IF(AND(I50=0,I80=0),0,IF(OR(I50=0,I80=0),1/0,I80/I50)) -> 16.873198 | ... AI90: =IF(AND(AI50=0,AI80=0),0,IF(OR(AI50=0,AI80=0),1/0,AI80/AI50)) -> 17.970037
A91: International - Extra-EU27 | B91: =IF(AND(B51=0,B81=0),0,IF(OR(B51=0,B81=0),1/0,B81/B51)) -> 31.729637 | C91: =IF(AND(C51=0,C81=0),0,IF(OR(C51=0,C81=0),1/0,C81/C51)) -> 31.745677 | D91: =IF(AND(D51=0,D81=0),0,IF(OR(D51=0,D81=0),1/0,D81/D51)) -> 31.731094 | E91: =IF(AND(E51=0,E81=0),0,IF(OR(E51=0,E81=0),1/0,E81/E51)) -> 32.382925 | F91: =IF(AND(F51=0,F81=0),0,IF(OR(F51=0,F81=0),1/0,F81/F51)) -> 36.645234 | G91: =IF(AND(G51=0,G81=0),0,IF(OR(G51=0,G81=0),1/0,G81/G51)) -> 39.399957 | H91: =IF(AND(H51=0,H81=0),0,IF(OR(H51=0,H81=0),1/0,H81/H51)) -> 40.238856 | I91: =IF(AND(I51=0,I81=0),0,IF(OR(I51=0,I81=0),1/0,I81/I51)) -> 44.041246 | ... AI91: =IF(AND(AI51=0,AI81=0),0,IF(OR(AI51=0,AI81=0),1/0,AI81/AI51)) -> 55.012501
A93: Stock of aircrafts | B93: =SUM(B94,B98) -> 51.223331 | C93: =SUM(C94,C98) -> 57.50592 | D93: =SUM(D94,D98) -> 62.068573 | E93: =SUM(E94,E98) -> 66.26999 | F93: =SUM(F94,F98) -> 69.883736 | G93: =SUM(G94,G98) -> 77.88055 | H93: =SUM(H94,H98) -> 83.729632 | I93: =SUM(I94,I98) -> 86.75091 | ... AI93: =SUM(AI94,AI98) -> 127.27026
A94: Passenger transport | B94: =SUM(B95:B97) -> 50.154115 | C94: =SUM(C95:C97) -> 56.302266 | D94: =SUM(D95:D97) -> 60.767174 | E94: =SUM(E95:E97) -> 64.918868 | F94: =SUM(F95:F97) -> 68.266822 | G94: =SUM(G95:G97) -> 76.097303 | H94: =SUM(H95:H97) -> 81.938935 | I94: =SUM(I95:I97) -> 84.718228 | ... AI94: =SUM(AI95:AI97) -> 121.4571
A95: Domestic | B95: 5.4074074 | C95: 5.9318996 | D95: 6.1975309 | E95: 7.2596575 | F95: 7.3771406 | G95: 6.9530068 | H95: 7.310235 | I95: 7.3452808 | J95: 7.6598965 | K95: 7.2254082 | L95: 8.3962565 | M95: 7.5566308 | N95: 8.0848268 | O95: 7.7248108 | P95: 7.5475906 | Q95: 7.5728543 | R95: 7.8472 | S95: 7.9794851 | T95: 8.3488844 | U95: 8.1563904 | V95: 8.1048124 | W95: 7.2651868 | X95: 6.4255611 | Y95: 5.9659182 | Z95: 5.5967936 | AA95: 5.0286637 | AB95: 4.4938875 | AC95: 4.4229669 | AD95: 4.3310147 | AE95: 4.0562167 | AF95: 3.6364038 | AG95: 3.216591 | AH95: 2.7967782 | AI95: 2.3769654
A96: International - Intra-EU27 | B96: 26.97619 | C96: 30.366402 | D96: 32.898148 | E96: 34.760582 | F96: 37.625 | G96: 42.314153 | H96: 42.900132 | I96: 41.896825 | J96: 43.28836 | K96: 44.832672 | L96: 47.359127 | M96: 47.080026 | N96: 47.289683 | O96: 51.352513 | P96: 56.997354 | Q96: 58.368804 | R96: 59.465962 | S96: 65.187831 | T96: 67.576137 | U96: 62.840224 | V96: 60.439842 | W96: 60.160315 | X96: 57.990783 | Y96: 54.349144 | Z96: 55.808482 | AA96: 55.704197 | AB96: 56.227364 | AC96: 55.352508 | AD96: 59.193527 | AE96: 66.342466 | AF96: 63.974509 | AG96: 61.606553 | AH96: 59.238597 | AI96: 59.668082
A97: International - Extra-EU27 | B97: 17.770517 | C97: 20.003964 | D97: 21.671495 | E97: 22.898629 | F97: 23.264681 | G97: 26.830143 | H97: 31.728567 | I97: 35.476122 | J97: 37.249948 | K97: 36.904014 | L97: 43.027531 | M97: 42.678082 | N97: 41.354353 | O97: 42.503748 | P97: 51.491728 | Q97: 55.537834 | R97: 54.199901 | S97: 54.095353 | T97: 56.08712 | U97: 52.577104 | V97: 52.398135 | W97: 54.152465 | X97: 52.969237 | Y97: 52.327871 | Z97: 53.851272 | AA97: 54.741816 | AB97: 53.672003 | AC97: 54.797606 | AD97: 60.800656 | AE97: 67.974125 | AF97: 65.822748 | AG97: 63.671372 | AH97: 61.519995 | AI97: 59.412054
A98: Freight transport | B98: =SUM(B99:B101) -> 1.0692157 | C98: =SUM(C99:C101) -> 1.2036544 | D98: =SUM(D99:D101) -> 1.3013994 | E98: =SUM(E99:E101) -> 1.3511216 | F98: =SUM(F99:F101) -> 1.6169146 | G98: =SUM(G99:G101) -> 1.7832464 | H98: =SUM(H99:H101) -> 1.7906971 | I98: =SUM(I99:I101) -> 2.0326823 | ... AI98: =SUM(AI99:AI101) -> 5.8131557
A99: Domestic | B99: 0.042961005 | C99: 0.047587574 | D99: 0.048909451 | E99: 0.056179775 | F99: 0.046265697 | G99: 0.028420357 | H99: 0.034368804 | I99: 0.034368804 | J99: 0.036351619 | K99: 0.052214144 | L99: 0.079973562 | M99: 0.071976206 | N99: 0.06397885 | O99: 0.055981494 | P99: 0.064111038 | Q99: 0.066181337 | R99: 0.067594433 | S99: 0.059597077 | T99: 0.062792251 | U99: 0.058350101 | V99: 0.050352744 | W99: 0.042355388 | X99: 0.034358032 | Y99: 0.026360676 | Z99: 0.018363319 | AA99: 0.011849901 | AB99: 0.0065703022 | AC99: 0.0052219321 | AD99: 0.0051847051 | AE99: 0.001321004 | AF99: 0.00065189048 | AG99: 0.00065189048 | AH99: 0.00065659882 | AI99: 0.00069783671
A100: International - Intra-EU27 | B100: 0.58859118 | C100: 0.66205704 | D100: 0.71737252 | E100: 0.74330164 | F100: 0.9377701 | G100: 1.039758 | H100: 1.0328436 | I100: 1.1486603 | J100: 1.0847018 | K100: 1.2247191 | L100: 1.2057044 | M100: 1.1132239 | N100: 1.4831461 | O100: 1.6084702 | P100: 2.3975799 | Q100: 2.6122625 | R100: 3.3032368 | S100: 3.1826664 | T100: 3.0620959 | U100: 2.9415255 | V100: 2.9808 | W100: 2.8602296 | X100: 2.7396591 | Y100: 2.6190887 | Z100: 2.6527778 | AA100: 2.5522634 | AB100: 2.4316929 | AC100: 2.4738589 | AD100: 2.4727578 | AE100: 2.7694887 | AF100: 2.7092035 | AG100: 2.8407376 | AH100: 2.993838 | AI100: 3.0909886
A101: International - Extra-EU27 | B101: 0.43766356 | C101: 0.49400981 | D101: 0.53511747 | E101: 0.55164016 | F101: 0.63287885 | G101: 0.71506802 | H101: 0.72348469 | I101: 0.84965321 | J101: 0.9376581 | K101: 1.1106066 | L101: 1.234031 | M101: 1.1135493 | N101: 1.1978657 | O101: 1.2546131 | P101: 1.7536389 | Q101: 2.1996664 | R101: 2.0968881 | S101: 1.9906195 | T101: 1.8973245 | U101: 1.7881806 | V101: 1.6727474 | W101: 2.1374803 | X101: 2.1358994 | Y101: 2.2637464 | Z101: 2.2742201 | AA101: 2.6636898 | AB101: 2.5475355 | AC101: 2.6687682 | AD101: 2.9481997 | AE101: 2.9554363 | AF101: 2.8937347 | AG101: 2.8445689 | AH101: 2.7831708 | AI101: 2.7214692
A103: New aircrafts | B103: =SUM(B104,B108) -> 0 | C103: =SUM(C104,C108) -> 9.6030391 | D103: =SUM(D104,D108) -> 7.8831029 | E103: =SUM(E104,E108) -> 7.5218661 | F103: =SUM(F104,F108) -> 6.9913821 | G103: =SUM(G104,G108) -> 11.52003 | H103: =SUM(H104,H108) -> 9.2778857 | I103: =SUM(I104,I108) -> 6.3837104 | ... AI103: =SUM(AI104,AI108) -> 2.1363612
A104: Passenger transport | B104: =SUM(B105:B107) -> 0 | C104: =SUM(C105:C107) -> 9.3919754 | D104: =SUM(D105:D107) -> 7.7087329 | E104: =SUM(E105:E107) -> 7.3955189 | F104: =SUM(F105:F107) -> 6.6200228 | G104: =SUM(G105:G107) -> 11.246552 | H104: =SUM(H105:H107) -> 9.1850647 | I104: =SUM(I105:I107) -> 6.0231178 | ... AI104: =SUM(AI105:AI107) -> 1.9996627
A105: Domestic | B105: 0 | C105: 0.77637993 | D105: 0.51751892 | E105: 1.3140143 | F105: 0.36937077 | G105: 0 | H105: 0.60911589 | I105: 0.28693349 | J105: 0.56650339 | K105: 0 | L105: 1.422736 | M105: 0 | N105: 0.78008363 | O105: 0 | P105: 0.074667463 | Q105: 0.27715138 | R105: 0.5262334 | S105: 0.38417281 | T105: 0.62128696 | U105: 0.059393676 | V105: 0.20030973 | W105: 0 | X105: 0 | Y105: 0 | Z105: 0 | AA105: 0 | AB105: 0 | AC105: 0.18096706 | AD105: 0.15993553 | AE105: 0 | AF105: 0 | AG105: 0 | AH105: 0 | AI105: 0
A106: International - Intra-EU27 | B106: 0 | C106: 4.9595459 | D106: 4.1010802 | E106: 3.4317681 | F106: 4.4337522 | G106: 6.2584877 | H106: 2.1553131 | I106: 0.56602734 | J106: 2.9608686 | K106: 3.1136464 | L106: 4.0957892 | M106: 1.2902337 | N106: 1.7789903 | O106: 5.6321649 | P106: 7.2141755 | Q106: 2.9407834 | R106: 2.6664922 | S106: 7.2912032 | T106: 3.9576406 | U106: 0 | V106: 0 | W106: 1.2898074 | X106: 0 | Y106: 0 | Z106: 3.028673 | AA106: 1.465049 | AB106: 2.0925012 | AC106: 0.69447839 | AD106: 5.4103525 | AE106: 8.7182733 | AF106: 0 | AG106: 0 | AH106: 0 | AI106: 1.9988196
A107: International - Extra-EU27 | B107: 0 | C107: 3.6560496 | D107: 3.0901337 | E107: 2.6497365 | F107: 1.8168999 | G107: 4.9880645 | H107: 6.4206358 | I107: 5.1701569 | J107: 3.1964287 | K107: 1.1229803 | L107: 7.5526841 | M107: 1.6721677 | N107: 0.69788695 | O107: 3.0268884 | P107: 10.421303 | Q107: 5.9528878 | R107: 0.80002929 | S107: 1.506698 | T107: 3.4250895 | U107: 0.12311586 | V107: 1.6038051 | W107: 3.1830827 | X107: 0.34107409 | Y107: 1.1224486 | Z107: 3.0004075 | AA107: 2.3238656 | AB107: 1.2750182 | AC107: 2.5589247 | AD107: 7.4256532 | AE107: 8.79538 | AF107: 0.00084311954 | AG107: 0.00084311954 | AH107: 0.00084311954 | AI107: 0.00084311954
A108: Freight transport | B108: =SUM(B109:B111) -> 0 | C108: =SUM(C109:C111) -> 0.21106365 | D108: =SUM(D109:D111) -> 0.17436999 | E108: =SUM(E109:E111) -> 0.12634712 | F108: =SUM(F109:F111) -> 0.37135922 | G108: =SUM(G109:G111) -> 0.27347752 | H108: =SUM(H109:H111) -> 0.092820977 | I108: =SUM(I109:I111) -> 0.3605926 | ... AI108: =SUM(AI109:AI111) -> 0.1366985
A109: Domestic | B109: 0 | C109: 0.0070257766 | D109: 0.0037210839 | E109: 0.0096695307 | F109: 0 | G109: 0 | H109: 0.0083476537 | I109: 0.0023992069 | J109: 0.0043820225 | K109: 0.018261732 | L109: 0.030158625 | M109: 0 | N109: 0 | O109: 0 | P109: 0.010528751 | Q109: 0.0044695061 | R109: 0.0038123034 | S109: 0 | T109: 0.0055943809 | U109: 0 | V109: 0 | W109: 0 | X109: 0 | Y109: 0 | Z109: 0 | AA109: 0 | AB109: 0 | AC109: 0.0010508368 | AD109: 0.0023619799 | AE109: 0 | AF109: 0.0017300934 | AG109: 0.0023992069 | AH109: 0.0024039152 | AI109: 0.0024404448
A110: International - Intra-EU27 | B110: 0 | C110: 0.11057332 | D110: 0.092422933 | E110: 0.063036589 | F110: 0.23157591 | G110: 0.13909536 | H110: 0.030193028 | I110: 0.15292423 | J110: 0 | K110: 0.17712475 | L110: 0.018092769 | M110: 0 | N110: 0.40702967 | O110: 0.16243158 | P110: 0.82621723 | Q110: 0.25179004 | R110: 0.72808174 | S110: 0 | T110: 0 | U110: 0 | V110: 0.076381987 | W110: 0 | X110: 0 | Y110: 0 | Z110: 0.070796562 | AA110: 0 | AB110: 0 | AC110: 0.079273449 | AD110: 0.036006294 | AE110: 0.33383839 | AF110: 0 | AG110: 0.16864163 | AH110: 0.19020785 | AI110: 0.13425806
A111: International - Extra-EU27 | B111: 0 | C111: 0.093464554 | D111: 0.078225975 | E111: 0.053640997 | F111: 0.13978331 | G111: 0.13438216 | H111: 0.054280295 | I111: 0.20526917 | J111: 0.12512321 | K111: 0.21021663 | L111: 0.18601968 | M111: 0.00097378277 | N111: 0.12834484 | O111: 0.10272339 | P111: 0.54305422 | Q111: 0.49399396 | R111: 0.011767113 | S111: 0.010224393 | T111: 0.016040311 | U111: 0.0054015099 | V111: 0.0010597585 | W111: 0.51269938 | X111: 0.055243284 | Y111: 0.18272363 | Z111: 0.067297861 | AA111: 0.4451186 | AB111: 0 | AC111: 0.1711467 | AD111: 0.33625566 | AE111: 0.064060743 | AF111: 0 | AG111: 0.010561383 | AH111: 0 | AI111: 0
...

Sheet BE
A1: BE - Belgium | B1: 1990 | C1: 1991 | D1: 1992 | E1: 1993 | F1: 1994 | G1: 1995 | H1: 1996 | I1: 1997 | J1: 1998 | K1: 1999 | L1: 2000 | M1: 2001 | N1: 2002 | O1: 2003 | P1: 2004 | Q1: 2005 | R1: 2006 | S1: 2007 | T1: 2008 | U1: 2009 | V1: 2010 | W1: 2011 | X1: 2012 | Y1: 2013 | Z1: 2014 | AA1: 2015 | AB1: 2016 | AC1: 2017 | AD1: 2018 | AE1: 2019 | AF1: 2020 | AG1: 2021 | AH1: 2022 | AI1: 2023
A3: Transport activity
A4: Passenger transport (mio pkm) | B4: =SUM(B5:B7) -> 12474.818 | C4: =SUM(C5:C7) -> 11923.489 | D4: =SUM(D5:D7) -> 11372.059 | E4: =SUM(E5:E7) -> 10810.285 | F4: =SUM(F5:F7) -> 10248.265 | G4: =SUM(G5:G7) -> 11872.669 | H4: =SUM(H5:H7) -> 13909.89 | I4: =SUM(I5:I7) -> 15184.707 | ... AI4: =SUM(AI5:AI7) -> 32699.137
A5: Domestic | B5: 0 | C5: 0 | D5: 0 | E5: 0 | F5: 0 | G5: 0 | H5: 0 | I5: 0 | J5: 0 | K5: 0 | L5: 0 | M5: 0 | N5: 0 | O5: 0 | P5: 0 | Q5: 0 | R5: 0 | S5: 0 | T5: 0 | U5: 0 | V5: 0 | W5: 0 | X5: 0 | Y5: 0 | Z5: 0 | AA5: 0 | AB5: 0 | AC5: 0 | AD5: 0 | AE5: 0 | AF5: 0 | AG5: 0 | AH5: 0 | AI5: 0
A6: International - Intra-EU27 | B6: 5754.7715 | C6: 5512.2379 | D6: 5269.3396 | E6: 5031.5318 | F6: 4790.751 | G6: 5579.9442 | H6: 6623.5273 | I6: 7308.7586 | J6: 7995.4673 | K6: 8671.5516 | L6: 9753.7158 | M6: 9739.5324 | N6: 6984.7499 | O6: 7808.0587 | P6: 8835.513 | Q6: 8642.9128 | R6: 9038.0737 | S6: 8963.1616 | T6: 8800.6798 | U6: 8660.9357 | V6: 9438.733 | W6: 10464.646 | X6: 10650.664 | Y6: 10874.848 | Z6: 11801.394 | AA6: 12838.494 | AB6: 13190.992 | AC6: 14173.938 | AD6: 14181.27 | AE6: 14593.328 | AF6: 4408.0477 | AG6: 6701.4707 | AH6: 12424.205 | AI6: 13846.431
A7: International - Extra-EU27 | B7: 6720.0461 | C7: 6411.2508 | D7: 6102.7191 | E7: 5778.7527 | F7: 5457.514 | G7: 6292.7243 | H7: 7286.363 | I7: 7875.9486 | J7: 8950.4764 | K7: 10082.789 | L7: 10858.873 | M7: 10289.491 | N7: 6562.681 | O7: 7054.2082 | P7: 8443.4068 | Q7: 8752.4247 | R7: 9170.246 | S7: 10881.456 | T7: 13424.939 | U7: 13200.348 | V7: 14471.445 | W7: 15654.398 | X7: 15713.853 | Y7: 16234.165 | Z7: 17102.926 | AA7: 17819.115 | AB7: 15365.881 | AC7: 17731.945 | AD7: 20501.412 | AE7: 21712.953 | AF7: 6507.6134 | AG7: 9134.6035 | AH7: 17214.945 | AI7: 18852.706
A8: Freight transport (mio tkm) | B8: =SUM(B9:B11) -> 862.03715 | C8: =SUM(C9:C11) -> 822.62871 | D8: =SUM(D9:D11) -> 782.84778 | E8: =SUM(E9:E11) -> 743.76153 | F8: =SUM(F9:F11) -> 704.15454 | G8: =SUM(G9:G11) -> 814.22774 | H8: =SUM(H9:H11) -> 920.61229 | I8: =SUM(I9:I11) -> 1003.1115 | ... AI8: =SUM(AI9:AI11) -> 4671.7795
A9: Domestic | B9: 0 | C9: 0 | D9: 0 | E9: 0 | F9: 0 | G9: 0 | H9: 0 | I9: 0 | J9: 0 | K9: 0 | L9: 0 | M9: 0 | N9: 0 | O9: 0 | P9: 0 | Q9: 0 | R9: 0 | S9: 0 | T9: 0 | U9: 0 | V9: 0 | W9: 0 | X9: 0 | Y9: 0 | Z9: 0 | AA9: 0 | AB9: 0 | AC9: 0 | AD9: 0 | AE9: 0 | AF9: 0 | AG9: 0 | AH9: 0 | AI9: 0
A10: International - Intra-EU27 | B10: 148.3022 | C10: 141.47109 | D10: 134.65471 | E10: 127.9465 | F10: 121.11662 | G10: 139.63895 | H10: 156.26201 | I10: 171.02891 | J10: 191.06839 | K10: 205.50889 | L10: 227.42361 | M10: 184.74324 | N10: 142.68831 | O10: 147.57269 | P10: 153.31096 | Q10: 169.83108 | R10: 292.30072 | S10: 304.10531 | T10: 208.46436 | U10: 169.84342 | V10: 180.4506 | W10: 176.66317 | X10: 187.55389 | Y10: 190.82783 | Z10: 207.2595 | AA10: 218.86879 | AB10: 220.92532 | AC10: 209.53325 | AD10: 234.10978 | AE10: 234.3898 | AF10: 230.69876 | AG10: 247.64703 | AH10: 155.05907 | AI10: 148.4995
A11: International - Extra-EU27 | B11: 713.73495 | C11: 681.15762 | D11: 648.19307 | E11: 615.81503 | F11: 583.03792 | G11: 674.58879 | H11: 764.35028 | I11: 832.0826 | J11: 936.35511 | K11: 1025.8815 | L11: 1143.653 | M11: 1135.8758 | N11: 946.20152 | O11: 1142.0488 | P11: 1249.0709 | Q11: 1224.6548 | R11: 1797.2734 | S11: 2400.318 | T11: 2539.9034 | U11: 1972.912 | V11: 2576.4158 | W11: 2759.9461 | X11: 2354.9737 | Y11: 2144.5747 | Z11: 2343.2975 | AA11: 2953.9666 | AB11: 2839.2929 | AC11: 3261.6946 | AD11: 3882.177 | AE11: 3749.91 | AF11: 4472.9014 | AG11: 5613.0908 | AH11: 5387.4073 | AI11: 4523.28
A13: Market shares of activity
A14: Passenger transport (% of pkm) | B14: =IF(B4=0,0,B4/B$4) -> 1 | C14: =IF(C4=0,0,C4/C$4) -> 1 | D14: =IF(D4=0,0,D4/D$4) -> 1 | E14: =IF(E4=0,0,E4/E$4) -> 1 | F14: =IF(F4=0,0,F4/F$4) -> 1 | G14: =IF(G4=0,0,G4/G$4) -> 1 | H14: =IF(H4=0,0,H4/H$4) -> 1 | I14: =IF(I4=0,0,I4/I$4) -> 1 | ... AI14: =IF(AI4=0,0,AI4/AI$4) -> 1
A15: Domestic | B15: =IF(B5=0,0,B5/B$4) -> 0 | C15: =IF(C5=0,0,C5/C$4) -> 0 | D15: =IF(D5=0,0,D5/D$4) -> 0 | E15: =IF(E5=0,0,E5/E$4) -> 0 | F15: =IF(F5=0,0,F5/F$4) -> 0 | G15: =IF(G5=0,0,G5/G$4) -> 0 | H15: =IF(H5=0,0,H5/H$4) -> 0 | I15: =IF(I5=0,0,I5/I$4) -> 0 | ... AI15: =IF(AI5=0,0,AI5/AI$4) -> 0
A16: International - Intra-EU27 | B16: =IF(B6=0,0,B6/B$4) -> 0.46131107 | C16: =IF(C6=0,0,C6/C$4) -> 0.46230076 | D16: =IF(D6=0,0,D6/D$4) -> 0.46335846 | E16: =IF(E6=0,0,E6/E$4) -> 0.46543936 | F16: =IF(F6=0,0,F6/F$4) -> 0.46746947 | G16: =IF(G6=0,0,G6/G$4) -> 0.46998231 | H16: =IF(H6=0,0,H6/H$4) -> 0.47617394 | I16: =IF(I6=0,0,I6/I$4) -> 0.48132364 | ... AI16: =IF(AI6=0,0,AI6/AI$4) -> 0.42344943
A17: International - Extra-EU27 | B17: =IF(B7=0,0,B7/B$4) -> 0.53868893 | C17: =IF(C7=0,0,C7/C$4) -> 0.53769924 | D17: =IF(D7=0,0,D7/D$4) -> 0.53664154 | E17: =IF(E7=0,0,E7/E$4) -> 0.53456064 | F17: =IF(F7=0,0,F7/F$4) -> 0.53253053 | G17: =IF(G7=0,0,G7/G$4) -> 0.53001769 | H17: =IF(H7=0,0,H7/H$4) -> 0.52382606 | I17: =IF(I7=0,0,I7/I$4) -> 0.51867636 | ... AI17: =IF(AI7=0,0,AI7/AI$4) -> 0.57655057
A18: Freight transport (% of tkm) | B18: =IF(B8=0,0,B8/B$8) -> 1 | C18: =IF(C8=0,0,C8/C$8) -> 1 | D18: =IF(D8=0,0,D8/D$8) -> 1 | E18: =IF(E8=0,0,E8/E$8) -> 1 | F18: =IF(F8=0,0,F8/F$8) -> 1 | G18: =IF(G8=0,0,G8/G$8) -> 1 | H18: =IF(H8=0,0,H8/H$8) -> 1 | I18: =IF(I8=0,0,I8/I$8) -> 1 | ... AI18: =IF(AI8=0,0,AI8/AI$8) -> 1
A19: Domestic | B19: =IF(B9=0,0,B9/B$8) -> 0 | C19: =IF(C9=0,0,C9/C$8) -> 0 | D19: =IF(D9=0,0,D9/D$8) -> 0 | E19: =IF(E9=0,0,E9/E$8) -> 0 | F19: =IF(F9=0,0,F9/F$8) -> 0 | G19: =IF(G9=0,0,G9/G$8) -> 0 | H19: =IF(H9=0,0,H9/H$8) -> 0 | I19: =IF(I9=0,0,I9/I$8) -> 0 | ... AI19: =IF(AI9=0,0,AI9/AI$8) -> 0
A20: International - Intra-EU27 | B20: =IF(B10=0,0,B10/B$8) -> 0.17203691 | C20: =IF(C10=0,0,C10/C$8) -> 0.17197441 | D20: =IF(D10=0,0,D10/D$8) -> 0.17200625 | E20: =IF(E10=0,0,E10/E$8) -> 0.17202624 | F20: =IF(F10=0,0,F10/F$8) -> 0.17200289 | G20: =IF(G10=0,0,G10/G$8) -> 0.17149864 | H20: =IF(H10=0,0,H10/H$8) -> 0.16973705 | I20: =IF(I10=0,0,I10/I$8) -> 0.1704984 | ... AI20: =IF(AI10=0,0,AI10/AI$8) -> 0.031786496
A21: International - Extra-EU27 | B21: =IF(B11=0,0,B11/B$8) -> 0.82796309 | C21: =IF(C11=0,0,C11/C$8) -> 0.82802559 | D21: =IF(D11=0,0,D11/D$8) -> 0.82799375 | E21: =IF(E11=0,0,E11/E$8) -> 0.82797376 | F21: =IF(F11=0,0,F11/F$8) -> 0.82799711 | G21: =IF(G11=0,0,G11/G$8) -> 0.82850136 | H21: =IF(H11=0,0,H11/H$8) -> 0.83026295 | I21: =IF(I11=0,0,I11/I$8) -> 0.8295016 | ... AI21: =IF(AI11=0,0,AI11/AI$8) -> 0.9682135
A23: Vehicle-km (mio km) | B23: =SUM(B24,B28) -> 130.75364 | C23: =SUM(C24,C28) -> 124.74081 | D23: =SUM(D24,D28) -> 118.71921 | E23: =SUM(E24,E28) -> 112.53245 | F23: =SUM(F24,F28) -> 106.50247 | G23: =SUM(G24,G28) -> 122.83424 | H23: =SUM(H24,H28) -> 141.66339 | I23: =SUM(I24,I28) -> 153.11356 | ... AI23: =SUM(AI24,AI28) -> 267.61414
A24: Passenger transport | B24: =SUM(B25:B27) -> 115.43863 | C24: =SUM(C25:C27) -> 110.13089 | D24: =SUM(D25:D27) -> 104.81143 | E24: =SUM(E25:E27) -> 99.599448 | F24: =SUM(F25:F27) -> 94.28162 | G24: =SUM(G25:G27) -> 108.69644 | H24: =SUM(H25:H27) -> 125.35273 | I24: =SUM(I25:I27) -> 135.57194 | ... AI24: =SUM(AI25:AI27) -> 199.93578
A25: Domestic | B25: 0 | C25: 0 | D25: 0 | E25: 0 | F25: 0 | G25: 0 | H25: 0 | I25: 0 | J25: 0 | K25: 0 | L25: 0 | M25: 0 | N25: 0 | O25: 0 | P25: 0 | Q25: 0 | R25: 0 | S25: 0 | T25: 0 | U25: 0 | V25: 0 | W25: 0 | X25: 0 | Y25: 0 | Z25: 0 | AA25: 0 | AB25: 0 | AC25: 0 | AD25: 0 | AE25: 0 | AF25: 0 | AG25: 0 | AH25: 0 | AI25: 0
A26: International - Intra-EU27 | B26: 64.573776 | C26: 61.60461 | D26: 58.628736 | E26: 55.71323 | F26: 52.738474 | G26: 60.801951 | H26: 70.117487 | I26: 75.833355 | J26: 86.300337 | K26: 97.068036 | L26: 105.05885 | M26: 102.47872 | N26: 72.868661 | O26: 80.932138 | P26: 85.484264 | Q26: 82.616168 | R26: 90.024622 | S26: 95.250465 | T26: 98.607581 | U26: 94.259297 | V26: 98.150554 | W26: 102.53444 | X26: 97.55513 | Y26: 96.70635 | Z26: 104.59131 | AA26: 112.23225 | AB26: 115.17595 | AC26: 117.45801 | AD26: 117.37481 | AE26: 117.93292 | AF26: 45.395409 | AG26: 57.21957 | AH26: 97.404785 | AI26: 104.50697
A27: International - Extra-EU27 | B27: 50.864857 | C27: 48.52628 | D27: 46.182696 | E27: 43.886218 | F27: 41.543147 | G27: 47.894491 | H27: 55.235242 | I27: 59.738581 | J27: 67.985762 | K27: 76.471119 | L27: 81.636791 | M27: 76.785525 | N27: 52.463132 | O27: 53.931851 | P27: 61.490089 | Q27: 63.773822 | R27: 68.684884 | S27: 78.624083 | T27: 89.781127 | U27: 90.59687 | V27: 96.33152 | W27: 104.18272 | X27: 104.06853 | Y27: 99.536413 | Z27: 100.52198 | AA27: 103.0114 | AB27: 93.638405 | AC27: 102.293 | AD27: 117.20467 | AE27: 120.23551 | AF27: 44.655303 | AG27: 61.56158 | AH27: 92.691815 | AI27: 95.428815
A28: Freight transport | B28: =SUM(B29:B31) -> 15.315003 | C28: =SUM(C29:C31) -> 14.609921 | D28: =SUM(D29:D31) -> 13.907782 | E28: =SUM(E29:E31) -> 12.933005 | F28: =SUM(F29:F31) -> 12.220849 | G28: =SUM(G29:G31) -> 14.137797 | H28: =SUM(H29:H31) -> 16.310659 | I28: =SUM(I29:I31) -> 17.541619 | ... AI28: =SUM(AI29:AI31) -> 67.678354
A29: Domestic | B29: 0 | C29: 0 | D29: 0 | E29: 0 | F29: 0 | G29: 0 | H29: 0 | I29: 0 | J29: 0 | K29: 0 | L29: 0 | M29: 0 | N29: 0 | O29: 0 | P29: 0 | Q29: 0 | R29: 0 | S29: 0 | T29: 0 | U29: 0 | V29: 0 | W29: 0 | X29: 0 | Y29: 0 | Z29: 0 | AA29: 0 | AB29: 0 | AC29: 0 | AD29: 0 | AE29: 0 | AF29: 0 | AG29: 0 | AH29: 0 | AI29: 0
A30: International - Intra-EU27 | B30: 4.936313 | C30: 4.7056966 | D30: 4.4816158 | E30: 4.1735047 | F30: 3.9382199 | G30: 4.543238 | H30: 5.2378884 | I30: 5.666443 | J30: 6.4750011 | K30: 7.106162 | L30: 8.1920202 | M30: 6.4283176 | N30: 5.2976433 | O30: 5.3284544 | P30: 6.1005995 | Q30: 6.8773758 | R30: 14.129072 | S30: 15.415928 | T30: 10.908971 | U30: 8.6544984 | V30: 9.2553057 | W30: 8.5546908 | X30: 8.2501665 | Y30: 8.4183994 | Z30: 8.1516233 | AA30: 8.6669071 | AB30: 7.9735243 | AC30: 8.3771924 | AD30: 9.2931485 | AE30: 8.8452223 | AF30: 10.170143 | AG30: 10.993765 | AH30: 7.0687778 | AI30: 6.8844043
A31: International - Extra-EU27 | B31: 10.37869 | C31: 9.9042241 | D31: 9.426166 | E31: 8.7595002 | F31: 8.2826295 | G31: 9.5945586 | H31: 11.072771 | I31: 11.875176 | J31: 14.271533 | K31: 16.461221 | L31: 17.382258 | M31: 16.313028 | N31: 14.36245 | O31: 18.85907 | P31: 21.282867 | Q31: 22.284964 | R31: 35.048951 | S31: 46.750478 | T31: 49.821886 | U31: 34.052883 | V31: 43.135859 | W31: 44.312829 | X31: 35.665556 | Y31: 30.844186 | Z31: 28.813216 | AA31: 37.001547 | AB31: 32.407762 | AC31: 37.45839 | AD31: 43.761516 | AE31: 39.95293 | AF31: 69.514412 | AG31: 87.183641 | AH31: 74.790329 | AI31: 60.793949
A33: Market shares of vehicle km (% of km)
A34: Passenger transport | B34: =IF(B24=0,0,B24/B$24) -> 1 | C34: =IF(C24=0,0,C24/C$24) -> 1 | D34: =IF(D24=0,0,D24/D$24) -> 1 | E34: =IF(E24=0,0,E24/E$24) -> 1 | F34: =IF(F24=0,0,F24/F$24) -> 1 | G34: =IF(G24=0,0,G24/G$24) -> 1 | H34: =IF(H24=0,0,H24/H$24) -> 1 | I34: =IF(I24=0,0,I24/I$24) -> 1 | ... AI34: =IF(AI24=0,0,AI24/AI$24) -> 1
A35: Domestic | B35: =IF(B25=0,0,B25/B$24) -> 0 | C35: =IF(C25=0,0,C25/C$24) -> 0 | D35: =IF(D25=0,0,D25/D$24) -> 0 | E35: =IF(E25=0,0,E25/E$24) -> 0 | F35: =IF(F25=0,0,F25/F$24) -> 0 | G35: =IF(G25=0,0,G25/G$24) -> 0 | H35: =IF(H25=0,0,H25/H$24) -> 0 | I35: =IF(I25=0,0,I25/I$24) -> 0 | ... AI35: =IF(AI25=0,0,AI25/AI$24) -> 0
A36: International - Intra-EU27 | B36: =IF(B26=0,0,B26/B$24) -> 0.55937752 | C36: =IF(C26=0,0,C26/C$24) -> 0.5593763 | D36: =IF(D26=0,0,D26/D$24) -> 0.55937348 | E36: =IF(E26=0,0,E26/E$24) -> 0.55937287 | F36: =IF(F26=0,0,F26/F$24) -> 0.55937174 | G36: =IF(G26=0,0,G26/G$24) -> 0.55937389 | H36: =IF(H26=0,0,H26/H$24) -> 0.55936147 | I36: =IF(I26=0,0,I26/I$24) -> 0.5593588 | ... AI36: =IF(AI26=0,0,AI26/AI$24) -> 0.52270267
A37: International - Extra-EU27 | B37: =IF(B27=0,0,B27/B$24) -> 0.44062248 | C37: =IF(C27=0,0,C27/C$24) -> 0.4406237 | D37: =IF(D27=0,0,D27/D$24) -> 0.44062652 | E37: =IF(E27=0,0,E27/E$24) -> 0.44062713 | F37: =IF(F27=0,0,F27/F$24) -> 0.44062826 | G37: =IF(G27=0,0,G27/G$24) -> 0.44062611 | H37: =IF(H27=0,0,H27/H$24) -> 0.44063853 | I37: =IF(I27=0,0,I27/I$24) -> 0.4406412 | ... AI37: =IF(AI27=0,0,AI27/AI$24) -> 0.47729733
A38: Freight transport | B38: =IF(B28=0,0,B28/B$28) -> 1 | C38: =IF(C28=0,0,C28/C$28) -> 1 | D38: =IF(D28=0,0,D28/D$28) -> 1 | E38: =IF(E28=0,0,E28/E$28) -> 1 | F38: =IF(F28=0,0,F28/F$28) -> 1 | G38: =IF(G28=0,0,G28/G$28) -> 1 | H38: =IF(H28=0,0,H28/H$28) -> 1 | I38: =IF(I28=0,0,I28/I$28) -> 1 | ... AI38: =IF(AI28=0,0,AI28/AI$28) -> 1
A39: Domestic | B39: =IF(B29=0,0,B29/B$28) -> 0 | C39: =IF(C29=0,0,C29/C$28) -> 0 | D39: =IF(D29=0,0,D29/D$28) -> 0 | E39: =IF(E29=0,0,E29/E$28) -> 0 | F39: =IF(F29=0,0,F29/F$28) -> 0 | G39: =IF(G29=0,0,G29/G$28) -> 0 | H39: =IF(H29=0,0,H29/H$28) -> 0 | I39: =IF(I29=0,0,I29/I$28) -> 0 | ... AI39: =IF(AI29=0,0,AI29/AI$28) -> 0
A40: International - Intra-EU27 | B40: =IF(B30=0,0,B30/B$28) -> 0.32231878 | C40: =IF(C30=0,0,C30/C$28) -> 0.32208913 | D40: =IF(D30=0,0,D30/D$28) -> 0.322238 | E40: =IF(E30=0,0,E30/E$28) -> 0.32270186 | F40: =IF(F30=0,0,F30/F$28) -> 0.32225419 | G40: =IF(G30=0,0,G30/G$28) -> 0.32135404 | H40: =IF(H30=0,0,H30/H$28) -> 0.32113285 | I40: =IF(I30=0,0,I30/I$28) -> 0.3230285 | ... AI40: =IF(AI30=0,0,AI30/AI$28) -> 0.1017224
A41: International - Extra-EU27 | B41: =IF(B31=0,0,B31/B$28) -> 0.67768122 | C41: =IF(C31=0,0,C31/C$28) -> 0.67791087 | D41: =IF(D31=0,0,D31/D$28) -> 0.677762 | E41: =IF(E31=0,0,E31/E$28) -> 0.67729814 | F41: =IF(F31=0,0,F31/F$28) -> 0.67774581 | G41: =IF(G31=0,0,G31/G$28) -> 0.67864596 | H41: =IF(H31=0,0,H31/H$28) -> 0.67886715 | I41: =IF(I31=0,0,I31/I$28) -> 0.6769715 | ... AI41: =IF(AI31=0,0,AI31/AI$28) -> 0.8982776
A43: Number of departing flights | B43: =SUM(B44,B48) -> 97988 | C43: =SUM(C44,C48) -> 93478 | D43: =SUM(D44,D48) -> 88967 | E43: =SUM(E44,E48) -> 84383 | F43: =SUM(F44,F48) -> 79859 | G43: =SUM(G44,G48) -> 92081 | H43: =SUM(H44,H48) -> 106189 | I43: =SUM(I44,I48) -> 114827 | ... AI43: =SUM(AI44,AI48) -> 135230
A44: Passenger transport | B44: =SUM(B45:B47) -> 88944 | C44: =SUM(C45:C47) -> 84854 | D44: =SUM(D45:D47) -> 80755 | E44: =SUM(E45:E47) -> 76739 | F44: =SUM(F45:F47) -> 72642 | G44: =SUM(G45:G47) -> 83748 | H44: =SUM(H45:H47) -> 96580 | I44: =SUM(I45:I47) -> 104453 | ... AI44: =SUM(AI45:AI47) -> 115099
A45: Domestic | B45: 0 | C45: 0 | D45: 0 | E45: 0 | F45: 0 | G45: 0 | H45: 0 | I45: 0 | J45: 0 | K45: 0 | L45: 0 | M45: 0 | N45: 0 | O45: 0 | P45: 0 | Q45: 0 | R45: 0 | S45: 0 | T45: 0 | U45: 0 | V45: 0 | W45: 0 | X45: 0 | Y45: 0 | Z45: 0 | AA45: 0 | AB45: 0 | AC45: 0 | AD45: 0 | AE45: 0 | AF45: 0 | AG45: 0 | AH45: 0 | AI45: 0
A46: International - Intra-EU27 | B46: 57763 | C46: 55107 | D46: 52445 | E46: 49837 | F46: 47176 | G46: 54389 | H46: 62722 | I46: 67835 | J46: 77198 | K46: 86830 | L46: 93978 | M46: 91670 | N46: 65183 | O46: 72396 | P46: 76468 | Q46: 74087 | R46: 80645 | S46: 85177 | T46: 87951 | U46: 83277 | V46: 84105 | W46: 88379 | X46: 84980 | Y46: 83832 | Z46: 88934 | AA46: 95066 | AB46: 96507 | AC46: 97358 | AD46: 96441 | AE46: 95682 | AF46: 35514 | AG46: 43189 | AH46: 74507 | AI46: 80916
A47: International - Extra-EU27 | B47: 31181 | C47: 29747 | D47: 28310 | E47: 26902 | F47: 25466 | G47: 29359 | H47: 33858 | I47: 36618 | J47: 41673 | K47: 46873 | L47: 46757 | M47: 44899 | N47: 35107 | O47: 31625 | P47: 33761 | Q47: 34402 | R47: 37884 | S47: 41781 | T47: 42067 | U47: 40965 | V47: 40673 | W47: 43725 | X47: 44293 | Y47: 41946 | Z47: 41818 | AA47: 41974 | AB47: 37984 | AC47: 39914 | AD47: 43079 | AE47: 42826 | AF47: 13750 | AG47: 16552 | AH47: 30634 | AI47: 34183
A48: Freight transport | B48: =SUM(B49:B51) -> 9044 | C48: =SUM(C49:C51) -> 8624 | D48: =SUM(D49:D51) -> 8212 | E48: =SUM(E49:E51) -> 7644 | F48: =SUM(F49:F51) -> 7217 | G48: =SUM(G49:G51) -> 8333 | H48: =SUM(H49:H51) -> 9609 | I48: =SUM(I49:I51) -> 10374 | ... AI48: =SUM(AI49:AI51) -> 20131
A49: Domestic | B49: 0 | C49: 0 | D49: 0 | E49: 0 | F49: 0 | G49: 0 | H49: 0 | I49: 0 | J49: 0 | K49: 0 | L49: 0 | M49: 0 | N49: 0 | O49: 0 | P49: 0 | Q49: 0 | R49: 0 | S49: 0 | T49: 0 | U49: 0 | V49: 0 | W49: 0 | X49: 0 | Y49: 0 | Z49: 0 | AA49: 0 | AB49: 0 | AC49: 0 | AD49: 0 | AE49: 0 | AF49: 0 | AG49: 0 | AH49: 0 | AI49: 0
A50: International - Intra-EU27 | B50: 5287 | C50: 5040 | D50: 4800 | E50: 4470 | F50: 4218 | G50: 4866 | H50: 5610 | I50: 6069 | J50: 6935 | K50: 7611 | L50: 8774 | M50: 6885 | N50: 5674 | O50: 5707 | P50: 6534 | Q50: 7388 | R50: 15057 | S50: 16285 | T50: 11413 | U50: 8896 | V50: 9125 | W50: 8683 | X50: 8677 | Y50: 8912 | Z50: 8533 | AA50: 9142 | AB50: 8401 | AC50: 8815 | AD50: 9791 | AE50: 9215 | AF50: 10684 | AG50: 11694 | AH50: 8266 | AI50: 8051
A51: International - Extra-EU27 | B51: 3757 | C51: 3584 | D51: 3412 | E51: 3174 | F51: 2999 | G51: 3467 | H51: 3999 | I51: 4305 | J51: 5066 | K51: 5728 | L51: 5938 | M51: 5257 | N51: 4596 | O51: 5671 | P51: 6431 | Q51: 6967 | R51: 11269 | S51: 13705 | T51: 13461 | U51: 9237 | V51: 10608 | W51: 10645 | X51: 8704 | Y51: 7793 | Z51: 7325 | AA51: 9049 | AB51: 7687 | AC51: 8625 | AD51: 9890 | AE51: 8933 | AF51: 14155 | AG51: 18521 | AH51: 14595 | AI51: 12080
A53: Distance travelled per flight (km/flight) | B53: =IF(AND(B23=0,B43=0),0,IF(OR(B23=0,B43=0),1/0,1000000*B23/B43)) -> 1334.3842 | C53: =IF(AND(C23=0,C43=0),0,IF(OR(C23=0,C43=0),1/0,1000000*C23/C43)) -> 1334.4403 | D53: =IF(AND(D23=0,D43=0),0,IF(OR(D23=0,D43=0),1/0,1000000*D23/D43)) -> 1334.4185 | E53: =IF(AND(E23=0,E43=0),0,IF(OR(E23=0,E43=0),1/0,1000000*E23/E43)) -> 1333.5915 | F53: =IF(AND(F23=0,F43=0),0,IF(OR(F23=0,F43=0),1/0,1000000*F23/F43)) -> 1333.6314 | G53: =IF(AND(G23=0,G43=0),0,IF(OR(G23=0,G43=0),1/0,1000000*G23/G43)) -> 1333.9803 | H53: =IF(AND(H23=0,H43=0),0,IF(OR(H23=0,H43=0),1/0,1000000*H23/H43)) -> 1334.0684 | I53: =IF(AND(I23=0,I43=0),0,IF(OR(I23=0,I43=0),1/0,1000000*I23/I43)) -> 1333.4282 | ... AI53: =IF(AND(AI23=0,AI43=0),0,IF(OR(AI23=0,AI43=0),1/0,1000000*AI23/AI43)) -> 1978.9554
A54: Passenger transport | B54: =IF(AND(B24=0,B44=0),0,IF(OR(B24=0,B44=0),1/0,1000000*B24/B44)) -> 1297.8799 | C54: =IF(AND(C24=0,C44=0),0,IF(OR(C24=0,C44=0),1/0,1000000*C24/C44)) -> 1297.8868 | D54: =IF(AND(D24=0,D44=0),0,IF(OR(D24=0,D44=0),1/0,1000000*D24/D44)) -> 1297.894 | E54: =IF(AND(E24=0,E44=0),0,IF(OR(E24=0,E44=0),1/0,1000000*E24/E44)) -> 1297.8987 | F54: =IF(AND(F24=0,F44=0),0,IF(OR(F24=0,F44=0),1/0,1000000*F24/F44)) -> 1297.8941 | G54: =IF(AND(G24=0,G44=0),0,IF(OR(G24=0,G44=0),1/0,1000000*G24/G44)) -> 1297.899 | H54: =IF(AND(H24=0,H44=0),0,IF(OR(H24=0,H44=0),1/0,1000000*H24/H44)) -> 1297.916 | I54: =IF(AND(I24=0,I44=0),0,IF(OR(I24=0,I44=0),1/0,1000000*I24/I44)) -> 1297.9229 | ... AI54: =IF(AND(AI24=0,AI44=0),0,IF(OR(AI24=0,AI44=0),1/0,1000000*AI24/AI44)) -> 1737.0766
A55: Domestic | B55: =IF(AND(B25=0,B45=0),0,IF(OR(B25=0,B45=0),1/0,1000000*B25/B45)) -> 0 | C55: =IF(AND(C25=0,C45=0),0,IF(OR(C25=0,C45=0),1/0,1000000*C25/C45)) -> 0 | D55: =IF(AND(D25=0,D45=0),0,IF(OR(D25=0,D45=0),1/0,1000000*D25/D45)) -> 0 | E55: =IF(AND(E25=0,E45=0),0,IF(OR(E25=0,E45=0),1/0,1000000*E25/E45)) -> 0 | F55: =IF(AND(F25=0,F45=0),0,IF(OR(F25=0,F45=0),1/0,1000000*F25/F45)) -> 0 | G55: =IF(AND(G25=0,G45=0),0,IF(OR(G25=0,G45=0),1/0,1000000*G25/G45)) -> 0 | H55: =IF(AND(H25=0,H45=0),0,IF(OR(H25=0,H45=0),1/0,1000000*H25/H45)) -> 0 | I55: =IF(AND(I25=0,I45=0),0,IF(OR(I25=0,I45=0),1/0,1000000*I25/I45)) -> 0 | ... AI55: =IF(AND(AI25=0,AI45=0),0,IF(OR(AI25=0,AI45=0),1/0,1000000*AI25/AI45)) -> 0
A56: International - Intra-EU27 | B56: =IF(AND(B26=0,B46=0),0,IF(OR(B26=0,B46=0),1/0,1000000*B26/B46)) -> 1117.909 | C56: =IF(AND(C26=0,C46=0),0,IF(OR(C26=0,C46=0),1/0,1000000*C26/C46)) -> 1117.909 | D56: =IF(AND(D26=0,D46=0),0,IF(OR(D26=0,D46=0),1/0,1000000*D26/D46)) -> 1117.909 | E56: =IF(AND(E26=0,E46=0),0,IF(OR(E26=0,E46=0),1/0,1000000*E26/E46)) -> 1117.909 | F56: =IF(AND(F26=0,F46=0),0,IF(OR(F26=0,F46=0),1/0,1000000*F26/F46)) -> 1117.909 | G56: =IF(AND(G26=0,G46=0),0,IF(OR(G26=0,G46=0),1/0,1000000*G26/G46)) -> 1117.909 | H56: =IF(AND(H26=0,H46=0),0,IF(OR(H26=0,H46=0),1/0,1000000*H26/H46)) -> 1117.909 | I56: =IF(AND(I26=0,I46=0),0,IF(OR(I26=0,I46=0),1/0,1000000*I26/I46)) -> 1117.909 | ... AI56: =IF(AND(AI26=0,AI46=0),0,IF(OR(AI26=0,AI46=0),1/0,1000000*AI26/AI46)) -> 1291.5489
A57: International - Extra-EU27 | B57: =IF(AND(B27=0,B47=0),0,IF(OR(B27=0,B47=0),1/0,1000000*B27/B47)) -> 1631.2773 | C57: =IF(AND(C27=0,C47=0),0,IF(OR(C27=0,C47=0),1/0,1000000*C27/C47)) -> 1631.3 | D57: =IF(AND(D27=0,D47=0),0,IF(OR(D27=0,D47=0),1/0,1000000*D27/D47)) -> 1631.321 | E57: =IF(AND(E27=0,E47=0),0,IF(OR(E27=0,E47=0),1/0,1000000*E27/E47)) -> 1631.3366 | F57: =IF(AND(F27=0,F47=0),0,IF(OR(F27=0,F47=0),1/0,1000000*F27/F47)) -> 1631.3181 | G57: =IF(AND(G27=0,G47=0),0,IF(OR(G27=0,G47=0),1/0,1000000*G27/G47)) -> 1631.3393 | H57: =IF(AND(H27=0,H47=0),0,IF(OR(H27=0,H47=0),1/0,1000000*H27/H47)) -> 1631.3794 | I57: =IF(AND(I27=0,I47=0),0,IF(OR(I27=0,I47=0),1/0,1000000*I27/I47)) -> 1631.3993 | ... AI57: =IF(AND(AI27=0,AI47=0),0,IF(OR(AI27=0,AI47=0),1/0,1000000*AI27/AI47)) -> 2791.7039
A58: Freight transport | B58: =IF(AND(B28=0,B48=0),0,IF(OR(B28=0,B48=0),1/0,1000000*B28/B48)) -> 1693.3882 | C58: =IF(AND(C28=0,C48=0),0,IF(OR(C28=0,C48=0),1/0,1000000*C28/C48)) -> 1694.1003 | D58: =IF(AND(D28=0,D48=0),0,IF(OR(D28=0,D48=0),1/0,1000000*D28/D48)) -> 1693.5925 | E58: =IF(AND(E28=0,E48=0),0,IF(OR(E28=0,E48=0),1/0,1000000*E28/E48)) -> 1691.9159 | F58: =IF(AND(F28=0,F48=0),0,IF(OR(F28=0,F48=0),1/0,1000000*F28/F48)) -> 1693.342 | G58: =IF(AND(G28=0,G48=0),0,IF(OR(G28=0,G48=0),1/0,1000000*G28/G48)) -> 1696.6034 | H58: =IF(AND(H28=0,H48=0),0,IF(OR(H28=0,H48=0),1/0,1000000*H28/H48)) -> 1697.4357 | I58: =IF(AND(I28=0,I48=0),0,IF(OR(I28=0,I48=0),1/0,1000000*I28/I48)) -> 1690.9215 | ... AI58: =IF(AND(AI28=0,AI48=0),0,IF(OR(AI28=0,AI48=0),1/0,1000000*AI28/AI48)) -> 3361.8973
A59: Domestic | B59: =IF(AND(B29=0,B49=0),0,IF(OR(B29=0,B49=0),1/0,1000000*B29/B49)) -> 0 | C59: =IF(AND(C29=0,C49=0),0,IF(OR(C29=0,C49=0),1/0,1000000*C29/C49)) -> 0 | D59: =IF(AND(D29=0,D49=0),0,IF(OR(D29=0,D49=0),1/0,1000000*D29/D49)) -> 0 | E59: =IF(AND(E29=0,E49=0),0,IF(OR(E29=0,E49=0),1/0,1000000*E29/E49)) -> 0 | F59: =IF(AND(F29=0,F49=0),0,IF(OR(F29=0,F49=0),1/0,1000000*F29/F49)) -> 0 | G59: =IF(AND(G29=0,G49=0),0,IF(OR(G29=0,G49=0),1/0,1000000*G29/G49)) -> 0 | H59: =IF(AND(H29=0,H49=0),0,IF(OR(H29=0,H49=0),1/0,1000000*H29/H49)) -> 0 | I59: =IF(AND(I29=0,I49=0),0,IF(OR(I29=0,I49=0),1/0,1000000*I29/I49)) -> 0 | ... AI59: =IF(AND(AI29=0,AI49=0),0,IF(OR(AI29=0,AI49=0),1/0,1000000*AI29/AI49)) -> 0
A60: International - Intra-EU27 | B60: =IF(AND(B30=0,B50=0),0,IF(OR(B30=0,B50=0),1/0,1000000*B30/B50)) -> 933.66995 | C60: =IF(AND(C30=0,C50=0),0,IF(OR(C30=0,C50=0),1/0,1000000*C30/C50)) -> 933.66995 | D60: =IF(AND(D30=0,D50=0),0,IF(OR(D30=0,D50=0),1/0,1000000*D30/D50)) -> 933.66995 | E60: =IF(AND(E30=0,E50=0),0,IF(OR(E30=0,E50=0),1/0,1000000*E30/E50)) -> 933.66995 | F60: =IF(AND(F30=0,F50=0),0,IF(OR(F30=0,F50=0),1/0,1000000*F30/F50)) -> 933.66995 | G60: =IF(AND(G30=0,G50=0),0,IF(OR(G30=0,G50=0),1/0,1000000*G30/G50)) -> 933.66995 | H60: =IF(AND(H30=0,H50=0),0,IF(OR(H30=0,H50=0),1/0,1000000*H30/H50)) -> 933.66995 | I60: =IF(AND(I30=0,I50=0),0,IF(OR(I30=0,I50=0),1/0,1000000*I30/I50)) -> 933.66995 | ... AI60: =IF(AND(AI30=0,AI50=0),0,IF(OR(AI30=0,AI50=0),1/0,1000000*AI30/AI50)) -> 855.09928
A61: International - Extra-EU27 | B61: =IF(AND(B31=0,B51=0),0,IF(OR(B31=0,B51=0),1/0,1000000*B31/B51)) -> 2762.4939 | C61: =IF(AND(C31=0,C51=0),0,IF(OR(C31=0,C51=0),1/0,1000000*C31/C51)) -> 2763.4554 | D61: =IF(AND(D31=0,D51=0),0,IF(OR(D31=0,D51=0),1/0,1000000*D31/D51)) -> 2762.6512 | E61: =IF(AND(E31=0,E51=0),0,IF(OR(E31=0,E51=0),1/0,1000000*E31/E51)) -> 2759.7669 | F61: =IF(AND(F31=0,F51=0),0,IF(OR(F31=0,F51=0),1/0,1000000*F31/F51)) -> 2761.7971 | G61: =IF(AND(G31=0,G51=0),0,IF(OR(G31=0,G51=0),1/0,1000000*G31/G51)) -> 2767.395 | H61: =IF(AND(H31=0,H51=0),0,IF(OR(H31=0,H51=0),1/0,1000000*H31/H51)) -> 2768.8849 | I61: =IF(AND(I31=0,I51=0),0,IF(OR(I31=0,I51=0),1/0,1000000*I31/I51)) -> 2758.4614 | ... AI61: =IF(AND(AI31=0,AI51=0),0,IF(OR(AI31=0,AI51=0),1/0,1000000*AI31/AI51)) -> 5032.6117
A63: Passenger-km and tonne-km per flight
A64: Passenger transport (pkm/flight) | B64: =IF(AND(B4=0,B44=0),0,IF(OR(B4=0,B44=0),1/0,1000000*B4/B44)) -> 140254.74 | C64: =IF(AND(C4=0,C44=0),0,IF(OR(C4=0,C44=0),1/0,1000000*C4/C44)) -> 140517.7 | D64: =IF(AND(D4=0,D44=0),0,IF(OR(D4=0,D44=0),1/0,1000000*D4/D44)) -> 140821.73 | E64: =IF(AND(E4=0,E44=0),0,IF(OR(E4=0,E44=0),1/0,1000000*E4/E44)) -> 140870.8 | F64: =IF(AND(F4=0,F44=0),0,IF(OR(F4=0,F44=0),1/0,1000000*F4/F44)) -> 141079.06 | G64: =IF(AND(G4=0,G44=0),0,IF(OR(G4=0,G44=0),1/0,1000000*G4/G44)) -> 141766.59 | H64: =IF(AND(H4=0,H44=0),0,IF(OR(H4=0,H44=0),1/0,1000000*H4/H44)) -> 144024.54 | I64: =IF(AND(I4=0,I44=0),0,IF(OR(I4=0,I44=0),1/0,1000000*I4/I44)) -> 145373.59 | ... AI64: =IF(AND(AI4=0,AI44=0),0,IF(OR(AI4=0,AI44=0),1/0,1000000*AI4/AI44)) -> 284095.75
A65: Domestic | B65: =IF(AND(B5=0,B45=0),0,IF(OR(B5=0,B45=0),1/0,1000000*B5/B45)) -> 0 | C65: =IF(AND(C5=0,C45=0),0,IF(OR(C5=0,C45=0),1/0,1000000*C5/C45)) -> 0 | D65: =IF(AND(D5=0,D45=0),0,IF(OR(D5=0,D45=0),1/0,1000000*D5/D45)) -> 0 | E65: =IF(AND(E5=0,E45=0),0,IF(OR(E5=0,E45=0),1/0,1000000*E5/E45)) -> 0 | F65: =IF(AND(F5=0,F45=0),0,IF(OR(F5=0,F45=0),1/0,1000000*F5/F45)) -> 0 | G65: =IF(AND(G5=0,G45=0),0,IF(OR(G5=0,G45=0),1/0,1000000*G5/G45)) -> 0 | H65: =IF(AND(H5=0,H45=0),0,IF(OR(H5=0,H45=0),1/0,1000000*H5/H45)) -> 0 | I65: =IF(AND(I5=0,I45=0),0,IF(OR(I5=0,I45=0),1/0,1000000*I5/I45)) -> 0 | ... AI65: =IF(AND(AI5=0,AI45=0),0,IF(OR(AI5=0,AI45=0),1/0,1000000*AI5/AI45)) -> 0
A66: International - Intra-EU27 | B66: =IF(AND(B6=0,B46=0),0,IF(OR(B6=0,B46=0),1/0,1000000*B6/B46)) -> 99627.295 | C66: =IF(AND(C6=0,C46=0),0,IF(OR(C6=0,C46=0),1/0,1000000*C6/C46)) -> 100027.91 | D66: =IF(AND(D6=0,D46=0),0,IF(OR(D6=0,D46=0),1/0,1000000*D6/D46)) -> 100473.63 | E66: =IF(AND(E6=0,E46=0),0,IF(OR(E6=0,E46=0),1/0,1000000*E6/E46)) -> 100959.77 | F66: =IF(AND(F6=0,F46=0),0,IF(OR(F6=0,F46=0),1/0,1000000*F6/F46)) -> 101550.6 | G66: =IF(AND(G6=0,G46=0),0,IF(OR(G6=0,G46=0),1/0,1000000*G6/G46)) -> 102593.25 | H66: =IF(AND(H6=0,H46=0),0,IF(OR(H6=0,H46=0),1/0,1000000*H6/H46)) -> 105601.34 | I66: =IF(AND(I6=0,I46=0),0,IF(OR(I6=0,I46=0),1/0,1000000*I6/I46)) -> 107743.18 | ... AI66: =IF(AND(AI6=0,AI46=0),0,IF(OR(AI6=0,AI46=0),1/0,1000000*AI6/AI46)) -> 171121.05
A67: International - Extra-EU27 | B67: =IF(AND(B7=0,B47=0),0,IF(OR(B7=0,B47=0),1/0,1000000*B7/B47)) -> 215517.34 | C67: =IF(AND(C7=0,C47=0),0,IF(OR(C7=0,C47=0),1/0,1000000*C7/C47)) -> 215525.96 | D67: =IF(AND(D7=0,D47=0),0,IF(OR(D7=0,D47=0),1/0,1000000*D7/D47)) -> 215567.61 | E67: =IF(AND(E7=0,E47=0),0,IF(OR(E7=0,E47=0),1/0,1000000*E7/E47)) -> 214807.55 | F67: =IF(AND(F7=0,F47=0),0,IF(OR(F7=0,F47=0),1/0,1000000*F7/F47)) -> 214305.9 | G67: =IF(AND(G7=0,G47=0),0,IF(OR(G7=0,G47=0),1/0,1000000*G7/G47)) -> 214337.15 | H67: =IF(AND(H7=0,H47=0),0,IF(OR(H7=0,H47=0),1/0,1000000*H7/H47)) -> 215203.59 | I67: =IF(AND(I7=0,I47=0),0,IF(OR(I7=0,I47=0),1/0,1000000*I7/I47)) -> 215084.07 | ... AI67: =IF(AND(AI7=0,AI47=0),0,IF(OR(AI7=0,AI47=0),1/0,1000000*AI7/AI47)) -> 551522.87
A68: Freight transport (tkm/flight) | B68: =IF(AND(B8=0,B48=0),0,IF(OR(B8=0,B48=0),1/0,1000000*B8/B48)) -> 95315.917 | C68: =IF(AND(C8=0,C48=0),0,IF(OR(C8=0,C48=0),1/0,1000000*C8/C48)) -> 95388.301 | D68: =IF(AND(D8=0,D48=0),0,IF(OR(D8=0,D48=0),1/0,1000000*D8/D48)) -> 95329.735 | E68: =IF(AND(E8=0,E48=0),0,IF(OR(E8=0,E48=0),1/0,1000000*E8/E48)) -> 97300.043 | F68: =IF(AND(F8=0,F48=0),0,IF(OR(F8=0,F48=0),1/0,1000000*F8/F48)) -> 97568.871 | G68: =IF(AND(G8=0,G48=0),0,IF(OR(G8=0,G48=0),1/0,1000000*G8/G48)) -> 97711.237 | H68: =IF(AND(H8=0,H48=0),0,IF(OR(H8=0,H48=0),1/0,1000000*H8/H48)) -> 95807.294 | I68: =IF(AND(I8=0,I48=0),0,IF(OR(I8=0,I48=0),1/0,1000000*I8/I48)) -> 96694.766 | ... AI68: =IF(AND(AI8=0,AI48=0),0,IF(OR(AI8=0,AI48=0),1/0,1000000*AI8/AI48)) -> 232068.92
A69: Domestic | B69: =IF(AND(B9=0,B49=0),0,IF(OR(B9=0,B49=0),1/0,1000000*B9/B49)) -> 0 | C69: =IF(AND(C9=0,C49=0),0,IF(OR(C9=0,C49=0),1/0,1000000*C9/C49)) -> 0 | D69: =IF(AND(D9=0,D49=0),0,IF(OR(D9=0,D49=0),1/0,1000000*D9/D49)) -> 0 | E69: =IF(AND(E9=0,E49=0),0,IF(OR(E9=0,E49=0),1/0,1000000*E9/E49)) -> 0 | F69: =IF(AND(F9=0,F49=0),0,IF(OR(F9=0,F49=0),1/0,1000000*F9/F49)) -> 0 | G69: =IF(AND(G9=0,G49=0),0,IF(OR(G9=0,G49=0),1/0,1000000*G9/G49)) -> 0 | H69: =IF(AND(H9=0,H49=0),0,IF(OR(H9=0,H49=0),1/0,1000000*H9/H49)) -> 0 | I69: =IF(AND(I9=0,I49=0),0,IF(OR(I9=0,I49=0),1/0,1000000*I9/I49)) -> 0 | ... AI69: =IF(AND(AI9=0,AI49=0),0,IF(OR(AI9=0,AI49=0),1/0,1000000*AI9/AI49)) -> 0
A70: International - Intra-EU27 | B70: =IF(AND(B10=0,B50=0),0,IF(OR(B10=0,B50=0),1/0,1000000*B10/B50)) -> 28050.351 | C70: =IF(AND(C10=0,C50=0),0,IF(OR(C10=0,C50=0),1/0,1000000*C10/C50)) -> 28069.66 | D70: =IF(AND(D10=0,D50=0),0,IF(OR(D10=0,D50=0),1/0,1000000*D10/D50)) -> 28053.065 | E70: =IF(AND(E10=0,E50=0),0,IF(OR(E10=0,E50=0),1/0,1000000*E10/E50)) -> 28623.378 | F70: =IF(AND(F10=0,F50=0),0,IF(OR(F10=0,F50=0),1/0,1000000*F10/F50)) -> 28714.229 | G70: =IF(AND(G10=0,G50=0),0,IF(OR(G10=0,G50=0),1/0,1000000*G10/G50)) -> 28696.866 | H70: =IF(AND(H10=0,H50=0),0,IF(OR(H10=0,H50=0),1/0,1000000*H10/H50)) -> 27854.191 | I70: =IF(AND(I10=0,I50=0),0,IF(OR(I10=0,I50=0),1/0,1000000*I10/I50)) -> 28180.74 | ... AI70: =IF(AND(AI10=0,AI50=0),0,IF(OR(AI10=0,AI50=0),1/0,1000000*AI10/AI50)) -> 18444.851
A71: International - Extra-EU27 | B71: =IF(AND(B11=0,B51=0),0,IF(OR(B11=0,B51=0),1/0,1000000*B11/B51)) -> 189974.7 | C71: =IF(AND(C11=0,C51=0),0,IF(OR(C11=0,C51=0),1/0,1000000*C11/C51)) -> 190055.14 | D71: =IF(AND(D11=0,D51=0),0,IF(OR(D11=0,D51=0),1/0,1000000*D11/D51)) -> 189974.52 | E71: =IF(AND(E11=0,E51=0),0,IF(OR(E11=0,E51=0),1/0,1000000*E11/E51)) -> 194018.6 | F71: =IF(AND(F11=0,F51=0),0,IF(OR(F11=0,F51=0),1/0,1000000*F11/F51)) -> 194410.78 | G71: =IF(AND(G11=0,G51=0),0,IF(OR(G11=0,G51=0),1/0,1000000*G11/G51)) -> 194574.21 | H71: =IF(AND(H11=0,H51=0),0,IF(OR(H11=0,H51=0),1/0,1000000*H11/H51)) -> 191135.35 | I71: =IF(AND(I11=0,I51=0),0,IF(OR(I11=0,I51=0),1/0,1000000*I11/I51)) -> 193282.83 | ... AI71: =IF(AND(AI11=0,AI51=0),0,IF(OR(AI11=0,AI51=0),1/0,1000000*AI11/AI51)) -> 374443.71
A73: Volume carried in departing flights
A74: Passenger transport (passengers) | B74: =SUM(B75:B77) -> 6103694 | C74: =SUM(C75:C77) -> 5834311 | D74: =SUM(D75:D77) -> 5564696 | E74: =SUM(E75:E77) -> 5287861 | F74: =SUM(F75:F77) -> 5018361 | G74: =SUM(G75:G77) -> 5821418 | H74: =SUM(H75:H77) -> 6758490 | I74: =SUM(I75:I77) -> 7349215 | ... AI74: =SUM(AI75:AI77) -> 16180685
A75: Domestic | B75: 0 | C75: 0 | D75: 0 | E75: 0 | F75: 0 | G75: 0 | H75: 0 | I75: 0 | J75: 0 | K75: 0 | L75: 0 | M75: 0 | N75: 0 | O75: 0 | P75: 0 | Q75: 0 | R75: 0 | S75: 0 | T75: 0 | U75: 0 | V75: 0 | W75: 0 | X75: 0 | Y75: 0 | Z75: 0 | AA75: 0 | AB75: 0 | AC75: 0 | AD75: 0 | AE75: 0 | AF75: 0 | AG75: 0 | AH75: 0 | AI75: 0
A76: International - Intra-EU27 | B76: 3470561 | C76: 3324295 | D76: 3177809 | E76: 3034393 | F76: 2889184 | G76: 3365127 | H76: 3924055 | I76: 4291856 | J76: 4937898 | K76: 5612561 | L76: 6142919 | M76: 6071114 | N76: 4370983 | O76: 4982561 | P76: 5803582 | Q76: 5788336 | R76: 6386925 | S76: 6778801 | T76: 7011895 | U76: 6808017 | V76: 7239589 | W76: 8000661 | X76: 8171590 | Y76: 8379602 | Z76: 9379242 | AA76: 10319661 | AB76: 10489653 | AC76: 11442179 | AD76: 11529316 | AE76: 11740619 | AF76: 3219567 | AG76: 4789701 | AH76: 9443081 | AI76: 10866231
A77: International - Extra-EU27 | B77: 2633133 | C77: 2510016 | D77: 2386887 | E77: 2253468 | F77: 2129177 | G77: 2456291 | H77: 2834435 | I77: 3057359 | J77: 3470625 | K77: 3901395 | L77: 3989451 | M77: 3822955 | N77: 2550751 | O77: 2665600 | P77: 3053063 | Q77: 3198585 | R77: 3284164 | S77: 3707539 | T77: 4145910 | U77: 4027038 | V77: 4265113 | W77: 4655321 | X77: 4883669 | Y77: 4907342 | Z77: 5165343 | AA77: 5366481 | AB77: 4590482 | AC77: 5180194 | AD77: 5741873 | AE77: 6002047 | AF77: 1489063 | AG77: 1973023 | AH77: 4521277 | AI77: 5314454
A78: Freight transport (tonnes) | B78: =SUM(B79:B81) -> 221830.96 | C78: =SUM(C79:C81) -> 211664.2 | D78: =SUM(D79:D81) -> 201444.66 | E78: =SUM(E79:E81) -> 191405 | F78: =SUM(F79:F81) -> 181207.75 | G78: =SUM(G79:G81) -> 208900.26 | H78: =SUM(H79:H81) -> 240910.28 | I78: =SUM(I79:I81) -> 260547.31 | ... AI78: =SUM(AI79:AI81) -> 762941.32
A79: Domestic | B79: 0 | C79: 0 | D79: 0 | E79: 0 | F79: 0 | G79: 0 | H79: 0 | I79: 0 | J79: 0 | K79: 0 | L79: 0 | M79: 0 | N79: 0 | O79: 0 | P79: 0 | Q79: 0 | R79: 0 | S79: 0 | T79: 0 | U79: 0 | V79: 0 | W79: 0 | X79: 0 | Y79: 0 | Z79: 0 | AA79: 0 | AB79: 0 | AC79: 0 | AD79: 0 | AE79: 0 | AF79: 0 | AG79: 0 | AH79: 0 | AI79: 0
A80: International - Intra-EU27 | B80: 87195.426 | C80: 83179.019 | D80: 79171.278 | E80: 75227.133 | F80: 71211.452 | G80: 82101.798 | H80: 94687.515 | I80: 102403.44 | J80: 116536.48 | K80: 131060.06 | L80: 141856.35 | M80: 112552.76 | N80: 92855.827 | O80: 98284.223 | P80: 104974.9 | Q80: 112315.89 | R80: 211066.73 | S80: 224518.75 | T80: 156427.14 | U80: 121865.36 | V80: 132356.07 | W80: 135402.62 | X80: 144630.6 | Y80: 149338.44 | Z80: 157428.84 | AA80: 168922.28 | AB80: 175143.37 | AC80: 170812.88 | AD80: 188236.49 | AE80: 181559.45 | AF80: 188471.17 | AG80: 207783.62 | AH80: 147882.66 | AI80: 144676.77
A81: International - Extra-EU27 | B81: 134635.53 | C81: 128485.18 | D81: 122273.38 | E81: 116177.87 | F81: 109996.3 | G81: 126798.46 | H81: 146222.77 | I81: 158143.87 | J81: 179961.27 | K81: 202438.45 | L81: 216325.82 | M81: 205064.5 | N81: 177593.8 | O81: 215177.55 | P81: 237949.56 | Q81: 240449.23 | R81: 367737.36 | S81: 468588 | T81: 471165.28 | U81: 355870.27 | V81: 456226.75 | W81: 488329.84 | X81: 427853.34 | Y81: 377006.18 | Z81: 389655.66 | AA81: 480589.84 | AB81: 452472.43 | AC81: 504416.59 | AD81: 574951.42 | AE81: 533534.71 | AF81: 615610.24 | AG81: 857663.78 | AH81: 750501.1 | AI81: 618264.55
A83: Load factor of flights
A84: Passenger transport (p/flight) | B84: =IF(AND(B44=0,B74=0),0,IF(OR(B44=0,B74=0),1/0,B74/B44)) -> 68.624011 | C84: =IF(AND(C44=0,C74=0),0,IF(OR(C44=0,C74=0),1/0,C74/C44)) -> 68.757053 | D84: =IF(AND(D44=0,D74=0),0,IF(OR(D44=0,D74=0),1/0,D74/D44)) -> 68.908377 | E84: =IF(AND(E44=0,E74=0),0,IF(OR(E44=0,E74=0),1/0,E74/E44)) -> 68.907088 | F84: =IF(AND(F44=0,F74=0),0,IF(OR(F44=0,F74=0),1/0,F74/F44)) -> 69.083464 | G84: =IF(AND(G44=0,G74=0),0,IF(OR(G44=0,G74=0),1/0,G74/G44)) -> 69.511129 | H84: =IF(AND(H44=0,H74=0),0,IF(OR(H44=0,H74=0),1/0,H74/H44)) -> 69.978153 | I84: =IF(AND(I44=0,I74=0),0,IF(OR(I44=0,I74=0),1/0,I74/I44)) -> 70.359061 | ... AI84: =IF(AND(AI44=0,AI74=0),0,IF(OR(AI44=0,AI74=0),1/0,AI74/AI44)) -> 140.58059
A85: Domestic | B85: =IF(AND(B45=0,B75=0),0,IF(OR(B45=0,B75=0),1/0,B75/B45)) -> 0 | C85: =IF(AND(C45=0,C75=0),0,IF(OR(C45=0,C75=0),1/0,C75/C45)) -> 0 | D85: =IF(AND(D45=0,D75=0),0,IF(OR(D45=0,D75=0),1/0,D75/D45)) -> 0 | E85: =IF(AND(E45=0,E75=0),0,IF(OR(E45=0,E75=0),1/0,E75/E45)) -> 0 | F85: =IF(AND(F45=0,F75=0),0,IF(OR(F45=0,F75=0),1/0,F75/F45)) -> 0 | G85: =IF(AND(G45=0,G75=0),0,IF(OR(G45=0,G75=0),1/0,G75/G45)) -> 0 | H85: =IF(AND(H45=0,H75=0),0,IF(OR(H45=0,H75=0),1/0,H75/H45)) -> 0 | I85: =IF(AND(I45=0,I75=0),0,IF(OR(I45=0,I75=0),1/0,I75/I45)) -> 0 | ... AI85: =IF(AND(AI45=0,AI75=0),0,IF(OR(AI45=0,AI75=0),1/0,AI75/AI45)) -> 0
A86: International - Intra-EU27 | B86: =IF(AND(B46=0,B76=0),0,IF(OR(B46=0,B76=0),1/0,B76/B46)) -> 60.082769 | C86: =IF(AND(C46=0,C76=0),0,IF(OR(C46=0,C76=0),1/0,C76/C46)) -> 60.324369 | D86: =IF(AND(D46=0,D76=0),0,IF(OR(D46=0,D76=0),1/0,D76/D46)) -> 60.593174 | E86: =IF(AND(E46=0,E76=0),0,IF(OR(E46=0,E76=0),1/0,E76/E46)) -> 60.886349 | F86: =IF(AND(F46=0,F76=0),0,IF(OR(F46=0,F76=0),1/0,F76/F46)) -> 61.242666 | G86: =IF(AND(G46=0,G76=0),0,IF(OR(G46=0,G76=0),1/0,G76/G46)) -> 61.871463 | H86: =IF(AND(H46=0,H76=0),0,IF(OR(H46=0,H76=0),1/0,H76/H46)) -> 62.562657 | I86: =IF(AND(I46=0,I76=0),0,IF(OR(I46=0,I76=0),1/0,I76/I46)) -> 63.26905 | ... AI86: =IF(AND(AI46=0,AI76=0),0,IF(OR(AI46=0,AI76=0),1/0,AI76/AI46)) -> 134.29026
A87: International - Extra-EU27 | B87: =IF(AND(B47=0,B77=0),0,IF(OR(B47=0,B77=0),1/0,B77/B47)) -> 84.446714 | C87: =IF(AND(C47=0,C77=0),0,IF(OR(C47=0,C77=0),1/0,C77/C47)) -> 84.378795 | D87: =IF(AND(D47=0,D77=0),0,IF(OR(D47=0,D77=0),1/0,D77/D47)) -> 84.312504 | E87: =IF(AND(E47=0,E77=0),0,IF(OR(E47=0,E77=0),1/0,E77/E47)) -> 83.765817 | F87: =IF(AND(F47=0,F77=0),0,IF(OR(F47=0,F77=0),1/0,F77/F47)) -> 83.608615 | G87: =IF(AND(G47=0,G77=0),0,IF(OR(G47=0,G77=0),1/0,G77/G47)) -> 83.663987 | H87: =IF(AND(H47=0,H77=0),0,IF(OR(H47=0,H77=0),1/0,H77/H47)) -> 83.71537 | I87: =IF(AND(I47=0,I77=0),0,IF(OR(I47=0,I77=0),1/0,I77/I47)) -> 83.493337 | ... AI87: =IF(AND(AI47=0,AI77=0),0,IF(OR(AI47=0,AI77=0),1/0,AI77/AI47)) -> 155.47067
A88: Freight transport (t/flight) | B88: =IF(AND(B48=0,B78=0),0,IF(OR(B48=0,B78=0),1/0,B78/B48)) -> 24.527969 | C88: =IF(AND(C48=0,C78=0),0,IF(OR(C48=0,C78=0),1/0,C78/C48)) -> 24.543622 | D88: =IF(AND(D48=0,D78=0),0,IF(OR(D48=0,D78=0),1/0,D78/D48)) -> 24.530523 | E88: =IF(AND(E48=0,E78=0),0,IF(OR(E48=0,E78=0),1/0,E78/E48)) -> 25.0399 | F88: =IF(AND(F48=0,F78=0),0,IF(OR(F48=0,F78=0),1/0,F78/F48)) -> 25.10846 | G88: =IF(AND(G48=0,G78=0),0,IF(OR(G48=0,G78=0),1/0,G78/G48)) -> 25.069034 | H88: =IF(AND(H48=0,H78=0),0,IF(OR(H48=0,H78=0),1/0,H78/H48)) -> 25.071317 | I88: =IF(AND(I48=0,I78=0),0,IF(OR(I48=0,I78=0),1/0,I78/I48)) -> 25.115415 | ... AI88: =IF(AND(AI48=0,AI78=0),0,IF(OR(AI48=0,AI78=0),1/0,AI78/AI48)) -> 37.898829
A89: Domestic | B89: =IF(AND(B49=0,B79=0),0,IF(OR(B49=0,B79=0),1/0,B79/B49)) -> 0 | C89: =IF(AND(C49=0,C79=0),0,IF(OR(C49=0,C79=0),1/0,C79/C49)) -> 0 | D89: =IF(AND(D49=0,D79=0),0,IF(OR(D49=0,D79=0),1/0,D79/D49)) -> 0 | E89: =IF(AND(E49=0,E79=0),0,IF(OR(E49=0,E79=0),1/0,E79/E49)) -> 0 | F89: =IF(AND(F49=0,F79=0),0,IF(OR(F49=0,F79=0),1/0,F79/F49)) -> 0 | G89: =IF(AND(G49=0,G79=0),0,IF(OR(G49=0,G79=0),1/0,G79/G49)) -> 0 | H89: =IF(AND(H49=0,H79=0),0,IF(OR(H49=0,H79=0),1/0,H79/H49)) -> 0 | I89: =IF(AND(I49=0,I79=0),0,IF(OR(I49=0,I79=0),1/0,I79/I49)) -> 0 | ... AI89: =IF(AND(AI49=0,AI79=0),0,IF(OR(AI49=0,AI79=0),1/0,AI79/AI49)) -> 0
A90: International - Intra-EU27 | B90: =IF(AND(B50=0,B80=0),0,IF(OR(B50=0,B80=0),1/0,B80/B50)) -> 16.49242 | C90: =IF(AND(C50=0,C80=0),0,IF(OR(C50=0,C80=0),1/0,C80/C50)) -> 16.503774 | D90: =IF(AND(D50=0,D80=0),0,IF(OR(D50=0,D80=0),1/0,D80/D50)) -> 16.494016 | E90: =IF(AND(E50=0,E80=0),0,IF(OR(E50=0,E80=0),1/0,E80/E50)) -> 16.829336 | F90: =IF(AND(F50=0,F80=0),0,IF(OR(F50=0,F80=0),1/0,F80/F50)) -> 16.882753 | G90: =IF(AND(G50=0,G80=0),0,IF(OR(G50=0,G80=0),1/0,G80/G50)) -> 16.872544 | H90: =IF(AND(H50=0,H80=0),0,IF(OR(H50=0,H80=0),1/0,H80/H50)) -> 16.878345 | I90: =IF(AND(I50=0,I80=0),0,IF(OR(I50=0,I80=0),1/0,I80/I50)) -> 16.873198 | ... AI90: =IF(AND(AI50=0,AI80=0),0,IF(OR(AI50=0,AI80=0),1/0,AI80/AI50)) -> 17.970037
A91: International - Extra-EU27 | B91: =IF(AND(B51=0,B81=0),0,IF(OR(B51=0,B81=0),1/0,B81/B51)) -> 35.835914 | C91: =IF(AND(C51=0,C81=0),0,IF(OR(C51=0,C81=0),1/0,C81/C51)) -> 35.84966 | D91: =IF(AND(D51=0,D81=0),0,IF(OR(D51=0,D81=0),1/0,D81/D51)) -> 35.836277 | E91: =IF(AND(E51=0,E81=0),0,IF(OR(E51=0,E81=0),1/0,E81/E51)) -> 36.602982 | F91: =IF(AND(F51=0,F81=0),0,IF(OR(F51=0,F81=0),1/0,F81/F51)) -> 36.67766 | G91: =IF(AND(G51=0,G81=0),0,IF(OR(G51=0,G81=0),1/0,G81/G51)) -> 36.572964 | H91: =IF(AND(H51=0,H81=0),0,IF(OR(H51=0,H81=0),1/0,H81/H51)) -> 36.564833 | I91: =IF(AND(I51=0,I81=0),0,IF(OR(I51=0,I81=0),1/0,I81/I51)) -> 36.73493 | ... AI91: =IF(AND(AI51=0,AI81=0),0,IF(OR(AI51=0,AI81=0),1/0,AI81/AI51)) -> 51.18084
A93: Stock of aircrafts | B93: =SUM(B94,B98) -> 89.210241 | C93: =SUM(C94,C98) -> 85.105888 | D93: =SUM(D94,D98) -> 80.998911 | E93: =SUM(E94,E98) -> 76.760771 | F93: =SUM(F94,F98) -> 72.64327 | G93: =SUM(G94,G98) -> 83.778529 | H93: =SUM(H94,H98) -> 96.61876 | I93: =SUM(I94,I98) -> 104.44006 | ... AI93: =SUM(AI94,AI98) -> 185.82246
A94: Passenger transport | B94: =SUM(B95:B97) -> 77.640906 | C94: =SUM(C95:C97) -> 74.070988 | D94: =SUM(D95:D97) -> 70.493197 | E94: =SUM(E95:E97) -> 66.987706 | F94: =SUM(F95:F97) -> 63.411218 | G94: =SUM(G95:G97) -> 73.106156 | H94: =SUM(H95:H97) -> 84.308438 | I94: =SUM(I95:I97) -> 91.181422 | ... AI94: =SUM(AI95:AI97) -> 127.4297
A95: Domestic | B95: 0 | C95: 0 | D95: 0 | E95: 0 | F95: 0 | G95: 0 | H95: 0 | I95: 0 | J95: 0 | K95: 0 | L95: 0 | M95: 0 | N95: 0 | O95: 0 | P95: 0 | Q95: 0 | R95: 0 | S95: 0 | T95: 0 | U95: 0 | V95: 0 | W95: 0 | X95: 0 | Y95: 0 | Z95: 0 | AA95: 0 | AB95: 0 | AC95: 0 | AD95: 0 | AE95: 0 | AF95: 0 | AG95: 0 | AH95: 0 | AI95: 0
A96: International - Intra-EU27 | B96: 43.171151 | C96: 41.186099 | D96: 39.196562 | E96: 37.247384 | F96: 35.258595 | G96: 40.649477 | H96: 46.877429 | I96: 50.698804 | J96: 57.696562 | K96: 64.895366 | L96: 70.237668 | M96: 68.512706 | N96: 61.488939 | O96: 54.465172 | P96: 57.150972 | Q96: 55.288806 | R96: 60.227782 | S96: 63.65994 | T96: 65.831587 | U96: 62.614286 | V96: 64.153318 | W96: 67.208365 | X96: 64.330053 | Y96: 63.605463 | Z96: 68.096478 | AA96: 72.903374 | AB96: 74.407864 | AC96: 75.471318 | AD96: 75.109813 | AE96: 74.985893 | AF96: 71.47401 | AG96: 67.962127 | AH96: 64.450243 | AI96: 64.888532
A97: International - Extra-EU27 | B97: 34.469755 | C97: 32.88489 | D97: 31.296635 | E97: 29.740322 | F97: 28.152623 | G97: 32.456679 | H97: 37.431009 | I97: 40.482618 | J97: 46.071292 | K97: 51.821135 | L97: 54.354622 | M97: 51.375445 | N97: 46.035051 | O97: 41.135677 | P97: 41.018519 | Q97: 41.843032 | R97: 45.338986 | S97: 51.427493 | T97: 56.990249 | U97: 57.168949 | V97: 59.784146 | W97: 64.589752 | X97: 64.850593 | Y97: 61.923734 | Z97: 62.46899 | AA97: 63.591725 | AB97: 59.581061 | AC97: 62.375078 | AD97: 70.673412 | AE97: 72.219603 | AF97: 69.501872 | AG97: 66.784141 | AH97: 64.06641 | AI97: 62.541168
A98: Freight transport | B98: =SUM(B99:B101) -> 11.569335 | C98: =SUM(C99:C101) -> 11.0349 | D98: =SUM(D99:D101) -> 10.505714 | E98: =SUM(E99:E101) -> 9.7730652 | F98: =SUM(F99:F101) -> 9.2320525 | G98: =SUM(G99:G101) -> 10.672373 | H98: =SUM(H99:H101) -> 12.310322 | I98: =SUM(I99:I101) -> 13.25864 | ... AI98: =SUM(AI99:AI101) -> 58.392759
A99: Domestic | B99: 0 | C99: 0 | D99: 0 | E99: 0 | F99: 0 | G99: 0 | H99: 0 | I99: 0 | J99: 0 | K99: 0 | L99: 0 | M99: 0 | N99: 0 | O99: 0 | P99: 0 | Q99: 0 | R99: 0 | S99: 0 | T99: 0 | U99: 0 | V99: 0 | W99: 0 | X99: 0 | Y99: 0 | Z99: 0 | AA99: 0 | AB99: 0 | AC99: 0 | AD99: 0 | AE99: 0 | AF99: 0 | AG99: 0 | AH99: 0 | AI99: 0
A100: International - Intra-EU27 | B100: 4.8239051 | C100: 4.5985401 | D100: 4.379562 | E100: 4.0784672 | F100: 3.8485401 | G100: 4.439781 | H100: 5.1186131 | I100: 5.5374088 | J100: 6.3275547 | K100: 6.9443431 | L100: 8.0054745 | M100: 7.204927 | N100: 6.4043796 | O100: 5.6038321 | P100: 5.9616788 | Q100: 6.7347311 | R100: 13.763254 | S100: 14.940367 | T100: 14.13982 | U100: 13.339272 | V100: 12.538725 | W100: 11.738177 | X100: 10.93763 | Y100: 10.137082 | Z100: 9.3365349 | AA100: 8.5359874 | AB100: 7.73544 | AC100: 8.0945822 | AD100: 8.9908173 | AE100: 8.4930876 | AF100: 9.8198529 | AG100: 10.698994 | AH100: 10.29872 | AI100: 9.8984462
A101: International - Extra-EU27 | B101: 6.7454298 | C101: 6.4363599 | D101: 6.1261522 | E101: 5.6945981 | F101: 5.3835123 | G101: 6.2325918 | H101: 7.1917087 | I101: 7.721231 | J101: 9.2230291 | K101: 10.577866 | L101: 11.111397 | M101: 10.465179 | N101: 9.3573331 | O101: 11.693927 | P101: 13.166232 | Q101: 13.905983 | R101: 21.956973 | S101: 28.576763 | T101: 30.152481 | U101: 29.041341 | V101: 27.930202 | W101: 27.256953 | X101: 26.145814 | Y101: 25.034674 | Z101: 23.923534 | AA101: 22.993516 | AB101: 21.894567 | AC101: 22.064937 | AD101: 25.252776 | AE101: 24.183926 | AF101: 39.085485 | AG101: 49.443452 | AH101: 48.887882 | AI101: 48.494313
A103: New aircrafts | B103: =SUM(B104,B108) -> 0 | C103: =SUM(C104,C108) -> 0.4906234 | D103: =SUM(D104,D108) -> 0.48821429 | E103: =SUM(E104,E108) -> 0.49078051 | F103: =SUM(F104,F108) -> 0.48015923 | G103: =SUM(G104,G108) -> 15.720534 | H103: =SUM(H104,H108) -> 17.425506 | I103: =SUM(I104,I108) -> 12.406577 | ... AI103: =SUM(AI104,AI108) -> 3.8140378
A104: Passenger transport | B104: =SUM(B105:B107) -> 0 | C104: =SUM(C105:C107) -> 0.43222785 | D104: =SUM(D105:D107) -> 0.42546564 | E104: =SUM(E105:E107) -> 0.49078051 | F104: =SUM(F105:F107) -> 0.42621302 | G104: =SUM(G105:G107) -> 13.69121 | H104: =SUM(H105:H107) -> 15.198554 | I104: =SUM(I105:I107) -> 10.869256 | ... AI104: =SUM(AI105:AI107) -> 3.653772
