Workbook

Sheet cover
B6: JRC-IDEES-2023 - Integrated Database of the European Energy System
C10: Malta
C15: Energy balances
L28: Prepared by JRC C.6
L30: 45967.478
L31: v2023-1.00
B33: Legal Notice
B35: The information made available is property of the Joint Research Centre of the European Commission.
B36: Neither the European Commission nor any person acting on behalf of the Commission is responsible for the use which might be made of this information.
B38: Use conditions
B39: This work is licensed under
B40: CC BY 4.0

Sheet index
A1: Malta | B1: MT | C1: 2000 | D1: 2001 | E1: 2002 | F1: 2003 | G1: 2004 | H1: 2005 | I1: 2006 | J1: 2007 | K1: 2008 | L1: 2009 | M1: 2010 | N1: 2011 | O1: 2012 | P1: 2013 | Q1: 2014 | R1: 2015 | S1: 2016 | T1: 2017 | U1: 2018 | V1: 2019 | W1: 2020 | X1: 2021 | Y1: 2022 | Z1: 2023
B2: Click on the link to jump to the sheet
A3: Total | B3: ktoe
A4: Primary production | B4: =HYPERLINK("#"&CELL("address",PPRD!$Z$2),"PPRD") -> PPRD | C4: =PPRD!C$2 -> 0 | D4: =PPRD!D$2 -> 0 | E4: =PPRD!E$2 -> 0.238865 | F4: =PPRD!F$2 -> 0.31049011 | G4: =PPRD!G$2 -> 0.40601892 | H4: =PPRD!H$2 -> 0.52545142 | I4: =PPRD!I$2 -> 0.64488392 | J4: =PPRD!J$2 -> 0.78822012 | ... Z4: =PPRD!Z$2 -> 54.134738
A5: Recovered & recycled products | B5: =HYPERLINK("#"&CELL("address",RCV_RCY!$Z$2),"RCV_RCY") -> RCV_RCY | C5: =RCV_RCY!C$2 -> 0 | D5: =RCV_RCY!D$2 -> 0 | E5: =RCV_RCY!E$2 -> 0 | F5: =RCV_RCY!F$2 -> 0 | G5: =RCV_RCY!G$2 -> 0 | H5: =RCV_RCY!H$2 -> 0 | I5: =RCV_RCY!I$2 -> 0 | J5: =RCV_RCY!J$2 -> 0 | ... Z5: =RCV_RCY!Z$2 -> 0
A6: Imports | B6: =HYPERLINK("#"&CELL("address",IMP!$Z$2),"IMP") -> IMP | C6: =IMP!C$2 -> 1470.6721 | D6: =IMP!D$2 -> 1611.4335 | E6: =IMP!E$2 -> 1572.3345 | F6: =IMP!F$2 -> 1827.9212 | G6: =IMP!G$2 -> 1919.4612 | H6: =IMP!H$2 -> 1593.6132 | I6: =IMP!I$2 -> 1688.9653 | J6: =IMP!J$2 -> 1800.0575 | ... Z6: =IMP!Z$2 -> 3208.9316
A7: Exports | B7: =HYPERLINK("#"&CELL("address",EXP!$Z$2),"EXP") -> EXP | C7: =EXP!C$2 -> 0 | D7: =EXP!D$2 -> 0 | E7: =EXP!E$2 -> 0 | F7: =EXP!F$2 -> 0 | G7: =EXP!G$2 -> 0 | H7: =EXP!H$2 -> 0 | I7: =EXP!I$2 -> 0 | J7: =EXP!J$2 -> 0 | ... Z7: =EXP!Z$2 -> 92.068702
A8: Change in stock | B8: =HYPERLINK("#"&CELL("address",STK_CHG!$Z$2),"STK_CHG") -> STK_CHG | C8: =STK_CHG!C$2 -> -3.6160791 | D8: =STK_CHG!D$2 -> 2.8804815 | E8: =STK_CHG!E$2 -> 2.8804815 | F8: =STK_CHG!F$2 -> 2.8804815 | G8: =STK_CHG!G$2 -> 2.8804815 | H8: =STK_CHG!H$2 -> 0 | I8: =STK_CHG!I$2 -> 0 | J8: =STK_CHG!J$2 -> 0 | ... Z8: =STK_CHG!Z$2 -> 24.006277
A9: Gross available energy | B9: =HYPERLINK("#"&CELL("address",GAE!$Z$2),"GAE") -> GAE | C9: =GAE!C$2 -> 1467.0561 | D9: =GAE!D$2 -> 1614.314 | E9: =GAE!E$2 -> 1575.4538 | F9: =GAE!F$2 -> 1831.1121 | G9: =GAE!G$2 -> 1922.7477 | H9: =GAE!H$2 -> 1594.1387 | I9: =GAE!I$2 -> 1689.6101 | J9: =GAE!J$2 -> 1800.8457 | ... Z9: =GAE!Z$2 -> 3195.0039
A10: International maritime bunkers | B10: =HYPERLINK("#"&CELL("address",INTMARB!$Z$2),"INTMARB") -> INTMARB | C10: =INTMARB!C$2 -> 658.3166 | D10: =INTMARB!D$2 -> 724.99286 | E10: =INTMARB!E$2 -> 743.07352 | F10: =INTMARB!F$2 -> 915.98358 | G10: =INTMARB!G$2 -> 980.94007 | H10: =INTMARB!H$2 -> 658.49819 | I10: =INTMARB!I$2 -> 752.57954 | J10: =INTMARB!J$2 -> 842.17059 | ... Z10: =INTMARB!Z$2 -> 2251.8276
A11: International Intra-EEA maritime bunkers | B11: =HYPERLINK("#"&CELL("address",INTMARB_IN!$Z$2),"INTMARB_IN") -> INTMARB_IN | C11: =INTMARB_IN!C$2 -> 382.08913 | D11: =INTMARB_IN!D$2 -> 421.00678 | E11: =INTMARB_IN!E$2 -> 429.80488 | F11: =INTMARB_IN!F$2 -> 529.92831 | G11: =INTMARB_IN!G$2 -> 486.70675 | H11: =INTMARB_IN!H$2 -> 383.29419 | I11: =INTMARB_IN!I$2 -> 395.10975 | J11: =INTMARB_IN!J$2 -> 402.89749 | ... Z11: =INTMARB_IN!Z$2 -> 1402.136
A12: International Extra-EEA maritime bunkers | B12: =HYPERLINK("#"&CELL("address",INTMARB_EX!$Z$2),"INTMARB_EX") -> INTMARB_EX | C12: =INTMARB_EX!C$2 -> 276.22746 | D12: =INTMARB_EX!D$2 -> 303.98608 | E12: =INTMARB_EX!E$2 -> 313.26864 | F12: =INTMARB_EX!F$2 -> 386.05527 | G12: =INTMARB_EX!G$2 -> 494.23332 | H12: =INTMARB_EX!H$2 -> 275.20401 | I12: =INTMARB_EX!I$2 -> 357.46979 | J12: =INTMARB_EX!J$2 -> 439.2731 | ... Z12: =INTMARB_EX!Z$2 -> 849.6916
A13: Gross inland consumption | B13: =HYPERLINK("#"&CELL("address",GIC!$Z$2),"GIC") -> GIC | C13: =GIC!C$2 -> 808.73947 | D13: =GIC!D$2 -> 889.32115 | E13: =GIC!E$2 -> 832.38031 | F13: =GIC!F$2 -> 915.12855 | G13: =GIC!G$2 -> 941.80765 | H13: =GIC!H$2 -> 935.6405 | I13: =GIC!I$2 -> 937.03061 | J13: =GIC!J$2 -> 958.67515 | ... Z13: =GIC!Z$2 -> 943.17627
A14: International aviation | B14: =HYPERLINK("#"&CELL("address",INTAVI!$Z$2),"INTAVI") -> INTAVI | C14: =INTAVI!C$2 -> 126.40206 | D14: =INTAVI!D$2 -> 94.802752 | E14: =INTAVI!E$2 -> 91.638005 | F14: =INTAVI!F$2 -> 81.104901 | G14: =INTAVI!G$2 -> 104.28255 | H14: =INTAVI!H$2 -> 88.325193 | I14: =INTAVI!I$2 -> 89.352279 | J14: =INTAVI!J$2 -> 93.460361 | ... Z14: =INTAVI!Z$2 -> 150.4307
A15: International Intra-EEAwUK passenger aviation | B15: =HYPERLINK("#"&CELL("address",INTAVI_PA_IN!$Z$2),"INTAVI_PA_IN") -> INTAVI_PA_IN | C15: =INTAVI_PA_IN!C$2 -> 111.31176 | D15: =INTAVI_PA_IN!D$2 -> 83.573616 | E15: =INTAVI_PA_IN!E$2 -> 81.567116 | F15: =INTAVI_PA_IN!F$2 -> 72.28257 | G15: =INTAVI_PA_IN!G$2 -> 93.691196 | H15: =INTAVI_PA_IN!H$2 -> 79.52161 | I15: =INTAVI_PA_IN!I$2 -> 79.680989 | J15: =INTAVI_PA_IN!J$2 -> 83.659106 | ... Z15: =INTAVI_PA_IN!Z$2 -> 138.16421
A16: International Extra-EEAwUK passenger aviation | B16: =HYPERLINK("#"&CELL("address",INTAVI_PA_EX!$Z$2),"INTAVI_PA_EX") -> INTAVI_PA_EX | C16: =INTAVI_PA_EX!C$2 -> 12.317564 | D16: =INTAVI_PA_EX!D$2 -> 9.2484025 | E16: =INTAVI_PA_EX!E$2 -> 8.1155032 | F16: =INTAVI_PA_EX!F$2 -> 6.3437115 | G16: =INTAVI_PA_EX!G$2 -> 7.7493418 | H16: =INTAVI_PA_EX!H$2 -> 6.3342377 | I16: =INTAVI_PA_EX!I$2 -> 6.5708767 | J16: =INTAVI_PA_EX!J$2 -> 6.6146225 | ... Z16: =INTAVI_PA_EX!Z$2 -> 10.918093
A17: International Intra-EEAwUK freight aviation | B17: =HYPERLINK("#"&CELL("address",INTAVI_FR_IN!$Z$2),"INTAVI_FR_IN") -> INTAVI_FR_IN | C17: =INTAVI_FR_IN!C$2 -> 2.6216658 | D17: =INTAVI_FR_IN!D$2 -> 1.8635267 | E17: =INTAVI_FR_IN!E$2 -> 1.8307959 | F17: =INTAVI_FR_IN!F$2 -> 2.3553239 | G17: =INTAVI_FR_IN!G$2 -> 2.6528035 | H17: =INTAVI_FR_IN!H$2 -> 2.2201467 | I17: =INTAVI_FR_IN!I$2 -> 2.7873227 | J17: =INTAVI_FR_IN!J$2 -> 2.7583229 | ... Z17: =INTAVI_FR_IN!Z$2 -> 0.85165835
A18: International Extra-EEAwUK freight aviation | B18: =HYPERLINK("#"&CELL("address",INTAVI_FR_EX!$Z$2),"INTAVI_FR_EX") -> INTAVI_FR_EX | C18: =INTAVI_FR_EX!C$2 -> 0.15107681 | D18: =INTAVI_FR_EX!D$2 -> 0.11720616 | E18: =INTAVI_FR_EX!E$2 -> 0.12458954 | F18: =INTAVI_FR_EX!F$2 -> 0.12329558 | G18: =INTAVI_FR_EX!G$2 -> 0.18920385 | H18: =INTAVI_FR_EX!H$2 -> 0.2491987 | I18: =INTAVI_FR_EX!I$2 -> 0.31309031 | J18: =INTAVI_FR_EX!J$2 -> 0.42830986 | ... Z18: =INTAVI_FR_EX!Z$2 -> 0.49673027
A19: Total energy supply | B19: =HYPERLINK("#"&CELL("address",NRGSUP!$Z$2),"NRGSUP") -> NRGSUP | C19: =NRGSUP!C$2 -> 682.3374 | D19: =NRGSUP!D$2 -> 794.5184 | E19: =NRGSUP!E$2 -> 740.7423 | F19: =NRGSUP!F$2 -> 834.02365 | G19: =NRGSUP!G$2 -> 837.52511 | H19: =NRGSUP!H$2 -> 847.31531 | I19: =NRGSUP!I$2 -> 847.67833 | J19: =NRGSUP!J$2 -> 865.21479 | ... Z19: =NRGSUP!Z$2 -> 792.74557
A20: Gross inland consumption (Europe 2020-2030) | B20: =HYPERLINK("#"&CELL("address",'GIC2020-2030'!$Z$2),"GIC2020-2030") -> GIC2020-2030 | C20: ='GIC2020-2030'!C$2 -> 808.73947 | D20: ='GIC2020-2030'!D$2 -> 889.32115 | E20: ='GIC2020-2030'!E$2 -> 832.38031 | F20: ='GIC2020-2030'!F$2 -> 915.12855 | G20: ='GIC2020-2030'!G$2 -> 941.80765 | H20: ='GIC2020-2030'!H$2 -> 935.6405 | I20: ='GIC2020-2030'!I$2 -> 937.03061 | J20: ='GIC2020-2030'!J$2 -> 958.67515 | ... Z20: ='GIC2020-2030'!Z$2 -> 921.09905
A21: Primary energy consumption (Europe 2020-2030) | B21: =HYPERLINK("#"&CELL("address",'PEC2020-2030'!$Z$2),"PEC2020-2030") -> PEC2020-2030 | C21: ='PEC2020-2030'!C$2 -> 808.73947 | D21: ='PEC2020-2030'!D$2 -> 889.32115 | E21: ='PEC2020-2030'!E$2 -> 832.38031 | F21: ='PEC2020-2030'!F$2 -> 915.12855 | G21: ='PEC2020-2030'!G$2 -> 933.16621 | H21: ='PEC2020-2030'!H$2 -> 915.72081 | I21: ='PEC2020-2030'!I$2 -> 924.56285 | J21: ='PEC2020-2030'!J$2 -> 949.07352 | ... Z21: ='PEC2020-2030'!Z$2 -> 912.90525
A22: Final energy consumption (Europe 2020-2030) | B22: =HYPERLINK("#"&CELL("address",'FEC2020-2030'!$Z$2),"FEC2020-2030") -> FEC2020-2030 | C22: ='FEC2020-2030'!C$2 -> 445.73663 | D22: ='FEC2020-2030'!D$2 -> 403.9147 | E22: ='FEC2020-2030'!E$2 -> 366.83629 | F22: ='FEC2020-2030'!F$2 -> 397.84557 | G22: ='FEC2020-2030'!G$2 -> 446.09252 | H22: ='FEC2020-2030'!H$2 -> 464.34497 | I22: ='FEC2020-2030'!I$2 -> 466.28435 | J22: ='FEC2020-2030'!J$2 -> 480.32855 | ... Z22: ='FEC2020-2030'!Z$2 -> 721.11376
A23: Transformation input | B23: =HYPERLINK("#"&CELL("address",TI_E!$Z$2),"TI_E") -> TI_E | C23: =TI_E!C$2 -> 497.7405 | D23: =TI_E!D$2 -> 620.31617 | E23: =TI_E!E$2 -> 608.02046 | F23: =TI_E!F$2 -> 672.57094 | G23: =TI_E!G$2 -> 640.9859 | H23: =TI_E!H$2 -> 611.135 | I23: =TI_E!I$2 -> 617.60765 | J23: =TI_E!J$2 -> 627.90198 | ... Z23: =TI_E!Z$2 -> 384.09475
A24: Electricity & heat generation | B24: =HYPERLINK("#"&CELL("address",TI_EHG_E!$Z$2),"TI_EHG_E") -> TI_EHG_E | C24: =TI_EHG_E!C$2 -> 497.7405 | D24: =TI_EHG_E!D$2 -> 620.31617 | E24: =TI_EHG_E!E$2 -> 608.02046 | F24: =TI_EHG_E!F$2 -> 672.57094 | G24: =TI_EHG_E!G$2 -> 640.9859 | H24: =TI_EHG_E!H$2 -> 611.135 | I24: =TI_EHG_E!I$2 -> 617.60765 | J24: =TI_EHG_E!J$2 -> 627.90198 | ... Z24: =TI_EHG_E!Z$2 -> 370.29338
A25: Electricity only | B25: =HYPERLINK("#"&CELL("address",TI_EHG_E_E!$Z$2),"TI_EHG_E_E") -> TI_EHG_E_E | C25: =TI_EHG_E_E!C$2 -> 497.7405 | D25: =TI_EHG_E_E!D$2 -> 620.31617 | E25: =TI_EHG_E_E!E$2 -> 608.02046 | F25: =TI_EHG_E_E!F$2 -> 672.57094 | G25: =TI_EHG_E_E!G$2 -> 640.9859 | H25: =TI_EHG_E_E!H$2 -> 611.135 | I25: =TI_EHG_E_E!I$2 -> 617.60765 | J25: =TI_EHG_E_E!J$2 -> 627.90198 | ... Z25: =TI_EHG_E_E!Z$2 -> 368.76879
A26: CHP | B26: =HYPERLINK("#"&CELL("address",TI_EHG_CHP_E!$Z$2),"TI_EHG_CHP_E") -> TI_EHG_CHP_E | C26: =TI_EHG_CHP_E!C$2 -> 0 | D26: =TI_EHG_CHP_E!D$2 -> 0 | E26: =TI_EHG_CHP_E!E$2 -> 0 | F26: =TI_EHG_CHP_E!F$2 -> 0 | G26: =TI_EHG_CHP_E!G$2 -> 0 | H26: =TI_EHG_CHP_E!H$2 -> 0 | I26: =TI_EHG_CHP_E!I$2 -> 0 | J26: =TI_EHG_CHP_E!J$2 -> 0 | ... Z26: =TI_EHG_CHP_E!Z$2 -> 1.5245916
A27: Heat only | B27: =HYPERLINK("#"&CELL("address",TI_EHG_H_E!$Z$2),"TI_EHG_H_E") -> TI_EHG_H_E | C27: =TI_EHG_H_E!C$2 -> 0 | D27: =TI_EHG_H_E!D$2 -> 0 | E27: =TI_EHG_H_E!E$2 -> 0 | F27: =TI_EHG_H_E!F$2 -> 0 | G27: =TI_EHG_H_E!G$2 -> 0 | H27: =TI_EHG_H_E!H$2 -> 0 | I27: =TI_EHG_H_E!I$2 -> 0 | J27: =TI_EHG_H_E!J$2 -> 0 | ... Z27: =TI_EHG_H_E!Z$2 -> 0
A28: Electrically driven heat pumps | B28: =HYPERLINK("#"&CELL("address",TI_EHG_EDHP!$Z$2),"TI_EHG_EDHP") -> TI_EHG_EDHP | C28: =TI_EHG_EDHP!C$2 -> 0 | D28: =TI_EHG_EDHP!D$2 -> 0 | E28: =TI_EHG_EDHP!E$2 -> 0 | F28: =TI_EHG_EDHP!F$2 -> 0 | G28: =TI_EHG_EDHP!G$2 -> 0 | H28: =TI_EHG_EDHP!H$2 -> 0 | I28: =TI_EHG_EDHP!I$2 -> 0 | J28: =TI_EHG_EDHP!J$2 -> 0 | ... Z28: =TI_EHG_EDHP!Z$2 -> 0
A29: Electric boilers | B29: =HYPERLINK("#"&CELL("address",TI_EHG_EB!$Z$2),"TI_EHG_EB") -> TI_EHG_EB | C29: =TI_EHG_EB!C$2 -> 0 | D29: =TI_EHG_EB!D$2 -> 0 | E29: =TI_EHG_EB!E$2 -> 0 | F29: =TI_EHG_EB!F$2 -> 0 | G29: =TI_EHG_EB!G$2 -> 0 | H29: =TI_EHG_EB!H$2 -> 0 | I29: =TI_EHG_EB!I$2 -> 0 | J29: =TI_EHG_EB!J$2 -> 0 | ... Z29: =TI_EHG_EB!Z$2 -> 0
A30: Electricity for pumped storage | B30: =HYPERLINK("#"&CELL("address",TI_EHG_EPS!$Z$2),"TI_EHG_EPS") -> TI_EHG_EPS | C30: =TI_EHG_EPS!C$2 -> 0 | D30: =TI_EHG_EPS!D$2 -> 0 | E30: =TI_EHG_EPS!E$2 -> 0 | F30: =TI_EHG_EPS!F$2 -> 0 | G30: =TI_EHG_EPS!G$2 -> 0 | H30: =TI_EHG_EPS!H$2 -> 0 | I30: =TI_EHG_EPS!I$2 -> 0 | J30: =TI_EHG_EPS!J$2 -> 0 | ... Z30: =TI_EHG_EPS!Z$2 -> 0
A31: Derived heat for electricity production | B31: =HYPERLINK("#"&CELL("address",TI_EHG_DHEP!$Z$2),"TI_EHG_DHEP") -> TI_EHG_DHEP | C31: =TI_EHG_DHEP!C$2 -> 0 | D31: =TI_EHG_DHEP!D$2 -> 0 | E31: =TI_EHG_DHEP!E$2 -> 0 | F31: =TI_EHG_DHEP!F$2 -> 0 | G31: =TI_EHG_DHEP!G$2 -> 0 | H31: =TI_EHG_DHEP!H$2 -> 0 | I31: =TI_EHG_DHEP!I$2 -> 0 | J31: =TI_EHG_DHEP!J$2 -> 0 | ... Z31: =TI_EHG_DHEP!Z$2 -> 0
A32: Charging batteries | B32: =HYPERLINK("#"&CELL("address",TI_EHG_CB!$Z$2),"TI_EHG_CB") -> TI_EHG_CB | C32: =TI_EHG_CB!C$2 -> 0 | D32: =TI_EHG_CB!D$2 -> 0 | E32: =TI_EHG_CB!E$2 -> 0 | F32: =TI_EHG_CB!F$2 -> 0 | G32: =TI_EHG_CB!G$2 -> 0 | H32: =TI_EHG_CB!H$2 -> 0 | I32: =TI_EHG_CB!I$2 -> 0 | J32: =TI_EHG_CB!J$2 -> 0 | ... Z32: =TI_EHG_CB!Z$2 -> 0
A33: Coke ovens | B33: =HYPERLINK("#"&CELL("address",TI_CO_E!$Z$2),"TI_CO_E") -> TI_CO_E | C33: =TI_CO_E!C$2 -> 0 | D33: =TI_CO_E!D$2 -> 0 | E33: =TI_CO_E!E$2 -> 0 | F33: =TI_CO_E!F$2 -> 0 | G33: =TI_CO_E!G$2 -> 0 | H33: =TI_CO_E!H$2 -> 0 | I33: =TI_CO_E!I$2 -> 0 | J33: =TI_CO_E!J$2 -> 0 | ... Z33: =TI_CO_E!Z$2 -> 0
A34: Blast furnaces | B34: =HYPERLINK("#"&CELL("address",TI_BF_E!$Z$2),"TI_BF_E") -> TI_BF_E | C34: =TI_BF_E!C$2 -> 0 | D34: =TI_BF_E!D$2 -> 0 | E34: =TI_BF_E!E$2 -> 0 | F34: =TI_BF_E!F$2 -> 0 | G34: =TI_BF_E!G$2 -> 0 | H34: =TI_BF_E!H$2 -> 0 | I34: =TI_BF_E!I$2 -> 0 | J34: =TI_BF_E!J$2 -> 0 | ... Z34: =TI_BF_E!Z$2 -> 0
A35: Gas works | B35: =HYPERLINK("#"&CELL("address",TI_GW_E!$Z$2),"TI_GW_E") -> TI_GW_E | C35: =TI_GW_E!C$2 -> 0 | D35: =TI_GW_E!D$2 -> 0 | E35: =TI_GW_E!E$2 -> 0 | F35: =TI_GW_E!F$2 -> 0 | G35: =TI_GW_E!G$2 -> 0 | H35: =TI_GW_E!H$2 -> 0 | I35: =TI_GW_E!I$2 -> 0 | J35: =TI_GW_E!J$2 -> 0 | ... Z35: =TI_GW_E!Z$2 -> 0
A36: Refineries & petrochemical industry | B36: =HYPERLINK("#"&CELL("address",TI_RPI_E!$Z$2),"TI_RPI_E") -> TI_RPI_E | C36: =TI_RPI_E!C$2 -> 0 | D36: =TI_RPI_E!D$2 -> 0 | E36: =TI_RPI_E!E$2 -> 0 | F36: =TI_RPI_E!F$2 -> 0 | G36: =TI_RPI_E!G$2 -> 0 | H36: =TI_RPI_E!H$2 -> 0 | I36: =TI_RPI_E!I$2 -> 0 | J36: =TI_RPI_E!J$2 -> 0 | ... Z36: =TI_RPI_E!Z$2 -> 0
A37: Refinery intake | B37: =HYPERLINK("#"&CELL("address",TI_RPI_RI_E!$Z$2),"TI_RPI_RI_E") -> TI_RPI_RI_E | C37: =TI_RPI_RI_E!C$2 -> 0 | D37: =TI_RPI_RI_E!D$2 -> 0 | E37: =TI_RPI_RI_E!E$2 -> 0 | F37: =TI_RPI_RI_E!F$2 -> 0 | G37: =TI_RPI_RI_E!G$2 -> 0 | H37: =TI_RPI_RI_E!H$2 -> 0 | I37: =TI_RPI_RI_E!I$2 -> 0 | J37: =TI_RPI_RI_E!J$2 -> 0 | ... Z37: =TI_RPI_RI_E!Z$2 -> 0
A38: Backflows from petrochemical industry | B38: =HYPERLINK("#"&CELL("address",TI_RPI_BPI_E!$Z$2),"TI_RPI_BPI_E") -> TI_RPI_BPI_E | C38: =TI_RPI_BPI_E!C$2 -> 0 | D38: =TI_RPI_BPI_E!D$2 -> 0 | E38: =TI_RPI_BPI_E!E$2 -> 0 | F38: =TI_RPI_BPI_E!F$2 -> 0 | G38: =TI_RPI_BPI_E!G$2 -> 0 | H38: =TI_RPI_BPI_E!H$2 -> 0 | I38: =TI_RPI_BPI_E!I$2 -> 0 | J38: =TI_RPI_BPI_E!J$2 -> 0 | ... Z38: =TI_RPI_BPI_E!Z$2 -> 0
A39: Products transferred | B39: =HYPERLINK("#"&CELL("address",TI_RPI_PT_E!$Z$2),"TI_RPI_PT_E") -> TI_RPI_PT_E | C39: =TI_RPI_PT_E!C$2 -> 0 | D39: =TI_RPI_PT_E!D$2 -> 0 | E39: =TI_RPI_PT_E!E$2 -> 0 | F39: =TI_RPI_PT_E!F$2 -> 0 | G39: =TI_RPI_PT_E!G$2 -> 0 | H39: =TI_RPI_PT_E!H$2 -> 0 | I39: =TI_RPI_PT_E!I$2 -> 0 | J39: =TI_RPI_PT_E!J$2 -> 0 | ... Z39: =TI_RPI_PT_E!Z$2 -> 0
A40: Interproduct transfers | B40: =HYPERLINK("#"&CELL("address",TI_RPI_IT_E!$Z$2),"TI_RPI_IT_E") -> TI_RPI_IT_E | C40: =TI_RPI_IT_E!C$2 -> 0 | D40: =TI_RPI_IT_E!D$2 -> 0 | E40: =TI_RPI_IT_E!E$2 -> 0 | F40: =TI_RPI_IT_E!F$2 -> 0 | G40: =TI_RPI_IT_E!G$2 -> 0 | H40: =TI_RPI_IT_E!H$2 -> 0 | I40: =TI_RPI_IT_E!I$2 -> 0 | J40: =TI_RPI_IT_E!J$2 -> 0 | ... Z40: =TI_RPI_IT_E!Z$2 -> 0
A41: Direct use | B41: =HYPERLINK("#"&CELL("address",TI_RPI_DU_E!$Z$2),"TI_RPI_DU_E") -> TI_RPI_DU_E | C41: =TI_RPI_DU_E!C$2 -> 0 | D41: =TI_RPI_DU_E!D$2 -> 0 | E41: =TI_RPI_DU_E!E$2 -> 0 | F41: =TI_RPI_DU_E!F$2 -> 0 | G41: =TI_RPI_DU_E!G$2 -> 0 | H41: =TI_RPI_DU_E!H$2 -> 0 | I41: =TI_RPI_DU_E!I$2 -> 0 | J41: =TI_RPI_DU_E!J$2 -> 0 | ... Z41: =TI_RPI_DU_E!Z$2 -> 0
A42: Petrochemical industry intake | B42: =HYPERLINK("#"&CELL("address",TI_RPI_PII_E!$Z$2),"TI_RPI_PII_E") -> TI_RPI_PII_E | C42: =TI_RPI_PII_E!C$2 -> 0 | D42: =TI_RPI_PII_E!D$2 -> 0 | E42: =TI_RPI_PII_E!E$2 -> 0 | F42: =TI_RPI_PII_E!F$2 -> 0 | G42: =TI_RPI_PII_E!G$2 -> 0 | H42: =TI_RPI_PII_E!H$2 -> 0 | I42: =TI_RPI_PII_E!I$2 -> 0 | J42: =TI_RPI_PII_E!J$2 -> 0 | ... Z42: =TI_RPI_PII_E!Z$2 -> 0
A43: Patent fuel plants | B43: =HYPERLINK("#"&CELL("address",TI_PF_E!$Z$2),"TI_PF_E") -> TI_PF_E | C43: =TI_PF_E!C$2 -> 0 | D43: =TI_PF_E!D$2 -> 0 | E43: =TI_PF_E!E$2 -> 0 | F43: =TI_PF_E!F$2 -> 0 | G43: =TI_PF_E!G$2 -> 0 | H43: =TI_PF_E!H$2 -> 0 | I43: =TI_PF_E!I$2 -> 0 | J43: =TI_PF_E!J$2 -> 0 | ... Z43: =TI_PF_E!Z$2 -> 0
A44: BKB & PB plants | B44: =HYPERLINK("#"&CELL("address",TI_BKBPB_E!$Z$2),"TI_BKBPB_E") -> TI_BKBPB_E | C44: =TI_BKBPB_E!C$2 -> 0 | D44: =TI_BKBPB_E!D$2 -> 0 | E44: =TI_BKBPB_E!E$2 -> 0 | F44: =TI_BKBPB_E!F$2 -> 0 | G44: =TI_BKBPB_E!G$2 -> 0 | H44: =TI_BKBPB_E!H$2 -> 0 | I44: =TI_BKBPB_E!I$2 -> 0 | J44: =TI_BKBPB_E!J$2 -> 0 | ... Z44: =TI_BKBPB_E!Z$2 -> 0
A45: Coal liquefaction plants | B45: =HYPERLINK("#"&CELL("address",TI_CL_E!$Z$2),"TI_CL_E") -> TI_CL_E | C45: =TI_CL_E!C$2 -> 0 | D45: =TI_CL_E!D$2 -> 0 | E45: =TI_CL_E!E$2 -> 0 | F45: =TI_CL_E!F$2 -> 0 | G45: =TI_CL_E!G$2 -> 0 | H45: =TI_CL_E!H$2 -> 0 | I45: =TI_CL_E!I$2 -> 0 | J45: =TI_CL_E!J$2 -> 0 | ... Z45: =TI_CL_E!Z$2 -> 0
A46: For blended natural gas | B46: =HYPERLINK("#"&CELL("address",TI_BNG_E!$Z$2),"TI_BNG_E") -> TI_BNG_E | C46: =TI_BNG_E!C$2 -> 0 | D46: =TI_BNG_E!D$2 -> 0 | E46: =TI_BNG_E!E$2 -> 0 | F46: =TI_BNG_E!F$2 -> 0 | G46: =TI_BNG_E!G$2 -> 0 | H46: =TI_BNG_E!H$2 -> 0 | I46: =TI_BNG_E!I$2 -> 0 | J46: =TI_BNG_E!J$2 -> 0 | ... Z46: =TI_BNG_E!Z$2 -> 0
A47: Liquid biofuels blended | B47: =HYPERLINK("#"&CELL("address",TI_LBB_E!$Z$2),"TI_LBB_E") -> TI_LBB_E | C47: =TI_LBB_E!C$2 -> 0 | D47: =TI_LBB_E!D$2 -> 0 | E47: =TI_LBB_E!E$2 -> 0 | F47: =TI_LBB_E!F$2 -> 0 | G47: =TI_LBB_E!G$2 -> 0 | H47: =TI_LBB_E!H$2 -> 0 | I47: =TI_LBB_E!I$2 -> 0 | J47: =TI_LBB_E!J$2 -> 0 | ... Z47: =TI_LBB_E!Z$2 -> 13.801376
A48: Charcoal production plants | B48: =HYPERLINK("#"&CELL("address",TI_CPP_E!$Z$2),"TI_CPP_E") -> TI_CPP_E | C48: =TI_CPP_E!C$2 -> 0 | D48: =TI_CPP_E!D$2 -> 0 | E48: =TI_CPP_E!E$2 -> 0 | F48: =TI_CPP_E!F$2 -> 0 | G48: =TI_CPP_E!G$2 -> 0 | H48: =TI_CPP_E!H$2 -> 0 | I48: =TI_CPP_E!I$2 -> 0 | J48: =TI_CPP_E!J$2 -> 0 | ... Z48: =TI_CPP_E!Z$2 -> 0
A49: Gas-to-liquids plants | B49: =HYPERLINK("#"&CELL("address",TI_GTL_E!$Z$2),"TI_GTL_E") -> TI_GTL_E | C49: =TI_GTL_E!C$2 -> 0 | D49: =TI_GTL_E!D$2 -> 0 | E49: =TI_GTL_E!E$2 -> 0 | F49: =TI_GTL_E!F$2 -> 0 | G49: =TI_GTL_E!G$2 -> 0 | H49: =TI_GTL_E!H$2 -> 0 | I49: =TI_GTL_E!I$2 -> 0 | J49: =TI_GTL_E!J$2 -> 0 | ... Z49: =TI_GTL_E!Z$2 -> 0
A50: Not elsewhere specified | B50: =HYPERLINK("#"&CELL("address",TI_NSP_E!$Z$2),"TI_NSP_E") -> TI_NSP_E | C50: =TI_NSP_E!C$2 -> 0 | D50: =TI_NSP_E!D$2 -> 0 | E50: =TI_NSP_E!E$2 -> 0 | F50: =TI_NSP_E!F$2 -> 0 | G50: =TI_NSP_E!G$2 -> 0 | H50: =TI_NSP_E!H$2 -> 0 | I50: =TI_NSP_E!I$2 -> 0 | J50: =TI_NSP_E!J$2 -> 0 | ... Z50: =TI_NSP_E!Z$2 -> 0
A51: Transformation output | B51: =HYPERLINK("#"&CELL("address",TO!$Z$2),"TO") -> TO | C51: =TO!C$2 -> 164.83233 | D51: =TO!D$2 -> 167.06793 | E51: =TO!E$2 -> 176.44024 | F51: =TO!F$2 -> 192.26139 | G51: =TO!G$2 -> 190.5417 | H51: =TO!H$2 -> 192.60533 | I51: =TO!I$2 -> 194.41101 | J51: =TO!J$2 -> 197.42046 | ... Z51: =TO!Z$2 -> 215.4031
A52: Electricity & heat generation TO | B52: =HYPERLINK("#"&CELL("address",TO_EHG!$Z$2),"TO_EHG") -> TO_EHG | C52: =TO_EHG!C$2 -> 164.83233 | D52: =TO_EHG!D$2 -> 167.06793 | E52: =TO_EHG!E$2 -> 176.44024 | F52: =TO_EHG!F$2 -> 192.26139 | G52: =TO_EHG!G$2 -> 190.5417 | H52: =TO_EHG!H$2 -> 192.60533 | I52: =TO_EHG!I$2 -> 194.41101 | J52: =TO_EHG!J$2 -> 197.42046 | ... Z52: =TO_EHG!Z$2 -> 201.60172
A53: Electricity only | B53: =HYPERLINK("#"&CELL("address",TO_EHG_E!$Z$2),"TO_EHG_E") -> TO_EHG_E | C53: =TO_EHG_E!C$2 -> 164.83233 | D53: =TO_EHG_E!D$2 -> 167.06793 | E53: =TO_EHG_E!E$2 -> 176.44024 | F53: =TO_EHG_E!F$2 -> 192.26139 | G53: =TO_EHG_E!G$2 -> 190.5417 | H53: =TO_EHG_E!H$2 -> 192.60533 | I53: =TO_EHG_E!I$2 -> 194.41101 | J53: =TO_EHG_E!J$2 -> 197.42046 | ... Z53: =TO_EHG_E!Z$2 -> 200.96553
A54: CHP | B54: =HYPERLINK("#"&CELL("address",TO_EHG_CHP!$Z$2),"TO_EHG_CHP") -> TO_EHG_CHP | C54: =TO_EHG_CHP!C$2 -> 0 | D54: =TO_EHG_CHP!D$2 -> 0 | E54: =TO_EHG_CHP!E$2 -> 0 | F54: =TO_EHG_CHP!F$2 -> 0 | G54: =TO_EHG_CHP!G$2 -> 0 | H54: =TO_EHG_CHP!H$2 -> 0 | I54: =TO_EHG_CHP!I$2 -> 0 | J54: =TO_EHG_CHP!J$2 -> 0 | ... Z54: =TO_EHG_CHP!Z$2 -> 0.63619375
A55: Heat only | B55: =HYPERLINK("#"&CELL("address",TO_EHG_H!$Z$2),"TO_EHG_H") -> TO_EHG_H | C55: =TO_EHG_H!C$2 -> 0 | D55: =TO_EHG_H!D$2 -> 0 | E55: =TO_EHG_H!E$2 -> 0 | F55: =TO_EHG_H!F$2 -> 0 | G55: =TO_EHG_H!G$2 -> 0 | H55: =TO_EHG_H!H$2 -> 0 | I55: =TO_EHG_H!I$2 -> 0 | J55: =TO_EHG_H!J$2 -> 0 | ... Z55: =TO_EHG_H!Z$2 -> 0
A56: Electrically driven heat pumps | B56: =HYPERLINK("#"&CELL("address",TO_EHG_EDHP!$Z$2),"TO_EHG_EDHP") -> TO_EHG_EDHP | C56: =TO_EHG_EDHP!C$2 -> 0 | D56: =TO_EHG_EDHP!D$2 -> 0 | E56: =TO_EHG_EDHP!E$2 -> 0 | F56: =TO_EHG_EDHP!F$2 -> 0 | G56: =TO_EHG_EDHP!G$2 -> 0 | H56: =TO_EHG_EDHP!H$2 -> 0 | I56: =TO_EHG_EDHP!I$2 -> 0 | J56: =TO_EHG_EDHP!J$2 -> 0 | ... Z56: =TO_EHG_EDHP!Z$2 -> 0
A57: Electric boilers | B57: =HYPERLINK("#"&CELL("address",TO_EHG_EB!$Z$2),"TO_EHG_EB") -> TO_EHG_EB | C57: =TO_EHG_EB!C$2 -> 0 | D57: =TO_EHG_EB!D$2 -> 0 | E57: =TO_EHG_EB!E$2 -> 0 | F57: =TO_EHG_EB!F$2 -> 0 | G57: =TO_EHG_EB!G$2 -> 0 | H57: =TO_EHG_EB!H$2 -> 0 | I57: =TO_EHG_EB!I$2 -> 0 | J57: =TO_EHG_EB!J$2 -> 0 | ... Z57: =TO_EHG_EB!Z$2 -> 0
A58: Pumped hydro | B58: =HYPERLINK("#"&CELL("address",TO_EHG_PH!$Z$2),"TO_EHG_PH") -> TO_EHG_PH | C58: =TO_EHG_PH!C$2 -> 0 | D58: =TO_EHG_PH!D$2 -> 0 | E58: =TO_EHG_PH!E$2 -> 0 | F58: =TO_EHG_PH!F$2 -> 0 | G58: =TO_EHG_PH!G$2 -> 0 | H58: =TO_EHG_PH!H$2 -> 0 | I58: =TO_EHG_PH!I$2 -> 0 | J58: =TO_EHG_PH!J$2 -> 0 | ... Z58: =TO_EHG_PH!Z$2 -> 0
A59: Batteries | B59: =HYPERLINK("#"&CELL("address",TO_EHG_CB!$Z$2),"TO_EHG_CB") -> TO_EHG_CB | C59: =TO_EHG_CB!C$2 -> 0 | D59: =TO_EHG_CB!D$2 -> 0 | E59: =TO_EHG_CB!E$2 -> 0 | F59: =TO_EHG_CB!F$2 -> 0 | G59: =TO_EHG_CB!G$2 -> 0 | H59: =TO_EHG_CB!H$2 -> 0 | I59: =TO_EHG_CB!I$2 -> 0 | J59: =TO_EHG_CB!J$2 -> 0 | ... Z59: =TO_EHG_CB!Z$2 -> 0
A60: Coke ovens | B60: =HYPERLINK("#"&CELL("address",TO_CO!$Z$2),"TO_CO") -> TO_CO | C60: =TO_CO!C$2 -> 0 | D60: =TO_CO!D$2 -> 0 | E60: =TO_CO!E$2 -> 0 | F60: =TO_CO!F$2 -> 0 | G60: =TO_CO!G$2 -> 0 | H60: =TO_CO!H$2 -> 0 | I60: =TO_CO!I$2 -> 0 | J60: =TO_CO!J$2 -> 0 | ... Z60: =TO_CO!Z$2 -> 0
A61: Blast furnaces | B61: =HYPERLINK("#"&CELL("address",TO_BF!$Z$2),"TO_BF") -> TO_BF | C61: =TO_BF!C$2 -> 0 | D61: =TO_BF!D$2 -> 0 | E61: =TO_BF!E$2 -> 0 | F61: =TO_BF!F$2 -> 0 | G61: =TO_BF!G$2 -> 0 | H61: =TO_BF!H$2 -> 0 | I61: =TO_BF!I$2 -> 0 | J61: =TO_BF!J$2 -> 0 | ... Z61: =TO_BF!Z$2 -> 0
A62: Gas works | B62: =HYPERLINK("#"&CELL("address",TO_GW!$Z$2),"TO_GW") -> TO_GW | C62: =TO_GW!C$2 -> 0 | D62: =TO_GW!D$2 -> 0 | E62: =TO_GW!E$2 -> 0 | F62: =TO_GW!F$2 -> 0 | G62: =TO_GW!G$2 -> 0 | H62: =TO_GW!H$2 -> 0 | I62: =TO_GW!I$2 -> 0 | J62: =TO_GW!J$2 -> 0 | ... Z62: =TO_GW!Z$2 -> 0
A63: Refineries & petrochemical industry | B63: =HYPERLINK("#"&CELL("address",TO_RPI!$Z$2),"TO_RPI") -> TO_RPI | C63: =TO_RPI!C$2 -> 0 | D63: =TO_RPI!D$2 -> 0 | E63: =TO_RPI!E$2 -> 0 | F63: =TO_RPI!F$2 -> 0 | G63: =TO_RPI!G$2 -> 0 | H63: =TO_RPI!H$2 -> 0 | I63: =TO_RPI!I$2 -> 0 | J63: =TO_RPI!J$2 -> 0 | ... Z63: =TO_RPI!Z$2 -> 0
A64: Refinery output | B64: =HYPERLINK("#"&CELL("address",TO_RPI_RO!$Z$2),"TO_RPI_RO") -> TO_RPI_RO | C64: =TO_RPI_RO!C$2 -> 0 | D64: =TO_RPI_RO!D$2 -> 0 | E64: =TO_RPI_RO!E$2 -> 0 | F64: =TO_RPI_RO!F$2 -> 0 | G64: =TO_RPI_RO!G$2 -> 0 | H64: =TO_RPI_RO!H$2 -> 0 | I64: =TO_RPI_RO!I$2 -> 0 | J64: =TO_RPI_RO!J$2 -> 0 | ... Z64: =TO_RPI_RO!Z$2 -> 0
A65: Backflows | B65: =HYPERLINK("#"&CELL("address",TO_RPI_BKFLOW!$Z$2),"TO_RPI_BKFLOW") -> TO_RPI_BKFLOW | C65: =TO_RPI_BKFLOW!C$2 -> 0 | D65: =TO_RPI_BKFLOW!D$2 -> 0 | E65: =TO_RPI_BKFLOW!E$2 -> 0 | F65: =TO_RPI_BKFLOW!F$2 -> 0 | G65: =TO_RPI_BKFLOW!G$2 -> 0 | H65: =TO_RPI_BKFLOW!H$2 -> 0 | I65: =TO_RPI_BKFLOW!I$2 -> 0 | J65: =TO_RPI_BKFLOW!J$2 -> 0 | ... Z65: =TO_RPI_BKFLOW!Z$2 -> 0
A66: Products transferred | B66: =HYPERLINK("#"&CELL("address",TO_RPI_PT!$Z$2),"TO_RPI_PT") -> TO_RPI_PT | C66: =TO_RPI_PT!C$2 -> 0 | D66: =TO_RPI_PT!D$2 -> 0 | E66: =TO_RPI_PT!E$2 -> 0 | F66: =TO_RPI_PT!F$2 -> 0 | G66: =TO_RPI_PT!G$2 -> 0 | H66: =TO_RPI_PT!H$2 -> 0 | I66: =TO_RPI_PT!I$2 -> 0 | J66: =TO_RPI_PT!J$2 -> 0 | ... Z66: =TO_RPI_PT!Z$2 -> 0
A67: Interproduct transfers | B67: =HYPERLINK("#"&CELL("address",TO_RPI_IT!$Z$2),"TO_RPI_IT") -> TO_RPI_IT | C67: =TO_RPI_IT!C$2 -> 0 | D67: =TO_RPI_IT!D$2 -> 0 | E67: =TO_RPI_IT!E$2 -> 0 | F67: =TO_RPI_IT!F$2 -> 0 | G67: =TO_RPI_IT!G$2 -> 0 | H67: =TO_RPI_IT!H$2 -> 0 | I67: =TO_RPI_IT!I$2 -> 0 | J67: =TO_RPI_IT!J$2 -> 0 | ... Z67: =TO_RPI_IT!Z$2 -> 0
A68: Primary product receipts | B68: =HYPERLINK("#"&CELL("address",TO_RPI_PPR!$Z$2),"TO_RPI_PPR") -> TO_RPI_PPR | C68: =TO_RPI_PPR!C$2 -> 0 | D68: =TO_RPI_PPR!D$2 -> 0 | E68: =TO_RPI_PPR!E$2 -> 0 | F68: =TO_RPI_PPR!F$2 -> 0 | G68: =TO_RPI_PPR!G$2 -> 0 | H68: =TO_RPI_PPR!H$2 -> 0 | I68: =TO_RPI_PPR!I$2 -> 0 | J68: =TO_RPI_PPR!J$2 -> 0 | ... Z68: =TO_RPI_PPR!Z$2 -> 0
A69: Petrochemical industry returns | B69: =HYPERLINK("#"&CELL("address",TO_RPI_PIR!$Z$2),"TO_RPI_PIR") -> TO_RPI_PIR | C69: =TO_RPI_PIR!C$2 -> 0 | D69: =TO_RPI_PIR!D$2 -> 0 | E69: =TO_RPI_PIR!E$2 -> 0 | F69: =TO_RPI_PIR!F$2 -> 0 | G69: =TO_RPI_PIR!G$2 -> 0 | H69: =TO_RPI_PIR!H$2 -> 0 | I69: =TO_RPI_PIR!I$2 -> 0 | J69: =TO_RPI_PIR!J$2 -> 0 | ... Z69: =TO_RPI_PIR!Z$2 -> 0
A70: Patent fuel plants | B70: =HYPERLINK("#"&CELL("address",TO_PF!$Z$2),"TO_PF") -> TO_PF | C70: =TO_PF!C$2 -> 0 | D70: =TO_PF!D$2 -> 0 | E70: =TO_PF!E$2 -> 0 | F70: =TO_PF!F$2 -> 0 | G70: =TO_PF!G$2 -> 0 | H70: =TO_PF!H$2 -> 0 | I70: =TO_PF!I$2 -> 0 | J70: =TO_PF!J$2 -> 0 | ... Z70: =TO_PF!Z$2 -> 0
A71: BKB & PB plants | B71: =HYPERLINK("#"&CELL("address",TO_BKBPB!$Z$2),"TO_BKBPB") -> TO_BKBPB | C71: =TO_BKBPB!C$2 -> 0 | D71: =TO_BKBPB!D$2 -> 0 | E71: =TO_BKBPB!E$2 -> 0 | F71: =TO_BKBPB!F$2 -> 0 | G71: =TO_BKBPB!G$2 -> 0 | H71: =TO_BKBPB!H$2 -> 0 | I71: =TO_BKBPB!I$2 -> 0 | J71: =TO_BKBPB!J$2 -> 0 | ... Z71: =TO_BKBPB!Z$2 -> 0
A72: Coal liquefaction plants | B72: =HYPERLINK("#"&CELL("address",TO_CL!$Z$2),"TO_CL") -> TO_CL | C72: =TO_CL!C$2 -> 0 | D72: =TO_CL!D$2 -> 0 | E72: =TO_CL!E$2 -> 0 | F72: =TO_CL!F$2 -> 0 | G72: =TO_CL!G$2 -> 0 | H72: =TO_CL!H$2 -> 0 | I72: =TO_CL!I$2 -> 0 | J72: =TO_CL!J$2 -> 0 | ... Z72: =TO_CL!Z$2 -> 0
A73: Blended in natural gas | B73: =HYPERLINK("#"&CELL("address",TO_BNG!$Z$2),"TO_BNG") -> TO_BNG | C73: =TO_BNG!C$2 -> 0 | D73: =TO_BNG!D$2 -> 0 | E73: =TO_BNG!E$2 -> 0 | F73: =TO_BNG!F$2 -> 0 | G73: =TO_BNG!G$2 -> 0 | H73: =TO_BNG!H$2 -> 0 | I73: =TO_BNG!I$2 -> 0 | J73: =TO_BNG!J$2 -> 0 | ... Z73: =TO_BNG!Z$2 -> 0
A74: Liquid biofuels blended | B74: =HYPERLINK("#"&CELL("address",TO_LBB!$Z$2),"TO_LBB") -> TO_LBB | C74: =TO_LBB!C$2 -> 0 | D74: =TO_LBB!D$2 -> 0 | E74: =TO_LBB!E$2 -> 0 | F74: =TO_LBB!F$2 -> 0 | G74: =TO_LBB!G$2 -> 0 | H74: =TO_LBB!H$2 -> 0 | I74: =TO_LBB!I$2 -> 0 | J74: =TO_LBB!J$2 -> 0 | ... Z74: =TO_LBB!Z$2 -> 13.801376
A75: Charcoal production plants | B75: =HYPERLINK("#"&CELL("address",TO_CPP!$Z$2),"TO_CPP") -> TO_CPP | C75: =TO_CPP!C$2 -> 0 | D75: =TO_CPP!D$2 -> 0 | E75: =TO_CPP!E$2 -> 0 | F75: =TO_CPP!F$2 -> 0 | G75: =TO_CPP!G$2 -> 0 | H75: =TO_CPP!H$2 -> 0 | I75: =TO_CPP!I$2 -> 0 | J75: =TO_CPP!J$2 -> 0 | ... Z75: =TO_CPP!Z$2 -> 0
A76: Gas-to-liquids plants | B76: =HYPERLINK("#"&CELL("address",TO_GTL!$Z$2),"TO_GTL") -> TO_GTL | C76: =TO_GTL!C$2 -> 0 | D76: =TO_GTL!D$2 -> 0 | E76: =TO_GTL!E$2 -> 0 | F76: =TO_GTL!F$2 -> 0 | G76: =TO_GTL!G$2 -> 0 | H76: =TO_GTL!H$2 -> 0 | I76: =TO_GTL!I$2 -> 0 | J76: =TO_GTL!J$2 -> 0 | ... Z76: =TO_GTL!Z$2 -> 0
A77: Not elsewhere specified | B77: =HYPERLINK("#"&CELL("address",TO_NSP!$Z$2),"TO_NSP") -> TO_NSP | C77: =TO_NSP!C$2 -> 0 | D77: =TO_NSP!D$2 -> 0 | E77: =TO_NSP!E$2 -> 0 | F77: =TO_NSP!F$2 -> 0 | G77: =TO_NSP!G$2 -> 0 | H77: =TO_NSP!H$2 -> 0 | I77: =TO_NSP!I$2 -> 0 | J77: =TO_NSP!J$2 -> 0 | ... Z77: =TO_NSP!Z$2 -> 0
A78: Energy sector | B78: =HYPERLINK("#"&CELL("address",NRG_E!$Z$2),"NRG_E") -> NRG_E | C78: =NRG_E!C$2 -> 9.8882201 | D78: =NRG_E!D$2 -> 10.146174 | E78: =NRG_E!E$2 -> 10.748065 | F78: =NRG_E!F$2 -> 11.693895 | G78: =NRG_E!G$2 -> 11.607911 | H78: =NRG_E!H$2 -> 10.83405 | I78: =NRG_E!I$2 -> 11.349957 | J78: =NRG_E!J$2 -> 11.263972 | ... Z78: =NRG_E!Z$2 -> 4.5674119
A79: Own use in electricity & heat generation | B79: =HYPERLINK("#"&CELL("address",NRG_EHG_E!$Z$2),"NRG_EHG_E") -> NRG_EHG_E | C79: =NRG_EHG_E!C$2 -> 9.8882201 | D79: =NRG_EHG_E!D$2 -> 10.146174 | E79: =NRG_EHG_E!E$2 -> 10.748065 | F79: =NRG_EHG_E!F$2 -> 11.693895 | G79: =NRG_EHG_E!G$2 -> 11.607911 | H79: =NRG_EHG_E!H$2 -> 10.83405 | I79: =NRG_EHG_E!I$2 -> 11.349957 | J79: =NRG_EHG_E!J$2 -> 11.263972 | ... Z79: =NRG_EHG_E!Z$2 -> 4.5674119
A80: Coal mines | B80: =HYPERLINK("#"&CELL("address",NRG_CM_E!$Z$2),"NRG_CM_E") -> NRG_CM_E | C80: =NRG_CM_E!C$2 -> 0 | D80: =NRG_CM_E!D$2 -> 0 | E80: =NRG_CM_E!E$2 -> 0 | F80: =NRG_CM_E!F$2 -> 0 | G80: =NRG_CM_E!G$2 -> 0 | H80: =NRG_CM_E!H$2 -> 0 | I80: =NRG_CM_E!I$2 -> 0 | J80: =NRG_CM_E!J$2 -> 0 | ... Z80: =NRG_CM_E!Z$2 -> 0
A81: Oil & natural gas extraction plants | B81: =HYPERLINK("#"&CELL("address",NRG_OIL_NG_E!$Z$2),"NRG_OIL_NG_E") -> NRG_OIL_NG_E | C81: =NRG_OIL_NG_E!C$2 -> 0 | D81: =NRG_OIL_NG_E!D$2 -> 0 | E81: =NRG_OIL_NG_E!E$2 -> 0 | F81: =NRG_OIL_NG_E!F$2 -> 0 | G81: =NRG_OIL_NG_E!G$2 -> 0 | H81: =NRG_OIL_NG_E!H$2 -> 0 | I81: =NRG_OIL_NG_E!I$2 -> 0 | J81: =NRG_OIL_NG_E!J$2 -> 0 | ... Z81: =NRG_OIL_NG_E!Z$2 -> 0
A82: Patent fuel plants | B82: =HYPERLINK("#"&CELL("address",NRG_PF_E!$Z$2),"NRG_PF_E") -> NRG_PF_E | C82: =NRG_PF_E!C$2 -> 0 | D82: =NRG_PF_E!D$2 -> 0 | E82: =NRG_PF_E!E$2 -> 0 | F82: =NRG_PF_E!F$2 -> 0 | G82: =NRG_PF_E!G$2 -> 0 | H82: =NRG_PF_E!H$2 -> 0 | I82: =NRG_PF_E!I$2 -> 0 | J82: =NRG_PF_E!J$2 -> 0 | ... Z82: =NRG_PF_E!Z$2 -> 0
A83: Coke ovens | B83: =HYPERLINK("#"&CELL("address",NRG_CO_E!$Z$2),"NRG_CO_E") -> NRG_CO_E | C83: =NRG_CO_E!C$2 -> 0 | D83: =NRG_CO_E!D$2 -> 0 | E83: =NRG_CO_E!E$2 -> 0 | F83: =NRG_CO_E!F$2 -> 0 | G83: =NRG_CO_E!G$2 -> 0 | H83: =NRG_CO_E!H$2 -> 0 | I83: =NRG_CO_E!I$2 -> 0 | J83: =NRG_CO_E!J$2 -> 0 | ... Z83: =NRG_CO_E!Z$2 -> 0
A84: BKB & PB plants | B84: =HYPERLINK("#"&CELL("address",NRG_BKBPB_E!$Z$2),"NRG_BKBPB_E") -> NRG_BKBPB_E | C84: =NRG_BKBPB_E!C$2 -> 0 | D84: =NRG_BKBPB_E!D$2 -> 0 | E84: =NRG_BKBPB_E!E$2 -> 0 | F84: =NRG_BKBPB_E!F$2 -> 0 | G84: =NRG_BKBPB_E!G$2 -> 0 | H84: =NRG_BKBPB_E!H$2 -> 0 | I84: =NRG_BKBPB_E!I$2 -> 0 | J84: =NRG_BKBPB_E!J$2 -> 0 | ... Z84: =NRG_BKBPB_E!Z$2 -> 0
A85: Gas works | B85: =HYPERLINK("#"&CELL("address",NRG_GW_E!$Z$2),"NRG_GW_E") -> NRG_GW_E | C85: =NRG_GW_E!C$2 -> 0 | D85: =NRG_GW_E!D$2 -> 0 | E85: =NRG_GW_E!E$2 -> 0 | F85: =NRG_GW_E!F$2 -> 0 | G85: =NRG_GW_E!G$2 -> 0 | H85: =NRG_GW_E!H$2 -> 0 | I85: =NRG_GW_E!I$2 -> 0 | J85: =NRG_GW_E!J$2 -> 0 | ... Z85: =NRG_GW_E!Z$2 -> 0
A86: Blast furnaces | B86: =HYPERLINK("#"&CELL("address",NRG_BF_E!$Z$2),"NRG_BF_E") -> NRG_BF_E | C86: =NRG_BF_E!C$2 -> 0 | D86: =NRG_BF_E!D$2 -> 0 | E86: =NRG_BF_E!E$2 -> 0 | F86: =NRG_BF_E!F$2 -> 0 | G86: =NRG_BF_E!G$2 -> 0 | H86: =NRG_BF_E!H$2 -> 0 | I86: =NRG_BF_E!I$2 -> 0 | J86: =NRG_BF_E!J$2 -> 0 | ... Z86: =NRG_BF_E!Z$2 -> 0
A87: Petroleum refineries (oil refineries) | B87: =HYPERLINK("#"&CELL("address",NRG_PR_E!$Z$2),"NRG_PR_E") -> NRG_PR_E | C87: =NRG_PR_E!C$2 -> 0 | D87: =NRG_PR_E!D$2 -> 0 | E87: =NRG_PR_E!E$2 -> 0 | F87: =NRG_PR_E!F$2 -> 0 | G87: =NRG_PR_E!G$2 -> 0 | H87: =NRG_PR_E!H$2 -> 0 | I87: =NRG_PR_E!I$2 -> 0 | J87: =NRG_PR_E!J$2 -> 0 | ... Z87: =NRG_PR_E!Z$2 -> 0
A88: Nuclear industry | B88: =HYPERLINK("#"&CELL("address",NRG_NI_E!$Z$2),"NRG_NI_E") -> NRG_NI_E | C88: =NRG_NI_E!C$2 -> 0 | D88: =NRG_NI_E!D$2 -> 0 | E88: =NRG_NI_E!E$2 -> 0 | F88: =NRG_NI_E!F$2 -> 0 | G88: =NRG_NI_E!G$2 -> 0 | H88: =NRG_NI_E!H$2 -> 0 | I88: =NRG_NI_E!I$2 -> 0 | J88: =NRG_NI_E!J$2 -> 0 | ... Z88: =NRG_NI_E!Z$2 -> 0
A89: Coal liquefaction plants | B89: =HYPERLINK("#"&CELL("address",NRG_CL_E!$Z$2),"NRG_CL_E") -> NRG_CL_E | C89: =NRG_CL_E!C$2 -> 0 | D89: =NRG_CL_E!D$2 -> 0 | E89: =NRG_CL_E!E$2 -> 0 | F89: =NRG_CL_E!F$2 -> 0 | G89: =NRG_CL_E!G$2 -> 0 | H89: =NRG_CL_E!H$2 -> 0 | I89: =NRG_CL_E!I$2 -> 0 | J89: =NRG_CL_E!J$2 -> 0 | ... Z89: =NRG_CL_E!Z$2 -> 0
A90: Liquefaction & regasification plants (LNG) | B90: =HYPERLINK("#"&CELL("address",NRG_LNG_E!$Z$2),"NRG_LNG_E") -> NRG_LNG_E | C90: =NRG_LNG_E!C$2 -> 0 | D90: =NRG_LNG_E!D$2 -> 0 | E90: =NRG_LNG_E!E$2 -> 0 | F90: =NRG_LNG_E!F$2 -> 0 | G90: =NRG_LNG_E!G$2 -> 0 | H90: =NRG_LNG_E!H$2 -> 0 | I90: =NRG_LNG_E!I$2 -> 0 | J90: =NRG_LNG_E!J$2 -> 0 | ... Z90: =NRG_LNG_E!Z$2 -> 0
A91: Gasification plants for biogas | B91: =HYPERLINK("#"&CELL("address",NRG_BIOG_E!$Z$2),"NRG_BIOG_E") -> NRG_BIOG_E | C91: =NRG_BIOG_E!C$2 -> 0 | D91: =NRG_BIOG_E!D$2 -> 0 | E91: =NRG_BIOG_E!E$2 -> 0 | F91: =NRG_BIOG_E!F$2 -> 0 | G91: =NRG_BIOG_E!G$2 -> 0 | H91: =NRG_BIOG_E!H$2 -> 0 | I91: =NRG_BIOG_E!I$2 -> 0 | J91: =NRG_BIOG_E!J$2 -> 0 | ... Z91: =NRG_BIOG_E!Z$2 -> 0
A92: Gas-to-liquids (GTL) plants | B92: =HYPERLINK("#"&CELL("address",NRG_GTL_E!$Z$2),"NRG_GTL_E") -> NRG_GTL_E | C92: =NRG_GTL_E!C$2 -> 0 | D92: =NRG_GTL_E!D$2 -> 0 | E92: =NRG_GTL_E!E$2 -> 0 | F92: =NRG_GTL_E!F$2 -> 0 | G92: =NRG_GTL_E!G$2 -> 0 | H92: =NRG_GTL_E!H$2 -> 0 | I92: =NRG_GTL_E!I$2 -> 0 | J92: =NRG_GTL_E!J$2 -> 0 | ... Z92: =NRG_GTL_E!Z$2 -> 0
A93: Charcoal production plants | B93: =HYPERLINK("#"&CELL("address",NRG_CPP_E!$Z$2),"NRG_CPP_E") -> NRG_CPP_E | C93: =NRG_CPP_E!C$2 -> 0 | D93: =NRG_CPP_E!D$2 -> 0 | E93: =NRG_CPP_E!E$2 -> 0 | F93: =NRG_CPP_E!F$2 -> 0 | G93: =NRG_CPP_E!G$2 -> 0 | H93: =NRG_CPP_E!H$2 -> 0 | I93: =NRG_CPP_E!I$2 -> 0 | J93: =NRG_CPP_E!J$2 -> 0 | ... Z93: =NRG_CPP_E!Z$2 -> 0
A94: Not elsewhere specified (energy) | B94: =HYPERLINK("#"&CELL("address",NRG_NSP_E!$Z$2),"NRG_NSP_E") -> NRG_NSP_E | C94: =NRG_NSP_E!C$2 -> 0 | D94: =NRG_NSP_E!D$2 -> 0 | E94: =NRG_NSP_E!E$2 -> 0 | F94: =NRG_NSP_E!F$2 -> 0 | G94: =NRG_NSP_E!G$2 -> 0 | H94: =NRG_NSP_E!H$2 -> 0 | I94: =NRG_NSP_E!I$2 -> 0 | J94: =NRG_NSP_E!J$2 -> 0 | ... Z94: =NRG_NSP_E!Z$2 -> 0
A95: Distribution losses | B95: =HYPERLINK("#"&CELL("address",DL!$Z$2),"DL") -> DL | C95: =DL!C$2 -> 20.206363 | D95: =DL!D$2 -> 22.012038 | E95: =DL!E$2 -> 23.215821 | F95: =DL!F$2 -> 25.27945 | G95: =DL!G$2 -> 25.021496 | H95: =DL!H$2 -> 22.012038 | I95: =DL!I$2 -> 23.731728 | J95: =DL!J$2 -> 26.99914 | ... Z95: =DL!Z$2 -> 15.518831
A96: Available for final consumption | B96: =HYPERLINK("#"&CELL("address",AFC!$Z$2),"AFC") -> AFC | C96: =AFC!C$2 -> 319.33465 | D96: =AFC!D$2 -> 309.11195 | E96: =AFC!E$2 -> 275.19819 | F96: =AFC!F$2 -> 316.74076 | G96: =AFC!G$2 -> 350.4515 | H96: =AFC!H$2 -> 395.93955 | I96: =AFC!I$2 -> 389.4 | J96: =AFC!J$2 -> 396.47016 | ... Z96: =AFC!Z$2 -> 603.96767
A97: Final non-energy consumption | B97: =HYPERLINK("#"&CELL("address",FC_NE!$Z$2),"FC_NE") -> FC_NE | C97: =FC_NE!C$2 -> 0 | D97: =FC_NE!D$2 -> 0 | E97: =FC_NE!E$2 -> 0 | F97: =FC_NE!F$2 -> 0 | G97: =FC_NE!G$2 -> 8.6414445 | H97: =FC_NE!H$2 -> 19.91969 | I97: =FC_NE!I$2 -> 12.467756 | J97: =FC_NE!J$2 -> 9.6016337 | ... Z97: =FC_NE!Z$2 -> 8.1938091
A98: Non-energy use industry/transformation/energy | B98: =HYPERLINK("#"&CELL("address",TI_NRG_FC_IND_NE!$Z$2),"TI_NRG_FC_IND_NE") -> TI_NRG_FC_IND_NE | C98: =TI_NRG_FC_IND_NE!C$2 -> 0 | D98: =TI_NRG_FC_IND_NE!D$2 -> 0 | E98: =TI_NRG_FC_IND_NE!E$2 -> 0 | F98: =TI_NRG_FC_IND_NE!F$2 -> 0 | G98: =TI_NRG_FC_IND_NE!G$2 -> 8.6414445 | H98: =TI_NRG_FC_IND_NE!H$2 -> 19.91969 | I98: =TI_NRG_FC_IND_NE!I$2 -> 12.467756 | J98: =TI_NRG_FC_IND_NE!J$2 -> 9.6016337 | ... Z98: =TI_NRG_FC_IND_NE!Z$2 -> 8.1938091
A99: Non-energy use in transformation sector | B99: =HYPERLINK("#"&CELL("address",TI_NE!$Z$2),"TI_NE") -> TI_NE | C99: =TI_NE!C$2 -> 0 | D99: =TI_NE!D$2 -> 0 | E99: =TI_NE!E$2 -> 0 | F99: =TI_NE!F$2 -> 0 | G99: =TI_NE!G$2 -> 0 | H99: =TI_NE!H$2 -> 0 | I99: =TI_NE!I$2 -> 0 | J99: =TI_NE!J$2 -> 0 | ... Z99: =TI_NE!Z$2 -> 0
A100: Non-energy use in energy sector | B100: =HYPERLINK("#"&CELL("address",NRG_NE!$Z$2),"NRG_NE") -> NRG_NE | C100: =NRG_NE!C$2 -> 0 | D100: =NRG_NE!D$2 -> 0 | E100: =NRG_NE!E$2 -> 0 | F100: =NRG_NE!F$2 -> 0 | G100: =NRG_NE!G$2 -> 0 | H100: =NRG_NE!H$2 -> 0 | I100: =NRG_NE!I$2 -> 0 | J100: =NRG_NE!J$2 -> 0 | ... Z100: =NRG_NE!Z$2 -> 0
...

Sheet PPRD
A1: Primary production | B1: PPRD | C1: 2000 | D1: 2001 | E1: 2002 | F1: 2003 | G1: 2004 | H1: 2005 | I1: 2006 | J1: 2007 | K1: 2008 | L1: 2009 | M1: 2010 | N1: 2011 | O1: 2012 | P1: 2013 | Q1: 2014 | R1: 2015 | S1: 2016 | T1: 2017 | U1: 2018 | V1: 2019 | W1: 2020 | X1: 2021 | Y1: 2022 | Z1: 2023
A2: Total | B2: TOTAL | C2: =SUM(C3,C17,C22,C25,C26,C51,C52,C71,C74,C75,C76) -> 0 | D2: =SUM(D3,D17,D22,D25,D26,D51,D52,D71,D74,D75,D76) -> 0 | E2: =SUM(E3,E17,E22,E25,E26,E51,E52,E71,E74,E75,E76) -> 0.238865 | F2: =SUM(F3,F17,F22,F25,F26,F51,F52,F71,F74,F75,F76) -> 0.31049011 | G2: =SUM(G3,G17,G22,G25,G26,G51,G52,G71,G74,G75,G76) -> 0.40601892 | H2: =SUM(H3,H17,H22,H25,H26,H51,H52,H71,H74,H75,H76) -> 0.52545142 | I2: =SUM(I3,I17,I22,I25,I26,I51,I52,I71,I74,I75,I76) -> 0.64488392 | J2: =SUM(J3,J17,J22,J25,J26,J51,J52,J71,J74,J75,J76) -> 0.78822012 | ... Z2: =SUM(Z3,Z17,Z22,Z25,Z26,Z51,Z52,Z71,Z74,Z75,Z76) -> 54.134738
A3: Solid fossil fuels | B3: C0000X0350-0370 | C3: =SUM(C4,C8,C11) -> 0 | D3: =SUM(D4,D8,D11) -> 0 | E3: =SUM(E4,E8,E11) -> 0 | F3: =SUM(F4,F8,F11) -> 0 | G3: =SUM(G4,G8,G11) -> 0 | H3: =SUM(H4,H8,H11) -> 0 | I3: =SUM(I4,I8,I11) -> 0 | J3: =SUM(J4,J8,J11) -> 0 | ... Z3: =SUM(Z4,Z8,Z11) -> 0
A4: Hard coal | B4: C0100 | C4: =SUM(C5:C7) -> 0 | D4: =SUM(D5:D7) -> 0 | E4: =SUM(E5:E7) -> 0 | F4: =SUM(F5:F7) -> 0 | G4: =SUM(G5:G7) -> 0 | H4: =SUM(H5:H7) -> 0 | I4: =SUM(I5:I7) -> 0 | J4: =SUM(J5:J7) -> 0 | ... Z4: =SUM(Z5:Z7) -> 0
A5: Anthracite | B5: C0110 | C5: 0 | D5: 0 | E5: 0 | F5: 0 | G5: 0 | H5: 0 | I5: 0 | J5: 0 | K5: 0 | L5: 0 | M5: 0 | N5: 0 | O5: 0 | P5: 0 | Q5: 0 | R5: 0 | S5: 0 | T5: 0 | U5: 0 | V5: 0 | W5: 0 | X5: 0 | Y5: 0 | Z5: 0
A6: Coking coal | B6: C0121 | C6: 0 | D6: 0 | E6: 0 | F6: 0 | G6: 0 | H6: 0 | I6: 0 | J6: 0 | K6: 0 | L6: 0 | M6: 0 | N6: 0 | O6: 0 | P6: 0 | Q6: 0 | R6: 0 | S6: 0 | T6: 0 | U6: 0 | V6: 0 | W6: 0 | X6: 0 | Y6: 0 | Z6: 0
A7: Other bituminous coal | B7: C0129 | C7: 0 | D7: 0 | E7: 0 | F7: 0 | G7: 0 | H7: 0 | I7: 0 | J7: 0 | K7: 0 | L7: 0 | M7: 0 | N7: 0 | O7: 0 | P7: 0 | Q7: 0 | R7: 0 | S7: 0 | T7: 0 | U7: 0 | V7: 0 | W7: 0 | X7: 0 | Y7: 0 | Z7: 0
A8: Brown coal | B8: C0200 | C8: =SUM(C9:C10) -> 0 | D8: =SUM(D9:D10) -> 0 | E8: =SUM(E9:E10) -> 0 | F8: =SUM(F9:F10) -> 0 | G8: =SUM(G9:G10) -> 0 | H8: =SUM(H9:H10) -> 0 | I8: =SUM(I9:I10) -> 0 | J8: =SUM(J9:J10) -> 0 | ... Z8: =SUM(Z9:Z10) -> 0
A9: Sub-bituminous coal | B9: C0210 | C9: 0 | D9: 0 | E9: 0 | F9: 0 | G9: 0 | H9: 0 | I9: 0 | J9: 0 | K9: 0 | L9: 0 | M9: 0 | N9: 0 | O9: 0 | P9: 0 | Q9: 0 | R9: 0 | S9: 0 | T9: 0 | U9: 0 | V9: 0 | W9: 0 | X9: 0 | Y9: 0 | Z9: 0
A10: Lignite | B10: C0220 | C10: 0 | D10: 0 | E10: 0 | F10: 0 | G10: 0 | H10: 0 | I10: 0 | J10: 0 | K10: 0 | L10: 0 | M10: 0 | N10: 0 | O10: 0 | P10: 0 | Q10: 0 | R10: 0 | S10: 0 | T10: 0 | U10: 0 | V10: 0 | W10: 0 | X10: 0 | Y10: 0 | Z10: 0
A11: Coal products | B11: C0300 | C11: =SUM(C12:C16) -> 0 | D11: =SUM(D12:D16) -> 0 | E11: =SUM(E12:E16) -> 0 | F11: =SUM(F12:F16) -> 0 | G11: =SUM(G12:G16) -> 0 | H11: =SUM(H12:H16) -> 0 | I11: =SUM(I12:I16) -> 0 | J11: =SUM(J12:J16) -> 0 | ... Z11: =SUM(Z12:Z16) -> 0
A12: Patent fuel | B12: C0320 | C12: 0 | D12: 0 | E12: 0 | F12: 0 | G12: 0 | H12: 0 | I12: 0 | J12: 0 | K12: 0 | L12: 0 | M12: 0 | N12: 0 | O12: 0 | P12: 0 | Q12: 0 | R12: 0 | S12: 0 | T12: 0 | U12: 0 | V12: 0 | W12: 0 | X12: 0 | Y12: 0 | Z12: 0
A13: Coke oven coke | B13: C0311 | C13: 0 | D13: 0 | E13: 0 | F13: 0 | G13: 0 | H13: 0 | I13: 0 | J13: 0 | K13: 0 | L13: 0 | M13: 0 | N13: 0 | O13: 0 | P13: 0 | Q13: 0 | R13: 0 | S13: 0 | T13: 0 | U13: 0 | V13: 0 | W13: 0 | X13: 0 | Y13: 0 | Z13: 0
A14: Gas coke | B14: C0312 | C14: 0 | D14: 0 | E14: 0 | F14: 0 | G14: 0 | H14: 0 | I14: 0 | J14: 0 | K14: 0 | L14: 0 | M14: 0 | N14: 0 | O14: 0 | P14: 0 | Q14: 0 | R14: 0 | S14: 0 | T14: 0 | U14: 0 | V14: 0 | W14: 0 | X14: 0 | Y14: 0 | Z14: 0
A15: Coal tar | B15: C0340 | C15: 0 | D15: 0 | E15: 0 | F15: 0 | G15: 0 | H15: 0 | I15: 0 | J15: 0 | K15: 0 | L15: 0 | M15: 0 | N15: 0 | O15: 0 | P15: 0 | Q15: 0 | R15: 0 | S15: 0 | T15: 0 | U15: 0 | V15: 0 | W15: 0 | X15: 0 | Y15: 0 | Z15: 0
A16: Brown coal briquettes | B16: C0330 | C16: 0 | D16: 0 | E16: 0 | F16: 0 | G16: 0 | H16: 0 | I16: 0 | J16: 0 | K16: 0 | L16: 0 | M16: 0 | N16: 0 | O16: 0 | P16: 0 | Q16: 0 | R16: 0 | S16: 0 | T16: 0 | U16: 0 | V16: 0 | W16: 0 | X16: 0 | Y16: 0 | Z16: 0
A17: Manufactured gases | B17: C0350-0370 | C17: =SUM(C18:C21) -> 0 | D17: =SUM(D18:D21) -> 0 | E17: =SUM(E18:E21) -> 0 | F17: =SUM(F18:F21) -> 0 | G17: =SUM(G18:G21) -> 0 | H17: =SUM(H18:H21) -> 0 | I17: =SUM(I18:I21) -> 0 | J17: =SUM(J18:J21) -> 0 | ... Z17: =SUM(Z18:Z21) -> 0
A18: Gas works gas | B18: C0360 | C18: 0 | D18: 0 | E18: 0 | F18: 0 | G18: 0 | H18: 0 | I18: 0 | J18: 0 | K18: 0 | L18: 0 | M18: 0 | N18: 0 | O18: 0 | P18: 0 | Q18: 0 | R18: 0 | S18: 0 | T18: 0 | U18: 0 | V18: 0 | W18: 0 | X18: 0 | Y18: 0 | Z18: 0
A19: Coke oven gas | B19: C0350 | C19: 0 | D19: 0 | E19: 0 | F19: 0 | G19: 0 | H19: 0 | I19: 0 | J19: 0 | K19: 0 | L19: 0 | M19: 0 | N19: 0 | O19: 0 | P19: 0 | Q19: 0 | R19: 0 | S19: 0 | T19: 0 | U19: 0 | V19: 0 | W19: 0 | X19: 0 | Y19: 0 | Z19: 0
A20: Blast furnace gas | B20: C0371 | C20: 0 | D20: 0 | E20: 0 | F20: 0 | G20: 0 | H20: 0 | I20: 0 | J20: 0 | K20: 0 | L20: 0 | M20: 0 | N20: 0 | O20: 0 | P20: 0 | Q20: 0 | R20: 0 | S20: 0 | T20: 0 | U20: 0 | V20: 0 | W20: 0 | X20: 0 | Y20: 0 | Z20: 0
A21: Other recovered gases | B21: C0379 | C21: 0 | D21: 0 | E21: 0 | F21: 0 | G21: 0 | H21: 0 | I21: 0 | J21: 0 | K21: 0 | L21: 0 | M21: 0 | N21: 0 | O21: 0 | P21: 0 | Q21: 0 | R21: 0 | S21: 0 | T21: 0 | U21: 0 | V21: 0 | W21: 0 | X21: 0 | Y21: 0 | Z21: 0
A22: Peat and peat products | B22: P1000 | C22: =SUM(C23:C24) -> 0 | D22: =SUM(D23:D24) -> 0 | E22: =SUM(E23:E24) -> 0 | F22: =SUM(F23:F24) -> 0 | G22: =SUM(G23:G24) -> 0 | H22: =SUM(H23:H24) -> 0 | I22: =SUM(I23:I24) -> 0 | J22: =SUM(J23:J24) -> 0 | ... Z22: =SUM(Z23:Z24) -> 0
A23: Peat | B23: P1100 | C23: 0 | D23: 0 | E23: 0 | F23: 0 | G23: 0 | H23: 0 | I23: 0 | J23: 0 | K23: 0 | L23: 0 | M23: 0 | N23: 0 | O23: 0 | P23: 0 | Q23: 0 | R23: 0 | S23: 0 | T23: 0 | U23: 0 | V23: 0 | W23: 0 | X23: 0 | Y23: 0 | Z23: 0
A24: Peat products | B24: P1200 | C24: 0 | D24: 0 | E24: 0 | F24: 0 | G24: 0 | H24: 0 | I24: 0 | J24: 0 | K24: 0 | L24: 0 | M24: 0 | N24: 0 | O24: 0 | P24: 0 | Q24: 0 | R24: 0 | S24: 0 | T24: 0 | U24: 0 | V24: 0 | W24: 0 | X24: 0 | Y24: 0 | Z24: 0
A25: Oil shale and oil sands | B25: S2000 | C25: 0 | D25: 0 | E25: 0 | F25: 0 | G25: 0 | H25: 0 | I25: 0 | J25: 0 | K25: 0 | L25: 0 | M25: 0 | N25: 0 | O25: 0 | P25: 0 | Q25: 0 | R25: 0 | S25: 0 | T25: 0 | U25: 0 | V25: 0 | W25: 0 | X25: 0 | Y25: 0 | Z25: 0
A26: Oil and petroleum products | B26: O4000XBIO | C26: =SUM(C27,C33) -> 0 | D26: =SUM(D27,D33) -> 0 | E26: =SUM(E27,E33) -> 0 | F26: =SUM(F27,F33) -> 0 | G26: =SUM(G27,G33) -> 0 | H26: =SUM(H27,H33) -> 0 | I26: =SUM(I27,I33) -> 0 | J26: =SUM(J27,J33) -> 0 | ... Z26: =SUM(Z27,Z33) -> 0
A27: Crude oil, NGL, refinery feedstocks, additives and oxygenates and other hydrocarbons (excluding biofuel portion) | B27: O4100_TOT_4200-4500XBIO | C27: =SUM(C28:C32) -> 0 | D27: =SUM(D28:D32) -> 0 | E27: =SUM(E28:E32) -> 0 | F27: =SUM(F28:F32) -> 0 | G27: =SUM(G28:G32) -> 0 | H27: =SUM(H28:H32) -> 0 | I27: =SUM(I28:I32) -> 0 | J27: =SUM(J28:J32) -> 0 | ... Z27: =SUM(Z28:Z32) -> 0
A28: Crude oil | B28: O4100_TOT | C28: 0 | D28: 0 | E28: 0 | F28: 0 | G28: 0 | H28: 0 | I28: 0 | J28: 0 | K28: 0 | L28: 0 | M28: 0 | N28: 0 | O28: 0 | P28: 0 | Q28: 0 | R28: 0 | S28: 0 | T28: 0 | U28: 0 | V28: 0 | W28: 0 | X28: 0 | Y28: 0 | Z28: 0
A29: Natural gas liquids | B29: O4200 | C29: 0 | D29: 0 | E29: 0 | F29: 0 | G29: 0 | H29: 0 | I29: 0 | J29: 0 | K29: 0 | L29: 0 | M29: 0 | N29: 0 | O29: 0 | P29: 0 | Q29: 0 | R29: 0 | S29: 0 | T29: 0 | U29: 0 | V29: 0 | W29: 0 | X29: 0 | Y29: 0 | Z29: 0
A30: Refinery feedstocks | B30: O4300 | C30: 0 | D30: 0 | E30: 0 | F30: 0 | G30: 0 | H30: 0 | I30: 0 | J30: 0 | K30: 0 | L30: 0 | M30: 0 | N30: 0 | O30: 0 | P30: 0 | Q30: 0 | R30: 0 | S30: 0 | T30: 0 | U30: 0 | V30: 0 | W30: 0 | X30: 0 | Y30: 0 | Z30: 0
A31: Additives and oxygenates (excluding biofuel portion) | B31: O4400X4410 | C31: 0 | D31: 0 | E31: 0 | F31: 0 | G31: 0 | H31: 0 | I31: 0 | J31: 0 | K31: 0 | L31: 0 | M31: 0 | N31: 0 | O31: 0 | P31: 0 | Q31: 0 | R31: 0 | S31: 0 | T31: 0 | U31: 0 | V31: 0 | W31: 0 | X31: 0 | Y31: 0 | Z31: 0
A32: Other hydrocarbons | B32: O4500 | C32: 0 | D32: 0 | E32: 0 | F32: 0 | G32: 0 | H32: 0 | I32: 0 | J32: 0 | K32: 0 | L32: 0 | M32: 0 | N32: 0 | O32: 0 | P32: 0 | Q32: 0 | R32: 0 | S32: 0 | T32: 0 | U32: 0 | V32: 0 | W32: 0 | X32: 0 | Y32: 0 | Z32: 0
A33: Oil products (excluding biofuel portion) | B33: O4600XBIO | C33: =SUM(C34:C50) -> 0 | D33: =SUM(D34:D50) -> 0 | E33: =SUM(E34:E50) -> 0 | F33: =SUM(F34:F50) -> 0 | G33: =SUM(G34:G50) -> 0 | H33: =SUM(H34:H50) -> 0 | I33: =SUM(I34:I50) -> 0 | J33: =SUM(J34:J50) -> 0 | ... Z33: =SUM(Z34:Z50) -> 0
A34: Refinery gas | B34: O4610 | C34: 0 | D34: 0 | E34: 0 | F34: 0 | G34: 0 | H34: 0 | I34: 0 | J34: 0 | K34: 0 | L34: 0 | M34: 0 | N34: 0 | O34: 0 | P34: 0 | Q34: 0 | R34: 0 | S34: 0 | T34: 0 | U34: 0 | V34: 0 | W34: 0 | X34: 0 | Y34: 0 | Z34: 0
A35: Ethane | B35: O4620 | C35: 0 | D35: 0 | E35: 0 | F35: 0 | G35: 0 | H35: 0 | I35: 0 | J35: 0 | K35: 0 | L35: 0 | M35: 0 | N35: 0 | O35: 0 | P35: 0 | Q35: 0 | R35: 0 | S35: 0 | T35: 0 | U35: 0 | V35: 0 | W35: 0 | X35: 0 | Y35: 0 | Z35: 0
A36: Liquefied petroleum gases | B36: O4630 | C36: 0 | D36: 0 | E36: 0 | F36: 0 | G36: 0 | H36: 0 | I36: 0 | J36: 0 | K36: 0 | L36: 0 | M36: 0 | N36: 0 | O36: 0 | P36: 0 | Q36: 0 | R36: 0 | S36: 0 | T36: 0 | U36: 0 | V36: 0 | W36: 0 | X36: 0 | Y36: 0 | Z36: 0
A37: Motor gasoline (excluding biofuel portion) | B37: O4652XR5210B | C37: 0 | D37: 0 | E37: 0 | F37: 0 | G37: 0 | H37: 0 | I37: 0 | J37: 0 | K37: 0 | L37: 0 | M37: 0 | N37: 0 | O37: 0 | P37: 0 | Q37: 0 | R37: 0 | S37: 0 | T37: 0 | U37: 0 | V37: 0 | W37: 0 | X37: 0 | Y37: 0 | Z37: 0
A38: Aviation gasoline | B38: O4651 | C38: 0 | D38: 0 | E38: 0 | F38: 0 | G38: 0 | H38: 0 | I38: 0 | J38: 0 | K38: 0 | L38: 0 | M38: 0 | N38: 0 | O38: 0 | P38: 0 | Q38: 0 | R38: 0 | S38: 0 | T38: 0 | U38: 0 | V38: 0 | W38: 0 | X38: 0 | Y38: 0 | Z38: 0
A39: Gasoline-type jet fuel | B39: O4653 | C39: 0 | D39: 0 | E39: 0 | F39: 0 | G39: 0 | H39: 0 | I39: 0 | J39: 0 | K39: 0 | L39: 0 | M39: 0 | N39: 0 | O39: 0 | P39: 0 | Q39: 0 | R39: 0 | S39: 0 | T39: 0 | U39: 0 | V39: 0 | W39: 0 | X39: 0 | Y39: 0 | Z39: 0
A40: Kerosene-type jet fuel (excluding biofuel portion) | B40: O4661XR5230B | C40: 0 | D40: 0 | E40: 0 | F40: 0 | G40: 0 | H40: 0 | I40: 0 | J40: 0 | K40: 0 | L40: 0 | M40: 0 | N40: 0 | O40: 0 | P40: 0 | Q40: 0 | R40: 0 | S40: 0 | T40: 0 | U40: 0 | V40: 0 | W40: 0 | X40: 0 | Y40: 0 | Z40: 0
A41: Other kerosene | B41: O4669 | C41: 0 | D41: 0 | E41: 0 | F41: 0 | G41: 0 | H41: 0 | I41: 0 | J41: 0 | K41: 0 | L41: 0 | M41: 0 | N41: 0 | O41: 0 | P41: 0 | Q41: 0 | R41: 0 | S41: 0 | T41: 0 | U41: 0 | V41: 0 | W41: 0 | X41: 0 | Y41: 0 | Z41: 0
A42: Naphtha | B42: O4640 | C42: 0 | D42: 0 | E42: 0 | F42: 0 | G42: 0 | H42: 0 | I42: 0 | J42: 0 | K42: 0 | L42: 0 | M42: 0 | N42: 0 | O42: 0 | P42: 0 | Q42: 0 | R42: 0 | S42: 0 | T42: 0 | U42: 0 | V42: 0 | W42: 0 | X42: 0 | Y42: 0 | Z42: 0
A43: Gas oil and diesel oil (excluding biofuel portion) | B43: O4671XR5220B | C43: 0 | D43: 0 | E43: 0 | F43: 0 | G43: 0 | H43: 0 | I43: 0 | J43: 0 | K43: 0 | L43: 0 | M43: 0 | N43: 0 | O43: 0 | P43: 0 | Q43: 0 | R43: 0 | S43: 0 | T43: 0 | U43: 0 | V43: 0 | W43: 0 | X43: 0 | Y43: 0 | Z43: 0
A44: Fuel oil | B44: O4680 | C44: 0 | D44: 0 | E44: 0 | F44: 0 | G44: 0 | H44: 0 | I44: 0 | J44: 0 | K44: 0 | L44: 0 | M44: 0 | N44: 0 | O44: 0 | P44: 0 | Q44: 0 | R44: 0 | S44: 0 | T44: 0 | U44: 0 | V44: 0 | W44: 0 | X44: 0 | Y44: 0 | Z44: 0
A45: White spirit and special boiling point industrial spirits | B45: O4691 | C45: 0 | D45: 0 | E45: 0 | F45: 0 | G45: 0 | H45: 0 | I45: 0 | J45: 0 | K45: 0 | L45: 0 | M45: 0 | N45: 0 | O45: 0 | P45: 0 | Q45: 0 | R45: 0 | S45: 0 | T45: 0 | U45: 0 | V45: 0 | W45: 0 | X45: 0 | Y45: 0 | Z45: 0
... A51: Natural gas | B51: G3000 | C51: 0 | D51: 0 | E51: 0 | F51: 0 | G51: 0 | H51: 0 | I51: 0 | J51: 0 | K51: 0 | L51: 0 | M51: 0 | N51: 0 | O51: 0 | P51: 0 | Q51: 0 | R51: 0 | S51: 0 | T51: 0 | U51: 0 | V51: 0 | W51: 0 | X51: 0 | Y51: 0 | Z51: 0
A52: Renewables and biofuels | B52: RA000 | C52: =SUM(C53:C70) -> 0 | D52: =SUM(D53:D70) -> 0 | E52: =SUM(E53:E70) -> 0.238865 | F52: =SUM(F53:F70) -> 0.31049011 | G52: =SUM(G53:G70) -> 0.40601892 | H52: =SUM(H53:H70) -> 0.52545142 | I52: =SUM(I53:I70) -> 0.64488392 | J52: =SUM(J53:J70) -> 0.78822012 | ... Z52: =SUM(Z53:Z70) -> 54.134738
A53: Hydro | B53: RA100 | C53: 0 | D53: 0 | E53: 0 | F53: 0 | G53: 0 | H53: 0 | I53: 0 | J53: 0 | K53: 0 | L53: 0 | M53: 0 | N53: 0 | O53: 0 | P53: 0 | Q53: 0 | R53: 0 | S53: 0 | T53: 0 | U53: 0 | V53: 0 | W53: 0 | X53: 0 | Y53: 0 | Z53: 0
A54: Tide, wave, ocean | B54: RA500 | C54: 0 | D54: 0 | E54: 0 | F54: 0 | G54: 0 | H54: 0 | I54: 0 | J54: 0 | K54: 0 | L54: 0 | M54: 0 | N54: 0 | O54: 0 | P54: 0 | Q54: 0 | R54: 0 | S54: 0 | T54: 0 | U54: 0 | V54: 0 | W54: 0 | X54: 0 | Y54: 0 | Z54: 0
A55: Wind | B55: RA300 | C55: 0 | D55: 0 | E55: 0 | F55: 0 | G55: 0 | H55: 0 | I55: 0 | J55: 0 | K55: 0 | L55: 0 | M55: 0 | N55: 0 | O55: 0.0064488392 | P55: 0.0073086844 | Q55: 0.0049871023 | R55: 0.0049871023 | S55: 0.0049871023 | T55: 0.0049871023 | U55: 0.0049871023 | V55: 0.0049871023 | W55: 0.0049871023 | X55: 0.0049871023 | Y55: 0.0049871023 | Z55: 0.0028374893
A56: Solar photovoltaic | B56: RA420 | C56: 0 | D56: 0 | E56: 0 | F56: 0 | G56: 0 | H56: 0 | I56: 0 | J56: 0 | K56: 0 | L56: 0 | M56: 0.058469475 | N56: 0.42906277 | O56: 1.4350817 | P56: 2.5339639 | Q56: 5.8796217 | R56: 8.1676698 | S56: 10.996131 | T56: 13.951935 | U56: 16.335426 | V56: 16.800172 | W56: 20.36681 | X56: 21.990886 | Y56: 24.883577 | Z56: 26.566036
A57: Solar thermal | B57: RA410 | C57: 0 | D57: 0 | E57: 0.238865 | F57: 0.31049011 | G57: 0.40601892 | H57: 0.52545142 | I57: 0.64488392 | J57: 0.78822012 | K57: 0.90765262 | L57: 0.93147034 | M57: 3.5772141 | N57: 3.7842648 | O57: 4.1453998 | P57: 4.3663801 | Q57: 4.638865 | R57: 4.805589 | S57: 4.9441101 | T57: 4.988736 | U57: 5.0306105 | V57: 5.0680997 | W57: 5.1151333 | X57: 3.599828 | Y57: 3.2095443 | Z57: 2.8872743
A58: Geothermal | B58: RA200 | C58: 0 | D58: 0 | E58: 0 | F58: 0 | G58: 0 | H58: 0 | I58: 0 | J58: 0 | K58: 0 | L58: 0 | M58: 0 | N58: 0 | O58: 0 | P58: 0 | Q58: 0 | R58: 0 | S58: 0 | T58: 0 | U58: 0 | V58: 0 | W58: 0 | X58: 0 | Y58: 0 | Z58: 0
A59: Primary solid biofuels | B59: R5110-5150_W6000RI | C59: 0 | D59: 0 | E59: 0 | F59: 0 | G59: 0 | H59: 0 | I59: 0 | J59: 0 | K59: 0 | L59: 0 | M59: 0 | N59: 0 | O59: 0 | P59: 0 | Q59: 0 | R59: 0 | S59: 0 | T59: 0 | U59: 0 | V59: 0 | W59: 0 | X59: 0 | Y59: 0 | Z59: 0
A60: Charcoal | B60: R5160 | C60: 0 | D60: 0 | E60: 0 | F60: 0 | G60: 0 | H60: 0 | I60: 0 | J60: 0 | K60: 0 | L60: 0 | M60: 0 | N60: 0 | O60: 0 | P60: 0 | Q60: 0 | R60: 0 | S60: 0 | T60: 0 | U60: 0 | V60: 0 | W60: 0 | X60: 0 | Y60: 0 | Z60: 0
A61: Biogases | B61: R5300 | C61: 0 | D61: 0 | E61: 0 | F61: 0 | G61: 0 | H61: 0 | I61: 0 | J61: 0 | K61: 0 | L61: 0 | M61: 0.1433362 | N61: 1.4092003 | O61: 2.2212382 | P61: 1.4092003 | Q61: 1.7435942 | R61: 1.839123 | S61: 1.9107481 | T61: 1.839123 | U61: 1.6679278 | V61: 1.7527085 | W61: 1.4425623 | X61: 1.9245916 | Y61: 1.9546002 | Z61: 2.6013758
A62: Renewable municipal waste | B62: W6210 | C62: 0 | D62: 0 | E62: 0 | F62: 0 | G62: 0 | H62: 0 | I62: 0 | J62: 0 | K62: 0 | L62: 0 | M62: 0 | N62: 0 | O62: 0 | P62: 0 | Q62: 0 | R62: 0 | S62: 0 | T62: 0 | U62: 0 | V62: 0 | W62: 0 | X62: 0 | Y62: 0 | Z62: 0
A63: Pure biogasoline | B63: R5210P | C63: 0 | D63: 0 | E63: 0 | F63: 0 | G63: 0 | H63: 0 | I63: 0 | J63: 0 | K63: 0 | L63: 0 | M63: 0 | N63: 0 | O63: 0 | P63: 0 | Q63: 0 | R63: 0 | S63: 0 | T63: 0 | U63: 0 | V63: 0 | W63: 0 | X63: 0 | Y63: 0 | Z63: 0
A64: Blended biogasoline | B64: R5210B | C64: 0 | D64: 0 | E64: 0 | F64: 0 | G64: 0 | H64: 0 | I64: 0 | J64: 0 | K64: 0 | L64: 0 | M64: 0 | N64: 0 | O64: 0 | P64: 0 | Q64: 0 | R64: 0 | S64: 0 | T64: 0 | U64: 0 | V64: 0 | W64: 0 | X64: 0 | Y64: 0 | Z64: 0
... A70: Ambient heat (heat pumps) | B70: RA600 | C70: 0 | D70: 0 | E70: 0 | F70: 0 | G70: 0 | H70: 0 | I70: 0 | J70: 0 | K70: 0 | L70: 0 | M70: 0 | N70: 0 | O70: 0 | P70: 0 | Q70: 0 | R70: 0 | S70: 0 | T70: 9.4978504 | U70: 10.523388 | V70: 12.555804 | W70: 14.482631 | X70: 17.731298 | Y70: 20.016509 | Z70: 22.077214
A71: Non-renewable waste | B71: W6100_6220 | C71: =SUM(C72:C73) -> 0 | D71: =SUM(D72:D73) -> 0 | E71: =SUM(E72:E73) -> 0 | F71: =SUM(F72:F73) -> 0 | G71: =SUM(G72:G73) -> 0 | H71: =SUM(H72:H73) -> 0 | I71: =SUM(I72:I73) -> 0 | J71: =SUM(J72:J73) -> 0 | ... Z71: =SUM(Z72:Z73) -> 0
A72: Industrial waste (non-renewable) | B72: W6100 | C72: 0 | D72: 0 | E72: 0 | F72: 0 | G72: 0 | H72: 0 | I72: 0 | J72: 0 | K72: 0 | L72: 0 | M72: 0 | N72: 0 | O72: 0 | P72: 0 | Q72: 0 | R72: 0 | S72: 0 | T72: 0 | U72: 0 | V72: 0 | W72: 0 | X72: 0 | Y72: 0 | Z72: 0
A73: Non-renewable municipal waste | B73: W6220 | C73: 0 | D73: 0 | E73: 0 | F73: 0 | G73: 0 | H73: 0 | I73: 0 | J73: 0 | K73: 0 | L73: 0 | M73: 0 | N73: 0 | O73: 0 | P73: 0 | Q73: 0 | R73: 0 | S73: 0 | T73: 0 | U73: 0 | V73: 0 | W73: 0 | X73: 0 | Y73: 0 | Z73: 0
A74: Nuclear heat | B74: N900H | C74: 0 | D74: 0 | E74: 0 | F74: 0 | G74: 0 | H74: 0 | I74: 0 | J74: 0 | K74: 0 | L74: 0 | M74: 0 | N74: 0 | O74: 0 | P74: 0 | Q74: 0 | R74: 0 | S74: 0 | T74: 0 | U74: 0 | V74: 0 | W74: 0 | X74: 0 | Y74: 0 | Z74: 0
A75: Heat | B75: H8000 | C75: 0 | D75: 0 | E75: 0 | F75: 0 | G75: 0 | H75: 0 | I75: 0 | J75: 0 | K75: 0 | L75: 0 | M75: 0 | N75: 0 | O75: 0 | P75: 0 | Q75: 0 | R75: 0 | S75: 0 | T75: 0 | U75: 0 | V75: 0 | W75: 0 | X75: 0 | Y75: 0 | Z75: 0
A76: Electricity | B76: E7000 | C76: 0 | D76: 0 | E76: 0 | F76: 0 | G76: 0 | H76: 0 | I76: 0 | J76: 0 | K76: 0 | L76: 0 | M76: 0 | N76: 0 | O76: 0 | P76: 0 | Q76: 0 | R76: 0 | S76: 0 | T76: 0 | U76: 0 | V76: 0 | W76: 0 | X76: 0 | Y76: 0 | Z76: 0

Sheet RCV_RCY
A1: Recovered & recycled products | B1: RCV_RCY | C1: 2000 | D1: 2001 | E1: 2002 | F1: 2003 | G1: 2004 | H1: 2005 | I1: 2006 | J1: 2007 | K1: 2008 | L1: 2009 | M1: 2010 | N1: 2011 | O1: 2012 | P1: 2013 | Q1: 2014 | R1: 2015 | S1: 2016 | T1: 2017 | U1: 2018 | V1: 2019 | W1: 2020 | X1: 2021 | Y1: 2022 | Z1: 2023
A2: Total | B2: TOTAL | C2: =SUM(C3,C17,C22,C25,C26,C51,C52,C71,C74,C75,C76) -> 0 | D2: =SUM(D3,D17,D22,D25,D26,D51,D52,D71,D74,D75,D76) -> 0 | E2: =SUM(E3,E17,E22,E25,E26,E51,E52,E71,E74,E75,E76) -> 0 | F2: =SUM(F3,F17,F22,F25,F26,F51,F52,F71,F74,F75,F76) -> 0 | G2: =SUM(G3,G17,G22,G25,G26,G51,G52,G71,G74,G75,G76) -> 0 | H2: =SUM(H3,H17,H22,H25,H26,H51,H52,H71,H74,H75,H76) -> 0 | I2: =SUM(I3,I17,I22,I25,I26,I51,I52,I71,I74,I75,I76) -> 0 | J2: =SUM(J3,J17,J22,J25,J26,J51,J52,J71,J74,J75,J76) -> 0 | ... Z2: =SUM(Z3,Z17,Z22,Z25,Z26,Z51,Z52,Z71,Z74,Z75,Z76) -> 0
A3: Solid fossil fuels | B3: C0000X0350-0370 | C3: =SUM(C4,C8,C11) -> 0 | D3: =SUM(D4,D8,D11) -> 0 | E3: =SUM(E4,E8,E11) -> 0 | F3: =SUM(F4,F8,F11) -> 0 | G3: =SUM(G4,G8,G11) -> 0 | H3: =SUM(H4,H8,H11) -> 0 | I3: =SUM(I4,I8,I11) -> 0 | J3: =SUM(J4,J8,J11) -> 0 | ... Z3: =SUM(Z4,Z8,Z11) -> 0
A4: Hard coal | B4: C0100 | C4: =SUM(C5:C7) -> 0 | D4: =SUM(D5:D7) -> 0 | E4: =SUM(E5:E7) -> 0 | F4: =SUM(F5:F7) -> 0 | G4: =SUM(G5:G7) -> 0 | H4: =SUM(H5:H7) -> 0 | I4: =SUM(I5:I7) -> 0 | J4: =SUM(J5:J7) -> 0 | ... Z4: =SUM(Z5:Z7) -> 0
A5: Anthracite | B5: C0110 | C5: 0 | D5: 0 | E5: 0 | F5: 0 | G5: 0 | H5: 0 | I5: 0 | J5: 0 | K5: 0 | L5: 0 | M5: 0 | N5: 0 | O5: 0 | P5: 0 | Q5: 0 | R5: 0 | S5: 0 | T5: 0 | U5: 0 | V5: 0 | W5: 0 | X5: 0 | Y5: 0 | Z5: 0
A6: Coking coal | B6: C0121 | C6: 0 | D6: 0 | E6: 0 | F6: 0 | G6: 0 | H6: 0 | I6: 0 | J6: 0 | K6: 0 | L6: 0 | M6: 0 | N6: 0 | O6: 0 | P6: 0 | Q6: 0 | R6: 0 | S6: 0 | T6: 0 | U6: 0 | V6: 0 | W6: 0 | X6: 0 | Y6: 0 | Z6: 0
A7: Other bituminous coal | B7: C0129 | C7: 0 | D7: 0 | E7: 0 | F7: 0 | G7: 0 | H7: 0 | I7: 0 | J7: 0 | K7: 0 | L7: 0 | M7: 0 | N7: 0 | O7: 0 | P7: 0 | Q7: 0 | R7: 0 | S7: 0 | T7: 0 | U7: 0 | V7: 0 | W7: 0 | X7: 0 | Y7: 0 | Z7: 0
A8: Brown coal | B8: C0200 | C8: =SUM(C9:C10) -> 0 | D8: =SUM(D9:D10) -> 0 | E8: =SUM(E9:E10) -> 0 | F8: =SUM(F9:F10) -> 0 | G8: =SUM(G9:G10) -> 0 | H8: =SUM(H9:H10) -> 0 | I8: =SUM(I9:I10) -> 0 | J8: =SUM(J9:J10) -> 0 | ... Z8: =SUM(Z9:Z10) -> 0
A9: Sub-bituminous coal | B9: C0210 | C9: 0 | D9: 0 | E9: 0 | F9: 0 | G9: 0 | H9: 0 | I9: 0 | J9: 0 | K9: 0 | L9: 0 | M9: 0 | N9: 0 | O9: 0 | P9: 0 | Q9: 0 | R9: 0 | S9: 0 | T9: 0 | U9: 0 | V9: 0 | W9: 0 | X9: 0 | Y9: 0 | Z9: 0
A10: Lignite | B10: C0220 | C10: 0 | D10: 0 | E10: 0 | F10: 0 | G10: 0 | H10: 0 | I10: 0 | J10: 0 | K10: 0 | L10: 0 | M10: 0 | N10: 0 | O10: 0 | P10: 0 | Q10: 0 | R10: 0 | S10: 0 | T10: 0 | U10: 0 | V10: 0 | W10: 0 | X10: 0 | Y10: 0 | Z10: 0
A11: Coal products | B11: C0300 | C11: =SUM(C12:C16) -> 0 | D11: =SUM(D12:D16) -> 0 | E11: =SUM(E12:E16) -> 0 | F11: =SUM(F12:F16) -> 0 | G11: =SUM(G12:G16) -> 0 | H11: =SUM(H12:H16) -> 0 | I11: =SUM(I12:I16) -> 0 | J11: =SUM(J12:J16) -> 0 | ... Z11: =SUM(Z12:Z16) -> 0
A12: Patent fuel | B12: C0320 | C12: 0 | D12: 0 | E12: 0 | F12: 0 | G12: 0 | H12: 0 | I12: 0 | J12: 0 | K12: 0 | L12: 0 | M12: 0 | N12: 0 | O12: 0 | P12: 0 | Q12: 0 | R12: 0 | S12: 0 | T12: 0 | U12: 0 | V12: 0 | W12: 0 | X12: 0 | Y12: 0 | Z12: 0
A13: Coke oven coke | B13: C0311 | C13: 0 | D13: 0 | E13: 0 | F13: 0 | G13: 0 | H13: 0 | I13: 0 | J13: 0 | K13: 0 | L13: 0 | M13: 0 | N13: 0 | O13: 0 | P13: 0 | Q13: 0 | R13: 0 | S13: 0 | T13: 0 | U13: 0 | V13: 0 | W13: 0 | X13: 0 | Y13: 0 | Z13: 0
A14: Gas coke | B14: C0312 | C14: 0 | D14: 0 | E14: 0 | F14: 0 | G14: 0 | H14: 0 | I14: 0 | J14: 0 | K14: 0 | L14: 0 | M14: 0 | N14: 0 | O14: 0 | P14: 0 | Q14: 0 | R14: 0 | S14: 0 | T14: 0 | U14: 0 | V14: 0 | W14: 0 | X14: 0 | Y14: 0 | Z14: 0
A15: Coal tar | B15: C0340 | C15: 0 | D15: 0 | E15: 0 | F15: 0 | G15: 0 | H15: 0 | I15: 0 | J15: 0 | K15: 0 | L15: 0 | M15: 0 | N15: 0 | O15: 0 | P15: 0 | Q15: 0 | R15: 0 | S15: 0 | T15: 0 | U15: 0 | V15: 0 | W15: 0 | X15: 0 | Y15: 0 | Z15: 0
A16: Brown coal briquettes | B16: C0330 | C16: 0 | D16: 0 | E16: 0 | F16: 0 | G16: 0 | H16: 0 | I16: 0 | J16: 0 | K16: 0 | L16: 0 | M16: 0 | N16: 0 | O16: 0 | P16: 0 | Q16: 0 | R16: 0 | S16: 0 | T16: 0 | U16: 0 | V16: 0 | W16: 0 | X16: 0 | Y16: 0 | Z16: 0
A17: Manufactured gases | B17: C0350-0370 | C17: =SUM(C18:C21) -> 0 | D17: =SUM(D18:D21) -> 0 | E17: =SUM(E18:E21) -> 0 | F17: =SUM(F18:F21) -> 0 | G17: =SUM(G18:G21) -> 0 | H17: =SUM(H18:H21) -> 0 | I17: =SUM(I18:I21) -> 0 | J17: =SUM(J18:J21) -> 0 | ... Z17: =SUM(Z18:Z21) -> 0
A18: Gas works gas | B18: C0360 | C18: 0 | D18: 0 | E18: 0 | F18: 0 | G18: 0 | H18: 0 | I18: 0 | J18: 0 | K18: 0 | L18: 0 | M18: 0 | N18: 0 | O18: 0 | P18: 0 | Q18: 0 | R18: 0 | S18: 0 | T18: 0 | U18: 0 | V18: 0 | W18: 0 | X18: 0 | Y18: 0 | Z18: 0
A19: Coke oven gas | B19: C0350 | C19: 0 | D19: 0 | E19: 0 | F19: 0 | G19: 0 | H19: 0 | I19: 0 | J19: 0 | K19: 0 | L19: 0 | M19: 0 | N19: 0 | O19: 0 | P19: 0 | Q19: 0 | R19: 0 | S19: 0 | T19: 0 | U19: 0 | V19: 0 | W19: 0 | X19: 0 | Y19: 0 | Z19: 0
A20: Blast furnace gas | B20: C0371 | C20: 0 | D20: 0 | E20: 0 | F20: 0 | G20: 0 | H20: 0 | I20: 0 | J20: 0 | K20: 0 | L20: 0 | M20: 0 | N20: 0 | O20: 0 | P20: 0 | Q20: 0 | R20: 0 | S20: 0 | T20: 0 | U20: 0 | V20: 0 | W20: 0 | X20: 0 | Y20: 0 | Z20: 0
A21: Other recovered gases | B21: C0379 | C21: 0 | D21: 0 | E21: 0 | F21: 0 | G21: 0 | H21: 0 | I21: 0 | J21: 0 | K21: 0 | L21: 0 | M21: 0 | N21: 0 | O21: 0 | P21: 0 | Q21: 0 | R21: 0 | S21: 0 | T21: 0 | U21: 0 | V21: 0 | W21: 0 | X21: 0 | Y21: 0 | Z21: 0
A22: Peat and peat products | B22: P1000 | C22: =SUM(C23:C24) -> 0 | D22: =SUM(D23:D24) -> 0 | E22: =SUM(E23:E24) -> 0 | F22: =SUM(F23:F24) -> 0 | G22: =SUM(G23:G24) -> 0 | H22: =SUM(H23:H24) -> 0 | I22: =SUM(I23:I24) -> 0 | J22: =SUM(J23:J24) -> 0 | ... Z22: =SUM(Z23:Z24) -> 0
A23: Peat | B23: P1100 | C23: 0 | D23: 0 | E23: 0 | F23: 0 | G23: 0 | H23: 0 | I23: 0 | J23: 0 | K23: 0 | L23: 0 | M23: 0 | N23: 0 | O23: 0 | P23: 0 | Q23: 0 | R23: 0 | S23: 0 | T23: 0 | U23: 0 | V23: 0 | W23: 0 | X23: 0 | Y23: 0 | Z23: 0
A24: Peat products | B24: P1200 | C24: 0 | D24: 0 | E24: 0 | F24: 0 | G24: 0 | H24: 0 | I24: 0 | J24: 0 | K24: 0 | L24: 0 | M24: 0 | N24: 0 | O24: 0 | P24: 0 | Q24: 0 | R24: 0 | S24: 0 | T24: 0 | U24: 0 | V24: 0 | W24: 0 | X24: 0 | Y24: 0 | Z24: 0
A25: Oil shale and oil sands | B25: S2000 | C25: 0 | D25: 0 | E25: 0 | F25: 0 | G25: 0 | H25: 0 | I25: 0 | J25: 0 | K25: 0 | L25: 0 | M25: 0 | N25: 0 | O25: 0 | P25: 0 | Q25: 0 | R25: 0 | S25: 0 | T25: 0 | U25: 0 | V25: 0 | W25: 0 | X25: 0 | Y25: 0 | Z25: 0
A26: Oil and petroleum products | B26: O4000XBIO | C26: =SUM(C27,C33) -> 0 | D26: =SUM(D27,D33) -> 0 | E26: =SUM(E27,E33) -> 0 | F26: =SUM(F27,F33) -> 0 | G26: =SUM(G27,G33) -> 0 | H26: =SUM(H27,H33) -> 0 | I26: =SUM(I27,I33) -> 0 | J26: =SUM(J27,J33) -> 0 | ... Z26: =SUM(Z27,Z33) -> 0
A27: Crude oil, NGL, refinery feedstocks, additives and oxygenates and other hydrocarbons (excluding biofuel portion) | B27: O4100_TOT_4200-4500XBIO | C27: =SUM(C28:C32) -> 0 | D27: =SUM(D28:D32) -> 0 | E27: =SUM(E28:E32) -> 0 | F27: =SUM(F28:F32) -> 0 | G27: =SUM(G28:G32) -> 0 | H27: =SUM(H28:H32) -> 0 | I27: =SUM(I28:I32) -> 0 | J27: =SUM(J28:J32) -> 0 | ... Z27: =SUM(Z28:Z32) -> 0
A28: Crude oil | B28: O4100_TOT | C28: 0 | D28: 0 | E28: 0 | F28: 0 | G28: 0 | H28: 0 | I28: 0 | J28: 0 | K28: 0 | L28: 0 | M28: 0 | N28: 0 | O28: 0 | P28: 0 | Q28: 0 | R28: 0 | S28: 0 | T28: 0 | U28: 0 | V28: 0 | W28: 0 | X28: 0 | Y28: 0 | Z28: 0
A29: Natural gas liquids | B29: O4200 | C29: 0 | D29: 0 | E29: 0 | F29: 0 | G29: 0 | H29: 0 | I29: 0 | J29: 0 | K29: 0 | L29: 0 | M29: 0 | N29: 0 | O29: 0 | P29: 0 | Q29: 0 | R29: 0 | S29: 0 | T29: 0 | U29: 0 | V29: 0 | W29: 0 | X29: 0 | Y29: 0 | Z29: 0
A30: Refinery feedstocks | B30: O4300 | C30: 0 | D30: 0 | E30: 0 | F30: 0 | G30: 0 | H30: 0 | I30: 0 | J30: 0 | K30: 0 | L30: 0 | M30: 0 | N30: 0 | O30: 0 | P30: 0 | Q30: 0 | R30: 0 | S30: 0 | T30: 0 | U30: 0 | V30: 0 | W30: 0 | X30: 0 | Y30: 0 | Z30: 0
A31: Additives and oxygenates (excluding biofuel portion) | B31: O4400X4410 | C31: 0 | D31: 0 | E31: 0 | F31: 0 | G31: 0 | H31: 0 | I31: 0 | J31: 0 | K31: 0 | L31: 0 | M31: 0 | N31: 0 | O31: 0 | P31: 0 | Q31: 0 | R31: 0 | S31: 0 | T31: 0 | U31: 0 | V31: 0 | W31: 0 | X31: 0 | Y31: 0 | Z31: 0
A32: Other hydrocarbons | B32: O4500 | C32: 0 | D32: 0 | E32: 0 | F32: 0 | G32: 0 | H32: 0 | I32: 0 | J32: 0 | K32: 0 | L32: 0 | M32: 0 | N32: 0 | O32: 0 | P32: 0 | Q32: 0 | R32: 0 | S32: 0 | T32: 0 | U32: 0 | V32: 0 | W32: 0 | X32: 0 | Y32: 0 | Z32: 0
A33: Oil products (excluding biofuel portion) | B33: O4600XBIO | C33: =SUM(C34:C50) -> 0 | D33: =SUM(D34:D50) -> 0 | E33: =SUM(E34:E50) -> 0 | F33: =SUM(F34:F50) -> 0 | G33: =SUM(G34:G50) -> 0 | H33: =SUM(H34:H50) -> 0 | I33: =SUM(I34:I50) -> 0 | J33: =SUM(J34:J50) -> 0 | ... Z33: =SUM(Z34:Z50) -> 0
A34: Refinery gas | B34: O4610 | C34: 0 | D34: 0 | E34: 0 | F34: 0 | G34: 0 | H34: 0 | I34: 0 | J34: 0 | K34: 0 | L34: 0 | M34: 0 | N34: 0 | O34: 0 | P34: 0 | Q34: 0 | R34: 0 | S34: 0 | T34: 0 | U34: 0 | V34: 0 | W34: 0 | X34: 0 | Y34: 0 | Z34: 0
A35: Ethane | B35: O4620 | C35: 0 | D35: 0 | E35: 0 | F35: 0 | G35: 0 | H35: 0 | I35: 0 | J35: 0 | K35: 0 | L35: 0 | M35: 0 | N35: 0 | O35: 0 | P35: 0 | Q35: 0 | R35: 0 | S35: 0 | T35: 0 | U35: 0 | V35: 0 | W35: 0 | X35: 0 | Y35: 0 | Z35: 0
A36: Liquefied petroleum gases | B36: O4630 | C36: 0 | D36: 0 | E36: 0 | F36: 0 | G36: 0 | H36: 0 | I36: 0 | J36: 0 | K36: 0 | L36: 0 | M36: 0 | N36: 0 | O36: 0 | P36: 0 | Q36: 0 | R36: 0 | S36: 0 | T36: 0 | U36: 0 | V36: 0 | W36: 0 | X36: 0 | Y36: 0 | Z36: 0
A37: Motor gasoline (excluding biofuel portion) | B37: O4652XR5210B | C37: 0 | D37: 0 | E37: 0 | F37: 0 | G37: 0 | H37: 0 | I37: 0 | J37: 0 | K37: 0 | L37: 0 | M37: 0 | N37: 0 | O37: 0 | P37: 0 | Q37: 0 | R37: 0 | S37: 0 | T37: 0 | U37: 0 | V37: 0 | W37: 0 | X37: 0 | Y37: 0 | Z37: 0
A38: Aviation gasoline | B38: O4651 | C38: 0 | D38: 0 | E38: 0 | F38: 0 | G38: 0 | H38: 0 | I38: 0 | J38: 0 | K38: 0 | L38: 0 | M38: 0 | N38: 0 | O38: 0 | P38: 0 | Q38: 0 | R38: 0 | S38: 0 | T38: 0 | U38: 0 | V38: 0 | W38: 0 | X38: 0 | Y38: 0 | Z38: 0
A39: Gasoline-type jet fuel | B39: O4653 | C39: 0 | D39: 0 | E39: 0 | F39: 0 | G39: 0 | H39: 0 | I39: 0 | J39: 0 | K39: 0 | L39: 0 | M39: 0 | N39: 0 | O39: 0 | P39: 0 | Q39: 0 | R39: 0 | S39: 0 | T39: 0 | U39: 0 | V39: 0 | W39: 0 | X39: 0 | Y39: 0 | Z39: 0
A40: Kerosene-type jet fuel (excluding biofuel portion) | B40: O4661XR5230B | C40: 0 | D40: 0 | E40: 0 | F40: 0 | G40: 0 | H40: 0 | I40: 0 | J40: 0 | K40: 0 | L40: 0 | M40: 0 | N40: 0 | O40: 0 | P40: 0 | Q40: 0 | R40: 0 | S40: 0 | T40: 0 | U40: 0 | V40: 0 | W40: 0 | X40: 0 | Y40: 0 | Z40: 0
A41: Other kerosene | B41: O4669 | C41: 0 | D41: 0 | E41: 0 | F41: 0 | G41: 0 | H41: 0 | I41: 0 | J41: 0 | K41: 0 | L41: 0 | M41: 0 | N41: 0 | O41: 0 | P41: 0 | Q41: 0 | R41: 0 | S41: 0 | T41: 0 | U41: 0 | V41: 0 | W41: 0 | X41: 0 | Y41: 0 | Z41: 0
A42: Naphtha | B42: O4640 | C42: 0 | D42: 0 | E42: 0 | F42: 0 | G42: 0 | H42: 0 | I42: 0 | J42: 0 | K42: 0 | L42: 0 | M42: 0 | N42: 0 | O42: 0 | P42: 0 | Q42: 0 | R42: 0 | S42: 0 | T42: 0 | U42: 0 | V42: 0 | W42: 0 | X42: 0 | Y42: 0 | Z42: 0
A43: Gas oil and diesel oil (excluding biofuel portion) | B43: O4671XR5220B | C43: 0 | D43: 0 | E43: 0 | F43: 0 | G43: 0 | H43: 0 | I43: 0 | J43: 0 | K43: 0 | L43: 0 | M43: 0 | N43: 0 | O43: 0 | P43: 0 | Q43: 0 | R43: 0 | S43: 0 | T43: 0 | U43: 0 | V43: 0 | W43: 0 | X43: 0 | Y43: 0 | Z43: 0
A44: Fuel oil | B44: O4680 | C44: 0 | D44: 0 | E44: 0 | F44: 0 | G44: 0 | H44: 0 | I44: 0 | J44: 0 | K44: 0 | L44: 0 | M44: 0 | N44: 0 | O44: 0 | P44: 0 | Q44: 0 | R44: 0 | S44: 0 | T44: 0 | U44: 0 | V44: 0 | W44: 0 | X44: 0 | Y44: 0 | Z44: 0
A45: White spirit and special boiling point industrial spirits | B45: O4691 | C45: 0 | D45: 0 | E45: 0 | F45: 0 | G45: 0 | H45: 0 | I45: 0 | J45: 0 | K45: 0 | L45: 0 | M45: 0 | N45: 0 | O45: 0 | P45: 0 | Q45: 0 | R45: 0 | S45: 0 | T45: 0 | U45: 0 | V45: 0 | W45: 0 | X45: 0 | Y45: 0 | Z45: 0
... A51: Natural gas | B51: G3000 | C51: 0 | D51: 0 | E51: 0 | F51: 0 | G51: 0 | H51: 0 | I51: 0 | J51: 0 | K51: 0 | L51: 0 | M51: 0 | N51: 0 | O51: 0 | P51: 0 | Q51: 0 | R51: 0 | S51: 0 | T51: 0 | U51: 0 | V51: 0 | W51: 0 | X51: 0 | Y51: 0 | Z51: 0
A52: Renewables and biofuels | B52: RA000 | C52: =SUM(C53:C70) -> 0 | D52: =SUM(D53:D70) -> 0 | E52: =SUM(E53:E70) -> 0 | F52: =SUM(F53:F70) -> 0 | G52: =SUM(G53:G70) -> 0 | H52: =SUM(H53:H70) -> 0 | I52: =SUM(I53:I70) -> 0 | J52: =SUM(J53:J70) -> 0 | ... Z52: =SUM(Z53:Z70) -> 0
A53: Hydro | B53: RA100 | C53: 0 | D53: 0 | E53: 0 | F53: 0 | G53: 0 | H53: 0 | I53: 0 | J53: 0 | K53: 0 | L53: 0 | M53: 0 | N53: 0 | O53: 0 | P53: 0 | Q53: 0 | R53: 0 | S53: 0 | T53: 0 | U53: 0 | V53: 0 | W53: 0 | X53: 0 | Y53: 0 | Z53: 0
A54: Tide, wave, ocean | B54: RA500 | C54: 0 | D54: 0 | E54: 0 | F54: 0 | G54: 0 | H54: 0 | I54: 0 | J54: 0 | K54: 0 | L54: 0 | M54: 0 | N54: 0 | O54: 0 | P54: 0 | Q54: 0 | R54: 0 | S54: 0 | T54: 0 | U54: 0 | V54: 0 | W54: 0 | X54: 0 | Y54: 0 | Z54: 0
A55: Wind | B55: RA300 | C55: 0 | D55: 0 | E55: 0 | F55: 0 | G55: 0 | H55: 0 | I55: 0 | J55: 0 | K55: 0 | L55: 0 | M55: 0 | N55: 0 | O55: 0 | P55: 0 | Q55: 0 | R55: 0 | S55: 0 | T55: 0 | U55: 0 | V55: 0 | W55: 0 | X55: 0 | Y55: 0 | Z55: 0
A56: Solar photovoltaic | B56: RA420 | C56: 0 | D56: 0 | E56: 0 | F56: 0 | G56: 0 | H56: 0 | I56: 0 | J56: 0 | K56: 0 | L56: 0 | M56: 0 | N56: 0 | O56: 0 | P56: 0 | Q56: 0 | R56: 0 | S56: 0 | T56: 0 | U56: 0 | V56: 0 | W56: 0 | X56: 0 | Y56: 0 | Z56: 0
A57: Solar thermal | B57: RA410 | C57: 0 | D57: 0 | E57: 0 | F57: 0 | G57: 0 | H57: 0 | I57: 0 | J57: 0 | K57: 0 | L57: 0 | M57: 0 | N57: 0 | O57: 0 | P57: 0 | Q57: 0 | R57: 0 | S57: 0 | T57: 0 | U57: 0 | V57: 0 | W57: 0 | X57: 0 | Y57: 0 | Z57: 0
A58: Geothermal | B58: RA200 | C58: 0 | D58: 0 | E58: 0 | F58: 0 | G58: 0 | H58: 0 | I58: 0 | J58: 0 | K58: 0 | L58: 0 | M58: 0 | N58: 0 | O58: 0 | P58: 0 | Q58: 0 | R58: 0 | S58: 0 | T58: 0 | U58: 0 | V58: 0 | W58: 0 | X58: 0 | Y58: 0 | Z58: 0
A59: Primary solid biofuels | B59: R5110-5150_W6000RI | C59: 0 | D59: 0 | E59: 0 | F59: 0 | G59: 0 | H59: 0 | I59: 0 | J59: 0 | K59: 0 | L59: 0 | M59: 0 | N59: 0 | O59: 0 | P59: 0 | Q59: 0 | R59: 0 | S59: 0 | T59: 0 | U59: 0 | V59: 0 | W59: 0 | X59: 0 | Y59: 0 | Z59: 0
A60: Charcoal | B60: R5160 | C60: 0 | D60: 0 | E60: 0 | F60: 0 | G60: 0 | H60: 0 | I60: 0 | J60: 0 | K60: 0 | L60: 0 | M60: 0 | N60: 0 | O60: 0 | P60: 0 | Q60: 0 | R60: 0 | S60: 0 | T60: 0 | U60: 0 | V60: 0 | W60: 0 | X60: 0 | Y60: 0 | Z60: 0
A61: Biogases | B61: R5300 | C61: 0 | D61: 0 | E61: 0 | F61: 0 | G61: 0 | H61: 0 | I61: 0 | J61: 0 | K61: 0 | L61: 0 | M61: 0 | N61: 0 | O61: 0 | P61: 0 | Q61: 0 | R61: 0 | S61: 0 | T61: 0 | U61: 0 | V61: 0 | W61: 0 | X61: 0 | Y61: 0 | Z61: 0
A62: Renewable municipal waste | B62: W6210 | C62: 0 | D62: 0 | E62: 0 | F62: 0 | G62: 0 | H62: 0 | I62: 0 | J62: 0 | K62: 0 | L62: 0 | M62: 0 | N62: 0 | O62: 0 | P62: 0 | Q62: 0 | R62: 0 | S62: 0 | T62: 0 | U62: 0 | V62: 0 | W62: 0 | X62: 0 | Y62: 0 | Z62: 0
A63: Pure biogasoline | B63: R5210P | C63: 0 | D63: 0 | E63: 0 | F63: 0 | G63: 0 | H63: 0 | I63: 0 | J63: 0 | K63: 0 | L63: 0 | M63: 0 | N63: 0 | O63: 0 | P63: 0 | Q63: 0 | R63: 0 | S63: 0 | T63: 0 | U63: 0 | V63: 0 | W63: 0 | X63: 0 | Y63: 0 | Z63: 0
A64: Blended biogasoline | B64: R5210B | C64: 0 | D64: 0 | E64: 0 | F64: 0 | G64: 0 | H64: 0 | I64: 0 | J64: 0 | K64: 0 | L64: 0 | M64: 0 | N64: 0 | O64: 0 | P64: 0 | Q64: 0 | R64: 0 | S64: 0 | T64: 0 | U64: 0 | V64: 0 | W64: 0 | X64: 0 | Y64: 0 | Z64: 0
... A70: Ambient heat (heat pumps) | B70: RA600 | C70: 0 | D70: 0 | E70: 0 | F70: 0 | G70: 0 | H70: 0 | I70: 0 | J70: 0 | K70: 0 | L70: 0 | M70: 0 | N70: 0 | O70: 0 | P70: 0 | Q70: 0 | R70: 0 | S70: 0 | T70: 0 | U70: 0 | V70: 0 | W70: 0 | X70: 0 | Y70: 0 | Z70: 0
A71: Non-renewable waste | B71: W6100_6220 | C71: =SUM(C72:C73) -> 0 | D71: =SUM(D72:D73) -> 0 | E71: =SUM(E72:E73) -> 0 | F71: =SUM(F72:F73) -> 0 | G71: =SUM(G72:G73) -> 0 | H71: =SUM(H72:H73) -> 0 | I71: =SUM(I72:I73) -> 0 | J71: =SUM(J72:J73) -> 0 | ... Z71: =SUM(Z72:Z73) -> 0
A72: Industrial waste (non-renewable) | B72: W6100 | C72: 0 | D72: 0 | E72: 0 | F72: 0 | G72: 0 | H72: 0 | I72: 0 | J72: 0 | K72: 0 | L72: 0 | M72: 0 | N72: 0 | O72: 0 | P72: 0 | Q72: 0 | R72: 0 | S72: 0 | T72: 0 | U72: 0 | V72: 0 | W72: 0 | X72: 0 | Y72: 0 | Z72: 0
A73: Non-renewable municipal waste | B73: W6220 | C73: 0 | D73: 0 | E73: 0 | F73: 0 | G73: 0 | H73: 0 | I73: 0 | J73: 0 | K73: 0 | L73: 0 | M73: 0 | N73: 0 | O73: 0 | P73: 0 | Q73: 0 | R73: 0 | S73: 0 | T73: 0 | U73: 0 | V73: 0 | W73: 0 | X73: 0 | Y73: 0 | Z73: 0
A74: Nuclear heat | B74: N900H | C74: 0 | D74: 0 | E74: 0 | F74: 0 | G74: 0 | H74: 0 | I74: 0 | J74: 0 | K74: 0 | L74: 0 | M74: 0 | N74: 0 | O74: 0 | P74: 0 | Q74: 0 | R74: 0 | S74: 0 | T74: 0 | U74: 0 | V74: 0 | W74: 0 | X74: 0 | Y74: 0 | Z74: 0
A75: Heat | B75: H8000 | C75: 0 | D75: 0 | E75: 0 | F75: 0 | G75: 0 | H75: 0 | I75: 0 | J75: 0 | K75: 0 | L75: 0 | M75: 0 | N75: 0 | O75: 0 | P75: 0 | Q75: 0 | R75: 0 | S75: 0 | T75: 0 | U75: 0 | V75: 0 | W75: 0 | X75: 0 | Y75: 0 | Z75: 0
A76: Electricity | B76: E7000 | C76: 0 | D76: 0 | E76: 0 | F76: 0 | G76: 0 | H76: 0 | I76: 0 | J76: 0 | K76: 0 | L76: 0 | M76: 0 | N76: 0 | O76: 0 | P76: 0 | Q76: 0 | R76: 0 | S76: 0 | T76: 0 | U76: 0 | V76: 0 | W76: 0 | X76: 0 | Y76: 0 | Z76: 0

Sheet IMP
A1: Imports | B1: IMP | C1: 2000 | D1: 2001 | E1: 2002 | F1: 2003 | G1: 2004 | H1: 2005 | I1: 2006 | J1: 2007 | K1: 2008 | L1: 2009 | M1: 2010 | N1: 2011 | O1: 2012 | P1: 2013 | Q1: 2014 | R1: 2015 | S1: 2016 | T1: 2017 | U1: 2018 | V1: 2019 | W1: 2020 | X1: 2021 | Y1: 2022 | Z1: 2023
A2: Total | B2: TOTAL | C2: =SUM(C3,C17,C22,C25,C26,C51,C52,C71,C74,C75,C76) -> 1470.6721 | D2: =SUM(D3,D17,D22,D25,D26,D51,D52,D71,D74,D75,D76) -> 1611.4335 | E2: =SUM(E3,E17,E22,E25,E26,E51,E52,E71,E74,E75,E76) -> 1572.3345 | F2: =SUM(F3,F17,F22,F25,F26,F51,F52,F71,F74,F75,F76) -> 1827.9212 | G2: =SUM(G3,G17,G22,G25,G26,G51,G52,G71,G74,G75,G76) -> 1919.4612 | H2: =SUM(H3,H17,H22,H25,H26,H51,H52,H71,H74,H75,H76) -> 1593.6132 | I2: =SUM(I3,I17,I22,I25,I26,I51,I52,I71,I74,I75,I76) -> 1688.9653 | J2: =SUM(J3,J17,J22,J25,J26,J51,J52,J71,J74,J75,J76) -> 1800.0575 | ... Z2: =SUM(Z3,Z17,Z22,Z25,Z26,Z51,Z52,Z71,Z74,Z75,Z76) -> 3208.9316
A3: Solid fossil fuels | B3: C0000X0350-0370 | C3: =SUM(C4,C8,C11) -> 0 | D3: =SUM(D4,D8,D11) -> 0 | E3: =SUM(E4,E8,E11) -> 0 | F3: =SUM(F4,F8,F11) -> 0 | G3: =SUM(G4,G8,G11) -> 0 | H3: =SUM(H4,H8,H11) -> 0 | I3: =SUM(I4,I8,I11) -> 0 | J3: =SUM(J4,J8,J11) -> 0 | ... Z3: =SUM(Z4,Z8,Z11) -> 0
A4: Hard coal | B4: C0100 | C4: =SUM(C5:C7) -> 0 | D4: =SUM(D5:D7) -> 0 | E4: =SUM(E5:E7) -> 0 | F4: =SUM(F5:F7) -> 0 | G4: =SUM(G5:G7) -> 0 | H4: =SUM(H5:H7) -> 0 | I4: =SUM(I5:I7) -> 0 | J4: =SUM(J5:J7) -> 0 | ... Z4: =SUM(Z5:Z7) -> 0
A5: Anthracite | B5: C0110 | C5: 0 | D5: 0 | E5: 0 | F5: 0 | G5: 0 | H5: 0 | I5: 0 | J5: 0 | K5: 0 | L5: 0 | M5: 0 | N5: 0 | O5: 0 | P5: 0 | Q5: 0 | R5: 0 | S5: 0 | T5: 0 | U5: 0 | V5: 0 | W5: 0 | X5: 0 | Y5: 0 | Z5: 0
A6: Coking coal | B6: C0121 | C6: 0 | D6: 0 | E6: 0 | F6: 0 | G6: 0 | H6: 0 | I6: 0 | J6: 0 | K6: 0 | L6: 0 | M6: 0 | N6: 0 | O6: 0 | P6: 0 | Q6: 0 | R6: 0 | S6: 0 | T6: 0 | U6: 0 | V6: 0 | W6: 0 | X6: 0 | Y6: 0 | Z6: 0
A7: Other bituminous coal | B7: C0129 | C7: 0 | D7: 0 | E7: 0 | F7: 0 | G7: 0 | H7: 0 | I7: 0 | J7: 0 | K7: 0 | L7: 0 | M7: 0 | N7: 0 | O7: 0 | P7: 0 | Q7: 0 | R7: 0 | S7: 0 | T7: 0 | U7: 0 | V7: 0 | W7: 0 | X7: 0 | Y7: 0 | Z7: 0
A8: Brown coal | B8: C0200 | C8: =SUM(C9:C10) -> 0 | D8: =SUM(D9:D10) -> 0 | E8: =SUM(E9:E10) -> 0 | F8: =SUM(F9:F10) -> 0 | G8: =SUM(G9:G10) -> 0 | H8: =SUM(H9:H10) -> 0 | I8: =SUM(I9:I10) -> 0 | J8: =SUM(J9:J10) -> 0 | ... Z8: =SUM(Z9:Z10) -> 0
A9: Sub-bituminous coal | B9: C0210 | C9: 0 | D9: 0 | E9: 0 | F9: 0 | G9: 0 | H9: 0 | I9: 0 | J9: 0 | K9: 0 | L9: 0 | M9: 0 | N9: 0 | O9: 0 | P9: 0 | Q9: 0 | R9: 0 | S9: 0 | T9: 0 | U9: 0 | V9: 0 | W9: 0 | X9: 0 | Y9: 0 | Z9: 0
A10: Lignite | B10: C0220 | C10: 0 | D10: 0 | E10: 0 | F10: 0 | G10: 0 | H10: 0 | I10: 0 | J10: 0 | K10: 0 | L10: 0 | M10: 0 | N10: 0 | O10: 0 | P10: 0 | Q10: 0 | R10: 0 | S10: 0 | T10: 0 | U10: 0 | V10: 0 | W10: 0 | X10: 0 | Y10: 0 | Z10: 0
A11: Coal products | B11: C0300 | C11: =SUM(C12:C16) -> 0 | D11: =SUM(D12:D16) -> 0 | E11: =SUM(E12:E16) -> 0 | F11: =SUM(F12:F16) -> 0 | G11: =SUM(G12:G16) -> 0 | H11: =SUM(H12:H16) -> 0 | I11: =SUM(I12:I16) -> 0 | J11: =SUM(J12:J16) -> 0 | ... Z11: =SUM(Z12:Z16) -> 0
A12: Patent fuel | B12: C0320 | C12: 0 | D12: 0 | E12: 0 | F12: 0 | G12: 0 | H12: 0 | I12: 0 | J12: 0 | K12: 0 | L12: 0 | M12: 0 | N12: 0 | O12: 0 | P12: 0 | Q12: 0 | R12: 0 | S12: 0 | T12: 0 | U12: 0 | V12: 0 | W12: 0 | X12: 0 | Y12: 0 | Z12: 0
A13: Coke oven coke | B13: C0311 | C13: 0 | D13: 0 | E13: 0 | F13: 0 | G13: 0 | H13: 0 | I13: 0 | J13: 0 | K13: 0 | L13: 0 | M13: 0 | N13: 0 | O13: 0 | P13: 0 | Q13: 0 | R13: 0 | S13: 0 | T13: 0 | U13: 0 | V13: 0 | W13: 0 | X13: 0 | Y13: 0 | Z13: 0
A14: Gas coke | B14: C0312 | C14: 0 | D14: 0 | E14: 0 | F14: 0 | G14: 0 | H14: 0 | I14: 0 | J14: 0 | K14: 0 | L14: 0 | M14: 0 | N14: 0 | O14: 0 | P14: 0 | Q14: 0 | R14: 0 | S14: 0 | T14: 0 | U14: 0 | V14: 0 | W14: 0 | X14: 0 | Y14: 0 | Z14: 0
A15: Coal tar | B15: C0340 | C15: 0 | D15: 0 | E15: 0 | F15: 0 | G15: 0 | H15: 0 | I15: 0 | J15: 0 | K15: 0 | L15: 0 | M15: 0 | N15: 0 | O15: 0 | P15: 0 | Q15: 0 | R15: 0 | S15: 0 | T15: 0 | U15: 0 | V15: 0 | W15: 0 | X15: 0 | Y15: 0 | Z15: 0
A16: Brown coal briquettes | B16: C0330 | C16: 0 | D16: 0 | E16: 0 | F16: 0 | G16: 0 | H16: 0 | I16: 0 | J16: 0 | K16: 0 | L16: 0 | M16: 0 | N16: 0 | O16: 0 | P16: 0 | Q16: 0 | R16: 0 | S16: 0 | T16: 0 | U16: 0 | V16: 0 | W16: 0 | X16: 0 | Y16: 0 | Z16: 0
A17: Manufactured gases | B17: C0350-0370 | C17: =SUM(C18:C21) -> 0 | D17: =SUM(D18:D21) -> 0 | E17: =SUM(E18:E21) -> 0 | F17: =SUM(F18:F21) -> 0 | G17: =SUM(G18:G21) -> 0 | H17: =SUM(H18:H21) -> 0 | I17: =SUM(I18:I21) -> 0 | J17: =SUM(J18:J21) -> 0 | ... Z17: =SUM(Z18:Z21) -> 0
A18: Gas works gas | B18: C0360 | C18: 0 | D18: 0 | E18: 0 | F18: 0 | G18: 0 | H18: 0 | I18: 0 | J18: 0 | K18: 0 | L18: 0 | M18: 0 | N18: 0 | O18: 0 | P18: 0 | Q18: 0 | R18: 0 | S18: 0 | T18: 0 | U18: 0 | V18: 0 | W18: 0 | X18: 0 | Y18: 0 | Z18: 0
A19: Coke oven gas | B19: C0350 | C19: 0 | D19: 0 | E19: 0 | F19: 0 | G19: 0 | H19: 0 | I19: 0 | J19: 0 | K19: 0 | L19: 0 | M19: 0 | N19: 0 | O19: 0 | P19: 0 | Q19: 0 | R19: 0 | S19: 0 | T19: 0 | U19: 0 | V19: 0 | W19: 0 | X19: 0 | Y19: 0 | Z19: 0
A20: Blast furnace gas | B20: C0371 | C20: 0 | D20: 0 | E20: 0 | F20: 0 | G20: 0 | H20: 0 | I20: 0 | J20: 0 | K20: 0 | L20: 0 | M20: 0 | N20: 0 | O20: 0 | P20: 0 | Q20: 0 | R20: 0 | S20: 0 | T20: 0 | U20: 0 | V20: 0 | W20: 0 | X20: 0 | Y20: 0 | Z20: 0
A21: Other recovered gases | B21: C0379 | C21: 0 | D21: 0 | E21: 0 | F21: 0 | G21: 0 | H21: 0 | I21: 0 | J21: 0 | K21: 0 | L21: 0 | M21: 0 | N21: 0 | O21: 0 | P21: 0 | Q21: 0 | R21: 0 | S21: 0 | T21: 0 | U21: 0 | V21: 0 | W21: 0 | X21: 0 | Y21: 0 | Z21: 0
A22: Peat and peat products | B22: P1000 | C22: =SUM(C23:C24) -> 0 | D22: =SUM(D23:D24) -> 0 | E22: =SUM(E23:E24) -> 0 | F22: =SUM(F23:F24) -> 0 | G22: =SUM(G23:G24) -> 0 | H22: =SUM(H23:H24) -> 0 | I22: =SUM(I23:I24) -> 0 | J22: =SUM(J23:J24) -> 0 | ... Z22: =SUM(Z23:Z24) -> 0
A23: Peat | B23: P1100 | C23: 0 | D23: 0 | E23: 0 | F23: 0 | G23: 0 | H23: 0 | I23: 0 | J23: 0 | K23: 0 | L23: 0 | M23: 0 | N23: 0 | O23: 0 | P23: 0 | Q23: 0 | R23: 0 | S23: 0 | T23: 0 | U23: 0 | V23: 0 | W23: 0 | X23: 0 | Y23: 0 | Z23: 0
A24: Peat products | B24: P1200 | C24: 0 | D24: 0 | E24: 0 | F24: 0 | G24: 0 | H24: 0 | I24: 0 | J24: 0 | K24: 0 | L24: 0 | M24: 0 | N24: 0 | O24: 0 | P24: 0 | Q24: 0 | R24: 0 | S24: 0 | T24: 0 | U24: 0 | V24: 0 | W24: 0 | X24: 0 | Y24: 0 | Z24: 0
A25: Oil shale and oil sands | B25: S2000 | C25: 0 | D25: 0 | E25: 0 | F25: 0 | G25: 0 | H25: 0 | I25: 0 | J25: 0 | K25: 0 | L25: 0 | M25: 0 | N25: 0 | O25: 0 | P25: 0 | Q25: 0 | R25: 0 | S25: 0 | T25: 0 | U25: 0 | V25: 0 | W25: 0 | X25: 0 | Y25: 0 | Z25: 0
A26: Oil and petroleum products | B26: O4000XBIO | C26: =SUM(C27,C33) -> 1470.6721 | D26: =SUM(D27,D33) -> 1611.4335 | E26: =SUM(E27,E33) -> 1572.3345 | F26: =SUM(F27,F33) -> 1827.9212 | G26: =SUM(G27,G33) -> 1919.4612 | H26: =SUM(H27,H33) -> 1593.6132 | I26: =SUM(I27,I33) -> 1688.9653 | J26: =SUM(J27,J33) -> 1800.0575 | ... Z26: =SUM(Z27,Z33) -> 2825.2265
A27: Crude oil, NGL, refinery feedstocks, additives and oxygenates and other hydrocarbons (excluding biofuel portion) | B27: O4100_TOT_4200-4500XBIO | C27: =SUM(C28:C32) -> 0 | D27: =SUM(D28:D32) -> 0 | E27: =SUM(E28:E32) -> 0 | F27: =SUM(F28:F32) -> 0 | G27: =SUM(G28:G32) -> 0 | H27: =SUM(H28:H32) -> 0 | I27: =SUM(I28:I32) -> 0 | J27: =SUM(J28:J32) -> 0 | ... Z27: =SUM(Z28:Z32) -> 0
A28: Crude oil | B28: O4100_TOT | C28: 0 | D28: 0 | E28: 0 | F28: 0 | G28: 0 | H28: 0 | I28: 0 | J28: 0 | K28: 0 | L28: 0 | M28: 0 | N28: 0 | O28: 0 | P28: 0 | Q28: 0 | R28: 0 | S28: 0 | T28: 0 | U28: 0 | V28: 0 | W28: 0 | X28: 0 | Y28: 0 | Z28: 0
A29: Natural gas liquids | B29: O4200 | C29: 0 | D29: 0 | E29: 0 | F29: 0 | G29: 0 | H29: 0 | I29: 0 | J29: 0 | K29: 0 | L29: 0 | M29: 0 | N29: 0 | O29: 0 | P29: 0 | Q29: 0 | R29: 0 | S29: 0 | T29: 0 | U29: 0 | V29: 0 | W29: 0 | X29: 0 | Y29: 0 | Z29: 0
A30: Refinery feedstocks | B30: O4300 | C30: 0 | D30: 0 | E30: 0 | F30: 0 | G30: 0 | H30: 0 | I30: 0 | J30: 0 | K30: 0 | L30: 0 | M30: 0 | N30: 0 | O30: 0 | P30: 0 | Q30: 0 | R30: 0 | S30: 0 | T30: 0 | U30: 0 | V30: 0 | W30: 0 | X30: 0 | Y30: 0 | Z30: 0
A31: Additives and oxygenates (excluding biofuel portion) | B31: O4400X4410 | C31: 0 | D31: 0 | E31: 0 | F31: 0 | G31: 0 | H31: 0 | I31: 0 | J31: 0 | K31: 0 | L31: 0 | M31: 0 | N31: 0 | O31: 0 | P31: 0 | Q31: 0 | R31: 0 | S31: 0 | T31: 0 | U31: 0 | V31: 0 | W31: 0 | X31: 0 | Y31: 0 | Z31: 0
A32: Other hydrocarbons | B32: O4500 | C32: 0 | D32: 0 | E32: 0 | F32: 0 | G32: 0 | H32: 0 | I32: 0 | J32: 0 | K32: 0 | L32: 0 | M32: 0 | N32: 0 | O32: 0 | P32: 0 | Q32: 0 | R32: 0 | S32: 0 | T32: 0 | U32: 0 | V32: 0 | W32: 0 | X32: 0 | Y32: 0 | Z32: 0
A33: Oil products (excluding biofuel portion) | B33: O4600XBIO | C33: =SUM(C34:C50) -> 1470.6721 | D33: =SUM(D34:D50) -> 1611.4335 | E33: =SUM(E34:E50) -> 1572.3345 | F33: =SUM(F34:F50) -> 1827.9212 | G33: =SUM(G34:G50) -> 1919.4612 | H33: =SUM(H34:H50) -> 1593.6132 | I33: =SUM(I34:I50) -> 1688.9653 | J33: =SUM(J34:J50) -> 1800.0575 | ... Z33: =SUM(Z34:Z50) -> 2825.2265
A34: Refinery gas | B34: O4610 | C34: 0 | D34: 0 | E34: 0 | F34: 0 | G34: 0 | H34: 0 | I34: 0 | J34: 0 | K34: 0 | L34: 0 | M34: 0 | N34: 0 | O34: 0 | P34: 0 | Q34: 0 | R34: 0 | S34: 0 | T34: 0 | U34: 0 | V34: 0 | W34: 0 | X34: 0 | Y34: 0 | Z34: 0
A35: Ethane | B35: O4620 | C35: 0 | D35: 0 | E35: 0 | F35: 0 | G35: 0 | H35: 0 | I35: 0 | J35: 0 | K35: 0 | L35: 0 | M35: 0 | N35: 0 | O35: 0 | P35: 0 | Q35: 0 | R35: 0 | S35: 0 | T35: 0 | U35: 0 | V35: 0 | W35: 0 | X35: 0 | Y35: 0 | Z35: 0
A36: Liquefied petroleum gases | B36: O4630 | C36: 18.075838 | D36: 18.075838 | E36: 19.205589 | F36: 19.205589 | G36: 19.205589 | H36: 19.77644 | I36: 21.973861 | J36: 21.973861 | K36: 23.072485 | L36: 26.368616 | M36: 24.171195 | N36: 23.072485 | O36: 25.269905 | P36: 24.171195 | Q36: 24.171195 | R36: 25.269905 | S36: 18.67773 | T36: 25.707137 | U36: 29.850301 | V36: 27.760619 | W36: 27.566122 | X36: 25.752193 | Y36: 27.084953 | Z36: 27.887016
A37: Motor gasoline (excluding biofuel portion) | B37: O4652XR5210B | C37: 74.066122 | D37: 70.891831 | E37: 79.356578 | F37: 74.066122 | G37: 61.369046 | H37: 67.784437 | I37: 67.784437 | J37: 70.865606 | K37: 87.298194 | L37: 77.027773 | M37: 70.865606 | N37: 84.217025 | O37: 65.730353 | P37: 74.973689 | Q37: 80.108942 | R37: 79.081857 | S37: 71.892605 | T37: 86.564832 | U37: 81.398882 | V37: 78.475924 | W37: 76.741273 | X37: 81.465606 | Y37: 93.247807 | Z37: 79.018229
A38: Aviation gasoline | B38: O4651 | C38: 1.0581255 | D38: 1.0581255 | E38: 0 | F38: 0 | G38: 1.0581255 | H38: 0 | I38: 0 | J38: 0 | K38: 0 | L38: 0 | M38: 0 | N38: 0 | O38: 1.0581255 | P38: 0 | Q38: 0 | R38: 0 | S38: 0 | T38: 0.035769561 | U38: 0.050472915 | V38: 0.046259673 | W38: 0.03155632 | X38: 0.068271711 | Y38: 0.064144454 | Z38: 0.066208083
A39: Gasoline-type jet fuel | B39: O4653 | C39: 0 | D39: 0 | E39: 0 | F39: 0 | G39: 0 | H39: 0 | I39: 0 | J39: 0 | K39: 0 | L39: 0 | M39: 0 | N39: 0 | O39: 0 | P39: 0 | Q39: 0 | R39: 0 | S39: 0 | T39: 0 | U39: 0 | V39: 0 | W39: 0 | X39: 0 | Y39: 0 | Z39: 0
A40: Kerosene-type jet fuel (excluding biofuel portion) | B40: O4661XR5230B | C40: 120.07739 | D40: 93.744626 | E40: 91.638005 | F40: 81.104901 | G40: 103.22442 | H40: 89.352279 | I40: 90.379278 | J40: 94.487446 | K40: 97.56853 | L40: 62.649269 | M40: 96.541531 | N40: 109.89304 | O40: 102.7037 | P40: 116.0552 | Q40: 110.92003 | R40: 119.13637 | S40: 124.27154 | T40: 156.19699 | U40: 146.75649 | V40: 178.82055 | W40: 52.586328 | X40: 75.229493 | Y40: 128.2123 | Z40: 151.53422
A41: Other kerosene | B41: O4669 | C41: 10.461479 | D41: 10.461479 | E41: 12.55374 | F41: 15.692175 | G41: 16.738349 | H41: 3.1384351 | I41: 2.0922614 | J41: 1.0461737 | K41: 1.0461737 | L41: 0 | M41: 0 | N41: 0 | O41: 0 | P41: 0 | Q41: 0 | R41: 0 | S41: 0 | T41: 0.72063629 | U41: 0.75322442 | V41: 0.63465176 | W41: 0.59269132 | X41: 0.43430782 | Y41: 0.4311264 | Z41: 0.32312984
A42: Naphtha | B42: O4640 | C42: 0 | D42: 0 | E42: 0 | F42: 0 | G42: 0 | H42: 0 | I42: 0 | J42: 0 | K42: 0 | L42: 0 | M42: 0 | N42: 0 | O42: 0 | P42: 0 | Q42: 0 | R42: 0 | S42: 0 | T42: 0 | U42: 0 | V42: 0 | W42: 0 | X42: 0 | Y42: 0 | Z42: 0
A43: Gas oil and diesel oil (excluding biofuel portion) | B43: O4671XR5220B | C43: 307.08418 | D43: 282.43525 | E43: 260.8675 | F43: 340.97644 | G43: 356.38194 | H43: 311.19235 | I43: 343.03044 | J43: 340.97644 | K43: 427.24755 | L43: 575.14093 | M43: 479.62648 | N43: 432.38272 | O43: 426.22046 | P43: 461.13981 | Q43: 416.97713 | R43: 750.76432 | S43: 695.3043 | T43: 652.45322 | U43: 660.32132 | V43: 747.27137 | W43: 662.13405 | X43: 593.36156 | Y43: 684.22253 | Z43: 715.47532
A44: Fuel oil | B44: O4680 | C44: 939.84901 | D44: 1134.7664 | E44: 1108.7131 | F44: 1296.8759 | G44: 1352.8423 | H44: 1082.4496 | I44: 1151.2372 | J44: 1261.1064 | K44: 1233.4002 | L44: 1283.0801 | M44: 1700.5828 | N44: 1643.2598 | O44: 1561.0968 | P44: 1618.2001 | Q44: 1623.9897 | R44: 1686.252 | S44: 1713.0028 | T44: 1931.6309 | U44: 2014.7989 | V44: 2020.2359 | W44: 1885.7218 | X44: 1582.9846 | Y44: 1710.8283 | Z44: 1842.7285
A45: White spirit and special boiling point industrial spirits | B45: O4691 | C45: 0 | D45: 0 | E45: 0 | F45: 0 | G45: 0 | H45: 0 | I45: 0 | J45: 0 | K45: 0 | L45: 0 | M45: 0 | N45: 0 | O45: 0 | P45: 0 | Q45: 0 | R45: 0 | S45: 0 | T45: 0 | U45: 0 | V45: 0 | W45: 0 | X45: 0 | Y45: 0 | Z45: 0
... A51: Natural gas | B51: G3000 | C51: 0 | D51: 0 | E51: 0 | F51: 0 | G51: 0 | H51: 0 | I51: 0 | J51: 0 | K51: 0 | L51: 0 | M51: 0 | N51: 0 | O51: 0 | P51: 0 | Q51: 0 | R51: 0 | S51: 0 | T51: 254.2834 | U51: 320.6988 | V51: 317.29957 | W51: 306.03955 | X51: 330.22107 | Y51: 323.29837 | Z51: 316.61995
A52: Renewables and biofuels | B52: RA000 | C52: =SUM(C53:C70) -> 0 | D52: =SUM(D53:D70) -> 0 | E52: =SUM(E53:E70) -> 0 | F52: =SUM(F53:F70) -> 0 | G52: =SUM(G53:G70) -> 0 | H52: =SUM(H53:H70) -> 0 | I52: =SUM(I53:I70) -> 0 | J52: =SUM(J53:J70) -> 0 | ... Z52: =SUM(Z53:Z70) -> 11.336801
A53: Hydro | B53: RA100 | C53: 0 | D53: 0 | E53: 0 | F53: 0 | G53: 0 | H53: 0 | I53: 0 | J53: 0 | K53: 0 | L53: 0 | M53: 0 | N53: 0 | O53: 0 | P53: 0 | Q53: 0 | R53: 0 | S53: 0 | T53: 0 | U53: 0 | V53: 0 | W53: 0 | X53: 0 | Y53: 0 | Z53: 0
A54: Tide, wave, ocean | B54: RA500 | C54: 0 | D54: 0 | E54: 0 | F54: 0 | G54: 0 | H54: 0 | I54: 0 | J54: 0 | K54: 0 | L54: 0 | M54: 0 | N54: 0 | O54: 0 | P54: 0 | Q54: 0 | R54: 0 | S54: 0 | T54: 0 | U54: 0 | V54: 0 | W54: 0 | X54: 0 | Y54: 0 | Z54: 0
A55: Wind | B55: RA300 | C55: 0 | D55: 0 | E55: 0 | F55: 0 | G55: 0 | H55: 0 | I55: 0 | J55: 0 | K55: 0 | L55: 0 | M55: 0 | N55: 0 | O55: 0 | P55: 0 | Q55: 0 | R55: 0 | S55: 0 | T55: 0 | U55: 0 | V55: 0 | W55: 0 | X55: 0 | Y55: 0 | Z55: 0
A56: Solar photovoltaic | B56: RA420 | C56: 0 | D56: 0 | E56: 0 | F56: 0 | G56: 0 | H56: 0 | I56: 0 | J56: 0 | K56: 0 | L56: 0 | M56: 0 | N56: 0 | O56: 0 | P56: 0 | Q56: 0 | R56: 0 | S56: 0 | T56: 0 | U56: 0 | V56: 0 | W56: 0 | X56: 0 | Y56: 0 | Z56: 0
A57: Solar thermal | B57: RA410 | C57: 0 | D57: 0 | E57: 0 | F57: 0 | G57: 0 | H57: 0 | I57: 0 | J57: 0 | K57: 0 | L57: 0 | M57: 0 | N57: 0 | O57: 0 | P57: 0 | Q57: 0 | R57: 0 | S57: 0 | T57: 0 | U57: 0 | V57: 0 | W57: 0 | X57: 0 | Y57: 0 | Z57: 0
A58: Geothermal | B58: RA200 | C58: 0 | D58: 0 | E58: 0 | F58: 0 | G58: 0 | H58: 0 | I58: 0 | J58: 0 | K58: 0 | L58: 0 | M58: 0 | N58: 0 | O58: 0 | P58: 0 | Q58: 0 | R58: 0 | S58: 0 | T58: 0 | U58: 0 | V58: 0 | W58: 0 | X58: 0 | Y58: 0 | Z58: 0
A59: Primary solid biofuels | B59: R5110-5150_W6000RI | C59: 0 | D59: 0 | E59: 0 | F59: 0 | G59: 0 | H59: 0 | I59: 0 | J59: 0 | K59: 0 | L59: 0 | M59: 0.74041273 | N59: 0.71650903 | O59: 0.95537403 | P59: 0.85984523 | Q59: 1.0748065 | R59: 1.1464316 | S59: 1.0867584 | T59: 1.3545142 | U59: 1.3377472 | V59: 1.6741187 | W59: 1.4416165 | X59: 1.5659501 | Y59: 1.1400688 | Z59: 0.87575236
A60: Charcoal | B60: R5160 | C60: 0 | D60: 0 | E60: 0 | F60: 0 | G60: 0 | H60: 0 | I60: 0 | J60: 0 | K60: 0 | L60: 0 | M60: 0 | N60: 0 | O60: 0 | P60: 0 | Q60: 0 | R60: 0 | S60: 0 | T60: 0 | U60: 0 | V60: 0 | W60: 0 | X60: 0 | Y60: 0 | Z60: 0
A61: Biogases | B61: R5300 | C61: 0 | D61: 0 | E61: 0 | F61: 0 | G61: 0 | H61: 0 | I61: 0 | J61: 0 | K61: 0 | L61: 0 | M61: 0 | N61: 0 | O61: 0 | P61: 0 | Q61: 0 | R61: 0 | S61: 0 | T61: 0 | U61: 0 | V61: 0 | W61: 0 | X61: 0 | Y61: 0 | Z61: 0
A62: Renewable municipal waste | B62: W6210 | C62: 0 | D62: 0 | E62: 0 | F62: 0 | G62: 0 | H62: 0 | I62: 0 | J62: 0 | K62: 0 | L62: 0 | M62: 0 | N62: 0 | O62: 0 | P62: 0 | Q62: 0 | R62: 0 | S62: 0 | T62: 0 | U62: 0 | V62: 0 | W62: 0 | X62: 0 | Y62: 0 | Z62: 0
A63: Pure biogasoline | B63: R5210P | C63: 0 | D63: 0 | E63: 0 | F63: 0 | G63: 0 | H63: 0 | I63: 0 | J63: 0 | K63: 0 | L63: 0 | M63: 0 | N63: 0 | O63: 0 | P63: 0 | Q63: 0 | R63: 0 | S63: 0 | T63: 0 | U63: 0 | V63: 0 | W63: 0 | X63: 0 | Y63: 0 | Z63: 0
A64: Blended biogasoline | B64: R5210B | C64: 0 | D64: 0 | E64: 0 | F64: 0 | G64: 0 | H64: 0 | I64: 0 | J64: 0 | K64: 0 | L64: 0 | M64: 0 | N64: 0 | O64: 0 | P64: 0 | Q64: 0 | R64: 0 | S64: 0 | T64: 0 | U64: 0 | V64: 0 | W64: 0 | X64: 0 | Y64: 0 | Z64: 0
... A70: Ambient heat (heat pumps) | B70: RA600 | C70: 0 | D70: 0 | E70: 0 | F70: 0 | G70: 0 | H70: 0 | I70: 0 | J70: 0 | K70: 0 | L70: 0 | M70: 0 | N70: 0 | O70: 0 | P70: 0 | Q70: 0 | R70: 0 | S70: 0 | T70: 0 | U70: 0 | V70: 0 | W70: 0 | X70: 0 | Y70: 0 | Z70: 0
A71: Non-renewable waste | B71: W6100_6220 | C71: =SUM(C72:C73) -> 0 | D71: =SUM(D72:D73) -> 0 | E71: =SUM(E72:E73) -> 0 | F71: =SUM(F72:F73) -> 0 | G71: =SUM(G72:G73) -> 0 | H71: =SUM(H72:H73) -> 0 | I71: =SUM(I72:I73) -> 0 | J71: =SUM(J72:J73) -> 0 | ... Z71: =SUM(Z72:Z73) -> 0
A72: Industrial waste (non-renewable) | B72: W6100 | C72: 0 | D72: 0 | E72: 0 | F72: 0 | G72: 0 | H72: 0 | I72: 0 | J72: 0 | K72: 0 | L72: 0 | M72: 0 | N72: 0 | O72: 0 | P72: 0 | Q72: 0 | R72: 0 | S72: 0 | T72: 0 | U72: 0 | V72: 0 | W72: 0 | X72: 0 | Y72: 0 | Z72: 0
A73: Non-renewable municipal waste | B73: W6220 | C73: 0 | D73: 0 | E73: 0 | F73: 0 | G73: 0 | H73: 0 | I73: 0 | J73: 0 | K73: 0 | L73: 0 | M73: 0 | N73: 0 | O73: 0 | P73: 0 | Q73: 0 | R73: 0 | S73: 0 | T73: 0 | U73: 0 | V73: 0 | W73: 0 | X73: 0 | Y73: 0 | Z73: 0
A74: Nuclear heat | B74: N900H | C74: 0 | D74: 0 | E74: 0 | F74: 0 | G74: 0 | H74: 0 | I74: 0 | J74: 0 | K74: 0 | L74: 0 | M74: 0 | N74: 0 | O74: 0 | P74: 0 | Q74: 0 | R74: 0 | S74: 0 | T74: 0 | U74: 0 | V74: 0 | W74: 0 | X74: 0 | Y74: 0 | Z74: 0
A75: Heat | B75: H8000 | C75: 0 | D75: 0 | E75: 0 | F75: 0 | G75: 0 | H75: 0 | I75: 0 | J75: 0 | K75: 0 | L75: 0 | M75: 0 | N75: 0 | O75: 0 | P75: 0 | Q75: 0 | R75: 0 | S75: 0 | T75: 0 | U75: 0 | V75: 0 | W75: 0 | X75: 0 | Y75: 0 | Z75: 0
A76: Electricity | B76: E7000 | C76: 0 | D76: 0 | E76: 0 | F76: 0 | G76: 0 | H76: 0 | I76: 0 | J76: 0 | K76: 0 | L76: 0 | M76: 0 | N76: 0 | O76: 0 | P76: 0 | Q76: 0 | R76: 90.627687 | S76: 131.27154 | T76: 77.133792 | U76: 54.281427 | V76: 56.470851 | W76: 36.097163 | X76: 47.05503 | Y76: 55.557954 | Z76: 55.748323

Sheet EXP
A1: Exports | B1: EXP | C1: 2000 | D1: 2001 | E1: 2002 | F1: 2003 | G1: 2004 | H1: 2005 | I1: 2006 | J1: 2007 | K1: 2008 | L1: 2009 | M1: 2010 | N1: 2011 | O1: 2012 | P1: 2013 | Q1: 2014 | R1: 2015 | S1: 2016 | T1: 2017 | U1: 2018 | V1: 2019 | W1: 2020 | X1: 2021 | Y1: 2022 | Z1: 2023
A2: Total | B2: TOTAL | C2: =SUM(C3,C17,C22,C25,C26,C51,C52,C71,C74,C75,C76) -> 0 | D2: =SUM(D3,D17,D22,D25,D26,D51,D52,D71,D74,D75,D76) -> 0 | E2: =SUM(E3,E17,E22,E25,E26,E51,E52,E71,E74,E75,E76) -> 0 | F2: =SUM(F3,F17,F22,F25,F26,F51,F52,F71,F74,F75,F76) -> 0 | G2: =SUM(G3,G17,G22,G25,G26,G51,G52,G71,G74,G75,G76) -> 0 | H2: =SUM(H3,H17,H22,H25,H26,H51,H52,H71,H74,H75,H76) -> 0 | I2: =SUM(I3,I17,I22,I25,I26,I51,I52,I71,I74,I75,I76) -> 0 | J2: =SUM(J3,J17,J22,J25,J26,J51,J52,J71,J74,J75,J76) -> 0 | ... Z2: =SUM(Z3,Z17,Z22,Z25,Z26,Z51,Z52,Z71,Z74,Z75,Z76) -> 92.068702
A3: Solid fossil fuels | B3: C0000X0350-0370 | C3: =SUM(C4,C8,C11) -> 0 | D3: =SUM(D4,D8,D11) -> 0 | E3: =SUM(E4,E8,E11) -> 0 | F3: =SUM(F4,F8,F11) -> 0 | G3: =SUM(G4,G8,G11) -> 0 | H3: =SUM(H4,H8,H11) -> 0 | I3: =SUM(I4,I8,I11) -> 0 | J3: =SUM(J4,J8,J11) -> 0 | ... Z3: =SUM(Z4,Z8,Z11) -> 0
A4: Hard coal | B4: C0100 | C4: =SUM(C5:C7) -> 0 | D4: =SUM(D5:D7) -> 0 | E4: =SUM(E5:E7) -> 0 | F4: =SUM(F5:F7) -> 0 | G4: =SUM(G5:G7) -> 0 | H4: =SUM(H5:H7) -> 0 | I4: =SUM(I5:I7) -> 0 | J4: =SUM(J5:J7) -> 0 | ... Z4: =SUM(Z5:Z7) -> 0
A5: Anthracite | B5: C0110 | C5: 0 | D5: 0 | E5: 0 | F5: 0 | G5: 0 | H5: 0 | I5: 0 | J5: 0 | K5: 0 | L5: 0 | M5: 0 | N5: 0 | O5: 0 | P5: 0 | Q5: 0 | R5: 0 | S5: 0 | T5: 0 | U5: 0 | V5: 0 | W5: 0 | X5: 0 | Y5: 0 | Z5: 0
A6: Coking coal | B6: C0121 | C6: 0 | D6: 0 | E6: 0 | F6: 0 | G6: 0 | H6: 0 | I6: 0 | J6: 0 | K6: 0 | L6: 0 | M6: 0 | N6: 0 | O6: 0 | P6: 0 | Q6: 0 | R6: 0 | S6: 0 | T6: 0 | U6: 0 | V6: 0 | W6: 0 | X6: 0 | Y6: 0 | Z6: 0
A7: Other bituminous coal | B7: C0129 | C7: 0 | D7: 0 | E7: 0 | F7: 0 | G7: 0 | H7: 0 | I7: 0 | J7: 0 | K7: 0 | L7: 0 | M7: 0 | N7: 0 | O7: 0 | P7: 0 | Q7: 0 | R7: 0 | S7: 0 | T7: 0 | U7: 0 | V7: 0 | W7: 0 | X7: 0 | Y7: 0 | Z7: 0
A8: Brown coal | B8: C0200 | C8: =SUM(C9:C10) -> 0 | D8: =SUM(D9:D10) -> 0 | E8: =SUM(E9:E10) -> 0 | F8: =SUM(F9:F10) -> 0 | G8: =SUM(G9:G10) -> 0 | H8: =SUM(H9:H10) -> 0 | I8: =SUM(I9:I10) -> 0 | J8: =SUM(J9:J10) -> 0 | ... Z8: =SUM(Z9:Z10) -> 0
A9: Sub-bituminous coal | B9: C0210 | C9: 0 | D9: 0 | E9: 0 | F9: 0 | G9: 0 | H9: 0 | I9: 0 | J9: 0 | K9: 0 | L9: 0 | M9: 0 | N9: 0 | O9: 0 | P9: 0 | Q9: 0 | R9: 0 | S9: 0 | T9: 0 | U9: 0 | V9: 0 | W9: 0 | X9: 0 | Y9: 0 | Z9: 0
A10: Lignite | B10: C0220 | C10: 0 | D10: 0 | E10: 0 | F10: 0 | G10: 0 | H10: 0 | I10: 0 | J10: 0 | K10: 0 | L10: 0 | M10: 0 | N10: 0 | O10: 0 | P10: 0 | Q10: 0 | R10: 0 | S10: 0 | T10: 0 | U10: 0 | V10: 0 | W10: 0 | X10: 0 | Y10: 0 | Z10: 0
A11: Coal products | B11: C0300 | C11: =SUM(C12:C16) -> 0 | D11: =SUM(D12:D16) -> 0 | E11: =SUM(E12:E16) -> 0 | F11: =SUM(F12:F16) -> 0 | G11: =SUM(G12:G16) -> 0 | H11: =SUM(H12:H16) -> 0 | I11: =SUM(I12:I16) -> 0 | J11: =SUM(J12:J16) -> 0 | ... Z11: =SUM(Z12:Z16) -> 0
A12: Patent fuel | B12: C0320 | C12: 0 | D12: 0 | E12: 0 | F12: 0 | G12: 0 | H12: 0 | I12: 0 | J12: 0 | K12: 0 | L12: 0 | M12: 0 | N12: 0 | O12: 0 | P12: 0 | Q12: 0 | R12: 0 | S12: 0 | T12: 0 | U12: 0 | V12: 0 | W12: 0 | X12: 0 | Y12: 0 | Z12: 0
A13: Coke oven coke | B13: C0311 | C13: 0 | D13: 0 | E13: 0 | F13: 0 | G13: 0 | H13: 0 | I13: 0 | J13: 0 | K13: 0 | L13: 0 | M13: 0 | N13: 0 | O13: 0 | P13: 0 | Q13: 0 | R13: 0 | S13: 0 | T13: 0 | U13: 0 | V13: 0 | W13: 0 | X13: 0 | Y13: 0 | Z13: 0
A14: Gas coke | B14: C0312 | C14: 0 | D14: 0 | E14: 0 | F14: 0 | G14: 0 | H14: 0 | I14: 0 | J14: 0 | K14: 0 | L14: 0 | M14: 0 | N14: 0 | O14: 0 | P14: 0 | Q14: 0 | R14: 0 | S14: 0 | T14: 0 | U14: 0 | V14: 0 | W14: 0 | X14: 0 | Y14: 0 | Z14: 0
A15: Coal tar | B15: C0340 | C15: 0 | D15: 0 | E15: 0 | F15: 0 | G15: 0 | H15: 0 | I15: 0 | J15: 0 | K15: 0 | L15: 0 | M15: 0 | N15: 0 | O15: 0 | P15: 0 | Q15: 0 | R15: 0 | S15: 0 | T15: 0 | U15: 0 | V15: 0 | W15: 0 | X15: 0 | Y15: 0 | Z15: 0
A16: Brown coal briquettes | B16: C0330 | C16: 0 | D16: 0 | E16: 0 | F16: 0 | G16: 0 | H16: 0 | I16: 0 | J16: 0 | K16: 0 | L16: 0 | M16: 0 | N16: 0 | O16: 0 | P16: 0 | Q16: 0 | R16: 0 | S16: 0 | T16: 0 | U16: 0 | V16: 0 | W16: 0 | X16: 0 | Y16: 0 | Z16: 0
A17: Manufactured gases | B17: C0350-0370 | C17: =SUM(C18:C21) -> 0 | D17: =SUM(D18:D21) -> 0 | E17: =SUM(E18:E21) -> 0 | F17: =SUM(F18:F21) -> 0 | G17: =SUM(G18:G21) -> 0 | H17: =SUM(H18:H21) -> 0 | I17: =SUM(I18:I21) -> 0 | J17: =SUM(J18:J21) -> 0 | ... Z17: =SUM(Z18:Z21) -> 0
A18: Gas works gas | B18: C0360 | C18: 0 | D18: 0 | E18: 0 | F18: 0 | G18: 0 | H18: 0 | I18: 0 | J18: 0 | K18: 0 | L18: 0 | M18: 0 | N18: 0 | O18: 0 | P18: 0 | Q18: 0 | R18: 0 | S18: 0 | T18: 0 | U18: 0 | V18: 0 | W18: 0 | X18: 0 | Y18: 0 | Z18: 0
A19: Coke oven gas | B19: C0350 | C19: 0 | D19: 0 | E19: 0 | F19: 0 | G19: 0 | H19: 0 | I19: 0 | J19: 0 | K19: 0 | L19: 0 | M19: 0 | N19: 0 | O19: 0 | P19: 0 | Q19: 0 | R19: 0 | S19: 0 | T19: 0 | U19: 0 | V19: 0 | W19: 0 | X19: 0 | Y19: 0 | Z19: 0
A20: Blast furnace gas | B20: C0371 | C20: 0 | D20: 0 | E20: 0 | F20: 0 | G20: 0 | H20: 0 | I20: 0 | J20: 0 | K20: 0 | L20: 0 | M20: 0 | N20: 0 | O20: 0 | P20: 0 | Q20: 0 | R20: 0 | S20: 0 | T20: 0 | U20: 0 | V20: 0 | W20: 0 | X20: 0 | Y20: 0 | Z20: 0
A21: Other recovered gases | B21: C0379 | C21: 0 | D21: 0 | E21: 0 | F21: 0 | G21: 0 | H21: 0 | I21: 0 | J21: 0 | K21: 0 | L21: 0 | M21: 0 | N21: 0 | O21: 0 | P21: 0 | Q21: 0 | R21: 0 | S21: 0 | T21: 0 | U21: 0 | V21: 0 | W21: 0 | X21: 0 | Y21: 0 | Z21: 0
A22: Peat and peat products | B22: P1000 | C22: =SUM(C23:C24) -> 0 | D22: =SUM(D23:D24) -> 0 | E22: =SUM(E23:E24) -> 0 | F22: =SUM(F23:F24) -> 0 | G22: =SUM(G23:G24) -> 0 | H22: =SUM(H23:H24) -> 0 | I22: =SUM(I23:I24) -> 0 | J22: =SUM(J23:J24) -> 0 | ... Z22: =SUM(Z23:Z24) -> 0
A23: Peat | B23: P1100 | C23: 0 | D23: 0 | E23: 0 | F23: 0 | G23: 0 | H23: 0 | I23: 0 | J23: 0 | K23: 0 | L23: 0 | M23: 0 | N23: 0 | O23: 0 | P23: 0 | Q23: 0 | R23: 0 | S23: 0 | T23: 0 | U23: 0 | V23: 0 | W23: 0 | X23: 0 | Y23: 0 | Z23: 0
A24: Peat products | B24: P1200 | C24: 0 | D24: 0 | E24: 0 | F24: 0 | G24: 0 | H24: 0 | I24: 0 | J24: 0 | K24: 0 | L24: 0 | M24: 0 | N24: 0 | O24: 0 | P24: 0 | Q24: 0 | R24: 0 | S24: 0 | T24: 0 | U24: 0 | V24: 0 | W24: 0 | X24: 0 | Y24: 0 | Z24: 0
A25: Oil shale and oil sands | B25: S2000 | C25: 0 | D25: 0 | E25: 0 | F25: 0 | G25: 0 | H25: 0 | I25: 0 | J25: 0 | K25: 0 | L25: 0 | M25: 0 | N25: 0 | O25: 0 | P25: 0 | Q25: 0 | R25: 0 | S25: 0 | T25: 0 | U25: 0 | V25: 0 | W25: 0 | X25: 0 | Y25: 0 | Z25: 0
A26: Oil and petroleum products | B26: O4000XBIO | C26: =SUM(C27,C33) -> 0 | D26: =SUM(D27,D33) -> 0 | E26: =SUM(E27,E33) -> 0 | F26: =SUM(F27,F33) -> 0 | G26: =SUM(G27,G33) -> 0 | H26: =SUM(H27,H33) -> 0 | I26: =SUM(I27,I33) -> 0 | J26: =SUM(J27,J33) -> 0 | ... Z26: =SUM(Z27,Z33) -> 89.813672
A27: Crude oil, NGL, refinery feedstocks, additives and oxygenates and other hydrocarbons (excluding biofuel portion) | B27: O4100_TOT_4200-4500XBIO | C27: =SUM(C28:C32) -> 0 | D27: =SUM(D28:D32) -> 0 | E27: =SUM(E28:E32) -> 0 | F27: =SUM(F28:F32) -> 0 | G27: =SUM(G28:G32) -> 0 | H27: =SUM(H28:H32) -> 0 | I27: =SUM(I28:I32) -> 0 | J27: =SUM(J28:J32) -> 0 | ... Z27: =SUM(Z28:Z32) -> 0
A28: Crude oil | B28: O4100_TOT | C28: 0 | D28: 0 | E28: 0 | F28: 0 | G28: 0 | H28: 0 | I28: 0 | J28: 0 | K28: 0 | L28: 0 | M28: 0 | N28: 0 | O28: 0 | P28: 0 | Q28: 0 | R28: 0 | S28: 0 | T28: 0 | U28: 0 | V28: 0 | W28: 0 | X28: 0 | Y28: 0 | Z28: 0
A29: Natural gas liquids | B29: O4200 | C29: 0 | D29: 0 | E29: 0 | F29: 0 | G29: 0 | H29: 0 | I29: 0 | J29: 0 | K29: 0 | L29: 0 | M29: 0 | N29: 0 | O29: 0 | P29: 0 | Q29: 0 | R29: 0 | S29: 0 | T29: 0 | U29: 0 | V29: 0 | W29: 0 | X29: 0 | Y29: 0 | Z29: 0
A30: Refinery feedstocks | B30: O4300 | C30: 0 | D30: 0 | E30: 0 | F30: 0 | G30: 0 | H30: 0 | I30: 0 | J30: 0 | K30: 0 | L30: 0 | M30: 0 | N30: 0 | O30: 0 | P30: 0 | Q30: 0 | R30: 0 | S30: 0 | T30: 0 | U30: 0 | V30: 0 | W30: 0 | X30: 0 | Y30: 0 | Z30: 0
A31: Additives and oxygenates (excluding biofuel portion) | B31: O4400X4410 | C31: 0 | D31: 0 | E31: 0 | F31: 0 | G31: 0 | H31: 0 | I31: 0 | J31: 0 | K31: 0 | L31: 0 | M31: 0 | N31: 0 | O31: 0 | P31: 0 | Q31: 0 | R31: 0 | S31: 0 | T31: 0 | U31: 0 | V31: 0 | W31: 0 | X31: 0 | Y31: 0 | Z31: 0
A32: Other hydrocarbons | B32: O4500 | C32: 0 | D32: 0 | E32: 0 | F32: 0 | G32: 0 | H32: 0 | I32: 0 | J32: 0 | K32: 0 | L32: 0 | M32: 0 | N32: 0 | O32: 0 | P32: 0 | Q32: 0 | R32: 0 | S32: 0 | T32: 0 | U32: 0 | V32: 0 | W32: 0 | X32: 0 | Y32: 0 | Z32: 0
A33: Oil products (excluding biofuel portion) | B33: O4600XBIO | C33: =SUM(C34:C50) -> 0 | D33: =SUM(D34:D50) -> 0 | E33: =SUM(E34:E50) -> 0 | F33: =SUM(F34:F50) -> 0 | G33: =SUM(G34:G50) -> 0 | H33: =SUM(H34:H50) -> 0 | I33: =SUM(I34:I50) -> 0 | J33: =SUM(J34:J50) -> 0 | ... Z33: =SUM(Z34:Z50) -> 89.813672
A34: Refinery gas | B34: O4610 | C34: 0 | D34: 0 | E34: 0 | F34: 0 | G34: 0 | H34: 0 | I34: 0 | J34: 0 | K34: 0 | L34: 0 | M34: 0 | N34: 0 | O34: 0 | P34: 0 | Q34: 0 | R34: 0 | S34: 0 | T34: 0 | U34: 0 | V34: 0 | W34: 0 | X34: 0 | Y34: 0 | Z34: 0
A35: Ethane | B35: O4620 | C35: 0 | D35: 0 | E35: 0 | F35: 0 | G35: 0 | H35: 0 | I35: 0 | J35: 0 | K35: 0 | L35: 0 | M35: 0 | N35: 0 | O35: 0 | P35: 0 | Q35: 0 | R35: 0 | S35: 0 | T35: 0 | U35: 0 | V35: 0 | W35: 0 | X35: 0 | Y35: 0 | Z35: 0
A36: Liquefied petroleum gases | B36: O4630 | C36: 0 | D36: 0 | E36: 0 | F36: 0 | G36: 0 | H36: 0 | I36: 0 | J36: 0 | K36: 0 | L36: 0 | M36: 0 | N36: 0 | O36: 0 | P36: 0 | Q36: 0 | R36: 0 | S36: 0 | T36: 0 | U36: 0 | V36: 0 | W36: 0 | X36: 0 | Y36: 0 | Z36: 0
A37: Motor gasoline (excluding biofuel portion) | B37: O4652XR5210B | C37: 0 | D37: 0 | E37: 0 | F37: 0 | G37: 0 | H37: 0 | I37: 0 | J37: 0 | K37: 0 | L37: 0 | M37: 0 | N37: 0 | O37: 0 | P37: 0 | Q37: 0 | R37: 0 | S37: 0 | T37: 0 | U37: 0 | V37: 0 | W37: 0 | X37: 0 | Y37: 0 | Z37: 0
A38: Aviation gasoline | B38: O4651 | C38: 0 | D38: 0 | E38: 0 | F38: 0 | G38: 0 | H38: 0 | I38: 0 | J38: 0 | K38: 0 | L38: 0 | M38: 0 | N38: 0 | O38: 1.0581255 | P38: 0 | Q38: 0 | R38: 0 | S38: 0 | T38: 0 | U38: 0 | V38: 0 | W38: 0 | X38: 0 | Y38: 0 | Z38: 0
A39: Gasoline-type jet fuel | B39: O4653 | C39: 0 | D39: 0 | E39: 0 | F39: 0 | G39: 0 | H39: 0 | I39: 0 | J39: 0 | K39: 0 | L39: 0 | M39: 0 | N39: 0 | O39: 0 | P39: 0 | Q39: 0 | R39: 0 | S39: 0 | T39: 0 | U39: 0 | V39: 0 | W39: 0 | X39: 0 | Y39: 0 | Z39: 0
A40: Kerosene-type jet fuel (excluding biofuel portion) | B40: O4661XR5230B | C40: 0 | D40: 0 | E40: 0 | F40: 0 | G40: 0 | H40: 0 | I40: 0 | J40: 0 | K40: 0 | L40: 0 | M40: 0 | N40: 0 | O40: 0 | P40: 10.270335 | Q40: 0 | R40: 0 | S40: 0 | T40: 0 | U40: 0 | V40: 0 | W40: 0 | X40: 0 | Y40: 0 | Z40: 0
A41: Other kerosene | B41: O4669 | C41: 0 | D41: 0 | E41: 0 | F41: 0 | G41: 0 | H41: 0 | I41: 0 | J41: 0 | K41: 0 | L41: 0 | M41: 0 | N41: 0 | O41: 0 | P41: 0 | Q41: 0 | R41: 0 | S41: 0 | T41: 0 | U41: 0 | V41: 0.0031814273 | W41: 0 | X41: 0 | Y41: 0 | Z41: 0
A42: Naphtha | B42: O4640 | C42: 0 | D42: 0 | E42: 0 | F42: 0 | G42: 0 | H42: 0 | I42: 0 | J42: 0 | K42: 0 | L42: 0 | M42: 0 | N42: 0 | O42: 0 | P42: 0 | Q42: 0 | R42: 0 | S42: 0 | T42: 0 | U42: 0 | V42: 0 | W42: 0 | X42: 0 | Y42: 0 | Z42: 0
A43: Gas oil and diesel oil (excluding biofuel portion) | B43: O4671XR5220B | C43: 0 | D43: 0 | E43: 0 | F43: 0 | G43: 0 | H43: 0 | I43: 0 | J43: 0 | K43: 0 | L43: 9.2433362 | M43: 16.432588 | N43: 3.0810834 | O43: 7.1892519 | P43: 65.730353 | Q43: 25.675924 | R43: 325.57085 | S43: 255.73233 | T43: 70.921066 | U43: 198.70705 | V43: 140.14746 | W43: 109.31582 | X43: 43.336887 | Y43: 28.284609 | Z43: 36.233878
A44: Fuel oil | B44: O4680 | C44: 0 | D44: 0 | E44: 0 | F44: 0 | G44: 0 | H44: 0 | I44: 0 | J44: 0 | K44: 0 | L44: 0 | M44: 0 | N44: 0 | O44: 0 | P44: 74.300172 | Q44: 174.65365 | R44: 205.40748 | S44: 22.929235 | T44: 79.310232 | U44: 153.54256 | V44: 235.34248 | W44: 84.581083 | X44: 62.124764 | Y44: 7.0402408 | Z44: 53.579794
A45: White spirit and special boiling point industrial spirits | B45: O4691 | C45: 0 | D45: 0 | E45: 0 | F45: 0 | G45: 0 | H45: 0 | I45: 0 | J45: 0 | K45: 0 | L45: 0 | M45: 0 | N45: 0 | O45: 0 | P45: 0 | Q45: 0 | R45: 0 | S45: 0 | T45: 0 | U45: 0 | V45: 0 | W45: 0 | X45: 0 | Y45: 0 | Z45: 0
... A51: Natural gas | B51: G3000 | C51: 0 | D51: 0 | E51: 0 | F51: 0 | G51: 0 | H51: 0 | I51: 0 | J51: 0 | K51: 0 | L51: 0 | M51: 0 | N51: 0 | O51: 0 | P51: 0 | Q51: 0 | R51: 0 | S51: 0 | T51: 0 | U51: 0 | V51: 0 | W51: 0 | X51: 0 | Y51: 0 | Z51: 0
A52: Renewables and biofuels | B52: RA000 | C52: =SUM(C53:C70) -> 0 | D52: =SUM(D53:D70) -> 0 | E52: =SUM(E53:E70) -> 0 | F52: =SUM(F53:F70) -> 0 | G52: =SUM(G53:G70) -> 0 | H52: =SUM(H53:H70) -> 0 | I52: =SUM(I53:I70) -> 0 | J52: =SUM(J53:J70) -> 0 | ... Z52: =SUM(Z53:Z70) -> 0
A53: Hydro | B53: RA100 | C53: 0 | D53: 0 | E53: 0 | F53: 0 | G53: 0 | H53: 0 | I53: 0 | J53: 0 | K53: 0 | L53: 0 | M53: 0 | N53: 0 | O53: 0 | P53: 0 | Q53: 0 | R53: 0 | S53: 0 | T53: 0 | U53: 0 | V53: 0 | W53: 0 | X53: 0 | Y53: 0 | Z53: 0
A54: Tide, wave, ocean | B54: RA500 | C54: 0 | D54: 0 | E54: 0 | F54: 0 | G54: 0 | H54: 0 | I54: 0 | J54: 0 | K54: 0 | L54: 0 | M54: 0 | N54: 0 | O54: 0 | P54: 0 | Q54: 0 | R54: 0 | S54: 0 | T54: 0 | U54: 0 | V54: 0 | W54: 0 | X54: 0 | Y54: 0 | Z54: 0
A55: Wind | B55: RA300 | C55: 0 | D55: 0 | E55: 0 | F55: 0 | G55: 0 | H55: 0 | I55: 0 | J55: 0 | K55: 0 | L55: 0 | M55: 0 | N55: 0 | O55: 0 | P55: 0 | Q55: 0 | R55: 0 | S55: 0 | T55: 0 | U55: 0 | V55: 0 | W55: 0 | X55: 0 | Y55: 0 | Z55: 0
A56: Solar photovoltaic | B56: RA420 | C56: 0 | D56: 0 | E56: 0 | F56: 0 | G56: 0 | H56: 0 | I56: 0 | J56: 0 | K56: 0 | L56: 0 | M56: 0 | N56: 0 | O56: 0 | P56: 0 | Q56: 0 | R56: 0 | S56: 0 | T56: 0 | U56: 0 | V56: 0 | W56: 0 | X56: 0 | Y56: 0 | Z56: 0
A57: Solar thermal | B57: RA410 | C57: 0 | D57: 0 | E57: 0 | F57: 0 | G57: 0 | H57: 0 | I57: 0 | J57: 0 | K57: 0 | L57: 0 | M57: 0 | N57: 0 | O57: 0 | P57: 0 | Q57: 0 | R57: 0 | S57: 0 | T57: 0 | U57: 0 | V57: 0 | W57: 0 | X57: 0 | Y57: 0 | Z57: 0
A58: Geothermal | B58: RA200 | C58: 0 | D58: 0 | E58: 0 | F58: 0 | G58: 0 | H58: 0 | I58: 0 | J58: 0 | K58: 0 | L58: 0 | M58: 0 | N58: 0 | O58: 0 | P58: 0 | Q58: 0 | R58: 0 | S58: 0 | T58: 0 | U58: 0 | V58: 0 | W58: 0 | X58: 0 | Y58: 0 | Z58: 0
A59: Primary solid biofuels | B59: R5110-5150_W6000RI | C59: 0 | D59: 0 | E59: 0 | F59: 0 | G59: 0 | H59: 0 | I59: 0 | J59: 0 | K59: 0 | L59: 0 | M59: 0 | N59: 0 | O59: 0 | P59: 0 | Q59: 0 | R59: 0 | S59: 0 | T59: 0 | U59: 0 | V59: 0 | W59: 0 | X59: 0 | Y59: 0 | Z59: 0
A60: Charcoal | B60: R5160 | C60: 0 | D60: 0 | E60: 0 | F60: 0 | G60: 0 | H60: 0 | I60: 0 | J60: 0 | K60: 0 | L60: 0 | M60: 0 | N60: 0 | O60: 0 | P60: 0 | Q60: 0 | R60: 0 | S60: 0 | T60: 0 | U60: 0 | V60: 0 | W60: 0 | X60: 0 | Y60: 0 | Z60: 0
A61: Biogases | B61: R5300 | C61: 0 | D61: 0 | E61: 0 | F61: 0 | G61: 0 | H61: 0 | I61: 0 | J61: 0 | K61: 0 | L61: 0 | M61: 0 | N61: 0 | O61: 0 | P61: 0 | Q61: 0 | R61: 0 | S61: 0 | T61: 0 | U61: 0 | V61: 0 | W61: 0 | X61: 0 | Y61: 0 | Z61: 0
A62: Renewable municipal waste | B62: W6210 | C62: 0 | D62: 0 | E62: 0 | F62: 0 | G62: 0 | H62: 0 | I62: 0 | J62: 0 | K62: 0 | L62: 0 | M62: 0 | N62: 0 | O62: 0 | P62: 0 | Q62: 0 | R62: 0 | S62: 0 | T62: 0 | U62: 0 | V62: 0 | W62: 0 | X62: 0 | Y62: 0 | Z62: 0
A63: Pure biogasoline | B63: R5210P | C63: 0 | D63: 0 | E63: 0 | F63: 0 | G63: 0 | H63: 0 | I63: 0 | J63: 0 | K63: 0 | L63: 0 | M63: 0 | N63: 0 | O63: 0 | P63: 0 | Q63: 0 | R63: 0 | S63: 0 | T63: 0 | U63: 0 | V63: 0 | W63: 0 | X63: 0 | Y63: 0 | Z63: 0
A64: Blended biogasoline | B64: R5210B | C64: 0 | D64: 0 | E64: 0 | F64: 0 | G64: 0 | H64: 0 | I64: 0 | J64: 0 | K64: 0 | L64: 0 | M64: 0 | N64: 0 | O64: 0 | P64: 0 | Q64: 0 | R64: 0 | S64: 0 | T64: 0 | U64: 0 | V64: 0 | W64: 0 | X64: 0 | Y64: 0 | Z64: 0
... A70: Ambient heat (heat pumps) | B70: RA600 | C70: 0 | D70: 0 | E70: 0 | F70: 0 | G70: 0 | H70: 0 | I70: 0 | J70: 0 | K70: 0 | L70: 0 | M70: 0 | N70: 0 | O70: 0 | P70: 0 | Q70: 0 | R70: 0 | S70: 0 | T70: 0 | U70: 0 | V70: 0 | W70: 0 | X70: 0 | Y70: 0 | Z70: 0
A71: Non-renewable waste | B71: W6100_6220 | C71: =SUM(C72:C73) -> 0 | D71: =SUM(D72:D73) -> 0 | E71: =SUM(E72:E73) -> 0 | F71: =SUM(F72:F73) -> 0 | G71: =SUM(G72:G73) -> 0 | H71: =SUM(H72:H73) -> 0 | I71: =SUM(I72:I73) -> 0 | J71: =SUM(J72:J73) -> 0 | ... Z71: =SUM(Z72:Z73) -> 0
A72: Industrial waste (non-renewable) | B72: W6100 | C72: 0 | D72: 0 | E72: 0 | F72: 0 | G72: 0 | H72: 0 | I72: 0 | J72: 0 | K72: 0 | L72: 0 | M72: 0 | N72: 0 | O72: 0 | P72: 0 | Q72: 0 | R72: 0 | S72: 0 | T72: 0 | U72: 0 | V72: 0 | W72: 0 | X72: 0 | Y72: 0 | Z72: 0
A73: Non-renewable municipal waste | B73: W6220 | C73: 0 | D73: 0 | E73: 0 | F73: 0 | G73: 0 | H73: 0 | I73: 0 | J73: 0 | K73: 0 | L73: 0 | M73: 0 | N73: 0 | O73: 0 | P73: 0 | Q73: 0 | R73: 0 | S73: 0 | T73: 0 | U73: 0 | V73: 0 | W73: 0 | X73: 0 | Y73: 0 | Z73: 0
A74: Nuclear heat | B74: N900H | C74: 0 | D74: 0 | E74: 0 | F74: 0 | G74: 0 | H74: 0 | I74: 0 | J74: 0 | K74: 0 | L74: 0 | M74: 0 | N74: 0 | O74: 0 | P74: 0 | Q74: 0 | R74: 0 | S74: 0 | T74: 0 | U74: 0 | V74: 0 | W74: 0 | X74: 0 | Y74: 0 | Z74: 0
A75: Heat | B75: H8000 | C75: 0 | D75: 0 | E75: 0 | F75: 0 | G75: 0 | H75: 0 | I75: 0 | J75: 0 | K75: 0 | L75: 0 | M75: 0 | N75: 0 | O75: 0 | P75: 0 | Q75: 0 | R75: 0 | S75: 0 | T75: 0 | U75: 0 | V75: 0 | W75: 0 | X75: 0 | Y75: 0 | Z75: 0
A76: Electricity | B76: E7000 | C76: 0 | D76: 0 | E76: 0 | F76: 0 | G76: 0 | H76: 0 | I76: 0 | J76: 0 | K76: 0 | L76: 0 | M76: 0 | N76: 0 | O76: 0 | P76: 0 | Q76: 0 | R76: 0 | S76: 0 | T76: 3.0692175 | U76: 0.90705073 | V76: 1.7584695 | W76: 0.36397248 | X76: 3.0857266 | Y76: 0.58925193 | Z76: 2.2550301

Sheet STK_CHG
A1: Change in stock | B1: STK_CHG | C1: 2000 | D1: 2001 | E1: 2002 | F1: 2003 | G1: 2004 | H1: 2005 | I1: 2006 | J1: 2007 | K1: 2008 | L1: 2009 | M1: 2010 | N1: 2011 | O1: 2012 | P1: 2013 | Q1: 2014 | R1: 2015 | S1: 2016 | T1: 2017 | U1: 2018 | V1: 2019 | W1: 2020 | X1: 2021 | Y1: 2022 | Z1: 2023
A2: Total | B2: TOTAL | C2: =SUM(C3,C17,C22,C25,C26,C51,C52,C71,C74,C75,C76) -> -3.6160791 | D2: =SUM(D3,D17,D22,D25,D26,D51,D52,D71,D74,D75,D76) -> 2.8804815 | E2: =SUM(E3,E17,E22,E25,E26,E51,E52,E71,E74,E75,E76) -> 2.8804815 | F2: =SUM(F3,F17,F22,F25,F26,F51,F52,F71,F74,F75,F76) -> 2.8804815 | G2: =SUM(G3,G17,G22,G25,G26,G51,G52,G71,G74,G75,G76) -> 2.8804815 | H2: =SUM(H3,H17,H22,H25,H26,H51,H52,H71,H74,H75,H76) -> 0 | I2: =SUM(I3,I17,I22,I25,I26,I51,I52,I71,I74,I75,I76) -> 0 | J2: =SUM(J3,J17,J22,J25,J26,J51,J52,J71,J74,J75,J76) -> 0 | ... Z2: =SUM(Z3,Z17,Z22,Z25,Z26,Z51,Z52,Z71,Z74,Z75,Z76) -> 24.006277
A3: Solid fossil fuels | B3: C0000X0350-0370 | C3: =SUM(C4,C8,C11) -> 0 | D3: =SUM(D4,D8,D11) -> 0 | E3: =SUM(E4,E8,E11) -> 0 | F3: =SUM(F4,F8,F11) -> 0 | G3: =SUM(G4,G8,G11) -> 0 | H3: =SUM(H4,H8,H11) -> 0 | I3: =SUM(I4,I8,I11) -> 0 | J3: =SUM(J4,J8,J11) -> 0 | ... Z3: =SUM(Z4,Z8,Z11) -> 0
A4: Hard coal | B4: C0100 | C4: =SUM(C5:C7) -> 0 | D4: =SUM(D5:D7) -> 0 | E4: =SUM(E5:E7) -> 0 | F4: =SUM(F5:F7) -> 0 | G4: =SUM(G5:G7) -> 0 | H4: =SUM(H5:H7) -> 0 | I4: =SUM(I5:I7) -> 0 | J4: =SUM(J5:J7) -> 0 | ... Z4: =SUM(Z5:Z7) -> 0
A5: Anthracite | B5: C0110 | C5: 0 | D5: 0 | E5: 0 | F5: 0 | G5: 0 | H5: 0 | I5: 0 | J5: 0 | K5: 0 | L5: 0 | M5: 0 | N5: 0 | O5: 0 | P5: 0 | Q5: 0 | R5: 0 | S5: 0 | T5: 0 | U5: 0 | V5: 0 | W5: 0 | X5: 0 | Y5: 0 | Z5: 0
A6: Coking coal | B6: C0121 | C6: 0 | D6: 0 | E6: 0 | F6: 0 | G6: 0 | H6: 0 | I6: 0 | J6: 0 | K6: 0 | L6: 0 | M6: 0 | N6: 0 | O6: 0 | P6: 0 | Q6: 0 | R6: 0 | S6: 0 | T6: 0 | U6: 0 | V6: 0 | W6: 0 | X6: 0 | Y6: 0 | Z6: 0
A7: Other bituminous coal | B7: C0129 | C7: 0 | D7: 0 | E7: 0 | F7: 0 | G7: 0 | H7: 0 | I7: 0 | J7: 0 | K7: 0 | L7: 0 | M7: 0 | N7: 0 | O7: 0 | P7: 0 | Q7: 0 | R7: 0 | S7: 0 | T7: 0 | U7: 0 | V7: 0 | W7: 0 | X7: 0 | Y7: 0 | Z7: 0
A8: Brown coal | B8: C0200 | C8: =SUM(C9:C10) -> 0 | D8: =SUM(D9:D10) -> 0 | E8: =SUM(E9:E10) -> 0 | F8: =SUM(F9:F10) -> 0 | G8: =SUM(G9:G10) -> 0 | H8: =SUM(H9:H10) -> 0 | I8: =SUM(I9:I10) -> 0 | J8: =SUM(J9:J10) -> 0 | ... Z8: =SUM(Z9:Z10) -> 0
A9: Sub-bituminous coal | B9: C0210 | C9: 0 | D9: 0 | E9: 0 | F9: 0 | G9: 0 | H9: 0 | I9: 0 | J9: 0 | K9: 0 | L9: 0 | M9: 0 | N9: 0 | O9: 0 | P9: 0 | Q9: 0 | R9: 0 | S9: 0 | T9: 0 | U9: 0 | V9: 0 | W9: 0 | X9: 0 | Y9: 0 | Z9: 0
A10: Lignite | B10: C0220 | C10: 0 | D10: 0 | E10: 0 | F10: 0 | G10: 0 | H10: 0 | I10: 0 | J10: 0 | K10: 0 | L10: 0 | M10: 0 | N10: 0 | O10: 0 | P10: 0 | Q10: 0 | R10: 0 | S10: 0 | T10: 0 | U10: 0 | V10: 0 | W10: 0 | X10: 0 | Y10: 0 | Z10: 0
A11: Coal products | B11: C0300 | C11: =SUM(C12:C16) -> 0 | D11: =SUM(D12:D16) -> 0 | E11: =SUM(E12:E16) -> 0 | F11: =SUM(F12:F16) -> 0 | G11: =SUM(G12:G16) -> 0 | H11: =SUM(H12:H16) -> 0 | I11: =SUM(I12:I16) -> 0 | J11: =SUM(J12:J16) -> 0 | ... Z11: =SUM(Z12:Z16) -> 0
A12: Patent fuel | B12: C0320 | C12: 0 | D12: 0 | E12: 0 | F12: 0 | G12: 0 | H12: 0 | I12: 0 | J12: 0 | K12: 0 | L12: 0 | M12: 0 | N12: 0 | O12: 0 | P12: 0 | Q12: 0 | R12: 0 | S12: 0 | T12: 0 | U12: 0 | V12: 0 | W12: 0 | X12: 0 | Y12: 0 | Z12: 0
A13: Coke oven coke | B13: C0311 | C13: 0 | D13: 0 | E13: 0 | F13: 0 | G13: 0 | H13: 0 | I13: 0 | J13: 0 | K13: 0 | L13: 0 | M13: 0 | N13: 0 | O13: 0 | P13: 0 | Q13: 0 | R13: 0 | S13: 0 | T13: 0 | U13: 0 | V13: 0 | W13: 0 | X13: 0 | Y13: 0 | Z13: 0
A14: Gas coke | B14: C0312 | C14: 0 | D14: 0 | E14: 0 | F14: 0 | G14: 0 | H14: 0 | I14: 0 | J14: 0 | K14: 0 | L14: 0 | M14: 0 | N14: 0 | O14: 0 | P14: 0 | Q14: 0 | R14: 0 | S14: 0 | T14: 0 | U14: 0 | V14: 0 | W14: 0 | X14: 0 | Y14: 0 | Z14: 0
A15: Coal tar | B15: C0340 | C15: 0 | D15: 0 | E15: 0 | F15: 0 | G15: 0 | H15: 0 | I15: 0 | J15: 0 | K15: 0 | L15: 0 | M15: 0 | N15: 0 | O15: 0 | P15: 0 | Q15: 0 | R15: 0 | S15: 0 | T15: 0 | U15: 0 | V15: 0 | W15: 0 | X15: 0 | Y15: 0 | Z15: 0
A16: Brown coal briquettes | B16: C0330 | C16: 0 | D16: 0 | E16: 0 | F16: 0 | G16: 0 | H16: 0 | I16: 0 | J16: 0 | K16: 0 | L16: 0 | M16: 0 | N16: 0 | O16: 0 | P16: 0 | Q16: 0 | R16: 0 | S16: 0 | T16: 0 | U16: 0 | V16: 0 | W16: 0 | X16: 0 | Y16: 0 | Z16: 0
A17: Manufactured gases | B17: C0350-0370 | C17: =SUM(C18:C21) -> 0 | D17: =SUM(D18:D21) -> 0 | E17: =SUM(E18:E21) -> 0 | F17: =SUM(F18:F21) -> 0 | G17: =SUM(G18:G21) -> 0 | H17: =SUM(H18:H21) -> 0 | I17: =SUM(I18:I21) -> 0 | J17: =SUM(J18:J21) -> 0 | ... Z17: =SUM(Z18:Z21) -> 0
A18: Gas works gas | B18: C0360 | C18: 0 | D18: 0 | E18: 0 | F18: 0 | G18: 0 | H18: 0 | I18: 0 | J18: 0 | K18: 0 | L18: 0 | M18: 0 | N18: 0 | O18: 0 | P18: 0 | Q18: 0 | R18: 0 | S18: 0 | T18: 0 | U18: 0 | V18: 0 | W18: 0 | X18: 0 | Y18: 0 | Z18: 0
A19: Coke oven gas | B19: C0350 | C19: 0 | D19: 0 | E19: 0 | F19: 0 | G19: 0 | H19: 0 | I19: 0 | J19: 0 | K19: 0 | L19: 0 | M19: 0 | N19: 0 | O19: 0 | P19: 0 | Q19: 0 | R19: 0 | S19: 0 | T19: 0 | U19: 0 | V19: 0 | W19: 0 | X19: 0 | Y19: 0 | Z19: 0
A20: Blast furnace gas | B20: C0371 | C20: 0 | D20: 0 | E20: 0 | F20: 0 | G20: 0 | H20: 0 | I20: 0 | J20: 0 | K20: 0 | L20: 0 | M20: 0 | N20: 0 | O20: 0 | P20: 0 | Q20: 0 | R20: 0 | S20: 0 | T20: 0 | U20: 0 | V20: 0 | W20: 0 | X20: 0 | Y20: 0 | Z20: 0
A21: Other recovered gases | B21: C0379 | C21: 0 | D21: 0 | E21: 0 | F21: 0 | G21: 0 | H21: 0 | I21: 0 | J21: 0 | K21: 0 | L21: 0 | M21: 0 | N21: 0 | O21: 0 | P21: 0 | Q21: 0 | R21: 0 | S21: 0 | T21: 0 | U21: 0 | V21: 0 | W21: 0 | X21: 0 | Y21: 0 | Z21: 0
A22: Peat and peat products | B22: P1000 | C22: =SUM(C23:C24) -> 0 | D22: =SUM(D23:D24) -> 0 | E22: =SUM(E23:E24) -> 0 | F22: =SUM(F23:F24) -> 0 | G22: =SUM(G23:G24) -> 0 | H22: =SUM(H23:H24) -> 0 | I22: =SUM(I23:I24) -> 0 | J22: =SUM(J23:J24) -> 0 | ... Z22: =SUM(Z23:Z24) -> 0
A23: Peat | B23: P1100 | C23: 0 | D23: 0 | E23: 0 | F23: 0 | G23: 0 | H23: 0 | I23: 0 | J23: 0 | K23: 0 | L23: 0 | M23: 0 | N23: 0 | O23: 0 | P23: 0 | Q23: 0 | R23: 0 | S23: 0 | T23: 0 | U23: 0 | V23: 0 | W23: 0 | X23: 0 | Y23: 0 | Z23: 0
A24: Peat products | B24: P1200 | C24: 0 | D24: 0 | E24: 0 | F24: 0 | G24: 0 | H24: 0 | I24: 0 | J24: 0 | K24: 0 | L24: 0 | M24: 0 | N24: 0 | O24: 0 | P24: 0 | Q24: 0 | R24: 0 | S24: 0 | T24: 0 | U24: 0 | V24: 0 | W24: 0 | X24: 0 | Y24: 0 | Z24: 0
A25: Oil shale and oil sands | B25: S2000 | C25: 0 | D25: 0 | E25: 0 | F25: 0 | G25: 0 | H25: 0 | I25: 0 | J25: 0 | K25: 0 | L25: 0 | M25: 0 | N25: 0 | O25: 0 | P25: 0 | Q25: 0 | R25: 0 | S25: 0 | T25: 0 | U25: 0 | V25: 0 | W25: 0 | X25: 0 | Y25: 0 | Z25: 0
A26: Oil and petroleum products | B26: O4000XBIO | C26: =SUM(C27,C33) -> -3.6160791 | D26: =SUM(D27,D33) -> 2.8804815 | E26: =SUM(E27,E33) -> 2.8804815 | F26: =SUM(F27,F33) -> 2.8804815 | G26: =SUM(G27,G33) -> 2.8804815 | H26: =SUM(H27,H33) -> 0 | I26: =SUM(I27,I33) -> 0 | J26: =SUM(J27,J33) -> 0 | ... Z26: =SUM(Z27,Z33) -> -1.9190886
A27: Crude oil, NGL, refinery feedstocks, additives and oxygenates and other hydrocarbons (excluding biofuel portion) | B27: O4100_TOT_4200-4500XBIO | C27: =SUM(C28:C32) -> 0 | D27: =SUM(D28:D32) -> 0 | E27: =SUM(E28:E32) -> 0 | F27: =SUM(F28:F32) -> 0 | G27: =SUM(G28:G32) -> 0 | H27: =SUM(H28:H32) -> 0 | I27: =SUM(I28:I32) -> 0 | J27: =SUM(J28:J32) -> 0 | ... Z27: =SUM(Z28:Z32) -> 0
A28: Crude oil | B28: O4100_TOT | C28: 0 | D28: 0 | E28: 0 | F28: 0 | G28: 0 | H28: 0 | I28: 0 | J28: 0 | K28: 0 | L28: 0 | M28: 0 | N28: 0 | O28: 0 | P28: 0 | Q28: 0 | R28: 0 | S28: 0 | T28: 0 | U28: 0 | V28: 0 | W28: 0 | X28: 0 | Y28: 0 | Z28: 0
A29: Natural gas liquids | B29: O4200 | C29: 0 | D29: 0 | E29: 0 | F29: 0 | G29: 0 | H29: 0 | I29: 0 | J29: 0 | K29: 0 | L29: 0 | M29: 0 | N29: 0 | O29: 0 | P29: 0 | Q29: 0 | R29: 0 | S29: 0 | T29: 0 | U29: 0 | V29: 0 | W29: 0 | X29: 0 | Y29: 0 | Z29: 0
A30: Refinery feedstocks | B30: O4300 | C30: 0 | D30: 0 | E30: 0 | F30: 0 | G30: 0 | H30: 0 | I30: 0 | J30: 0 | K30: 0 | L30: 0 | M30: 0 | N30: 0 | O30: 0 | P30: 0 | Q30: 0 | R30: 0 | S30: 0 | T30: 0 | U30: 0 | V30: 0 | W30: 0 | X30: 0 | Y30: 0 | Z30: 0
A31: Additives and oxygenates (excluding biofuel portion) | B31: O4400X4410 | C31: 0 | D31: 0 | E31: 0 | F31: 0 | G31: 0 | H31: 0 | I31: 0 | J31: 0 | K31: 0 | L31: 0 | M31: 0 | N31: 0 | O31: 0 | P31: 0 | Q31: 0 | R31: 0 | S31: 0 | T31: 0 | U31: 0 | V31: 0 | W31: 0 | X31: 0 | Y31: 0 | Z31: 0
A32: Other hydrocarbons | B32: O4500 | C32: 0 | D32: 0 | E32: 0 | F32: 0 | G32: 0 | H32: 0 | I32: 0 | J32: 0 | K32: 0 | L32: 0 | M32: 0 | N32: 0 | O32: 0 | P32: 0 | Q32: 0 | R32: 0 | S32: 0 | T32: 0 | U32: 0 | V32: 0 | W32: 0 | X32: 0 | Y32: 0 | Z32: 0
A33: Oil products (excluding biofuel portion) | B33: O4600XBIO | C33: =SUM(C34:C50) -> -3.6160791 | D33: =SUM(D34:D50) -> 2.8804815 | E33: =SUM(E34:E50) -> 2.8804815 | F33: =SUM(F34:F50) -> 2.8804815 | G33: =SUM(G34:G50) -> 2.8804815 | H33: =SUM(H34:H50) -> 0 | I33: =SUM(I34:I50) -> 0 | J33: =SUM(J34:J50) -> 0 | ... Z33: =SUM(Z34:Z50) -> -1.9190886
A34: Refinery gas | B34: O4610 | C34: 0 | D34: 0 | E34: 0 | F34: 0 | G34: 0 | H34: 0 | I34: 0 | J34: 0 | K34: 0 | L34: 0 | M34: 0 | N34: 0 | O34: 0 | P34: 0 | Q34: 0 | R34: 0 | S34: 0 | T34: 0 | U34: 0 | V34: 0 | W34: 0 | X34: 0 | Y34: 0 | Z34: 0
A35: Ethane | B35: O4620 | C35: 0 | D35: 0 | E35: 0 | F35: 0 | G35: 0 | H35: 0 | I35: 0 | J35: 0 | K35: 0 | L35: 0 | M35: 0 | N35: 0 | O35: 0 | P35: 0 | Q35: 0 | R35: 0 | S35: 0 | T35: 0 | U35: 0 | V35: 0 | W35: 0 | X35: 0 | Y35: 0 | Z35: 0
A36: Liquefied petroleum gases | B36: O4630 | C36: 0 | D36: 0 | E36: 0 | F36: 0 | G36: 0 | H36: 0 | I36: 0 | J36: 0 | K36: 0 | L36: -1.0987102 | M36: 1.0987102 | N36: 0 | O36: -1.0987102 | P36: -1.0987102 | Q36: -1.0987102 | R36: 0 | S36: -1.0987102 | T36: 2.8356836 | U36: -1.9128117 | V36: 1.5634566 | W36: -1.6117799 | X36: 0.29114359 | Y36: 0.80756664 | Z36: -0.44823732
A37: Motor gasoline (excluding biofuel portion) | B37: O4652XR5210B | C37: 1.0581255 | D37: 0 | E37: 0 | F37: 0 | G37: 0 | H37: 0 | I37: 0 | J37: 0 | K37: 0 | L37: -2.0540843 | M37: 4.1081685 | N37: -9.2433362 | O37: 9.2433362 | P37: -1.0269991 | Q37: -5.1351677 | R37: -1.0269991 | S37: 7.1892519 | T37: -6.5484093 | U37: -0.81341359 | V37: 6.8411006 | W37: -4.9606191 | X37: -3.8236457 | Y37: -7.8126397 | Z37: 10.032072
A38: Aviation gasoline | B38: O4651 | C38: 0 | D38: 0 | E38: 0 | F38: 0 | G38: 0 | H38: 0 | I38: 0 | J38: 0 | K38: 0 | L38: 0 | M38: 0 | N38: 0 | O38: 0 | P38: 0 | Q38: 0 | R38: 0 | S38: 0 | T38: -0.0031814273 | U38: 0.0020636285 | V38: 0.0052450559 | W38: -0.0020636285 | X38: -0.0020636285 | Y38: -0.0062768702 | Z38: -0.013671539
A39: Gasoline-type jet fuel | B39: O4653 | C39: 0 | D39: 0 | E39: 0 | F39: 0 | G39: 0 | H39: 0 | I39: 0 | J39: 0 | K39: 0 | L39: 0 | M39: 0 | N39: 0 | O39: 0 | P39: 0 | Q39: 0 | R39: 0 | S39: 0 | T39: 0 | U39: 0 | V39: 0 | W39: 0 | X39: 0 | Y39: 0 | Z39: 0
A40: Kerosene-type jet fuel (excluding biofuel portion) | B40: O4661XR5230B | C40: 5.266552 | D40: 0 | E40: 0 | F40: 0 | G40: 0 | H40: 0 | I40: 0 | J40: 0 | K40: 0 | L40: 28.757008 | M40: 5.1351677 | N40: -4.1081685 | O40: -1.0269991 | P40: 0 | Q40: 1.0269991 | R40: -2.0540843 | S40: 2.0540843 | T40: -16.293981 | U40: 10.686328 | V40: -13.432588 | W40: 7.2601032 | X40: 2.6117799 | Y40: -1.5785899 | Z40: -0.2916595
A41: Other kerosene | B41: O4669 | C41: 0 | D41: 0 | E41: 0 | F41: 0 | G41: 0 | H41: 0 | I41: 0 | J41: 0 | K41: 0 | L41: 0 | M41: 0 | N41: 0 | O41: 0 | P41: 0 | Q41: 0 | R41: 0 | S41: 0 | T41: -0.031470335 | U41: -0.023043852 | V41: 0.033533964 | W41: -0.080739467 | X41: 0.042992261 | Y41: 0.042992261 | Z41: 0.033533964
A42: Naphtha | B42: O4640 | C42: 0 | D42: 0 | E42: 0 | F42: 0 | G42: 0 | H42: 0 | I42: 0 | J42: 0 | K42: 0 | L42: 0 | M42: 0 | N42: 0 | O42: 0 | P42: 0 | Q42: 0 | R42: 0 | S42: 0 | T42: 0 | U42: 0 | V42: 0 | W42: 0 | X42: 0 | Y42: 0 | Z42: 0
A43: Gas oil and diesel oil (excluding biofuel portion) | B43: O4671XR5220B | C43: -20.540757 | D43: 0 | E43: 0 | F43: 0 | G43: 0 | H43: 0 | I43: 0 | J43: 0 | K43: 0 | L43: -16.432588 | M43: 10.270335 | N43: -8.2163371 | O43: 4.1081685 | P43: -20.540757 | Q43: -1.0269991 | R43: 10.270335 | S43: -14.378504 | T43: -90.888736 | U43: 79.977472 | V43: -29.726569 | W43: 31.522872 | X43: 13.284695 | Y43: -8.3857266 | Z43: -7.7315563
A44: Fuel oil | B44: O4680 | C44: 7.7195185 | D44: 0 | E44: 0 | F44: 0 | G44: 0 | H44: 0 | I44: 0 | J44: 0 | K44: 0 | L44: -8.5984523 | M44: -1.9107481 | N44: -14.330782 | O44: -41.081513 | P44: -72.370335 | Q44: 42.457266 | R44: 40.126139 | S44: -32.483061 | T44: 2.072227 | U44: -19.139209 | V44: 95.204901 | W44: -13.610404 | X44: 37.391831 | Y44: -2.4591574 | Z44: -3.4995701
A45: White spirit and special boiling point industrial spirits | B45: O4691 | C45: 0 | D45: 0 | E45: 0 | F45: 0 | G45: 0 | H45: 0 | I45: 0 | J45: 0 | K45: 0 | L45: 0 | M45: 0 | N45: 0 | O45: 0 | P45: 0 | Q45: 0 | R45: 0 | S45: 0 | T45: 0 | U45: 0 | V45: 0 | W45: 0 | X45: 0 | Y45: 0 | Z45: 0
... A51: Natural gas | B51: G3000 | C51: 0 | D51: 0 | E51: 0 | F51: 0 | G51: 0 | H51: 0 | I51: 0 | J51: 0 | K51: 0 | L51: 0 | M51: 0 | N51: 0 | O51: 0 | P51: 0 | Q51: 0 | R51: 0 | S51: 0 | T51: -12.562769 | U51: -27.773603 | V51: -11.095099 | W51: 12.203181 | X51: -11.103955 | Y51: -0.50619089 | Z51: 22.584953
A52: Renewables and biofuels | B52: RA000 | C52: =SUM(C53:C70) -> 0 | D52: =SUM(D53:D70) -> 0 | E52: =SUM(E53:E70) -> 0 | F52: =SUM(F53:F70) -> 0 | G52: =SUM(G53:G70) -> 0 | H52: =SUM(H53:H70) -> 0 | I52: =SUM(I53:I70) -> 0 | J52: =SUM(J53:J70) -> 0 | ... Z52: =SUM(Z53:Z70) -> 3.3404127
A53: Hydro | B53: RA100 | C53: 0 | D53: 0 | E53: 0 | F53: 0 | G53: 0 | H53: 0 | I53: 0 | J53: 0 | K53: 0 | L53: 0 | M53: 0 | N53: 0 | O53: 0 | P53: 0 | Q53: 0 | R53: 0 | S53: 0 | T53: 0 | U53: 0 | V53: 0 | W53: 0 | X53: 0 | Y53: 0 | Z53: 0
A54: Tide, wave, ocean | B54: RA500 | C54: 0 | D54: 0 | E54: 0 | F54: 0 | G54: 0 | H54: 0 | I54: 0 | J54: 0 | K54: 0 | L54: 0 | M54: 0 | N54: 0 | O54: 0 | P54: 0 | Q54: 0 | R54: 0 | S54: 0 | T54: 0 | U54: 0 | V54: 0 | W54: 0 | X54: 0 | Y54: 0 | Z54: 0
A55: Wind | B55: RA300 | C55: 0 | D55: 0 | E55: 0 | F55: 0 | G55: 0 | H55: 0 | I55: 0 | J55: 0 | K55: 0 | L55: 0 | M55: 0 | N55: 0 | O55: 0 | P55: 0 | Q55: 0 | R55: 0 | S55: 0 | T55: 0 | U55: 0 | V55: 0 | W55: 0 | X55: 0 | Y55: 0 | Z55: 0
A56: Solar photovoltaic | B56: RA420 | C56: 0 | D56: 0 | E56: 0 | F56: 0 | G56: 0 | H56: 0 | I56: 0 | J56: 0 | K56: 0 | L56: 0 | M56: 0 | N56: 0 | O56: 0 | P56: 0 | Q56: 0 | R56: 0 | S56: 0 | T56: 0 | U56: 0 | V56: 0 | W56: 0 | X56: 0 | Y56: 0 | Z56: 0
A57: Solar thermal | B57: RA410 | C57: 0 | D57: 0 | E57: 0 | F57: 0 | G57: 0 | H57: 0 | I57: 0 | J57: 0 | K57: 0 | L57: 0 | M57: 0 | N57: 0 | O57: 0 | P57: 0 | Q57: 0 | R57: 0 | S57: 0 | T57: 0 | U57: 0 | V57: 0 | W57: 0 | X57: 0 | Y57: 0 | Z57: 0
A58: Geothermal | B58: RA200 | C58: 0 | D58: 0 | E58: 0 | F58: 0 | G58: 0 | H58: 0 | I58: 0 | J58: 0 | K58: 0 | L58: 0 | M58: 0 | N58: 0 | O58: 0 | P58: 0 | Q58: 0 | R58: 0 | S58: 0 | T58: 0 | U58: 0 | V58: 0 | W58: 0 | X58: 0 | Y58: 0 | Z58: 0
A59: Primary solid biofuels | B59: R5110-5150_W6000RI | C59: 0 | D59: 0 | E59: 0 | F59: 0 | G59: 0 | H59: 0 | I59: 0 | J59: 0 | K59: 0 | L59: 0 | M59: 0 | N59: 0 | O59: 0 | P59: 0 | Q59: 0 | R59: 0 | S59: 0 | T59: 0 | U59: 0 | V59: 0 | W59: 0 | X59: 0 | Y59: 0 | Z59: 0
A60: Charcoal | B60: R5160 | C60: 0 | D60: 0 | E60: 0 | F60: 0 | G60: 0 | H60: 0 | I60: 0 | J60: 0 | K60: 0 | L60: 0 | M60: 0 | N60: 0 | O60: 0 | P60: 0 | Q60: 0 | R60: 0 | S60: 0 | T60: 0 | U60: 0 | V60: 0 | W60: 0 | X60: 0 | Y60: 0 | Z60: 0
A61: Biogases | B61: R5300 | C61: 0 | D61: 0 | E61: 0 | F61: 0 | G61: 0 | H61: 0 | I61: 0 | J61: 0 | K61: 0 | L61: 0 | M61: 0 | N61: 0 | O61: 0 | P61: 0 | Q61: 0 | R61: 0 | S61: 0 | T61: 0 | U61: 0 | V61: 0 | W61: 0 | X61: 0 | Y61: 0 | Z61: 0
A62: Renewable municipal waste | B62: W6210 | C62: 0 | D62: 0 | E62: 0 | F62: 0 | G62: 0 | H62: 0 | I62: 0 | J62: 0 | K62: 0 | L62: 0 | M62: 0 | N62: 0 | O62: 0 | P62: 0 | Q62: 0 | R62: 0 | S62: 0 | T62: 0 | U62: 0 | V62: 0 | W62: 0 | X62: 0 | Y62: 0 | Z62: 0
A63: Pure biogasoline | B63: R5210P | C63: 0 | D63: 0 | E63: 0 | F63: 0 | G63: 0 | H63: 0 | I63: 0 | J63: 0 | K63: 0 | L63: 0 | M63: 0 | N63: 0 | O63: 0 | P63: 0 | Q63: 0 | R63: 0 | S63: 0 | T63: 0 | U63: 0 | V63: 0 | W63: 0 | X63: 0 | Y63: 0 | Z63: 0
A64: Blended biogasoline | B64: R5210B | C64: 0 | D64: 0 | E64: 0 | F64: 0 | G64: 0 | H64: 0 | I64: 0 | J64: 0 | K64: 0 | L64: 0 | M64: 0 | N64: 0 | O64: 0 | P64: 0 | Q64: 0 | R64: 0 | S64: 0 | T64: 0 | U64: 0 | V64: 0 | W64: 0 | X64: 0 | Y64: 0 | Z64: 0
... A70: Ambient heat (heat pumps) | B70: RA600 | C70: 0 | D70: 0 | E70: 0 | F70: 0 | G70: 0 | H70: 0 | I70: 0 | J70: 0 | K70: 0 | L70: 0 | M70: 0 | N70: 0 | O70: 0 | P70: 0 | Q70: 0 | R70: 0 | S70: 0 | T70: 0 | U70: 0 | V70: 0 | W70: 0 | X70: 0 | Y70: 0 | Z70: 0
A71: Non-renewable waste | B71: W6100_6220 | C71: =SUM(C72:C73) -> 0 | D71: =SUM(D72:D73) -> 0 | E71: =SUM(E72:E73) -> 0 | F71: =SUM(F72:F73) -> 0 | G71: =SUM(G72:G73) -> 0 | H71: =SUM(H72:H73) -> 0 | I71: =SUM(I72:I73) -> 0 | J71: =SUM(J72:J73) -> 0 | ... Z71: =SUM(Z72:Z73) -> 0
A72: Industrial waste (non-renewable) | B72: W6100 | C72: 0 | D72: 0 | E72: 0 | F72: 0 | G72: 0 | H72: 0 | I72: 0 | J72: 0 | K72: 0 | L72: 0 | M72: 0 | N72: 0 | O72: 0 | P72: 0 | Q72: 0 | R72: 0 | S72: 0 | T72: 0 | U72: 0 | V72: 0 | W72: 0 | X72: 0 | Y72: 0 | Z72: 0
A73: Non-renewable municipal waste | B73: W6220 | C73: 0 | D73: 0 | E73: 0 | F73: 0 | G73: 0 | H73: 0 | I73: 0 | J73: 0 | K73: 0 | L73: 0 | M73: 0 | N73: 0 | O73: 0 | P73: 0 | Q73: 0 | R73: 0 | S73: 0 | T73: 0 | U73: 0 | V73: 0 | W73: 0 | X73: 0 | Y73: 0 | Z73: 0
A74: Nuclear heat | B74: N900H | C74: 0 | D74: 0 | E74: 0 | F74: 0 | G74: 0 | H74: 0 | I74: 0 | J74: 0 | K74: 0 | L74: 0 | M74: 0 | N74: 0 | O74: 0 | P74: 0 | Q74: 0 | R74: 0 | S74: 0 | T74: 0 | U74: 0 | V74: 0 | W74: 0 | X74: 0 | Y74: 0 | Z74: 0
A75: Heat | B75: H8000 | C75: 0 | D75: 0 | E75: 0 | F75: 0 | G75: 0 | H75: 0 | I75: 0 | J75: 0 | K75: 0 | L75: 0 | M75: 0 | N75: 0 | O75: 0 | P75: 0 | Q75: 0 | R75: 0 | S75: 0 | T75: 0 | U75: 0 | V75: 0 | W75: 0 | X75: 0 | Y75: 0 | Z75: 0
A76: Electricity | B76: E7000 | C76: 0 | D76: 0 | E76: 0 | F76: 0 | G76: 0 | H76: 0 | I76: 0 | J76: 0 | K76: 0 | L76: 0 | M76: 0 | N76: 0 | O76: 0 | P76: 0 | Q76: 0 | R76: 0 | S76: 0 | T76: 0 | U76: 0 | V76: 0 | W76: 0 | X76: 0 | Y76: 0 | Z76: 0

Sheet GAE
A1: Gross available energy | B1: GAE | C1: 2000 | D1: 2001 | E1: 2002 | F1: 2003 | G1: 2004 | H1: 2005 | I1: 2006 | J1: 2007 | K1: 2008 | L1: 2009 | M1: 2010 | N1: 2011 | O1: 2012 | P1: 2013 | Q1: 2014 | R1: 2015 | S1: 2016 | T1: 2017 | U1: 2018 | V1: 2019 | W1: 2020 | X1: 2021 | Y1: 2022 | Z1: 2023
A2: Total | B2: TOTAL | C2: =SUM(C3,C17,C22,C25,C26,C51,C52,C71,C74,C75,C76) -> 1467.0561 | D2: =SUM(D3,D17,D22,D25,D26,D51,D52,D71,D74,D75,D76) -> 1614.314 | E2: =SUM(E3,E17,E22,E25,E26,E51,E52,E71,E74,E75,E76) -> 1575.4538 | F2: =SUM(F3,F17,F22,F25,F26,F51,F52,F71,F74,F75,F76) -> 1831.1121 | G2: =SUM(G3,G17,G22,G25,G26,G51,G52,G71,G74,G75,G76) -> 1922.7477 | H2: =SUM(H3,H17,H22,H25,H26,H51,H52,H71,H74,H75,H76) -> 1594.1387 | I2: =SUM(I3,I17,I22,I25,I26,I51,I52,I71,I74,I75,I76) -> 1689.6101 | J2: =SUM(J3,J17,J22,J25,J26,J51,J52,J71,J74,J75,J76) -> 1800.8457 | ... Z2: =SUM(Z3,Z17,Z22,Z25,Z26,Z51,Z52,Z71,Z74,Z75,Z76) -> 3195.0039
A3: Solid fossil fuels | B3: C0000X0350-0370 | C3: =SUM(C4,C8,C11) -> 0 | D3: =SUM(D4,D8,D11) -> 0 | E3: =SUM(E4,E8,E11) -> 0 | F3: =SUM(F4,F8,F11) -> 0 | G3: =SUM(G4,G8,G11) -> 0 | H3: =SUM(H4,H8,H11) -> 0 | I3: =SUM(I4,I8,I11) -> 0 | J3: =SUM(J4,J8,J11) -> 0 | ... Z3: =SUM(Z4,Z8,Z11) -> 0
A4: Hard coal | B4: C0100 | C4: =SUM(C5:C7) -> 0 | D4: =SUM(D5:D7) -> 0 | E4: =SUM(E5:E7) -> 0 | F4: =SUM(F5:F7) -> 0 | G4: =SUM(G5:G7) -> 0 | H4: =SUM(H5:H7) -> 0 | I4: =SUM(I5:I7) -> 0 | J4: =SUM(J5:J7) -> 0 | ... Z4: =SUM(Z5:Z7) -> 0
A5: Anthracite | B5: C0110 | C5: =PPRD!C5+RCV_RCY!C5+IMP!C5-EXP!C5+STK_CHG!C5 -> 0 | D5: =PPRD!D5+RCV_RCY!D5+IMP!D5-EXP!D5+STK_CHG!D5 -> 0 | E5: =PPRD!E5+RCV_RCY!E5+IMP!E5-EXP!E5+STK_CHG!E5 -> 0 | F5: =PPRD!F5+RCV_RCY!F5+IMP!F5-EXP!F5+STK_CHG!F5 -> 0 | G5: =PPRD!G5+RCV_RCY!G5+IMP!G5-EXP!G5+STK_CHG!G5 -> 0 | H5: =PPRD!H5+RCV_RCY!H5+IMP!H5-EXP!H5+STK_CHG!H5 -> 0 | I5: =PPRD!I5+RCV_RCY!I5+IMP!I5-EXP!I5+STK_CHG!I5 -> 0 | J5: =PPRD!J5+RCV_RCY!J5+IMP!J5-EXP!J5+STK_CHG!J5 -> 0 | ... Z5: =PPRD!Z5+RCV_RCY!Z5+IMP!Z5-EXP!Z5+STK_CHG!Z5 -> 0
A6: Coking coal | B6: C0121 | C6: =PPRD!C6+RCV_RCY!C6+IMP!C6-EXP!C6+STK_CHG!C6 -> 0 | D6: =PPRD!D6+RCV_RCY!D6+IMP!D6-EXP!D6+STK_CHG!D6 -> 0 | E6: =PPRD!E6+RCV_RCY!E6+IMP!E6-EXP!E6+STK_CHG!E6 -> 0 | F6: =PPRD!F6+RCV_RCY!F6+IMP!F6-EXP!F6+STK_CHG!F6 -> 0 | G6: =PPRD!G6+RCV_RCY!G6+IMP!G6-EXP!G6+STK_CHG!G6 -> 0 | H6: =PPRD!H6+RCV_RCY!H6+IMP!H6-EXP!H6+STK_CHG!H6 -> 0 | I6: =PPRD!I6+RCV_RCY!I6+IMP!I6-EXP!I6+STK_CHG!I6 -> 0 | J6: =PPRD!J6+RCV_RCY!J6+IMP!J6-EXP!J6+STK_CHG!J6 -> 0 | ... Z6: =PPRD!Z6+RCV_RCY!Z6+IMP!Z6-EXP!Z6+STK_CHG!Z6 -> 0
A7: Other bituminous coal | B7: C0129 | C7: =PPRD!C7+RCV_RCY!C7+IMP!C7-EXP!C7+STK_CHG!C7 -> 0 | D7: =PPRD!D7+RCV_RCY!D7+IMP!D7-EXP!D7+STK_CHG!D7 -> 0 | E7: =PPRD!E7+RCV_RCY!E7+IMP!E7-EXP!E7+STK_CHG!E7 -> 0 | F7: =PPRD!F7+RCV_RCY!F7+IMP!F7-EXP!F7+STK_CHG!F7 -> 0 | G7: =PPRD!G7+RCV_RCY!G7+IMP!G7-EXP!G7+STK_CHG!G7 -> 0 | H7: =PPRD!H7+RCV_RCY!H7+IMP!H7-EXP!H7+STK_CHG!H7 -> 0 | I7: =PPRD!I7+RCV_RCY!I7+IMP!I7-EXP!I7+STK_CHG!I7 -> 0 | J7: =PPRD!J7+RCV_RCY!J7+IMP!J7-EXP!J7+STK_CHG!J7 -> 0 | ... Z7: =PPRD!Z7+RCV_RCY!Z7+IMP!Z7-EXP!Z7+STK_CHG!Z7 -> 0
A8: Brown coal | B8: C0200 | C8: =SUM(C9:C10) -> 0 | D8: =SUM(D9:D10) -> 0 | E8: =SUM(E9:E10) -> 0 | F8: =SUM(F9:F10) -> 0 | G8: =SUM(G9:G10) -> 0 | H8: =SUM(H9:H10) -> 0 | I8: =SUM(I9:I10) -> 0 | J8: =SUM(J9:J10) -> 0 | ... Z8: =SUM(Z9:Z10) -> 0
A9: Sub-bituminous coal | B9: C0210 | C9: =PPRD!C9+RCV_RCY!C9+IMP!C9-EXP!C9+STK_CHG!C9 -> 0 | D9: =PPRD!D9+RCV_RCY!D9+IMP!D9-EXP!D9+STK_CHG!D9 -> 0 | E9: =PPRD!E9+RCV_RCY!E9+IMP!E9-EXP!E9+STK_CHG!E9 -> 0 | F9: =PPRD!F9+RCV_RCY!F9+IMP!F9-EXP!F9+STK_CHG!F9 -> 0 | G9: =PPRD!G9+RCV_RCY!G9+IMP!G9-EXP!G9+STK_CHG!G9 -> 0 | H9: =PPRD!H9+RCV_RCY!H9+IMP!H9-EXP!H9+STK_CHG!H9 -> 0 | I9: =PPRD!I9+RCV_RCY!I9+IMP!I9-EXP!I9+STK_CHG!I9 -> 0 | J9: =PPRD!J9+RCV_RCY!J9+IMP!J9-EXP!J9+STK_CHG!J9 -> 0 | ... Z9: =PPRD!Z9+RCV_RCY!Z9+IMP!Z9-EXP!Z9+STK_CHG!Z9 -> 0
A10: Lignite | B10: C0220 | C10: =PPRD!C10+RCV_RCY!C10+IMP!C10-EXP!C10+STK_CHG!C10 -> 0 | D10: =PPRD!D10+RCV_RCY!D10+IMP!D10-EXP!D10+STK_CHG!D10 -> 0 | E10: =PPRD!E10+RCV_RCY!E10+IMP!E10-EXP!E10+STK_CHG!E10 -> 0 | F10: =PPRD!F10+RCV_RCY!F10+IMP!F10-EXP!F10+STK_CHG!F10 -> 0 | G10: =PPRD!G10+RCV_RCY!G10+IMP!G10-EXP!G10+STK_CHG!G10 -> 0 | H10: =PPRD!H10+RCV_RCY!H10+IMP!H10-EXP!H10+STK_CHG!H10 -> 0 | I10: =PPRD!I10+RCV_RCY!I10+IMP!I10-EXP!I10+STK_CHG!I10 -> 0 | J10: =PPRD!J10+RCV_RCY!J10+IMP!J10-EXP!J10+STK_CHG!J10 -> 0 | ... Z10: =PPRD!Z10+RCV_RCY!Z10+IMP!Z10-EXP!Z10+STK_CHG!Z10 -> 0
A11: Coal products | B11: C0300 | C11: =SUM(C12:C16) -> 0 | D11: =SUM(D12:D16) -> 0 | E11: =SUM(E12:E16) -> 0 | F11: =SUM(F12:F16) -> 0 | G11: =SUM(G12:G16) -> 0 | H11: =SUM(H12:H16) -> 0 | I11: =SUM(I12:I16) -> 0 | J11: =SUM(J12:J16) -> 0 | ... Z11: =SUM(Z12:Z16) -> 0
A12: Patent fuel | B12: C0320 | C12: =PPRD!C12+RCV_RCY!C12+IMP!C12-EXP!C12+STK_CHG!C12 -> 0 | D12: =PPRD!D12+RCV_RCY!D12+IMP!D12-EXP!D12+STK_CHG!D12 -> 0 | E12: =PPRD!E12+RCV_RCY!E12+IMP!E12-EXP!E12+STK_CHG!E12 -> 0 | F12: =PPRD!F12+RCV_RCY!F12+IMP!F12-EXP!F12+STK_CHG!F12 -> 0 | G12: =PPRD!G12+RCV_RCY!G12+IMP!G12-EXP!G12+STK_CHG!G12 -> 0 | H12: =PPRD!H12+RCV_RCY!H12+IMP!H12-EXP!H12+STK_CHG!H12 -> 0 | I12: =PPRD!I12+RCV_RCY!I12+IMP!I12-EXP!I12+STK_CHG!I12 -> 0 | J12: =PPRD!J12+RCV_RCY!J12+IMP!J12-EXP!J12+STK_CHG!J12 -> 0 | ... Z12: =PPRD!Z12+RCV_RCY!Z12+IMP!Z12-EXP!Z12+STK_CHG!Z12 -> 0
A13: Coke oven coke | B13: C0311 | C13: =PPRD!C13+RCV_RCY!C13+IMP!C13-EXP!C13+STK_CHG!C13 -> 0 | D13: =PPRD!D13+RCV_RCY!D13+IMP!D13-EXP!D13+STK_CHG!D13 -> 0 | E13: =PPRD!E13+RCV_RCY!E13+IMP!E13-EXP!E13+STK_CHG!E13 -> 0 | F13: =PPRD!F13+RCV_RCY!F13+IMP!F13-EXP!F13+STK_CHG!F13 -> 0 | G13: =PPRD!G13+RCV_RCY!G13+IMP!G13-EXP!G13+STK_CHG!G13 -> 0 | H13: =PPRD!H13+RCV_RCY!H13+IMP!H13-EXP!H13+STK_CHG!H13 -> 0 | I13: =PPRD!I13+RCV_RCY!I13+IMP!I13-EXP!I13+STK_CHG!I13 -> 0 | J13: =PPRD!J13+RCV_RCY!J13+IMP!J13-EXP!J13+STK_CHG!J13 -> 0 | ... Z13: =PPRD!Z13+RCV_RCY!Z13+IMP!Z13-EXP!Z13+STK_CHG!Z13 -> 0
A14: Gas coke | B14: C0312 | C14: =PPRD!C14+RCV_RCY!C14+IMP!C14-EXP!C14+STK_CHG!C14 -> 0 | D14: =PPRD!D14+RCV_RCY!D14+IMP!D14-EXP!D14+STK_CHG!D14 -> 0 | E14: =PPRD!E14+RCV_RCY!E14+IMP!E14-EXP!E14+STK_CHG!E14 -> 0 | F14: =PPRD!F14+RCV_RCY!F14+IMP!F14-EXP!F14+STK_CHG!F14 -> 0 | G14: =PPRD!G14+RCV_RCY!G14+IMP!G14-EXP!G14+STK_CHG!G14 -> 0 | H14: =PPRD!H14+RCV_RCY!H14+IMP!H14-EXP!H14+STK_CHG!H14 -> 0 | I14: =PPRD!I14+RCV_RCY!I14+IMP!I14-EXP!I14+STK_CHG!I14 -> 0 | J14: =PPRD!J14+RCV_RCY!J14+IMP!J14-EXP!J14+STK_CHG!J14 -> 0 | ... Z14: =PPRD!Z14+RCV_RCY!Z14+IMP!Z14-EXP!Z14+STK_CHG!Z14 -> 0
A15: Coal tar | B15: C0340 | C15: =PPRD!C15+RCV_RCY!C15+IMP!C15-EXP!C15+STK_CHG!C15 -> 0 | D15: =PPRD!D15+RCV_RCY!D15+IMP!D15-EXP!D15+STK_CHG!D15 -> 0 | E15: =PPRD!E15+RCV_RCY!E15+IMP!E15-EXP!E15+STK_CHG!E15 -> 0 | F15: =PPRD!F15+RCV_RCY!F15+IMP!F15-EXP!F15+STK_CHG!F15 -> 0 | G15: =PPRD!G15+RCV_RCY!G15+IMP!G15-EXP!G15+STK_CHG!G15 -> 0 | H15: =PPRD!H15+RCV_RCY!H15+IMP!H15-EXP!H15+STK_CHG!H15 -> 0 | I15: =PPRD!I15+RCV_RCY!I15+IMP!I15-EXP!I15+STK_CHG!I15 -> 0 | J15: =PPRD!J15+RCV_RCY!J15+IMP!J15-EXP!J15+STK_CHG!J15 -> 0 | ... Z15: =PPRD!Z15+RCV_RCY!Z15+IMP!Z15-EXP!Z15+STK_CHG!Z15 -> 0
A16: Brown coal briquettes | B16: C0330 | C16: =PPRD!C16+RCV_RCY!C16+IMP!C16-EXP!C16+STK_CHG!C16 -> 0 | D16: =PPRD!D16+RCV_RCY!D16+IMP!D16-EXP!D16+STK_CHG!D16 -> 0 | E16: =PPRD!E16+RCV_RCY!E16+IMP!E16-EXP!E16+STK_CHG!E16 -> 0 | F16: =PPRD!F16+RCV_RCY!F16+IMP!F16-EXP!F16+STK_CHG!F16 -> 0 | G16: =PPRD!G16+RCV_RCY!G16+IMP!G16-EXP!G16+STK_CHG!G16 -> 0 | H16: =PPRD!H16+RCV_RCY!H16+IMP!H16-EXP!H16+STK_CHG!H16 -> 0 | I16: =PPRD!I16+RCV_RCY!I16+IMP!I16-EXP!I16+STK_CHG!I16 -> 0 | J16: =PPRD!J16+RCV_RCY!J16+IMP!J16-EXP!J16+STK_CHG!J16 -> 0 | ... Z16: =PPRD!Z16+RCV_RCY!Z16+IMP!Z16-EXP!Z16+STK_CHG!Z16 -> 0
A17: Manufactured gases | B17: C0350-0370 | C17: =SUM(C18:C21) -> 0 | D17: =SUM(D18:D21) -> 0 | E17: =SUM(E18:E21) -> 0 | F17: =SUM(F18:F21) -> 0 | G17: =SUM(G18:G21) -> 0 | H17: =SUM(H18:H21) -> 0 | I17: =SUM(I18:I21) -> 0 | J17: =SUM(J18:J21) -> 0 | ... Z17: =SUM(Z18:Z21) -> 0
A18: Gas works gas | B18: C0360 | C18: =PPRD!C18+RCV_RCY!C18+IMP!C18-EXP!C18+STK_CHG!C18 -> 0 | D18: =PPRD!D18+RCV_RCY!D18+IMP!D18-EXP!D18+STK_CHG!D18 -> 0 | E18: =PPRD!E18+RCV_RCY!E18+IMP!E18-EXP!E18+STK_CHG!E18 -> 0 | F18: =PPRD!F18+RCV_RCY!F18+IMP!F18-EXP!F18+STK_CHG!F18 -> 0 | G18: =PPRD!G18+RCV_RCY!G18+IMP!G18-EXP!G18+STK_CHG!G18 -> 0 | H18: =PPRD!H18+RCV_RCY!H18+IMP!H18-EXP!H18+STK_CHG!H18 -> 0 | I18: =PPRD!I18+RCV_RCY!I18+IMP!I18-EXP!I18+STK_CHG!I18 -> 0 | J18: =PPRD!J18+RCV_RCY!J18+IMP!J18-EXP!J18+STK_CHG!J18 -> 0 | ... Z18: =PPRD!Z18+RCV_RCY!Z18+IMP!Z18-EXP!Z18+STK_CHG!Z18 -> 0
A19: Coke oven gas | B19: C0350 | C19: =PPRD!C19+RCV_RCY!C19+IMP!C19-EXP!C19+STK_CHG!C19 -> 0 | D19: =PPRD!D19+RCV_RCY!D19+IMP!D19-EXP!D19+STK_CHG!D19 -> 0 | E19: =PPRD!E19+RCV_RCY!E19+IMP!E19-EXP!E19+STK_CHG!E19 -> 0 | F19: =PPRD!F19+RCV_RCY!F19+IMP!F19-EXP!F19+STK_CHG!F19 -> 0 | G19: =PPRD!G19+RCV_RCY!G19+IMP!G19-EXP!G19+STK_CHG!G19 -> 0 | H19: =PPRD!H19+RCV_RCY!H19+IMP!H19-EXP!H19+STK_CHG!H19 -> 0 | I19: =PPRD!I19+RCV_RCY!I19+IMP!I19-EXP!I19+STK_CHG!I19 -> 0 | J19: =PPRD!J19+RCV_RCY!J19+IMP!J19-EXP!J19+STK_CHG!J19 -> 0 | ... Z19: =PPRD!Z19+RCV_RCY!Z19+IMP!Z19-EXP!Z19+STK_CHG!Z19 -> 0
A20: Blast furnace gas | B20: C0371 | C20: =PPRD!C20+RCV_RCY!C20+IMP!C20-EXP!C20+STK_CHG!C20 -> 0 | D20: =PPRD!D20+RCV_RCY!D20+IMP!D20-EXP!D20+STK_CHG!D20 -> 0 | E20: =PPRD!E20+RCV_RCY!E20+IMP!E20-EXP!E20+STK_CHG!E20 -> 0 | F20: =PPRD!F20+RCV_RCY!F20+IMP!F20-EXP!F20+STK_CHG!F20 -> 0 | G20: =PPRD!G20+RCV_RCY!G20+IMP!G20-EXP!G20+STK_CHG!G20 -> 0 | H20: =PPRD!H20+RCV_RCY!H20+IMP!H20-EXP!H20+STK_CHG!H20 -> 0 | I20: =PPRD!I20+RCV_RCY!I20+IMP!I20-EXP!I20+STK_CHG!I20 -> 0 | J20: =PPRD!J20+RCV_RCY!J20+IMP!J20-EXP!J20+STK_CHG!J20 -> 0 | ... Z20: =PPRD!Z20+RCV_RCY!Z20+IMP!Z20-EXP!Z20+STK_CHG!Z20 -> 0
A21: Other recovered gases | B21: C0379 | C21: =PPRD!C21+RCV_RCY!C21+IMP!C21-EXP!C21+STK_CHG!C21 -> 0 | D21: =PPRD!D21+RCV_RCY!D21+IMP!D21-EXP!D21+STK_CHG!D21 -> 0 | E21: =PPRD!E21+RCV_RCY!E21+IMP!E21-EXP!E21+STK_CHG!E21 -> 0 | F21: =PPRD!F21+RCV_RCY!F21+IMP!F21-EXP!F21+STK_CHG!F21 -> 0 | G21: =PPRD!G21+RCV_RCY!G21+IMP!G21-EXP!G21+STK_CHG!G21 -> 0 | H21: =PPRD!H21+RCV_RCY!H21+IMP!H21-EXP!H21+STK_CHG!H21 -> 0 | I21: =PPRD!I21+RCV_RCY!I21+IMP!I21-EXP!I21+STK_CHG!I21 -> 0 | J21: =PPRD!J21+RCV_RCY!J21+IMP!J21-EXP!J21+STK_CHG!J21 -> 0 | ... Z21: =PPRD!Z21+RCV_RCY!Z21+IMP!Z21-EXP!Z21+STK_CHG!Z21 -> 0
A22: Peat and peat products | B22: P1000 | C22: =SUM(C23:C24) -> 0 | D22: =SUM(D23:D24) -> 0 | E22: =SUM(E23:E24) -> 0 | F22: =SUM(F23:F24) -> 0 | G22: =SUM(G23:G24) -> 0 | H22: =SUM(H23:H24) -> 0 | I22: =SUM(I23:I24) -> 0 | J22: =SUM(J23:J24) -> 0 | ... Z22: =SUM(Z23:Z24) -> 0
A23: Peat | B23: P1100 | C23: =PPRD!C23+RCV_RCY!C23+IMP!C23-EXP!C23+STK_CHG!C23 -> 0 | D23: =PPRD!D23+RCV_RCY!D23+IMP!D23-EXP!D23+STK_CHG!D23 -> 0 | E23: =PPRD!E23+RCV_RCY!E23+IMP!E23-EXP!E23+STK_CHG!E23 -> 0 | F23: =PPRD!F23+RCV_RCY!F23+IMP!F23-EXP!F23+STK_CHG!F23 -> 0 | G23: =PPRD!G23+RCV_RCY!G23+IMP!G23-EXP!G23+STK_CHG!G23 -> 0 | H23: =PPRD!H23+RCV_RCY!H23+IMP!H23-EXP!H23+STK_CHG!H23 -> 0 | I23: =PPRD!I23+RCV_RCY!I23+IMP!I23-EXP!I23+STK_CHG!I23 -> 0 | J23: =PPRD!J23+RCV_RCY!J23+IMP!J23-EXP!J23+STK_CHG!J23 -> 0 | ... Z23: =PPRD!Z23+RCV_RCY!Z23+IMP!Z23-EXP!Z23+STK_CHG!Z23 -> 0
A24: Peat products | B24: P1200 | C24: =PPRD!C24+RCV_RCY!C24+IMP!C24-EXP!C24+STK_CHG!C24 -> 0 | D24: =PPRD!D24+RCV_RCY!D24+IMP!D24-EXP!D24+STK_CHG!D24 -> 0 | E24: =PPRD!E24+RCV_RCY!E24+IMP!E24-EXP!E24+STK_CHG!E24 -> 0 | F24: =PPRD!F24+RCV_RCY!F24+IMP!F24-EXP!F24+STK_CHG!F24 -> 0 | G24: =PPRD!G24+RCV_RCY!G24+IMP!G24-EXP!G24+STK_CHG!G24 -> 0 | H24: =PPRD!H24+RCV_RCY!H24+IMP!H24-EXP!H24+STK_CHG!H24 -> 0 | I24: =PPRD!I24+RCV_RCY!I24+IMP!I24-EXP!I24+STK_CHG!I24 -> 0 | J24: =PPRD!J24+RCV_RCY!J24+IMP!J24-EXP!J24+STK_CHG!J24 -> 0 | ... Z24: =PPRD!Z24+RCV_RCY!Z24+IMP!Z24-EXP!Z24+STK_CHG!Z24 -> 0
A25: Oil shale and oil sands | B25: S2000 | C25: =PPRD!C25+RCV_RCY!C25+IMP!C25-EXP!C25+STK_CHG!C25 -> 0 | D25: =PPRD!D25+RCV_RCY!D25+IMP!D25-EXP!D25+STK_CHG!D25 -> 0 | E25: =PPRD!E25+RCV_RCY!E25+IMP!E25-EXP!E25+STK_CHG!E25 -> 0 | F25: =PPRD!F25+RCV_RCY!F25+IMP!F25-EXP!F25+STK_CHG!F25 -> 0 | G25: =PPRD!G25+RCV_RCY!G25+IMP!G25-EXP!G25+STK_CHG!G25 -> 0 | H25: =PPRD!H25+RCV_RCY!H25+IMP!H25-EXP!H25+STK_CHG!H25 -> 0 | I25: =PPRD!I25+RCV_RCY!I25+IMP!I25-EXP!I25+STK_CHG!I25 -> 0 | J25: =PPRD!J25+RCV_RCY!J25+IMP!J25-EXP!J25+STK_CHG!J25 -> 0 | ... Z25: =PPRD!Z25+RCV_RCY!Z25+IMP!Z25-EXP!Z25+STK_CHG!Z25 -> 0
A26: Oil and petroleum products | B26: O4000XBIO | C26: =SUM(C27,C33) -> 1467.0561 | D26: =SUM(D27,D33) -> 1614.314 | E26: =SUM(E27,E33) -> 1575.215 | F26: =SUM(F27,F33) -> 1830.8016 | G26: =SUM(G27,G33) -> 1922.3417 | H26: =SUM(H27,H33) -> 1593.6132 | I26: =SUM(I27,I33) -> 1688.9653 | J26: =SUM(J27,J33) -> 1800.0575 | ... Z26: =SUM(Z27,Z33) -> 2733.4937
A27: Crude oil, NGL, refinery feedstocks, additives and oxygenates and other hydrocarbons (excluding biofuel portion) | B27: O4100_TOT_4200-4500XBIO | C27: =SUM(C28:C32) -> 0 | D27: =SUM(D28:D32) -> 0 | E27: =SUM(E28:E32) -> 0 | F27: =SUM(F28:F32) -> 0 | G27: =SUM(G28:G32) -> 0 | H27: =SUM(H28:H32) -> 0 | I27: =SUM(I28:I32) -> 0 | J27: =SUM(J28:J32) -> 0 | ... Z27: =SUM(Z28:Z32) -> 0
A28: Crude oil | B28: O4100_TOT | C28: =PPRD!C28+RCV_RCY!C28+IMP!C28-EXP!C28+STK_CHG!C28 -> 0 | D28: =PPRD!D28+RCV_RCY!D28+IMP!D28-EXP!D28+STK_CHG!D28 -> 0 | E28: =PPRD!E28+RCV_RCY!E28+IMP!E28-EXP!E28+STK_CHG!E28 -> 0 | F28: =PPRD!F28+RCV_RCY!F28+IMP!F28-EXP!F28+STK_CHG!F28 -> 0 | G28: =PPRD!G28+RCV_RCY!G28+IMP!G28-EXP!G28+STK_CHG!G28 -> 0 | H28: =PPRD!H28+RCV_RCY!H28+IMP!H28-EXP!H28+STK_CHG!H28 -> 0 | I28: =PPRD!I28+RCV_RCY!I28+IMP!I28-EXP!I28+STK_CHG!I28 -> 0 | J28: =PPRD!J28+RCV_RCY!J28+IMP!J28-EXP!J28+STK_CHG!J28 -> 0 | ... Z28: =PPRD!Z28+RCV_RCY!Z28+IMP!Z28-EXP!Z28+STK_CHG!Z28 -> 0
A29: Natural gas liquids | B29: O4200 | C29: =PPRD!C29+RCV_RCY!C29+IMP!C29-EXP!C29+STK_CHG!C29 -> 0 | D29: =PPRD!D29+RCV_RCY!D29+IMP!D29-EXP!D29+STK_CHG!D29 -> 0 | E29: =PPRD!E29+RCV_RCY!E29+IMP!E29-EXP!E29+STK_CHG!E29 -> 0 | F29: =PPRD!F29+RCV_RCY!F29+IMP!F29-EXP!F29+STK_CHG!F29 -> 0 | G29: =PPRD!G29+RCV_RCY!G29+IMP!G29-EXP!G29+STK_CHG!G29 -> 0 | H29: =PPRD!H29+RCV_RCY!H29+IMP!H29-EXP!H29+STK_CHG!H29 -> 0 | I29: =PPRD!I29+RCV_RCY!I29+IMP!I29-EXP!I29+STK_CHG!I29 -> 0 | J29: =PPRD!J29+RCV_RCY!J29+IMP!J29-EXP!J29+STK_CHG!J29 -> 0 | ... Z29: =PPRD!Z29+RCV_RCY!Z29+IMP!Z29-EXP!Z29+STK_CHG!Z29 -> 0
A30: Refinery feedstocks | B30: O4300 | C30: =PPRD!C30+RCV_RCY!C30+IMP!C30-EXP!C30+STK_CHG!C30 -> 0 | D30: =PPRD!D30+RCV_RCY!D30+IMP!D30-EXP!D30+STK_CHG!D30 -> 0 | E30: =PPRD!E30+RCV_RCY!E30+IMP!E30-EXP!E30+STK_CHG!E30 -> 0 | F30: =PPRD!F30+RCV_RCY!F30+IMP!F30-EXP!F30+STK_CHG!F30 -> 0 | G30: =PPRD!G30+RCV_RCY!G30+IMP!G30-EXP!G30+STK_CHG!G30 -> 0 | H30: =PPRD!H30+RCV_RCY!H30+IMP!H30-EXP!H30+STK_CHG!H30 -> 0 | I30: =PPRD!I30+RCV_RCY!I30+IMP!I30-EXP!I30+STK_CHG!I30 -> 0 | J30: =PPRD!J30+RCV_RCY!J30+IMP!J30-EXP!J30+STK_CHG!J30 -> 0 | ... Z30: =PPRD!Z30+RCV_RCY!Z30+IMP!Z30-EXP!Z30+STK_CHG!Z30 -> 0
A31: Additives and oxygenates (excluding biofuel portion) | B31: O4400X4410 | C31: =PPRD!C31+RCV_RCY!C31+IMP!C31-EXP!C31+STK_CHG!C31 -> 0 | D31: =PPRD!D31+RCV_RCY!D31+IMP!D31-EXP!D31+STK_CHG!D31 -> 0 | E31: =PPRD!E31+RCV_RCY!E31+IMP!E31-EXP!E31+STK_CHG!E31 -> 0 | F31: =PPRD!F31+RCV_RCY!F31+IMP!F31-EXP!F31+STK_CHG!F31 -> 0 | G31: =PPRD!G31+RCV_RCY!G31+IMP!G31-EXP!G31+STK_CHG!G31 -> 0 | H31: =PPRD!H31+RCV_RCY!H31+IMP!H31-EXP!H31+STK_CHG!H31 -> 0 | I31: =PPRD!I31+RCV_RCY!I31+IMP!I31-EXP!I31+STK_CHG!I31 -> 0 | J31: =PPRD!J31+RCV_RCY!J31+IMP!J31-EXP!J31+STK_CHG!J31 -> 0 | ... Z31: =PPRD!Z31+RCV_RCY!Z31+IMP!Z31-EXP!Z31+STK_CHG!Z31 -> 0
A32: Other hydrocarbons | B32: O4500 | C32: =PPRD!C32+RCV_RCY!C32+IMP!C32-EXP!C32+STK_CHG!C32 -> 0 | D32: =PPRD!D32+RCV_RCY!D32+IMP!D32-EXP!D32+STK_CHG!D32 -> 0 | E32: =PPRD!E32+RCV_RCY!E32+IMP!E32-EXP!E32+STK_CHG!E32 -> 0 | F32: =PPRD!F32+RCV_RCY!F32+IMP!F32-EXP!F32+STK_CHG!F32 -> 0 | G32: =PPRD!G32+RCV_RCY!G32+IMP!G32-EXP!G32+STK_CHG!G32 -> 0 | H32: =PPRD!H32+RCV_RCY!H32+IMP!H32-EXP!H32+STK_CHG!H32 -> 0 | I32: =PPRD!I32+RCV_RCY!I32+IMP!I32-EXP!I32+STK_CHG!I32 -> 0 | J32: =PPRD!J32+RCV_RCY!J32+IMP!J32-EXP!J32+STK_CHG!J32 -> 0 | ... Z32: =PPRD!Z32+RCV_RCY!Z32+IMP!Z32-EXP!Z32+STK_CHG!Z32 -> 0
A33: Oil products (excluding biofuel portion) | B33: O4600XBIO | C33: =SUM(C34:C50) -> 1467.0561 | D33: =SUM(D34:D50) -> 1614.314 | E33: =SUM(E34:E50) -> 1575.215 | F33: =SUM(F34:F50) -> 1830.8016 | G33: =SUM(G34:G50) -> 1922.3417 | H33: =SUM(H34:H50) -> 1593.6132 | I33: =SUM(I34:I50) -> 1688.9653 | J33: =SUM(J34:J50) -> 1800.0575 | ... Z33: =SUM(Z34:Z50) -> 2733.4937
A34: Refinery gas | B34: O4610 | C34: =PPRD!C34+RCV_RCY!C34+IMP!C34-EXP!C34+STK_CHG!C34 -> 0 | D34: =PPRD!D34+RCV_RCY!D34+IMP!D34-EXP!D34+STK_CHG!D34 -> 0 | E34: =PPRD!E34+RCV_RCY!E34+IMP!E34-EXP!E34+STK_CHG!E34 -> 0 | F34: =PPRD!F34+RCV_RCY!F34+IMP!F34-EXP!F34+STK_CHG!F34 -> 0 | G34: =PPRD!G34+RCV_RCY!G34+IMP!G34-EXP!G34+STK_CHG!G34 -> 0 | H34: =PPRD!H34+RCV_RCY!H34+IMP!H34-EXP!H34+STK_CHG!H34 -> 0 | I34: =PPRD!I34+RCV_RCY!I34+IMP!I34-EXP!I34+STK_CHG!I34 -> 0 | J34: =PPRD!J34+RCV_RCY!J34+IMP!J34-EXP!J34+STK_CHG!J34 -> 0 | ... Z34: =PPRD!Z34+RCV_RCY!Z34+IMP!Z34-EXP!Z34+STK_CHG!Z34 -> 0
A35: Ethane | B35: O4620 | C35: =PPRD!C35+RCV_RCY!C35+IMP!C35-EXP!C35+STK_CHG!C35 -> 0 | D35: =PPRD!D35+RCV_RCY!D35+IMP!D35-EXP!D35+STK_CHG!D35 -> 0 | E35: =PPRD!E35+RCV_RCY!E35+IMP!E35-EXP!E35+STK_CHG!E35 -> 0 | F35: =PPRD!F35+RCV_RCY!F35+IMP!F35-EXP!F35+STK_CHG!F35 -> 0 | G35: =PPRD!G35+RCV_RCY!G35+IMP!G35-EXP!G35+STK_CHG!G35 -> 0 | H35: =PPRD!H35+RCV_RCY!H35+IMP!H35-EXP!H35+STK_CHG!H35 -> 0 | I35: =PPRD!I35+RCV_RCY!I35+IMP!I35-EXP!I35+STK_CHG!I35 -> 0 | J35: =PPRD!J35+RCV_RCY!J35+IMP!J35-EXP!J35+STK_CHG!J35 -> 0 | ... Z35: =PPRD!Z35+RCV_RCY!Z35+IMP!Z35-EXP!Z35+STK_CHG!Z35 -> 0
A36: Liquefied petroleum gases | B36: O4630 | C36: =PPRD!C36+RCV_RCY!C36+IMP!C36-EXP!C36+STK_CHG!C36 -> 18.075838 | D36: =PPRD!D36+RCV_RCY!D36+IMP!D36-EXP!D36+STK_CHG!D36 -> 18.075838 | E36: =PPRD!E36+RCV_RCY!E36+IMP!E36-EXP!E36+STK_CHG!E36 -> 19.205589 | F36: =PPRD!F36+RCV_RCY!F36+IMP!F36-EXP!F36+STK_CHG!F36 -> 19.205589 | G36: =PPRD!G36+RCV_RCY!G36+IMP!G36-EXP!G36+STK_CHG!G36 -> 19.205589 | H36: =PPRD!H36+RCV_RCY!H36+IMP!H36-EXP!H36+STK_CHG!H36 -> 19.77644 | I36: =PPRD!I36+RCV_RCY!I36+IMP!I36-EXP!I36+STK_CHG!I36 -> 21.973861 | J36: =PPRD!J36+RCV_RCY!J36+IMP!J36-EXP!J36+STK_CHG!J36 -> 21.973861 | ... Z36: =PPRD!Z36+RCV_RCY!Z36+IMP!Z36-EXP!Z36+STK_CHG!Z36 -> 27.438779
A37: Motor gasoline (excluding biofuel portion) | B37: O4652XR5210B | C37: =PPRD!C37+RCV_RCY!C37+IMP!C37-EXP!C37+STK_CHG!C37 -> 75.124248 | D37: =PPRD!D37+RCV_RCY!D37+IMP!D37-EXP!D37+STK_CHG!D37 -> 70.891831 | E37: =PPRD!E37+RCV_RCY!E37+IMP!E37-EXP!E37+STK_CHG!E37 -> 79.356578 | F37: =PPRD!F37+RCV_RCY!F37+IMP!F37-EXP!F37+STK_CHG!F37 -> 74.066122 | G37: =PPRD!G37+RCV_RCY!G37+IMP!G37-EXP!G37+STK_CHG!G37 -> 61.369046 | H37: =PPRD!H37+RCV_RCY!H37+IMP!H37-EXP!H37+STK_CHG!H37 -> 67.784437 | I37: =PPRD!I37+RCV_RCY!I37+IMP!I37-EXP!I37+STK_CHG!I37 -> 67.784437 | J37: =PPRD!J37+RCV_RCY!J37+IMP!J37-EXP!J37+STK_CHG!J37 -> 70.865606 | ... Z37: =PPRD!Z37+RCV_RCY!Z37+IMP!Z37-EXP!Z37+STK_CHG!Z37 -> 89.050301
A38: Aviation gasoline | B38: O4651 | C38: =PPRD!C38+RCV_RCY!C38+IMP!C38-EXP!C38+STK_CHG!C38 -> 1.0581255 | D38: =PPRD!D38+RCV_RCY!D38+IMP!D38-EXP!D38+STK_CHG!D38 -> 1.0581255 | E38: =PPRD!E38+RCV_RCY!E38+IMP!E38-EXP!E38+STK_CHG!E38 -> 0 | F38: =PPRD!F38+RCV_RCY!F38+IMP!F38-EXP!F38+STK_CHG!F38 -> 0 | G38: =PPRD!G38+RCV_RCY!G38+IMP!G38-EXP!G38+STK_CHG!G38 -> 1.0581255 | H38: =PPRD!H38+RCV_RCY!H38+IMP!H38-EXP!H38+STK_CHG!H38 -> 0 | I38: =PPRD!I38+RCV_RCY!I38+IMP!I38-EXP!I38+STK_CHG!I38 -> 0 | J38: =PPRD!J38+RCV_RCY!J38+IMP!J38-EXP!J38+STK_CHG!J38 -> 0 | ... Z38: =PPRD!Z38+RCV_RCY!Z38+IMP!Z38-EXP!Z38+STK_CHG!Z38 -> 0.052536543
A39: Gasoline-type jet fuel | B39: O4653 | C39: =PPRD!C39+RCV_RCY!C39+IMP!C39-EXP!C39+STK_CHG!C39 -> 0 | D39: =PPRD!D39+RCV_RCY!D39+IMP!D39-EXP!D39+STK_CHG!D39 -> 0 | E39: =PPRD!E39+RCV_RCY!E39+IMP!E39-EXP!E39+STK_CHG!E39 -> 0 | F39: =PPRD!F39+RCV_RCY!F39+IMP!F39-EXP!F39+STK_CHG!F39 -> 0 | G39: =PPRD!G39+RCV_RCY!G39+IMP!G39-EXP!G39+STK_CHG!G39 -> 0 | H39: =PPRD!H39+RCV_RCY!H39+IMP!H39-EXP!H39+STK_CHG!H39 -> 0 | I39: =PPRD!I39+RCV_RCY!I39+IMP!I39-EXP!I39+STK_CHG!I39 -> 0 | J39: =PPRD!J39+RCV_RCY!J39+IMP!J39-EXP!J39+STK_CHG!J39 -> 0 | ... Z39: =PPRD!Z39+RCV_RCY!Z39+IMP!Z39-EXP!Z39+STK_CHG!Z39 -> 0
A40: Kerosene-type jet fuel (excluding biofuel portion) | B40: O4661XR5230B | C40: =PPRD!C40+RCV_RCY!C40+IMP!C40-EXP!C40+STK_CHG!C40 -> 125.34394 | D40: =PPRD!D40+RCV_RCY!D40+IMP!D40-EXP!D40+STK_CHG!D40 -> 93.744626 | E40: =PPRD!E40+RCV_RCY!E40+IMP!E40-EXP!E40+STK_CHG!E40 -> 91.638005 | F40: =PPRD!F40+RCV_RCY!F40+IMP!F40-EXP!F40+STK_CHG!F40 -> 81.104901 | G40: =PPRD!G40+RCV_RCY!G40+IMP!G40-EXP!G40+STK_CHG!G40 -> 103.22442 | H40: =PPRD!H40+RCV_RCY!H40+IMP!H40-EXP!H40+STK_CHG!H40 -> 89.352279 | I40: =PPRD!I40+RCV_RCY!I40+IMP!I40-EXP!I40+STK_CHG!I40 -> 90.379278 | J40: =PPRD!J40+RCV_RCY!J40+IMP!J40-EXP!J40+STK_CHG!J40 -> 94.487446 | ... Z40: =PPRD!Z40+RCV_RCY!Z40+IMP!Z40-EXP!Z40+STK_CHG!Z40 -> 151.24256
A41: Other kerosene | B41: O4669 | C41: =PPRD!C41+RCV_RCY!C41+IMP!C41-EXP!C41+STK_CHG!C41 -> 10.461479 | D41: =PPRD!D41+RCV_RCY!D41+IMP!D41-EXP!D41+STK_CHG!D41 -> 10.461479 | E41: =PPRD!E41+RCV_RCY!E41+IMP!E41-EXP!E41+STK_CHG!E41 -> 12.55374 | F41: =PPRD!F41+RCV_RCY!F41+IMP!F41-EXP!F41+STK_CHG!F41 -> 15.692175 | G41: =PPRD!G41+RCV_RCY!G41+IMP!G41-EXP!G41+STK_CHG!G41 -> 16.738349 | H41: =PPRD!H41+RCV_RCY!H41+IMP!H41-EXP!H41+STK_CHG!H41 -> 3.1384351 | I41: =PPRD!I41+RCV_RCY!I41+IMP!I41-EXP!I41+STK_CHG!I41 -> 2.0922614 | J41: =PPRD!J41+RCV_RCY!J41+IMP!J41-EXP!J41+STK_CHG!J41 -> 1.0461737 | ... Z41: =PPRD!Z41+RCV_RCY!Z41+IMP!Z41-EXP!Z41+STK_CHG!Z41 -> 0.3566638
A42: Naphtha | B42: O4640 | C42: =PPRD!C42+RCV_RCY!C42+IMP!C42-EXP!C42+STK_CHG!C42 -> 0 | D42: =PPRD!D42+RCV_RCY!D42+IMP!D42-EXP!D42+STK_CHG!D42 -> 0 | E42: =PPRD!E42+RCV_RCY!E42+IMP!E42-EXP!E42+STK_CHG!E42 -> 0 | F42: =PPRD!F42+RCV_RCY!F42+IMP!F42-EXP!F42+STK_CHG!F42 -> 0 | G42: =PPRD!G42+RCV_RCY!G42+IMP!G42-EXP!G42+STK_CHG!G42 -> 0 | H42: =PPRD!H42+RCV_RCY!H42+IMP!H42-EXP!H42+STK_CHG!H42 -> 0 | I42: =PPRD!I42+RCV_RCY!I42+IMP!I42-EXP!I42+STK_CHG!I42 -> 0 | J42: =PPRD!J42+RCV_RCY!J42+IMP!J42-EXP!J42+STK_CHG!J42 -> 0 | ... Z42: =PPRD!Z42+RCV_RCY!Z42+IMP!Z42-EXP!Z42+STK_CHG!Z42 -> 0
A43: Gas oil and diesel oil (excluding biofuel portion) | B43: O4671XR5220B | C43: =PPRD!C43+RCV_RCY!C43+IMP!C43-EXP!C43+STK_CHG!C43 -> 286.54342 | D43: =PPRD!D43+RCV_RCY!D43+IMP!D43-EXP!D43+STK_CHG!D43 -> 282.43525 | E43: =PPRD!E43+RCV_RCY!E43+IMP!E43-EXP!E43+STK_CHG!E43 -> 260.8675 | F43: =PPRD!F43+RCV_RCY!F43+IMP!F43-EXP!F43+STK_CHG!F43 -> 340.97644 | G43: =PPRD!G43+RCV_RCY!G43+IMP!G43-EXP!G43+STK_CHG!G43 -> 356.38194 | H43: =PPRD!H43+RCV_RCY!H43+IMP!H43-EXP!H43+STK_CHG!H43 -> 311.19235 | I43: =PPRD!I43+RCV_RCY!I43+IMP!I43-EXP!I43+STK_CHG!I43 -> 343.03044 | J43: =PPRD!J43+RCV_RCY!J43+IMP!J43-EXP!J43+STK_CHG!J43 -> 340.97644 | ... Z43: =PPRD!Z43+RCV_RCY!Z43+IMP!Z43-EXP!Z43+STK_CHG!Z43 -> 671.50989
A44: Fuel oil | B44: O4680 | C44: =PPRD!C44+RCV_RCY!C44+IMP!C44-EXP!C44+STK_CHG!C44 -> 947.56853 | D44: =PPRD!D44+RCV_RCY!D44+IMP!D44-EXP!D44+STK_CHG!D44 -> 1134.7664 | E44: =PPRD!E44+RCV_RCY!E44+IMP!E44-EXP!E44+STK_CHG!E44 -> 1108.7131 | F44: =PPRD!F44+RCV_RCY!F44+IMP!F44-EXP!F44+STK_CHG!F44 -> 1296.8759 | G44: =PPRD!G44+RCV_RCY!G44+IMP!G44-EXP!G44+STK_CHG!G44 -> 1352.8423 | H44: =PPRD!H44+RCV_RCY!H44+IMP!H44-EXP!H44+STK_CHG!H44 -> 1082.4496 | I44: =PPRD!I44+RCV_RCY!I44+IMP!I44-EXP!I44+STK_CHG!I44 -> 1151.2372 | J44: =PPRD!J44+RCV_RCY!J44+IMP!J44-EXP!J44+STK_CHG!J44 -> 1261.1064 | ... Z44: =PPRD!Z44+RCV_RCY!Z44+IMP!Z44-EXP!Z44+STK_CHG!Z44 -> 1785.6492
A45: White spirit and special boiling point industrial spirits | B45: O4691 | C45: =PPRD!C45+RCV_RCY!C45+IMP!C45-EXP!C45+STK_CHG!C45 -> 0 | D45: =PPRD!D45+RCV_RCY!D45+IMP!D45-EXP!D45+STK_CHG!D45 -> 0 | E45: =PPRD!E45+RCV_RCY!E45+IMP!E45-EXP!E45+STK_CHG!E45 -> 0 | F45: =PPRD!F45+RCV_RCY!F45+IMP!F45-EXP!F45+STK_CHG!F45 -> 0 | G45: =PPRD!G45+RCV_RCY!G45+IMP!G45-EXP!G45+STK_CHG!G45 -> 0 | H45: =PPRD!H45+RCV_RCY!H45+IMP!H45-EXP!H45+STK_CHG!H45 -> 0 | I45: =PPRD!I45+RCV_RCY!I45+IMP!I45-EXP!I45+STK_CHG!I45 -> 0 | J45: =PPRD!J45+RCV_RCY!J45+IMP!J45-EXP!J45+STK_CHG!J45 -> 0 | ... Z45: =PPRD!Z45+RCV_RCY!Z45+IMP!Z45-EXP!Z45+STK_CHG!Z45 -> 0
... A51: Natural gas | B51: G3000 | C51: =PPRD!C51+RCV_RCY!C51+IMP!C51-EXP!C51+STK_CHG!C51 -> 0 | D51: =PPRD!D51+RCV_RCY!D51+IMP!D51-EXP!D51+STK_CHG!D51 -> 0 | E51: =PPRD!E51+RCV_RCY!E51+IMP!E51-EXP!E51+STK_CHG!E51 -> 0 | F51: =PPRD!F51+RCV_RCY!F51+IMP!F51-EXP!F51+STK_CHG!F51 -> 0 | G51: =PPRD!G51+RCV_RCY!G51+IMP!G51-EXP!G51+STK_CHG!G51 -> 0 | H51: =PPRD!H51+RCV_RCY!H51+IMP!H51-EXP!H51+STK_CHG!H51 -> 0 | I51: =PPRD!I51+RCV_RCY!I51+IMP!I51-EXP!I51+STK_CHG!I51 -> 0 | J51: =PPRD!J51+RCV_RCY!J51+IMP!J51-EXP!J51+STK_CHG!J51 -> 0 | ... Z51: =PPRD!Z51+RCV_RCY!Z51+IMP!Z51-EXP!Z51+STK_CHG!Z51 -> 339.2049
A52: Renewables and biofuels | B52: RA000 | C52: =SUM(C53:C70) -> 0 | D52: =SUM(D53:D70) -> 0 | E52: =SUM(E53:E70) -> 0.238865 | F52: =SUM(F53:F70) -> 0.31049011 | G52: =SUM(G53:G70) -> 0.40601892 | H52: =SUM(H53:H70) -> 0.52545142 | I52: =SUM(I53:I70) -> 0.64488392 | J52: =SUM(J53:J70) -> 0.78822012 | ... Z52: =SUM(Z53:Z70) -> 68.811952
A53: Hydro | B53: RA100 | C53: =PPRD!C53+RCV_RCY!C53+IMP!C53-EXP!C53+STK_CHG!C53 -> 0 | D53: =PPRD!D53+RCV_RCY!D53+IMP!D53-EXP!D53+STK_CHG!D53 -> 0 | E53: =PPRD!E53+RCV_RCY!E53+IMP!E53-EXP!E53+STK_CHG!E53 -> 0 | F53: =PPRD!F53+RCV_RCY!F53+IMP!F53-EXP!F53+STK_CHG!F53 -> 0 | G53: =PPRD!G53+RCV_RCY!G53+IMP!G53-EXP!G53+STK_CHG!G53 -> 0 | H53: =PPRD!H53+RCV_RCY!H53+IMP!H53-EXP!H53+STK_CHG!H53 -> 0 | I53: =PPRD!I53+RCV_RCY!I53+IMP!I53-EXP!I53+STK_CHG!I53 -> 0 | J53: =PPRD!J53+RCV_RCY!J53+IMP!J53-EXP!J53+STK_CHG!J53 -> 0 | ... Z53: =PPRD!Z53+RCV_RCY!Z53+IMP!Z53-EXP!Z53+STK_CHG!Z53 -> 0
A54: Tide, wave, ocean | B54: RA500 | C54: =PPRD!C54+RCV_RCY!C54+IMP!C54-EXP!C54+STK_CHG!C54 -> 0 | D54: =PPRD!D54+RCV_RCY!D54+IMP!D54-EXP!D54+STK_CHG!D54 -> 0 | E54: =PPRD!E54+RCV_RCY!E54+IMP!E54-EXP!E54+STK_CHG!E54 -> 0 | F54: =PPRD!F54+RCV_RCY!F54+IMP!F54-EXP!F54+STK_CHG!F54 -> 0 | G54: =PPRD!G54+RCV_RCY!G54+IMP!G54-EXP!G54+STK_CHG!G54 -> 0 | H54: =PPRD!H54+RCV_RCY!H54+IMP!H54-EXP!H54+STK_CHG!H54 -> 0 | I54: =PPRD!I54+RCV_RCY!I54+IMP!I54-EXP!I54+STK_CHG!I54 -> 0 | J54: =PPRD!J54+RCV_RCY!J54+IMP!J54-EXP!J54+STK_CHG!J54 -> 0 | ... Z54: =PPRD!Z54+RCV_RCY!Z54+IMP!Z54-EXP!Z54+STK_CHG!Z54 -> 0
A55: Wind | B55: RA300 | C55: =PPRD!C55+RCV_RCY!C55+IMP!C55-EXP!C55+STK_CHG!C55 -> 0 | D55: =PPRD!D55+RCV_RCY!D55+IMP!D55-EXP!D55+STK_CHG!D55 -> 0 | E55: =PPRD!E55+RCV_RCY!E55+IMP!E55-EXP!E55+STK_CHG!E55 -> 0 | F55: =PPRD!F55+RCV_RCY!F55+IMP!F55-EXP!F55+STK_CHG!F55 -> 0 | G55: =PPRD!G55+RCV_RCY!G55+IMP!G55-EXP!G55+STK_CHG!G55 -> 0 | H55: =PPRD!H55+RCV_RCY!H55+IMP!H55-EXP!H55+STK_CHG!H55 -> 0 | I55: =PPRD!I55+RCV_RCY!I55+IMP!I55-EXP!I55+STK_CHG!I55 -> 0 | J55: =PPRD!J55+RCV_RCY!J55+IMP!J55-EXP!J55+STK_CHG!J55 -> 0 | ... Z55: =PPRD!Z55+RCV_RCY!Z55+IMP!Z55-EXP!Z55+STK_CHG!Z55 -> 0.0028374893
A56: Solar photovoltaic | B56: RA420 | C56: =PPRD!C56+RCV_RCY!C56+IMP!C56-EXP!C56+STK_CHG!C56 -> 0 | D56: =PPRD!D56+RCV_RCY!D56+IMP!D56-EXP!D56+STK_CHG!D56 -> 0 | E56: =PPRD!E56+RCV_RCY!E56+IMP!E56-EXP!E56+STK_CHG!E56 -> 0 | F56: =PPRD!F56+RCV_RCY!F56+IMP!F56-EXP!F56+STK_CHG!F56 -> 0 | G56: =PPRD!G56+RCV_RCY!G56+IMP!G56-EXP!G56+STK_CHG!G56 -> 0 | H56: =PPRD!H56+RCV_RCY!H56+IMP!H56-EXP!H56+STK_CHG!H56 -> 0 | I56: =PPRD!I56+RCV_RCY!I56+IMP!I56-EXP!I56+STK_CHG!I56 -> 0 | J56: =PPRD!J56+RCV_RCY!J56+IMP!J56-EXP!J56+STK_CHG!J56 -> 0 | ... Z56: =PPRD!Z56+RCV_RCY!Z56+IMP!Z56-EXP!Z56+STK_CHG!Z56 -> 26.566036
A57: Solar thermal | B57: RA410 | C57: =PPRD!C57+RCV_RCY!C57+IMP!C57-EXP!C57+STK_CHG!C57 -> 0 | D57: =PPRD!D57+RCV_RCY!D57+IMP!D57-EXP!D57+STK_CHG!D57 -> 0 | E57: =PPRD!E57+RCV_RCY!E57+IMP!E57-EXP!E57+STK_CHG!E57 -> 0.238865 | F57: =PPRD!F57+RCV_RCY!F57+IMP!F57-EXP!F57+STK_CHG!F57 -> 0.31049011 | G57: =PPRD!G57+RCV_RCY!G57+IMP!G57-EXP!G57+STK_CHG!G57 -> 0.40601892 | H57: =PPRD!H57+RCV_RCY!H57+IMP!H57-EXP!H57+STK_CHG!H57 -> 0.52545142 | I57: =PPRD!I57+RCV_RCY!I57+IMP!I57-EXP!I57+STK_CHG!I57 -> 0.64488392 | J57: =PPRD!J57+RCV_RCY!J57+IMP!J57-EXP!J57+STK_CHG!J57 -> 0.78822012 | ... Z57: =PPRD!Z57+RCV_RCY!Z57+IMP!Z57-EXP!Z57+STK_CHG!Z57 -> 2.8872743
A58: Geothermal | B58: RA200 | C58: =PPRD!C58+RCV_RCY!C58+IMP!C58-EXP!C58+STK_CHG!C58 -> 0 | D58: =PPRD!D58+RCV_RCY!D58+IMP!D58-EXP!D58+STK_CHG!D58 -> 0 | E58: =PPRD!E58+RCV_RCY!E58+IMP!E58-EXP!E58+STK_CHG!E58 -> 0 | F58: =PPRD!F58+RCV_RCY!F58+IMP!F58-EXP!F58+STK_CHG!F58 -> 0 | G58: =PPRD!G58+RCV_RCY!G58+IMP!G58-EXP!G58+STK_CHG!G58 -> 0 | H58: =PPRD!H58+RCV_RCY!H58+IMP!H58-EXP!H58+STK_CHG!H58 -> 0 | I58: =PPRD!I58+RCV_RCY!I58+IMP!I58-EXP!I58+STK_CHG!I58 -> 0 | J58: =PPRD!J58+RCV_RCY!J58+IMP!J58-EXP!J58+STK_CHG!J58 -> 0 | ... Z58: =PPRD!Z58+RCV_RCY!Z58+IMP!Z58-EXP!Z58+STK_CHG!Z58 -> 0
A59: Primary solid biofuels | B59: R5110-5150_W6000RI | C59: =PPRD!C59+RCV_RCY!C59+IMP!C59-EXP!C59+STK_CHG!C59 -> 0 | D59: =PPRD!D59+RCV_RCY!D59+IMP!D59-EXP!D59+STK_CHG!D59 -> 0 | E59: =PPRD!E59+RCV_RCY!E59+IMP!E59-EXP!E59+STK_CHG!E59 -> 0 | F59: =PPRD!F59+RCV_RCY!F59+IMP!F59-EXP!F59+STK_CHG!F59 -> 0 | G59: =PPRD!G59+RCV_RCY!G59+IMP!G59-EXP!G59+STK_CHG!G59 -> 0 | H59: =PPRD!H59+RCV_RCY!H59+IMP!H59-EXP!H59+STK_CHG!H59 -> 0 | I59: =PPRD!I59+RCV_RCY!I59+IMP!I59-EXP!I59+STK_CHG!I59 -> 0 | J59: =PPRD!J59+RCV_RCY!J59+IMP!J59-EXP!J59+STK_CHG!J59 -> 0 | ... Z59: =PPRD!Z59+RCV_RCY!Z59+IMP!Z59-EXP!Z59+STK_CHG!Z59 -> 0.87575236
A60: Charcoal | B60: R5160 | C60: =PPRD!C60+RCV_RCY!C60+IMP!C60-EXP!C60+STK_CHG!C60 -> 0 | D60: =PPRD!D60+RCV_RCY!D60+IMP!D60-EXP!D60+STK_CHG!D60 -> 0 | E60: =PPRD!E60+RCV_RCY!E60+IMP!E60-EXP!E60+STK_CHG!E60 -> 0 | F60: =PPRD!F60+RCV_RCY!F60+IMP!F60-EXP!F60+STK_CHG!F60 -> 0 | G60: =PPRD!G60+RCV_RCY!G60+IMP!G60-EXP!G60+STK_CHG!G60 -> 0 | H60: =PPRD!H60+RCV_RCY!H60+IMP!H60-EXP!H60+STK_CHG!H60 -> 0 | I60: =PPRD!I60+RCV_RCY!I60+IMP!I60-EXP!I60+STK_CHG!I60 -> 0 | J60: =PPRD!J60+RCV_RCY!J60+IMP!J60-EXP!J60+STK_CHG!J60 -> 0 | ... Z60: =PPRD!Z60+RCV_RCY!Z60+IMP!Z60-EXP!Z60+STK_CHG!Z60 -> 0
A61: Biogases | B61: R5300 | C61: =PPRD!C61+RCV_RCY!C61+IMP!C61-EXP!C61+STK_CHG!C61 -> 0 | D61: =PPRD!D61+RCV_RCY!D61+IMP!D61-EXP!D61+STK_CHG!D61 -> 0 | E61: =PPRD!E61+RCV_RCY!E61+IMP!E61-EXP!E61+STK_CHG!E61 -> 0 | F61: =PPRD!F61+RCV_RCY!F61+IMP!F61-EXP!F61+STK_CHG!F61 -> 0 | G61: =PPRD!G61+RCV_RCY!G61+IMP!G61-EXP!G61+STK_CHG!G61 -> 0 | H61: =PPRD!H61+RCV_RCY!H61+IMP!H61-EXP!H61+STK_CHG!H61 -> 0 | I61: =PPRD!I61+RCV_RCY!I61+IMP!I61-EXP!I61+STK_CHG!I61 -> 0 | J61: =PPRD!J61+RCV_RCY!J61+IMP!J61-EXP!J61+STK_CHG!J61 -> 0 | ... Z61: =PPRD!Z61+RCV_RCY!Z61+IMP!Z61-EXP!Z61+STK_CHG!Z61 -> 2.6013758
A62: Renewable municipal waste | B62: W6210 | C62: =PPRD!C62+RCV_RCY!C62+IMP!C62-EXP!C62+STK_CHG!C62 -> 0 | D62: =PPRD!D62+RCV_RCY!D62+IMP!D62-EXP!D62+STK_CHG!D62 -> 0 | E62: =PPRD!E62+RCV_RCY!E62+IMP!E62-EXP!E62+STK_CHG!E62 -> 0 | F62: =PPRD!F62+RCV_RCY!F62+IMP!F62-EXP!F62+STK_CHG!F62 -> 0 | G62: =PPRD!G62+RCV_RCY!G62+IMP!G62-EXP!G62+STK_CHG!G62 -> 0 | H62: =PPRD!H62+RCV_RCY!H62+IMP!H62-EXP!H62+STK_CHG!H62 -> 0 | I62: =PPRD!I62+RCV_RCY!I62+IMP!I62-EXP!I62+STK_CHG!I62 -> 0 | J62: =PPRD!J62+RCV_RCY!J62+IMP!J62-EXP!J62+STK_CHG!J62 -> 0 | ... Z62: =PPRD!Z62+RCV_RCY!Z62+IMP!Z62-EXP!Z62+STK_CHG!Z62 -> 0
A63: Pure biogasoline | B63: R5210P | C63: =PPRD!C63+RCV_RCY!C63+IMP!C63-EXP!C63+STK_CHG!C63 -> 0 | D63: =PPRD!D63+RCV_RCY!D63+IMP!D63-EXP!D63+STK_CHG!D63 -> 0 | E63: =PPRD!E63+RCV_RCY!E63+IMP!E63-EXP!E63+STK_CHG!E63 -> 0 | F63: =PPRD!F63+RCV_RCY!F63+IMP!F63-EXP!F63+STK_CHG!F63 -> 0 | G63: =PPRD!G63+RCV_RCY!G63+IMP!G63-EXP!G63+STK_CHG!G63 -> 0 | H63: =PPRD!H63+RCV_RCY!H63+IMP!H63-EXP!H63+STK_CHG!H63 -> 0 | I63: =PPRD!I63+RCV_RCY!I63+IMP!I63-EXP!I63+STK_CHG!I63 -> 0 | J63: =PPRD!J63+RCV_RCY!J63+IMP!J63-EXP!J63+STK_CHG!J63 -> 0 | ... Z63: =PPRD!Z63+RCV_RCY!Z63+IMP!Z63-EXP!Z63+STK_CHG!Z63 -> 0
A64: Blended biogasoline | B64: R5210B | C64: =PPRD!C64+RCV_RCY!C64+IMP!C64-EXP!C64+STK_CHG!C64 -> 0 | D64: =PPRD!D64+RCV_RCY!D64+IMP!D64-EXP!D64+STK_CHG!D64 -> 0 | E64: =PPRD!E64+RCV_RCY!E64+IMP!E64-EXP!E64+STK_CHG!E64 -> 0 | F64: =PPRD!F64+RCV_RCY!F64+IMP!F64-EXP!F64+STK_CHG!F64 -> 0 | G64: =PPRD!G64+RCV_RCY!G64+IMP!G64-EXP!G64+STK_CHG!G64 -> 0 | H64: =PPRD!H64+RCV_RCY!H64+IMP!H64-EXP!H64+STK_CHG!H64 -> 0 | I64: =PPRD!I64+RCV_RCY!I64+IMP!I64-EXP!I64+STK_CHG!I64 -> 0 | J64: =PPRD!J64+RCV_RCY!J64+IMP!J64-EXP!J64+STK_CHG!J64 -> 0 | ... Z64: =PPRD!Z64+RCV_RCY!Z64+IMP!Z64-EXP!Z64+STK_CHG!Z64 -> 0
... A70: Ambient heat (heat pumps) | B70: RA600 | C70: =PPRD!C70+RCV_RCY!C70+IMP!C70-EXP!C70+STK_CHG!C70 -> 0 | D70: =PPRD!D70+RCV_RCY!D70+IMP!D70-EXP!D70+STK_CHG!D70 -> 0 | E70: =PPRD!E70+RCV_RCY!E70+IMP!E70-EXP!E70+STK_CHG!E70 -> 0 | F70: =PPRD!F70+RCV_RCY!F70+IMP!F70-EXP!F70+STK_CHG!F70 -> 0 | G70: =PPRD!G70+RCV_RCY!G70+IMP!G70-EXP!G70+STK_CHG!G70 -> 0 | H70: =PPRD!H70+RCV_RCY!H70+IMP!H70-EXP!H70+STK_CHG!H70 -> 0 | I70: =PPRD!I70+RCV_RCY!I70+IMP!I70-EXP!I70+STK_CHG!I70 -> 0 | J70: =PPRD!J70+RCV_RCY!J70+IMP!J70-EXP!J70+STK_CHG!J70 -> 0 | ... Z70: =PPRD!Z70+RCV_RCY!Z70+IMP!Z70-EXP!Z70+STK_CHG!Z70 -> 22.077214
A71: Non-renewable waste | B71: W6100_6220 | C71: =SUM(C72:C73) -> 0 | D71: =SUM(D72:D73) -> 0 | E71: =SUM(E72:E73) -> 0 | F71: =SUM(F72:F73) -> 0 | G71: =SUM(G72:G73) -> 0 | H71: =SUM(H72:H73) -> 0 | I71: =SUM(I72:I73) -> 0 | J71: =SUM(J72:J73) -> 0 | ... Z71: =SUM(Z72:Z73) -> 0
A72: Industrial waste (non-renewable) | B72: W6100 | C72: =PPRD!C72+RCV_RCY!C72+IMP!C72-EXP!C72+STK_CHG!C72 -> 0 | D72: =PPRD!D72+RCV_RCY!D72+IMP!D72-EXP!D72+STK_CHG!D72 -> 0 | E72: =PPRD!E72+RCV_RCY!E72+IMP!E72-EXP!E72+STK_CHG!E72 -> 0 | F72: =PPRD!F72+RCV_RCY!F72+IMP!F72-EXP!F72+STK_CHG!F72 -> 0 | G72: =PPRD!G72+RCV_RCY!G72+IMP!G72-EXP!G72+STK_CHG!G72 -> 0 | H72: =PPRD!H72+RCV_RCY!H72+IMP!H72-EXP!H72+STK_CHG!H72 -> 0 | I72: =PPRD!I72+RCV_RCY!I72+IMP!I72-EXP!I72+STK_CHG!I72 -> 0 | J72: =PPRD!J72+RCV_RCY!J72+IMP!J72-EXP!J72+STK_CHG!J72 -> 0 | ... Z72: =PPRD!Z72+RCV_RCY!Z72+IMP!Z72-EXP!Z72+STK_CHG!Z72 -> 0
A73: Non-renewable municipal waste | B73: W6220 | C73: =PPRD!C73+RCV_RCY!C73+IMP!C73-EXP!C73+STK_CHG!C73 -> 0 | D73: =PPRD!D73+RCV_RCY!D73+IMP!D73-EXP!D73+STK_CHG!D73 -> 0 | E73: =PPRD!E73+RCV_RCY!E73+IMP!E73-EXP!E73+STK_CHG!E73 -> 0 | F73: =PPRD!F73+RCV_RCY!F73+IMP!F73-EXP!F73+STK_CHG!F73 -> 0 | G73: =PPRD!G73+RCV_RCY!G73+IMP!G73-EXP!G73+STK_CHG!G73 -> 0 | H73: =PPRD!H73+RCV_RCY!H73+IMP!H73-EXP!H73+STK_CHG!H73 -> 0 | I73: =PPRD!I73+RCV_RCY!I73+IMP!I73-EXP!I73+STK_CHG!I73 -> 0 | J73: =PPRD!J73+RCV_RCY!J73+IMP!J73-EXP!J73+STK_CHG!J73 -> 0 | ... Z73: =PPRD!Z73+RCV_RCY!Z73+IMP!Z73-EXP!Z73+STK_CHG!Z73 -> 0
A74: Nuclear heat | B74: N900H | C74: =PPRD!C74+RCV_RCY!C74+IMP!C74-EXP!C74+STK_CHG!C74 -> 0 | D74: =PPRD!D74+RCV_RCY!D74+IMP!D74-EXP!D74+STK_CHG!D74 -> 0 | E74: =PPRD!E74+RCV_RCY!E74+IMP!E74-EXP!E74+STK_CHG!E74 -> 0 | F74: =PPRD!F74+RCV_RCY!F74+IMP!F74-EXP!F74+STK_CHG!F74 -> 0 | G74: =PPRD!G74+RCV_RCY!G74+IMP!G74-EXP!G74+STK_CHG!G74 -> 0 | H74: =PPRD!H74+RCV_RCY!H74+IMP!H74-EXP!H74+STK_CHG!H74 -> 0 | I74: =PPRD!I74+RCV_RCY!I74+IMP!I74-EXP!I74+STK_CHG!I74 -> 0 | J74: =PPRD!J74+RCV_RCY!J74+IMP!J74-EXP!J74+STK_CHG!J74 -> 0 | ... Z74: =PPRD!Z74+RCV_RCY!Z74+IMP!Z74-EXP!Z74+STK_CHG!Z74 -> 0
A75: Heat | B75: H8000 | C75: =PPRD!C75+RCV_RCY!C75+IMP!C75-EXP!C75+STK_CHG!C75 -> 0 | D75: =PPRD!D75+RCV_RCY!D75+IMP!D75-EXP!D75+STK_CHG!D75 -> 0 | E75: =PPRD!E75+RCV_RCY!E75+IMP!E75-EXP!E75+STK_CHG!E75 -> 0 | F75: =PPRD!F75+RCV_RCY!F75+IMP!F75-EXP!F75+STK_CHG!F75 -> 0 | G75: =PPRD!G75+RCV_RCY!G75+IMP!G75-EXP!G75+STK_CHG!G75 -> 0 | H75: =PPRD!H75+RCV_RCY!H75+IMP!H75-EXP!H75+STK_CHG!H75 -> 0 | I75: =PPRD!I75+RCV_RCY!I75+IMP!I75-EXP!I75+STK_CHG!I75 -> 0 | J75: =PPRD!J75+RCV_RCY!J75+IMP!J75-EXP!J75+STK_CHG!J75 -> 0 | ... Z75: =PPRD!Z75+RCV_RCY!Z75+IMP!Z75-EXP!Z75+STK_CHG!Z75 -> 0
A76: Electricity | B76: E7000 | C76: =PPRD!C76+RCV_RCY!C76+IMP!C76-EXP!C76+STK_CHG!C76 -> 0 | D76: =PPRD!D76+RCV_RCY!D76+IMP!D76-EXP!D76+STK_CHG!D76 -> 0 | E76: =PPRD!E76+RCV_RCY!E76+IMP!E76-EXP!E76+STK_CHG!E76 -> 0 | F76: =PPRD!F76+RCV_RCY!F76+IMP!F76-EXP!F76+STK_CHG!F76 -> 0 | G76: =PPRD!G76+RCV_RCY!G76+IMP!G76-EXP!G76+STK_CHG!G76 -> 0 | H76: =PPRD!H76+RCV_RCY!H76+IMP!H76-EXP!H76+STK_CHG!H76 -> 0 | I76: =PPRD!I76+RCV_RCY!I76+IMP!I76-EXP!I76+STK_CHG!I76 -> 0 | J76: =PPRD!J76+RCV_RCY!J76+IMP!J76-EXP!J76+STK_CHG!J76 -> 0 | ... Z76: =PPRD!Z76+RCV_RCY!Z76+IMP!Z76-EXP!Z76+STK_CHG!Z76 -> 53.493293

Sheet INTMARB
A1: International maritime bunkers | B1: INTMARB | C1: 2000 | D1: 2001 | E1: 2002 | F1: 2003 | G1: 2004 | H1: 2005 | I1: 2006 | J1: 2007 | K1: 2008 | L1: 2009 | M1: 2010 | N1: 2011 | O1: 2012 | P1: 2013 | Q1: 2014 | R1: 2015 | S1: 2016 | T1: 2017 | U1: 2018 | V1: 2019 | W1: 2020 | X1: 2021 | Y1: 2022 | Z1: 2023
A2: Total | B2: TOTAL | C2: =SUM(C3,C17,C22,C25,C26,C51,C52,C71,C74,C75,C76) -> 658.3166 | D2: =SUM(D3,D17,D22,D25,D26,D51,D52,D71,D74,D75,D76) -> 724.99286 | E2: =SUM(E3,E17,E22,E25,E26,E51,E52,E71,E74,E75,E76) -> 743.07352 | F2: =SUM(F3,F17,F22,F25,F26,F51,F52,F71,F74,F75,F76) -> 915.98358 | G2: =SUM(G3,G17,G22,G25,G26,G51,G52,G71,G74,G75,G76) -> 980.94007 | H2: =SUM(H3,H17,H22,H25,H26,H51,H52,H71,H74,H75,H76) -> 658.49819 | I2: =SUM(I3,I17,I22,I25,I26,I51,I52,I71,I74,I75,I76) -> 752.57954 | J2: =SUM(J3,J17,J22,J25,J26,J51,J52,J71,J74,J75,J76) -> 842.17059 | ... Z2: =SUM(Z3,Z17,Z22,Z25,Z26,Z51,Z52,Z71,Z74,Z75,Z76) -> 2251.8276
A3: Solid fossil fuels | B3: C0000X0350-0370 | C3: =SUM(C4,C8,C11) -> 0 | D3: =SUM(D4,D8,D11) -> 0 | E3: =SUM(E4,E8,E11) -> 0 | F3: =SUM(F4,F8,F11) -> 0 | G3: =SUM(G4,G8,G11) -> 0 | H3: =SUM(H4,H8,H11) -> 0 | I3: =SUM(I4,I8,I11) -> 0 | J3: =SUM(J4,J8,J11) -> 0 | ... Z3: =SUM(Z4,Z8,Z11) -> 0
A4: Hard coal | B4: C0100 | C4: =SUM(C5:C7) -> 0 | D4: =SUM(D5:D7) -> 0 | E4: =SUM(E5:E7) -> 0 | F4: =SUM(F5:F7) -> 0 | G4: =SUM(G5:G7) -> 0 | H4: =SUM(H5:H7) -> 0 | I4: =SUM(I5:I7) -> 0 | J4: =SUM(J5:J7) -> 0 | ... Z4: =SUM(Z5:Z7) -> 0
A5: Anthracite | B5: C0110 | C5: =INTMARB_IN!C5+INTMARB_EX!C5 -> 0 | D5: =INTMARB_IN!D5+INTMARB_EX!D5 -> 0 | E5: =INTMARB_IN!E5+INTMARB_EX!E5 -> 0 | F5: =INTMARB_IN!F5+INTMARB_EX!F5 -> 0 | G5: =INTMARB_IN!G5+INTMARB_EX!G5 -> 0 | H5: =INTMARB_IN!H5+INTMARB_EX!H5 -> 0 | I5: =INTMARB_IN!I5+INTMARB_EX!I5 -> 0 | J5: =INTMARB_IN!J5+INTMARB_EX!J5 -> 0 | ... Z5: =INTMARB_IN!Z5+INTMARB_EX!Z5 -> 0
A6: Coking coal | B6: C0121 | C6: =INTMARB_IN!C6+INTMARB_EX!C6 -> 0 | D6: =INTMARB_IN!D6+INTMARB_EX!D6 -> 0 | E6: =INTMARB_IN!E6+INTMARB_EX!E6 -> 0 | F6: =INTMARB_IN!F6+INTMARB_EX!F6 -> 0 | G6: =INTMARB_IN!G6+INTMARB_EX!G6 -> 0 | H6: =INTMARB_IN!H6+INTMARB_EX!H6 -> 0 | I6: =INTMARB_IN!I6+INTMARB_EX!I6 -> 0 | J6: =INTMARB_IN!J6+INTMARB_EX!J6 -> 0 | ... Z6: =INTMARB_IN!Z6+INTMARB_EX!Z6 -> 0
A7: Other bituminous coal | B7: C0129 | C7: =INTMARB_IN!C7+INTMARB_EX!C7 -> 0 | D7: =INTMARB_IN!D7+INTMARB_EX!D7 -> 0 | E7: =INTMARB_IN!E7+INTMARB_EX!E7 -> 0 | F7: =INTMARB_IN!F7+INTMARB_EX!F7 -> 0 | G7: =INTMARB_IN!G7+INTMARB_EX!G7 -> 0 | H7: =INTMARB_IN!H7+INTMARB_EX!H7 -> 0 | I7: =INTMARB_IN!I7+INTMARB_EX!I7 -> 0 | J7: =INTMARB_IN!J7+INTMARB_EX!J7 -> 0 | ... Z7: =INTMARB_IN!Z7+INTMARB_EX!Z7 -> 0
A8: Brown coal | B8: C0200 | C8: =SUM(C9:C10) -> 0 | D8: =SUM(D9:D10) -> 0 | E8: =SUM(E9:E10) -> 0 | F8: =SUM(F9:F10) -> 0 | G8: =SUM(G9:G10) -> 0 | H8: =SUM(H9:H10) -> 0 | I8: =SUM(I9:I10) -> 0 | J8: =SUM(J9:J10) -> 0 | ... Z8: =SUM(Z9:Z10) -> 0
A9: Sub-bituminous coal | B9: C0210 | C9: =INTMARB_IN!C9+INTMARB_EX!C9 -> 0 | D9: =INTMARB_IN!D9+INTMARB_EX!D9 -> 0 | E9: =INTMARB_IN!E9+INTMARB_EX!E9 -> 0 | F9: =INTMARB_IN!F9+INTMARB_EX!F9 -> 0 | G9: =INTMARB_IN!G9+INTMARB_EX!G9 -> 0 | H9: =INTMARB_IN!H9+INTMARB_EX!H9 -> 0 | I9: =INTMARB_IN!I9+INTMARB_EX!I9 -> 0 | J9: =INTMARB_IN!J9+INTMARB_EX!J9 -> 0 | ... Z9: =INTMARB_IN!Z9+INTMARB_EX!Z9 -> 0
A10: Lignite | B10: C0220 | C10: =INTMARB_IN!C10+INTMARB_EX!C10 -> 0 | D10: =INTMARB_IN!D10+INTMARB_EX!D10 -> 0 | E10: =INTMARB_IN!E10+INTMARB_EX!E10 -> 0 | F10: =INTMARB_IN!F10+INTMARB_EX!F10 -> 0 | G10: =INTMARB_IN!G10+INTMARB_EX!G10 -> 0 | H10: =INTMARB_IN!H10+INTMARB_EX!H10 -> 0 | I10: =INTMARB_IN!I10+INTMARB_EX!I10 -> 0 | J10: =INTMARB_IN!J10+INTMARB_EX!J10 -> 0 | ... Z10: =INTMARB_IN!Z10+INTMARB_EX!Z10 -> 0
A11: Coal products | B11: C0300 | C11: =SUM(C12:C16) -> 0 | D11: =SUM(D12:D16) -> 0 | E11: =SUM(E12:E16) -> 0 | F11: =SUM(F12:F16) -> 0 | G11: =SUM(G12:G16) -> 0 | H11: =SUM(H12:H16) -> 0 | I11: =SUM(I12:I16) -> 0 | J11: =SUM(J12:J16) -> 0 | ... Z11: =SUM(Z12:Z16) -> 0
A12: Patent fuel | B12: C0320 | C12: =INTMARB_IN!C12+INTMARB_EX!C12 -> 0 | D12: =INTMARB_IN!D12+INTMARB_EX!D12 -> 0 | E12: =INTMARB_IN!E12+INTMARB_EX!E12 -> 0 | F12: =INTMARB_IN!F12+INTMARB_EX!F12 -> 0 | G12: =INTMARB_IN!G12+INTMARB_EX!G12 -> 0 | H12: =INTMARB_IN!H12+INTMARB_EX!H12 -> 0 | I12: =INTMARB_IN!I12+INTMARB_EX!I12 -> 0 | J12: =INTMARB_IN!J12+INTMARB_EX!J12 -> 0 | ... Z12: =INTMARB_IN!Z12+INTMARB_EX!Z12 -> 0
A13: Coke oven coke | B13: C0311 | C13: =INTMARB_IN!C13+INTMARB_EX!C13 -> 0 | D13: =INTMARB_IN!D13+INTMARB_EX!D13 -> 0 | E13: =INTMARB_IN!E13+INTMARB_EX!E13 -> 0 | F13: =INTMARB_IN!F13+INTMARB_EX!F13 -> 0 | G13: =INTMARB_IN!G13+INTMARB_EX!G13 -> 0 | H13: =INTMARB_IN!H13+INTMARB_EX!H13 -> 0 | I13: =INTMARB_IN!I13+INTMARB_EX!I13 -> 0 | J13: =INTMARB_IN!J13+INTMARB_EX!J13 -> 0 | ... Z13: =INTMARB_IN!Z13+INTMARB_EX!Z13 -> 0
A14: Gas coke | B14: C0312 | C14: =INTMARB_IN!C14+INTMARB_EX!C14 -> 0 | D14: =INTMARB_IN!D14+INTMARB_EX!D14 -> 0 | E14: =INTMARB_IN!E14+INTMARB_EX!E14 -> 0 | F14: =INTMARB_IN!F14+INTMARB_EX!F14 -> 0 | G14: =INTMARB_IN!G14+INTMARB_EX!G14 -> 0 | H14: =INTMARB_IN!H14+INTMARB_EX!H14 -> 0 | I14: =INTMARB_IN!I14+INTMARB_EX!I14 -> 0 | J14: =INTMARB_IN!J14+INTMARB_EX!J14 -> 0 | ... Z14: =INTMARB_IN!Z14+INTMARB_EX!Z14 -> 0
A15: Coal tar | B15: C0340 | C15: =INTMARB_IN!C15+INTMARB_EX!C15 -> 0 | D15: =INTMARB_IN!D15+INTMARB_EX!D15 -> 0 | E15: =INTMARB_IN!E15+INTMARB_EX!E15 -> 0 | F15: =INTMARB_IN!F15+INTMARB_EX!F15 -> 0 | G15: =INTMARB_IN!G15+INTMARB_EX!G15 -> 0 | H15: =INTMARB_IN!H15+INTMARB_EX!H15 -> 0 | I15: =INTMARB_IN!I15+INTMARB_EX!I15 -> 0 | J15: =INTMARB_IN!J15+INTMARB_EX!J15 -> 0 | ... Z15: =INTMARB_IN!Z15+INTMARB_EX!Z15 -> 0
A16: Brown coal briquettes | B16: C0330 | C16: =INTMARB_IN!C16+INTMARB_EX!C16 -> 0 | D16: =INTMARB_IN!D16+INTMARB_EX!D16 -> 0 | E16: =INTMARB_IN!E16+INTMARB_EX!E16 -> 0 | F16: =INTMARB_IN!F16+INTMARB_EX!F16 -> 0 | G16: =INTMARB_IN!G16+INTMARB_EX!G16 -> 0 | H16: =INTMARB_IN!H16+INTMARB_EX!H16 -> 0 | I16: =INTMARB_IN!I16+INTMARB_EX!I16 -> 0 | J16: =INTMARB_IN!J16+INTMARB_EX!J16 -> 0 | ... Z16: =INTMARB_IN!Z16+INTMARB_EX!Z16 -> 0
A17: Manufactured gases | B17: C0350-0370 | C17: =SUM(C18:C21) -> 0 | D17: =SUM(D18:D21) -> 0 | E17: =SUM(E18:E21) -> 0 | F17: =SUM(F18:F21) -> 0 | G17: =SUM(G18:G21) -> 0 | H17: =SUM(H18:H21) -> 0 | I17: =SUM(I18:I21) -> 0 | J17: =SUM(J18:J21) -> 0 | ... Z17: =SUM(Z18:Z21) -> 0
A18: Gas works gas | B18: C0360 | C18: =INTMARB_IN!C18+INTMARB_EX!C18 -> 0 | D18: =INTMARB_IN!D18+INTMARB_EX!D18 -> 0 | E18: =INTMARB_IN!E18+INTMARB_EX!E18 -> 0 | F18: =INTMARB_IN!F18+INTMARB_EX!F18 -> 0 | G18: =INTMARB_IN!G18+INTMARB_EX!G18 -> 0 | H18: =INTMARB_IN!H18+INTMARB_EX!H18 -> 0 | I18: =INTMARB_IN!I18+INTMARB_EX!I18 -> 0 | J18: =INTMARB_IN!J18+INTMARB_EX!J18 -> 0 | ... Z18: =INTMARB_IN!Z18+INTMARB_EX!Z18 -> 0
A19: Coke oven gas | B19: C0350 | C19: =INTMARB_IN!C19+INTMARB_EX!C19 -> 0 | D19: =INTMARB_IN!D19+INTMARB_EX!D19 -> 0 | E19: =INTMARB_IN!E19+INTMARB_EX!E19 -> 0 | F19: =INTMARB_IN!F19+INTMARB_EX!F19 -> 0 | G19: =INTMARB_IN!G19+INTMARB_EX!G19 -> 0 | H19: =INTMARB_IN!H19+INTMARB_EX!H19 -> 0 | I19: =INTMARB_IN!I19+INTMARB_EX!I19 -> 0 | J19: =INTMARB_IN!J19+INTMARB_EX!J19 -> 0 | ... Z19: =INTMARB_IN!Z19+INTMARB_EX!Z19 -> 0
A20: Blast furnace gas | B20: C0371 | C20: =INTMARB_IN!C20+INTMARB_EX!C20 -> 0 | D20: =INTMARB_IN!D20+INTMARB_EX!D20 -> 0 | E20: =INTMARB_IN!E20+INTMARB_EX!E20 -> 0 | F20: =INTMARB_IN!F20+INTMARB_EX!F20 -> 0 | G20: =INTMARB_IN!G20+INTMARB_EX!G20 -> 0 | H20: =INTMARB_IN!H20+INTMARB_EX!H20 -> 0 | I20: =INTMARB_IN!I20+INTMARB_EX!I20 -> 0 | J20: =INTMARB_IN!J20+INTMARB_EX!J20 -> 0 | ... Z20: =INTMARB_IN!Z20+INTMARB_EX!Z20 -> 0
A21: Other recovered gases | B21: C0379 | C21: =INTMARB_IN!C21+INTMARB_EX!C21 -> 0 | D21: =INTMARB_IN!D21+INTMARB_EX!D21 -> 0 | E21: =INTMARB_IN!E21+INTMARB_EX!E21 -> 0 | F21: =INTMARB_IN!F21+INTMARB_EX!F21 -> 0 | G21: =INTMARB_IN!G21+INTMARB_EX!G21 -> 0 | H21: =INTMARB_IN!H21+INTMARB_EX!H21 -> 0 | I21: =INTMARB_IN!I21+INTMARB_EX!I21 -> 0 | J21: =INTMARB_IN!J21+INTMARB_EX!J21 -> 0 | ... Z21: =INTMARB_IN!Z21+INTMARB_EX!Z21 -> 0
A22: Peat and peat products | B22: P1000 | C22: =SUM(C23:C24) -> 0 | D22: =SUM(D23:D24) -> 0 | E22: =SUM(E23:E24) -> 0 | F22: =SUM(F23:F24) -> 0 | G22: =SUM(G23:G24) -> 0 | H22: =SUM(H23:H24) -> 0 | I22: =SUM(I23:I24) -> 0 | J22: =SUM(J23:J24) -> 0 | ... Z22: =SUM(Z23:Z24) -> 0
A23: Peat | B23: P1100 | C23: =INTMARB_IN!C23+INTMARB_EX!C23 -> 0 | D23: =INTMARB_IN!D23+INTMARB_EX!D23 -> 0 | E23: =INTMARB_IN!E23+INTMARB_EX!E23 -> 0 | F23: =INTMARB_IN!F23+INTMARB_EX!F23 -> 0 | G23: =INTMARB_IN!G23+INTMARB_EX!G23 -> 0 | H23: =INTMARB_IN!H23+INTMARB_EX!H23 -> 0 | I23: =INTMARB_IN!I23+INTMARB_EX!I23 -> 0 | J23: =INTMARB_IN!J23+INTMARB_EX!J23 -> 0 | ... Z23: =INTMARB_IN!Z23+INTMARB_EX!Z23 -> 0
A24: Peat products | B24: P1200 | C24: =INTMARB_IN!C24+INTMARB_EX!C24 -> 0 | D24: =INTMARB_IN!D24+INTMARB_EX!D24 -> 0 | E24: =INTMARB_IN!E24+INTMARB_EX!E24 -> 0 | F24: =INTMARB_IN!F24+INTMARB_EX!F24 -> 0 | G24: =INTMARB_IN!G24+INTMARB_EX!G24 -> 0 | H24: =INTMARB_IN!H24+INTMARB_EX!H24 -> 0 | I24: =INTMARB_IN!I24+INTMARB_EX!I24 -> 0 | J24: =INTMARB_IN!J24+INTMARB_EX!J24 -> 0 | ... Z24: =INTMARB_IN!Z24+INTMARB_EX!Z24 -> 0
A25: Oil shale and oil sands | B25: S2000 | C25: =INTMARB_IN!C25+INTMARB_EX!C25 -> 0 | D25: =INTMARB_IN!D25+INTMARB_EX!D25 -> 0 | E25: =INTMARB_IN!E25+INTMARB_EX!E25 -> 0 | F25: =INTMARB_IN!F25+INTMARB_EX!F25 -> 0 | G25: =INTMARB_IN!G25+INTMARB_EX!G25 -> 0 | H25: =INTMARB_IN!H25+INTMARB_EX!H25 -> 0 | I25: =INTMARB_IN!I25+INTMARB_EX!I25 -> 0 | J25: =INTMARB_IN!J25+INTMARB_EX!J25 -> 0 | ... Z25: =INTMARB_IN!Z25+INTMARB_EX!Z25 -> 0
A26: Oil and petroleum products | B26: O4000XBIO | C26: =SUM(C27,C33) -> 658.3166 | D26: =SUM(D27,D33) -> 724.99286 | E26: =SUM(E27,E33) -> 743.07352 | F26: =SUM(F27,F33) -> 915.98358 | G26: =SUM(G27,G33) -> 980.94007 | H26: =SUM(H27,H33) -> 658.49819 | I26: =SUM(I27,I33) -> 752.57954 | J26: =SUM(J27,J33) -> 842.17059 | ... Z26: =SUM(Z27,Z33) -> 2249.7859
A27: Crude oil, NGL, refinery feedstocks, additives and oxygenates and other hydrocarbons (excluding biofuel portion) | B27: O4100_TOT_4200-4500XBIO | C27: =SUM(C28:C32) -> 0 | D27: =SUM(D28:D32) -> 0 | E27: =SUM(E28:E32) -> 0 | F27: =SUM(F28:F32) -> 0 | G27: =SUM(G28:G32) -> 0 | H27: =SUM(H28:H32) -> 0 | I27: =SUM(I28:I32) -> 0 | J27: =SUM(J28:J32) -> 0 | ... Z27: =SUM(Z28:Z32) -> 0
A28: Crude oil | B28: O4100_TOT | C28: =INTMARB_IN!C28+INTMARB_EX!C28 -> 0 | D28: =INTMARB_IN!D28+INTMARB_EX!D28 -> 0 | E28: =INTMARB_IN!E28+INTMARB_EX!E28 -> 0 | F28: =INTMARB_IN!F28+INTMARB_EX!F28 -> 0 | G28: =INTMARB_IN!G28+INTMARB_EX!G28 -> 0 | H28: =INTMARB_IN!H28+INTMARB_EX!H28 -> 0 | I28: =INTMARB_IN!I28+INTMARB_EX!I28 -> 0 | J28: =INTMARB_IN!J28+INTMARB_EX!J28 -> 0 | ... Z28: =INTMARB_IN!Z28+INTMARB_EX!Z28 -> 0
A29: Natural gas liquids | B29: O4200 | C29: =INTMARB_IN!C29+INTMARB_EX!C29 -> 0 | D29: =INTMARB_IN!D29+INTMARB_EX!D29 -> 0 | E29: =INTMARB_IN!E29+INTMARB_EX!E29 -> 0 | F29: =INTMARB_IN!F29+INTMARB_EX!F29 -> 0 | G29: =INTMARB_IN!G29+INTMARB_EX!G29 -> 0 | H29: =INTMARB_IN!H29+INTMARB_EX!H29 -> 0 | I29: =INTMARB_IN!I29+INTMARB_EX!I29 -> 0 | J29: =INTMARB_IN!J29+INTMARB_EX!J29 -> 0 | ... Z29: =INTMARB_IN!Z29+INTMARB_EX!Z29 -> 0
A30: Refinery feedstocks | B30: O4300 | C30: =INTMARB_IN!C30+INTMARB_EX!C30 -> 0 | D30: =INTMARB_IN!D30+INTMARB_EX!D30 -> 0 | E30: =INTMARB_IN!E30+INTMARB_EX!E30 -> 0 | F30: =INTMARB_IN!F30+INTMARB_EX!F30 -> 0 | G30: =INTMARB_IN!G30+INTMARB_EX!G30 -> 0 | H30: =INTMARB_IN!H30+INTMARB_EX!H30 -> 0 | I30: =INTMARB_IN!I30+INTMARB_EX!I30 -> 0 | J30: =INTMARB_IN!J30+INTMARB_EX!J30 -> 0 | ... Z30: =INTMARB_IN!Z30+INTMARB_EX!Z30 -> 0
A31: Additives and oxygenates (excluding biofuel portion) | B31: O4400X4410 | C31: =INTMARB_IN!C31+INTMARB_EX!C31 -> 0 | D31: =INTMARB_IN!D31+INTMARB_EX!D31 -> 0 | E31: =INTMARB_IN!E31+INTMARB_EX!E31 -> 0 | F31: =INTMARB_IN!F31+INTMARB_EX!F31 -> 0 | G31: =INTMARB_IN!G31+INTMARB_EX!G31 -> 0 | H31: =INTMARB_IN!H31+INTMARB_EX!H31 -> 0 | I31: =INTMARB_IN!I31+INTMARB_EX!I31 -> 0 | J31: =INTMARB_IN!J31+INTMARB_EX!J31 -> 0 | ... Z31: =INTMARB_IN!Z31+INTMARB_EX!Z31 -> 0
A32: Other hydrocarbons | B32: O4500 | C32: =INTMARB_IN!C32+INTMARB_EX!C32 -> 0 | D32: =INTMARB_IN!D32+INTMARB_EX!D32 -> 0 | E32: =INTMARB_IN!E32+INTMARB_EX!E32 -> 0 | F32: =INTMARB_IN!F32+INTMARB_EX!F32 -> 0 | G32: =INTMARB_IN!G32+INTMARB_EX!G32 -> 0 | H32: =INTMARB_IN!H32+INTMARB_EX!H32 -> 0 | I32: =INTMARB_IN!I32+INTMARB_EX!I32 -> 0 | J32: =INTMARB_IN!J32+INTMARB_EX!J32 -> 0 | ... Z32: =INTMARB_IN!Z32+INTMARB_EX!Z32 -> 0
A33: Oil products (excluding biofuel portion) | B33: O4600XBIO | C33: =SUM(C34:C50) -> 658.3166 | D33: =SUM(D34:D50) -> 724.99286 | E33: =SUM(E34:E50) -> 743.07352 | F33: =SUM(F34:F50) -> 915.98358 | G33: =SUM(G34:G50) -> 980.94007 | H33: =SUM(H34:H50) -> 658.49819 | I33: =SUM(I34:I50) -> 752.57954 | J33: =SUM(J34:J50) -> 842.17059 | ... Z33: =SUM(Z34:Z50) -> 2249.7859
A34: Refinery gas | B34: O4610 | C34: =INTMARB_IN!C34+INTMARB_EX!C34 -> 0 | D34: =INTMARB_IN!D34+INTMARB_EX!D34 -> 0 | E34: =INTMARB_IN!E34+INTMARB_EX!E34 -> 0 | F34: =INTMARB_IN!F34+INTMARB_EX!F34 -> 0 | G34: =INTMARB_IN!G34+INTMARB_EX!G34 -> 0 | H34: =INTMARB_IN!H34+INTMARB_EX!H34 -> 0 | I34: =INTMARB_IN!I34+INTMARB_EX!I34 -> 0 | J34: =INTMARB_IN!J34+INTMARB_EX!J34 -> 0 | ... Z34: =INTMARB_IN!Z34+INTMARB_EX!Z34 -> 0
A35: Ethane | B35: O4620 | C35: =INTMARB_IN!C35+INTMARB_EX!C35 -> 0 | D35: =INTMARB_IN!D35+INTMARB_EX!D35 -> 0 | E35: =INTMARB_IN!E35+INTMARB_EX!E35 -> 0 | F35: =INTMARB_IN!F35+INTMARB_EX!F35 -> 0 | G35: =INTMARB_IN!G35+INTMARB_EX!G35 -> 0 | H35: =INTMARB_IN!H35+INTMARB_EX!H35 -> 0 | I35: =INTMARB_IN!I35+INTMARB_EX!I35 -> 0 | J35: =INTMARB_IN!J35+INTMARB_EX!J35 -> 0 | ... Z35: =INTMARB_IN!Z35+INTMARB_EX!Z35 -> 0
A36: Liquefied petroleum gases | B36: O4630 | C36: =INTMARB_IN!C36+INTMARB_EX!C36 -> 0 | D36: =INTMARB_IN!D36+INTMARB_EX!D36 -> 0 | E36: =INTMARB_IN!E36+INTMARB_EX!E36 -> 0 | F36: =INTMARB_IN!F36+INTMARB_EX!F36 -> 0 | G36: =INTMARB_IN!G36+INTMARB_EX!G36 -> 0 | H36: =INTMARB_IN!H36+INTMARB_EX!H36 -> 0 | I36: =INTMARB_IN!I36+INTMARB_EX!I36 -> 0 | J36: =INTMARB_IN!J36+INTMARB_EX!J36 -> 0 | ... Z36: =INTMARB_IN!Z36+INTMARB_EX!Z36 -> 0
A37: Motor gasoline (excluding biofuel portion) | B37: O4652XR5210B | C37: =INTMARB_IN!C37+INTMARB_EX!C37 -> 0 | D37: =INTMARB_IN!D37+INTMARB_EX!D37 -> 0 | E37: =INTMARB_IN!E37+INTMARB_EX!E37 -> 0 | F37: =INTMARB_IN!F37+INTMARB_EX!F37 -> 0 | G37: =INTMARB_IN!G37+INTMARB_EX!G37 -> 0 | H37: =INTMARB_IN!H37+INTMARB_EX!H37 -> 0 | I37: =INTMARB_IN!I37+INTMARB_EX!I37 -> 0 | J37: =INTMARB_IN!J37+INTMARB_EX!J37 -> 0 | ... Z37: =INTMARB_IN!Z37+INTMARB_EX!Z37 -> 0
A38: Aviation gasoline | B38: O4651 | C38: =INTMARB_IN!C38+INTMARB_EX!C38 -> 0 | D38: =INTMARB_IN!D38+INTMARB_EX!D38 -> 0 | E38: =INTMARB_IN!E38+INTMARB_EX!E38 -> 0 | F38: =INTMARB_IN!F38+INTMARB_EX!F38 -> 0 | G38: =INTMARB_IN!G38+INTMARB_EX!G38 -> 0 | H38: =INTMARB_IN!H38+INTMARB_EX!H38 -> 0 | I38: =INTMARB_IN!I38+INTMARB_EX!I38 -> 0 | J38: =INTMARB_IN!J38+INTMARB_EX!J38 -> 0 | ... Z38: =INTMARB_IN!Z38+INTMARB_EX!Z38 -> 0
A39: Gasoline-type jet fuel | B39: O4653 | C39: =INTMARB_IN!C39+INTMARB_EX!C39 -> 0 | D39: =INTMARB_IN!D39+INTMARB_EX!D39 -> 0 | E39: =INTMARB_IN!E39+INTMARB_EX!E39 -> 0 | F39: =INTMARB_IN!F39+INTMARB_EX!F39 -> 0 | G39: =INTMARB_IN!G39+INTMARB_EX!G39 -> 0 | H39: =INTMARB_IN!H39+INTMARB_EX!H39 -> 0 | I39: =INTMARB_IN!I39+INTMARB_EX!I39 -> 0 | J39: =INTMARB_IN!J39+INTMARB_EX!J39 -> 0 | ... Z39: =INTMARB_IN!Z39+INTMARB_EX!Z39 -> 0
A40: Kerosene-type jet fuel (excluding biofuel portion) | B40: O4661XR5230B | C40: =INTMARB_IN!C40+INTMARB_EX!C40 -> 0 | D40: =INTMARB_IN!D40+INTMARB_EX!D40 -> 0 | E40: =INTMARB_IN!E40+INTMARB_EX!E40 -> 0 | F40: =INTMARB_IN!F40+INTMARB_EX!F40 -> 0 | G40: =INTMARB_IN!G40+INTMARB_EX!G40 -> 0 | H40: =INTMARB_IN!H40+INTMARB_EX!H40 -> 0 | I40: =INTMARB_IN!I40+INTMARB_EX!I40 -> 0 | J40: =INTMARB_IN!J40+INTMARB_EX!J40 -> 0 | ... Z40: =INTMARB_IN!Z40+INTMARB_EX!Z40 -> 0
A41: Other kerosene | B41: O4669 | C41: =INTMARB_IN!C41+INTMARB_EX!C41 -> 0 | D41: =INTMARB_IN!D41+INTMARB_EX!D41 -> 0 | E41: =INTMARB_IN!E41+INTMARB_EX!E41 -> 0 | F41: =INTMARB_IN!F41+INTMARB_EX!F41 -> 0 | G41: =INTMARB_IN!G41+INTMARB_EX!G41 -> 0 | H41: =INTMARB_IN!H41+INTMARB_EX!H41 -> 0 | I41: =INTMARB_IN!I41+INTMARB_EX!I41 -> 0 | J41: =INTMARB_IN!J41+INTMARB_EX!J41 -> 0 | ... Z41: =INTMARB_IN!Z41+INTMARB_EX!Z41 -> 0
A42: Naphtha | B42: O4640 | C42: =INTMARB_IN!C42+INTMARB_EX!C42 -> 0 | D42: =INTMARB_IN!D42+INTMARB_EX!D42 -> 0 | E42: =INTMARB_IN!E42+INTMARB_EX!E42 -> 0 | F42: =INTMARB_IN!F42+INTMARB_EX!F42 -> 0 | G42: =INTMARB_IN!G42+INTMARB_EX!G42 -> 0 | H42: =INTMARB_IN!H42+INTMARB_EX!H42 -> 0 | I42: =INTMARB_IN!I42+INTMARB_EX!I42 -> 0 | J42: =INTMARB_IN!J42+INTMARB_EX!J42 -> 0 | ... Z42: =INTMARB_IN!Z42+INTMARB_EX!Z42 -> 0
A43: Gas oil and diesel oil (excluding biofuel portion) | B43: O4671XR5220B | C43: =INTMARB_IN!C43+INTMARB_EX!C43 -> 131.46079 | D43: =INTMARB_IN!D43+INTMARB_EX!D43 -> 117.08229 | E43: =INTMARB_IN!E43+INTMARB_EX!E43 -> 144.8123 | F43: =INTMARB_IN!F43+INTMARB_EX!F43 -> 147.89338 | G43: =INTMARB_IN!G43+INTMARB_EX!G43 -> 184.86672 | H43: =INTMARB_IN!H43+INTMARB_EX!H43 -> 154.05563 | I43: =INTMARB_IN!I43+INTMARB_EX!I43 -> 187.94781 | J43: =INTMARB_IN!J43+INTMARB_EX!J43 -> 184.86672 | ... Z43: =INTMARB_IN!Z43+INTMARB_EX!Z43 -> 472.03869
A44: Fuel oil | B44: O4680 | C44: =INTMARB_IN!C44+INTMARB_EX!C44 -> 526.8558 | D44: =INTMARB_IN!D44+INTMARB_EX!D44 -> 607.91058 | E44: =INTMARB_IN!E44+INTMARB_EX!E44 -> 598.26122 | F44: =INTMARB_IN!F44+INTMARB_EX!F44 -> 768.0902 | G44: =INTMARB_IN!G44+INTMARB_EX!G44 -> 796.07334 | H44: =INTMARB_IN!H44+INTMARB_EX!H44 -> 504.44256 | I44: =INTMARB_IN!I44+INTMARB_EX!I44 -> 564.63173 | J44: =INTMARB_IN!J44+INTMARB_EX!J44 -> 657.30387 | ... Z44: =INTMARB_IN!Z44+INTMARB_EX!Z44 -> 1777.7472
A45: White spirit and special boiling point industrial spirits | B45: O4691 | C45: =INTMARB_IN!C45+INTMARB_EX!C45 -> 0 | D45: =INTMARB_IN!D45+INTMARB_EX!D45 -> 0 | E45: =INTMARB_IN!E45+INTMARB_EX!E45 -> 0 | F45: =INTMARB_IN!F45+INTMARB_EX!F45 -> 0 | G45: =INTMARB_IN!G45+INTMARB_EX!G45 -> 0 | H45: =INTMARB_IN!H45+INTMARB_EX!H45 -> 0 | I45: =INTMARB_IN!I45+INTMARB_EX!I45 -> 0 | J45: =INTMARB_IN!J45+INTMARB_EX!J45 -> 0 | ... Z45: =INTMARB_IN!Z45+INTMARB_EX!Z45 -> 0
... A51: Natural gas | B51: G3000 | C51: =INTMARB_IN!C51+INTMARB_EX!C51 -> 0 | D51: =INTMARB_IN!D51+INTMARB_EX!D51 -> 0 | E51: =INTMARB_IN!E51+INTMARB_EX!E51 -> 0 | F51: =INTMARB_IN!F51+INTMARB_EX!F51 -> 0 | G51: =INTMARB_IN!G51+INTMARB_EX!G51 -> 0 | H51: =INTMARB_IN!H51+INTMARB_EX!H51 -> 0 | I51: =INTMARB_IN!I51+INTMARB_EX!I51 -> 0 | J51: =INTMARB_IN!J51+INTMARB_EX!J51 -> 0 | ... Z51: =INTMARB_IN!Z51+INTMARB_EX!Z51 -> 2.0417025
A52: Renewables and biofuels | B52: RA000 | C52: =SUM(C53:C70) -> 0 | D52: =SUM(D53:D70) -> 0 | E52: =SUM(E53:E70) -> 0 | F52: =SUM(F53:F70) -> 0 | G52: =SUM(G53:G70) -> 0 | H52: =SUM(H53:H70) -> 0 | I52: =SUM(I53:I70) -> 0 | J52: =SUM(J53:J70) -> 0 | ... Z52: =SUM(Z53:Z70) -> 0
A53: Hydro | B53: RA100 | C53: =INTMARB_IN!C53+INTMARB_EX!C53 -> 0 | D53: =INTMARB_IN!D53+INTMARB_EX!D53 -> 0 | E53: =INTMARB_IN!E53+INTMARB_EX!E53 -> 0 | F53: =INTMARB_IN!F53+INTMARB_EX!F53 -> 0 | G53: =INTMARB_IN!G53+INTMARB_EX!G53 -> 0 | H53: =INTMARB_IN!H53+INTMARB_EX!H53 -> 0 | I53: =INTMARB_IN!I53+INTMARB_EX!I53 -> 0 | J53: =INTMARB_IN!J53+INTMARB_EX!J53 -> 0 | ... Z53: =INTMARB_IN!Z53+INTMARB_EX!Z53 -> 0
A54: Tide, wave, ocean | B54: RA500 | C54: =INTMARB_IN!C54+INTMARB_EX!C54 -> 0 | D54: =INTMARB_IN!D54+INTMARB_EX!D54 -> 0 | E54: =INTMARB_IN!E54+INTMARB_EX!E54 -> 0 | F54: =INTMARB_IN!F54+INTMARB_EX!F54 -> 0 | G54: =INTMARB_IN!G54+INTMARB_EX!G54 -> 0 | H54: =INTMARB_IN!H54+INTMARB_EX!H54 -> 0 | I54: =INTMARB_IN!I54+INTMARB_EX!I54 -> 0 | J54: =INTMARB_IN!J54+INTMARB_EX!J54 -> 0 | ... Z54: =INTMARB_IN!Z54+INTMARB_EX!Z54 -> 0
A55: Wind | B55: RA300 | C55: =INTMARB_IN!C55+INTMARB_EX!C55 -> 0 | D55: =INTMARB_IN!D55+INTMARB_EX!D55 -> 0 | E55: =INTMARB_IN!E55+INTMARB_EX!E55 -> 0 | F55: =INTMARB_IN!F55+INTMARB_EX!F55 -> 0 | G55: =INTMARB_IN!G55+INTMARB_EX!G55 -> 0 | H55: =INTMARB_IN!H55+INTMARB_EX!H55 -> 0 | I55: =INTMARB_IN!I55+INTMARB_EX!I55 -> 0 | J55: =INTMARB_IN!J55+INTMARB_EX!J55 -> 0 | ... Z55: =INTMARB_IN!Z55+INTMARB_EX!Z55 -> 0
A56: Solar photovoltaic | B56: RA420 | C56: =INTMARB_IN!C56+INTMARB_EX!C56 -> 0 | D56: =INTMARB_IN!D56+INTMARB_EX!D56 -> 0 | E56: =INTMARB_IN!E56+INTMARB_EX!E56 -> 0 | F56: =INTMARB_IN!F56+INTMARB_EX!F56 -> 0 | G56: =INTMARB_IN!G56+INTMARB_EX!G56 -> 0 | H56: =INTMARB_IN!H56+INTMARB_EX!H56 -> 0 | I56: =INTMARB_IN!I56+INTMARB_EX!I56 -> 0 | J56: =INTMARB_IN!J56+INTMARB_EX!J56 -> 0 | ... Z56: =INTMARB_IN!Z56+INTMARB_EX!Z56 -> 0
A57: Solar thermal | B57: RA410 | C57: =INTMARB_IN!C57+INTMARB_EX!C57 -> 0 | D57: =INTMARB_IN!D57+INTMARB_EX!D57 -> 0 | E57: =INTMARB_IN!E57+INTMARB_EX!E57 -> 0 | F57: =INTMARB_IN!F57+INTMARB_EX!F57 -> 0 | G57: =INTMARB_IN!G57+INTMARB_EX!G57 -> 0 | H57: =INTMARB_IN!H57+INTMARB_EX!H57 -> 0 | I57: =INTMARB_IN!I57+INTMARB_EX!I57 -> 0 | J57: =INTMARB_IN!J57+INTMARB_EX!J57 -> 0 | ... Z57: =INTMARB_IN!Z57+INTMARB_EX!Z57 -> 0
A58: Geothermal | B58: RA200 | C58: =INTMARB_IN!C58+INTMARB_EX!C58 -> 0 | D58: =INTMARB_IN!D58+INTMARB_EX!D58 -> 0 | E58: =INTMARB_IN!E58+INTMARB_EX!E58 -> 0 | F58: =INTMARB_IN!F58+INTMARB_EX!F58 -> 0 | G58: =INTMARB_IN!G58+INTMARB_EX!G58 -> 0 | H58: =INTMARB_IN!H58+INTMARB_EX!H58 -> 0 | I58: =INTMARB_IN!I58+INTMARB_EX!I58 -> 0 | J58: =INTMARB_IN!J58+INTMARB_EX!J58 -> 0 | ... Z58: =INTMARB_IN!Z58+INTMARB_EX!Z58 -> 0
A59: Primary solid biofuels | B59: R5110-5150_W6000RI | C59: =INTMARB_IN!C59+INTMARB_EX!C59 -> 0 | D59: =INTMARB_IN!D59+INTMARB_EX!D59 -> 0 | E59: =INTMARB_IN!E59+INTMARB_EX!E59 -> 0 | F59: =INTMARB_IN!F59+INTMARB_EX!F59 -> 0 | G59: =INTMARB_IN!G59+INTMARB_EX!G59 -> 0 | H59: =INTMARB_IN!H59+INTMARB_EX!H59 -> 0 | I59: =INTMARB_IN!I59+INTMARB_EX!I59 -> 0 | J59: =INTMARB_IN!J59+INTMARB_EX!J59 -> 0 | ... Z59: =INTMARB_IN!Z59+INTMARB_EX!Z59 -> 0
A60: Charcoal | B60: R5160 | C60: =INTMARB_IN!C60+INTMARB_EX!C60 -> 0 | D60: =INTMARB_IN!D60+INTMARB_EX!D60 -> 0 | E60: =INTMARB_IN!E60+INTMARB_EX!E60 -> 0 | F60: =INTMARB_IN!F60+INTMARB_EX!F60 -> 0 | G60: =INTMARB_IN!G60+INTMARB_EX!G60 -> 0 | H60: =INTMARB_IN!H60+INTMARB_EX!H60 -> 0 | I60: =INTMARB_IN!I60+INTMARB_EX!I60 -> 0 | J60: =INTMARB_IN!J60+INTMARB_EX!J60 -> 0 | ... Z60: =INTMARB_IN!Z60+INTMARB_EX!Z60 -> 0
A61: Biogases | B61: R5300 | C61: =INTMARB_IN!C61+INTMARB_EX!C61 -> 0 | D61: =INTMARB_IN!D61+INTMARB_EX!D61 -> 0 | E61: =INTMARB_IN!E61+INTMARB_EX!E61 -> 0 | F61: =INTMARB_IN!F61+INTMARB_EX!F61 -> 0 | G61: =INTMARB_IN!G61+INTMARB_EX!G61 -> 0 | H61: =INTMARB_IN!H61+INTMARB_EX!H61 -> 0 | I61: =INTMARB_IN!I61+INTMARB_EX!I61 -> 0 | J61: =INTMARB_IN!J61+INTMARB_EX!J61 -> 0 | ... Z61: =INTMARB_IN!Z61+INTMARB_EX!Z61 -> 0
A62: Renewable municipal waste | B62: W6210 | C62: =INTMARB_IN!C62+INTMARB_EX!C62 -> 0 | D62: =INTMARB_IN!D62+INTMARB_EX!D62 -> 0 | E62: =INTMARB_IN!E62+INTMARB_EX!E62 -> 0 | F62: =INTMARB_IN!F62+INTMARB_EX!F62 -> 0 | G62: =INTMARB_IN!G62+INTMARB_EX!G62 -> 0 | H62: =INTMARB_IN!H62+INTMARB_EX!H62 -> 0 | I62: =INTMARB_IN!I62+INTMARB_EX!I62 -> 0 | J62: =INTMARB_IN!J62+INTMARB_EX!J62 -> 0 | ... Z62: =INTMARB_IN!Z62+INTMARB_EX!Z62 -> 0
A63: Pure biogasoline | B63: R5210P | C63: =INTMARB_IN!C63+INTMARB_EX!C63 -> 0 | D63: =INTMARB_IN!D63+INTMARB_EX!D63 -> 0 | E63: =INTMARB_IN!E63+INTMARB_EX!E63 -> 0 | F63: =INTMARB_IN!F63+INTMARB_EX!F63 -> 0 | G63: =INTMARB_IN!G63+INTMARB_EX!G63 -> 0 | H63: =INTMARB_IN!H63+INTMARB_EX!H63 -> 0 | I63: =INTMARB_IN!I63+INTMARB_EX!I63 -> 0 | J63: =INTMARB_IN!J63+INTMARB_EX!J63 -> 0 | ... Z63: =INTMARB_IN!Z63+INTMARB_EX!Z63 -> 0
A64: Blended biogasoline | B64: R5210B | C64: =INTMARB_IN!C64+INTMARB_EX!C64 -> 0 | D64: =INTMARB_IN!D64+INTMARB_EX!D64 -> 0 | E64: =INTMARB_IN!E64+INTMARB_EX!E64 -> 0 | F64: =INTMARB_IN!F64+INTMARB_EX!F64 -> 0 | G64: =INTMARB_IN!G64+INTMARB_EX!G64 -> 0 | H64: =INTMARB_IN!H64+INTMARB_EX!H64 -> 0 | I64: =INTMARB_IN!I64+INTMARB_EX!I64 -> 0 | J64: =INTMARB_IN!J64+INTMARB_EX!J64 -> 0 | ... Z64: =INTMARB_IN!Z64+INTMARB_EX!Z64 -> 0
... A70: Ambient heat (heat pumps) | B70: RA600 | C70: =INTMARB_IN!C70+INTMARB_EX!C70 -> 0 | D70: =INTMARB_IN!D70+INTMARB_EX!D70 -> 0 | E70: =INTMARB_IN!E70+INTMARB_EX!E70 -> 0 | F70: =INTMARB_IN!F70+INTMARB_EX!F70 -> 0 | G70: =INTMARB_IN!G70+INTMARB_EX!G70 -> 0 | H70: =INTMARB_IN!H70+INTMARB_EX!H70 -> 0 | I70: =INTMARB_IN!I70+INTMARB_EX!I70 -> 0 | J70: =INTMARB_IN!J70+INTMARB_EX!J70 -> 0 | ... Z70: =INTMARB_IN!Z70+INTMARB_EX!Z70 -> 0
A71: Non-renewable waste | B71: W6100_6220 | C71: =SUM(C72:C73) -> 0 | D71: =SUM(D72:D73) -> 0 | E71: =SUM(E72:E73) -> 0 | F71: =SUM(F72:F73) -> 0 | G71: =SUM(G72:G73) -> 0 | H71: =SUM(H72:H73) -> 0 | I71: =SUM(I72:I73) -> 0 | J71: =SUM(J72:J73) -> 0 | ... Z71: =SUM(Z72:Z73) -> 0
A72: Industrial waste (non-renewable) | B72: W6100 | C72: =INTMARB_IN!C72+INTMARB_EX!C72 -> 0 | D72: =INTMARB_IN!D72+INTMARB_EX!D72 -> 0 | E72: =INTMARB_IN!E72+INTMARB_EX!E72 -> 0 | F72: =INTMARB_IN!F72+INTMARB_EX!F72 -> 0 | G72: =INTMARB_IN!G72+INTMARB_EX!G72 -> 0 | H72: =INTMARB_IN!H72+INTMARB_EX!H72 -> 0 | I72: =INTMARB_IN!I72+INTMARB_EX!I72 -> 0 | J72: =INTMARB_IN!J72+INTMARB_EX!J72 -> 0 | ... Z72: =INTMARB_IN!Z72+INTMARB_EX!Z72 -> 0
A73: Non-renewable municipal waste | B73: W6220 | C73: =INTMARB_IN!C73+INTMARB_EX!C73 -> 0 | D73: =INTMARB_IN!D73+INTMARB_EX!D73 -> 0 | E73: =INTMARB_IN!E73+INTMARB_EX!E73 -> 0 | F73: =INTMARB_IN!F73+INTMARB_EX!F73 -> 0 | G73: =INTMARB_IN!G73+INTMARB_EX!G73 -> 0 | H73: =INTMARB_IN!H73+INTMARB_EX!H73 -> 0 | I73: =INTMARB_IN!I73+INTMARB_EX!I73 -> 0 | J73: =INTMARB_IN!J73+INTMARB_EX!J73 -> 0 | ... Z73: =INTMARB_IN!Z73+INTMARB_EX!Z73 -> 0
A74: Nuclear heat | B74: N900H | C74: =INTMARB_IN!C74+INTMARB_EX!C74 -> 0 | D74: =INTMARB_IN!D74+INTMARB_EX!D74 -> 0 | E74: =INTMARB_IN!E74+INTMARB_EX!E74 -> 0 | F74: =INTMARB_IN!F74+INTMARB_EX!F74 -> 0 | G74: =INTMARB_IN!G74+INTMARB_EX!G74 -> 0 | H74: =INTMARB_IN!H74+INTMARB_EX!H74 -> 0 | I74: =INTMARB_IN!I74+INTMARB_EX!I74 -> 0 | J74: =INTMARB_IN!J74+INTMARB_EX!J74 -> 0 | ... Z74: =INTMARB_IN!Z74+INTMARB_EX!Z74 -> 0
A75: Heat | B75: H8000 | C75: =INTMARB_IN!C75+INTMARB_EX!C75 -> 0 | D75: =INTMARB_IN!D75+INTMARB_EX!D75 -> 0 | E75: =INTMARB_IN!E75+INTMARB_EX!E75 -> 0 | F75: =INTMARB_IN!F75+INTMARB_EX!F75 -> 0 | G75: =INTMARB_IN!G75+INTMARB_EX!G75 -> 0 | H75: =INTMARB_IN!H75+INTMARB_EX!H75 -> 0 | I75: =INTMARB_IN!I75+INTMARB_EX!I75 -> 0 | J75: =INTMARB_IN!J75+INTMARB_EX!J75 -> 0 | ... Z75: =INTMARB_IN!Z75+INTMARB_EX!Z75 -> 0
A76: Electricity | B76: E7000 | C76: =INTMARB_IN!C76+INTMARB_EX!C76 -> 0 | D76: =INTMARB_IN!D76+INTMARB_EX!D76 -> 0 | E76: =INTMARB_IN!E76+INTMARB_EX!E76 -> 0 | F76: =INTMARB_IN!F76+INTMARB_EX!F76 -> 0 | G76: =INTMARB_IN!G76+INTMARB_EX!G76 -> 0 | H76: =INTMARB_IN!H76+INTMARB_EX!H76 -> 0 | I76: =INTMARB_IN!I76+INTMARB_EX!I76 -> 0 | J76: =INTMARB_IN!J76+INTMARB_EX!J76 -> 0 | ... Z76: =INTMARB_IN!Z76+INTMARB_EX!Z76 -> 0

Sheet INTMARB_IN
A1: International Intra-EEA maritime bunkers | B1: INTMARB_IN | C1: 2000 | D1: 2001 | E1: 2002 | F1: 2003 | G1: 2004 | H1: 2005 | I1: 2006 | J1: 2007 | K1: 2008 | L1: 2009 | M1: 2010 | N1: 2011 | O1: 2012 | P1: 2013 | Q1: 2014 | R1: 2015 | S1: 2016 | T1: 2017 | U1: 2018 | V1: 2019 | W1: 2020 | X1: 2021 | Y1: 2022 | Z1: 2023
A2: Total | B2: TOTAL | C2: =SUM(C3,C17,C22,C25,C26,C51,C52,C71,C74,C75,C76) -> 382.08913 | D2: =SUM(D3,D17,D22,D25,D26,D51,D52,D71,D74,D75,D76) -> 421.00678 | E2: =SUM(E3,E17,E22,E25,E26,E51,E52,E71,E74,E75,E76) -> 429.80488 | F2: =SUM(F3,F17,F22,F25,F26,F51,F52,F71,F74,F75,F76) -> 529.92831 | G2: =SUM(G3,G17,G22,G25,G26,G51,G52,G71,G74,G75,G76) -> 486.70675 | H2: =SUM(H3,H17,H22,H25,H26,H51,H52,H71,H74,H75,H76) -> 383.29419 | I2: =SUM(I3,I17,I22,I25,I26,I51,I52,I71,I74,I75,I76) -> 395.10975 | J2: =SUM(J3,J17,J22,J25,J26,J51,J52,J71,J74,J75,J76) -> 402.89749 | ... Z2: =SUM(Z3,Z17,Z22,Z25,Z26,Z51,Z52,Z71,Z74,Z75,Z76) -> 1402.136
A3: Solid fossil fuels | B3: C0000X0350-0370 | C3: =SUM(C4,C8,C11) -> 0 | D3: =SUM(D4,D8,D11) -> 0 | E3: =SUM(E4,E8,E11) -> 0 | F3: =SUM(F4,F8,F11) -> 0 | G3: =SUM(G4,G8,G11) -> 0 | H3: =SUM(H4,H8,H11) -> 0 | I3: =SUM(I4,I8,I11) -> 0 | J3: =SUM(J4,J8,J11) -> 0 | ... Z3: =SUM(Z4,Z8,Z11) -> 0
A4: Hard coal | B4: C0100 | C4: =SUM(C5:C7) -> 0 | D4: =SUM(D5:D7) -> 0 | E4: =SUM(E5:E7) -> 0 | F4: =SUM(F5:F7) -> 0 | G4: =SUM(G5:G7) -> 0 | H4: =SUM(H5:H7) -> 0 | I4: =SUM(I5:I7) -> 0 | J4: =SUM(J5:J7) -> 0 | ... Z4: =SUM(Z5:Z7) -> 0
A5: Anthracite | B5: C0110 | C5: 0 | D5: 0 | E5: 0 | F5: 0 | G5: 0 | H5: 0 | I5: 0 | J5: 0 | K5: 0 | L5: 0 | M5: 0 | N5: 0 | O5: 0 | P5: 0 | Q5: 0 | R5: 0 | S5: 0 | T5: 0 | U5: 0 | V5: 0 | W5: 0 | X5: 0 | Y5: 0 | Z5: 0
A6: Coking coal | B6: C0121 | C6: 0 | D6: 0 | E6: 0 | F6: 0 | G6: 0 | H6: 0 | I6: 0 | J6: 0 | K6: 0 | L6: 0 | M6: 0 | N6: 0 | O6: 0 | P6: 0 | Q6: 0 | R6: 0 | S6: 0 | T6: 0 | U6: 0 | V6: 0 | W6: 0 | X6: 0 | Y6: 0 | Z6: 0
A7: Other bituminous coal | B7: C0129 | C7: 0 | D7: 0 | E7: 0 | F7: 0 | G7: 0 | H7: 0 | I7: 0 | J7: 0 | K7: 0 | L7: 0 | M7: 0 | N7: 0 | O7: 0 | P7: 0 | Q7: 0 | R7: 0 | S7: 0 | T7: 0 | U7: 0 | V7: 0 | W7: 0 | X7: 0 | Y7: 0 | Z7: 0
A8: Brown coal | B8: C0200 | C8: =SUM(C9:C10) -> 0 | D8: =SUM(D9:D10) -> 0 | E8: =SUM(E9:E10) -> 0 | F8: =SUM(F9:F10) -> 0 | G8: =SUM(G9:G10) -> 0 | H8: =SUM(H9:H10) -> 0 | I8: =SUM(I9:I10) -> 0 | J8: =SUM(J9:J10) -> 0 | ... Z8: =SUM(Z9:Z10) -> 0
A9: Sub-bituminous coal | B9: C0210 | C9: 0 | D9: 0 | E9: 0 | F9: 0 | G9: 0 | H9: 0 | I9: 0 | J9: 0 | K9: 0 | L9: 0 | M9: 0 | N9: 0 | O9: 0 | P9: 0 | Q9: 0 | R9: 0 | S9: 0 | T9: 0 | U9: 0 | V9: 0 | W9: 0 | X9: 0 | Y9: 0 | Z9: 0
A10: Lignite | B10: C0220 | C10: 0 | D10: 0 | E10: 0 | F10: 0 | G10: 0 | H10: 0 | I10: 0 | J10: 0 | K10: 0 | L10: 0 | M10: 0 | N10: 0 | O10: 0 | P10: 0 | Q10: 0 | R10: 0 | S10: 0 | T10: 0 | U10: 0 | V10: 0 | W10: 0 | X10: 0 | Y10: 0 | Z10: 0
A11: Coal products | B11: C0300 | C11: =SUM(C12:C16) -> 0 | D11: =SUM(D12:D16) -> 0 | E11: =SUM(E12:E16) -> 0 | F11: =SUM(F12:F16) -> 0 | G11: =SUM(G12:G16) -> 0 | H11: =SUM(H12:H16) -> 0 | I11: =SUM(I12:I16) -> 0 | J11: =SUM(J12:J16) -> 0 | ... Z11: =SUM(Z12:Z16) -> 0
A12: Patent fuel | B12: C0320 | C12: 0 | D12: 0 | E12: 0 | F12: 0 | G12: 0 | H12: 0 | I12: 0 | J12: 0 | K12: 0 | L12: 0 | M12: 0 | N12: 0 | O12: 0 | P12: 0 | Q12: 0 | R12: 0 | S12: 0 | T12: 0 | U12: 0 | V12: 0 | W12: 0 | X12: 0 | Y12: 0 | Z12: 0
A13: Coke oven coke | B13: C0311 | C13: 0 | D13: 0 | E13: 0 | F13: 0 | G13: 0 | H13: 0 | I13: 0 | J13: 0 | K13: 0 | L13: 0 | M13: 0 | N13: 0 | O13: 0 | P13: 0 | Q13: 0 | R13: 0 | S13: 0 | T13: 0 | U13: 0 | V13: 0 | W13: 0 | X13: 0 | Y13: 0 | Z13: 0
A14: Gas coke | B14: C0312 | C14: 0 | D14: 0 | E14: 0 | F14: 0 | G14: 0 | H14: 0 | I14: 0 | J14: 0 | K14: 0 | L14: 0 | M14: 0 | N14: 0 | O14: 0 | P14: 0 | Q14: 0 | R14: 0 | S14: 0 | T14: 0 | U14: 0 | V14: 0 | W14: 0 | X14: 0 | Y14: 0 | Z14: 0
A15: Coal tar | B15: C0340 | C15: 0 | D15: 0 | E15: 0 | F15: 0 | G15: 0 | H15: 0 | I15: 0 | J15: 0 | K15: 0 | L15: 0 | M15: 0 | N15: 0 | O15: 0 | P15: 0 | Q15: 0 | R15: 0 | S15: 0 | T15: 0 | U15: 0 | V15: 0 | W15: 0 | X15: 0 | Y15: 0 | Z15: 0
A16: Brown coal briquettes | B16: C0330 | C16: 0 | D16: 0 | E16: 0 | F16: 0 | G16: 0 | H16: 0 | I16: 0 | J16: 0 | K16: 0 | L16: 0 | M16: 0 | N16: 0 | O16: 0 | P16: 0 | Q16: 0 | R16: 0 | S16: 0 | T16: 0 | U16: 0 | V16: 0 | W16: 0 | X16: 0 | Y16: 0 | Z16: 0
A17: Manufactured gases | B17: C0350-0370 | C17: =SUM(C18:C21) -> 0 | D17: =SUM(D18:D21) -> 0 | E17: =SUM(E18:E21) -> 0 | F17: =SUM(F18:F21) -> 0 | G17: =SUM(G18:G21) -> 0 | H17: =SUM(H18:H21) -> 0 | I17: =SUM(I18:I21) -> 0 | J17: =SUM(J18:J21) -> 0 | ... Z17: =SUM(Z18:Z21) -> 0
A18: Gas works gas | B18: C0360 | C18: 0 | D18: 0 | E18: 0 | F18: 0 | G18: 0 | H18: 0 | I18: 0 | J18: 0 | K18: 0 | L18: 0 | M18: 0 | N18: 0 | O18: 0 | P18: 0 | Q18: 0 | R18: 0 | S18: 0 | T18: 0 | U18: 0 | V18: 0 | W18: 0 | X18: 0 | Y18: 0 | Z18: 0
A19: Coke oven gas | B19: C0350 | C19: 0 | D19: 0 | E19: 0 | F19: 0 | G19: 0 | H19: 0 | I19: 0 | J19: 0 | K19: 0 | L19: 0 | M19: 0 | N19: 0 | O19: 0 | P19: 0 | Q19: 0 | R19: 0 | S19: 0 | T19: 0 | U19: 0 | V19: 0 | W19: 0 | X19: 0 | Y19: 0 | Z19: 0
A20: Blast furnace gas | B20: C0371 | C20: 0 | D20: 0 | E20: 0 | F20: 0 | G20: 0 | H20: 0 | I20: 0 | J20: 0 | K20: 0 | L20: 0 | M20: 0 | N20: 0 | O20: 0 | P20: 0 | Q20: 0 | R20: 0 | S20: 0 | T20: 0 | U20: 0 | V20: 0 | W20: 0 | X20: 0 | Y20: 0 | Z20: 0
A21: Other recovered gases | B21: C0379 | C21: 0 | D21: 0 | E21: 0 | F21: 0 | G21: 0 | H21: 0 | I21: 0 | J21: 0 | K21: 0 | L21: 0 | M21: 0 | N21: 0 | O21: 0 | P21: 0 | Q21: 0 | R21: 0 | S21: 0 | T21: 0 | U21: 0 | V21: 0 | W21: 0 | X21: 0 | Y21: 0 | Z21: 0
A22: Peat and peat products | B22: P1000 | C22: =SUM(C23:C24) -> 0 | D22: =SUM(D23:D24) -> 0 | E22: =SUM(E23:E24) -> 0 | F22: =SUM(F23:F24) -> 0 | G22: =SUM(G23:G24) -> 0 | H22: =SUM(H23:H24) -> 0 | I22: =SUM(I23:I24) -> 0 | J22: =SUM(J23:J24) -> 0 | ... Z22: =SUM(Z23:Z24) -> 0
A23: Peat | B23: P1100 | C23: 0 | D23: 0 | E23: 0 | F23: 0 | G23: 0 | H23: 0 | I23: 0 | J23: 0 | K23: 0 | L23: 0 | M23: 0 | N23: 0 | O23: 0 | P23: 0 | Q23: 0 | R23: 0 | S23: 0 | T23: 0 | U23: 0 | V23: 0 | W23: 0 | X23: 0 | Y23: 0 | Z23: 0
A24: Peat products | B24: P1200 | C24: 0 | D24: 0 | E24: 0 | F24: 0 | G24: 0 | H24: 0 | I24: 0 | J24: 0 | K24: 0 | L24: 0 | M24: 0 | N24: 0 | O24: 0 | P24: 0 | Q24: 0 | R24: 0 | S24: 0 | T24: 0 | U24: 0 | V24: 0 | W24: 0 | X24: 0 | Y24: 0 | Z24: 0
A25: Oil shale and oil sands | B25: S2000 | C25: 0 | D25: 0 | E25: 0 | F25: 0 | G25: 0 | H25: 0 | I25: 0 | J25: 0 | K25: 0 | L25: 0 | M25: 0 | N25: 0 | O25: 0 | P25: 0 | Q25: 0 | R25: 0 | S25: 0 | T25: 0 | U25: 0 | V25: 0 | W25: 0 | X25: 0 | Y25: 0 | Z25: 0
A26: Oil and petroleum products | B26: O4000XBIO | C26: =SUM(C27,C33) -> 382.08913 | D26: =SUM(D27,D33) -> 421.00678 | E26: =SUM(E27,E33) -> 429.80488 | F26: =SUM(F27,F33) -> 529.92831 | G26: =SUM(G27,G33) -> 486.70675 | H26: =SUM(H27,H33) -> 383.29419 | I26: =SUM(I27,I33) -> 395.10975 | J26: =SUM(J27,J33) -> 402.89749 | ... Z26: =SUM(Z27,Z33) -> 1400.8647
A27: Crude oil, NGL, refinery feedstocks, additives and oxygenates and other hydrocarbons (excluding biofuel portion) | B27: O4100_TOT_4200-4500XBIO | C27: =SUM(C28:C32) -> 0 | D27: =SUM(D28:D32) -> 0 | E27: =SUM(E28:E32) -> 0 | F27: =SUM(F28:F32) -> 0 | G27: =SUM(G28:G32) -> 0 | H27: =SUM(H28:H32) -> 0 | I27: =SUM(I28:I32) -> 0 | J27: =SUM(J28:J32) -> 0 | ... Z27: =SUM(Z28:Z32) -> 0
A28: Crude oil | B28: O4100_TOT | C28: 0 | D28: 0 | E28: 0 | F28: 0 | G28: 0 | H28: 0 | I28: 0 | J28: 0 | K28: 0 | L28: 0 | M28: 0 | N28: 0 | O28: 0 | P28: 0 | Q28: 0 | R28: 0 | S28: 0 | T28: 0 | U28: 0 | V28: 0 | W28: 0 | X28: 0 | Y28: 0 | Z28: 0
A29: Natural gas liquids | B29: O4200 | C29: 0 | D29: 0 | E29: 0 | F29: 0 | G29: 0 | H29: 0 | I29: 0 | J29: 0 | K29: 0 | L29: 0 | M29: 0 | N29: 0 | O29: 0 | P29: 0 | Q29: 0 | R29: 0 | S29: 0 | T29: 0 | U29: 0 | V29: 0 | W29: 0 | X29: 0 | Y29: 0 | Z29: 0
A30: Refinery feedstocks | B30: O4300 | C30: 0 | D30: 0 | E30: 0 | F30: 0 | G30: 0 | H30: 0 | I30: 0 | J30: 0 | K30: 0 | L30: 0 | M30: 0 | N30: 0 | O30: 0 | P30: 0 | Q30: 0 | R30: 0 | S30: 0 | T30: 0 | U30: 0 | V30: 0 | W30: 0 | X30: 0 | Y30: 0 | Z30: 0
A31: Additives and oxygenates (excluding biofuel portion) | B31: O4400X4410 | C31: 0 | D31: 0 | E31: 0 | F31: 0 | G31: 0 | H31: 0 | I31: 0 | J31: 0 | K31: 0 | L31: 0 | M31: 0 | N31: 0 | O31: 0 | P31: 0 | Q31: 0 | R31: 0 | S31: 0 | T31: 0 | U31: 0 | V31: 0 | W31: 0 | X31: 0 | Y31: 0 | Z31: 0
A32: Other hydrocarbons | B32: O4500 | C32: 0 | D32: 0 | E32: 0 | F32: 0 | G32: 0 | H32: 0 | I32: 0 | J32: 0 | K32: 0 | L32: 0 | M32: 0 | N32: 0 | O32: 0 | P32: 0 | Q32: 0 | R32: 0 | S32: 0 | T32: 0 | U32: 0 | V32: 0 | W32: 0 | X32: 0 | Y32: 0 | Z32: 0
A33: Oil products (excluding biofuel portion) | B33: O4600XBIO | C33: =SUM(C34:C50) -> 382.08913 | D33: =SUM(D34:D50) -> 421.00678 | E33: =SUM(E34:E50) -> 429.80488 | F33: =SUM(F34:F50) -> 529.92831 | G33: =SUM(G34:G50) -> 486.70675 | H33: =SUM(H34:H50) -> 383.29419 | I33: =SUM(I34:I50) -> 395.10975 | J33: =SUM(J34:J50) -> 402.89749 | ... Z33: =SUM(Z34:Z50) -> 1400.8647
A34: Refinery gas | B34: O4610 | C34: 0 | D34: 0 | E34: 0 | F34: 0 | G34: 0 | H34: 0 | I34: 0 | J34: 0 | K34: 0 | L34: 0 | M34: 0 | N34: 0 | O34: 0 | P34: 0 | Q34: 0 | R34: 0 | S34: 0 | T34: 0 | U34: 0 | V34: 0 | W34: 0 | X34: 0 | Y34: 0 | Z34: 0
