Workbook

Sheet cover
B6: JRC-IDEES-2023 - Integrated Database of the European Energy System
C10: Cyprus
C15: Services and Agriculture sector
L28: Prepared by JRC C.6
L30: 45967.473
L31: v2023-1.00
B33: Legal Notice
B35: The information made available is property of the Joint Research Centre of the European Commission.
B36: Neither the European Commission nor any person acting on behalf of the Commission is responsible for the use which might be made of this information.
B38: Use conditions
B39: This work is licensed under
B40: CC BY 4.0

Sheet index
A1: CY | B1: Cyprus
B3: Click on the link to jump to the sheet
B4: =HYPERLINK("#"&CELL("address",SER_summary!$B$2),MID(CELL("filename",SER_summary!$B$2),FIND("]",CELL("filename",SER_summary!$B$2))+1,256)) -> SER_summary | D4: Services sector summary
B6: Services sector: Thermal uses
B7: =HYPERLINK("#"&CELL("address",SER_hh_num!$B$2),MID(CELL("filename",SER_hh_num!$B$2),FIND("]",CELL("filename",SER_hh_num!$B$2))+1,256)) -> SER_hh_num | D7: Number of buildings
B8: =HYPERLINK("#"&CELL("address",SER_hh_fec!$B$2),MID(CELL("filename",SER_hh_fec!$B$2),FIND("]",CELL("filename",SER_hh_fec!$B$2))+1,256)) -> SER_hh_fec | D8: Final energy consumption
B9: =HYPERLINK("#"&CELL("address",SER_hh_tes!$B$2),MID(CELL("filename",SER_hh_tes!$B$2),FIND("]",CELL("filename",SER_hh_tes!$B$2))+1,256)) -> SER_hh_tes | D9: Thermal energy service
B10: =HYPERLINK("#"&CELL("address",SER_hh_eff!$B$2),MID(CELL("filename",SER_hh_eff!$B$2),FIND("]",CELL("filename",SER_hh_eff!$B$2))+1,256)) -> SER_hh_eff | D10: System efficiency indicator of total stock
B11: =HYPERLINK("#"&CELL("address",SER_hh_emi!$B$2),MID(CELL("filename",SER_hh_emi!$B$2),FIND("]",CELL("filename",SER_hh_emi!$B$2))+1,256)) -> SER_hh_emi | D11: CO2 emissions
B12: =HYPERLINK("#"&CELL("address",SER_hh_fech!$B$2),MID(CELL("filename",SER_hh_fech!$B$2),FIND("]",CELL("filename",SER_hh_fech!$B$2))+1,256)) -> SER_hh_fech | D12: Final energy consumption per building
B13: =HYPERLINK("#"&CELL("address",SER_hh_tesh!$B$2),MID(CELL("filename",SER_hh_tesh!$B$2),FIND("]",CELL("filename",SER_hh_tesh!$B$2))+1,256)) -> SER_hh_tesh | D13: Thermal energy service per building
B14: =HYPERLINK("#"&CELL("address",SER_hh_emih!$B$2),MID(CELL("filename",SER_hh_emih!$B$2),FIND("]",CELL("filename",SER_hh_emih!$B$2))+1,256)) -> SER_hh_emih | D14: CO2 emissions per building
B15: =HYPERLINK("#"&CELL("address",SER_hh_fecs!$B$2),MID(CELL("filename",SER_hh_fecs!$B$2),FIND("]",CELL("filename",SER_hh_fecs!$B$2))+1,256)) -> SER_hh_fecs | D15: Final energy consumption per useful surface area
B16: =HYPERLINK("#"&CELL("address",SER_hh_tess!$B$2),MID(CELL("filename",SER_hh_tess!$B$2),FIND("]",CELL("filename",SER_hh_tess!$B$2))+1,256)) -> SER_hh_tess | D16: Thermal energy service per useful surface area
B17: =HYPERLINK("#"&CELL("address",SER_hh_emis!$B$2),MID(CELL("filename",SER_hh_emis!$B$2),FIND("]",CELL("filename",SER_hh_emis!$B$2))+1,256)) -> SER_hh_emis | D17: CO2 emissions per useful surface area
B19: Services sector: Thermal uses in new and renovated buildings
B20: =HYPERLINK("#"&CELL("address",SER_hh_num_in!$B$2),MID(CELL("filename",SER_hh_num_in!$B$2),FIND("]",CELL("filename",SER_hh_num_in!$B$2))+1,256)) -> SER_hh_num_in | D20: Number of new and renovated buildings
B21: =HYPERLINK("#"&CELL("address",SER_hh_fec_in!$B$2),MID(CELL("filename",SER_hh_fec_in!$B$2),FIND("]",CELL("filename",SER_hh_fec_in!$B$2))+1,256)) -> SER_hh_fec_in | D21: Final energy consumption
B22: =HYPERLINK("#"&CELL("address",SER_hh_tes_in!$B$2),MID(CELL("filename",SER_hh_tes_in!$B$2),FIND("]",CELL("filename",SER_hh_tes_in!$B$2))+1,256)) -> SER_hh_tes_in | D22: Thermal energy service
B23: =HYPERLINK("#"&CELL("address",SER_hh_eff_in!$B$2),MID(CELL("filename",SER_hh_eff_in!$B$2),FIND("]",CELL("filename",SER_hh_eff_in!$B$2))+1,256)) -> SER_hh_eff_in | D23: System efficiency indicator of total stock
B24: =HYPERLINK("#"&CELL("address",SER_hh_emi_in!$B$2),MID(CELL("filename",SER_hh_emi_in!$B$2),FIND("]",CELL("filename",SER_hh_emi_in!$B$2))+1,256)) -> SER_hh_emi_in | D24: CO2 emissions
B25: =HYPERLINK("#"&CELL("address",SER_hh_fech_in!$B$2),MID(CELL("filename",SER_hh_fech_in!$B$2),FIND("]",CELL("filename",SER_hh_fech_in!$B$2))+1,256)) -> SER_hh_fech_in | D25: Final energy consumption per building
B26: =HYPERLINK("#"&CELL("address",SER_hh_tesh_in!$B$2),MID(CELL("filename",SER_hh_tesh_in!$B$2),FIND("]",CELL("filename",SER_hh_tesh_in!$B$2))+1,256)) -> SER_hh_tesh_in | D26: Thermal energy service per building
B27: =HYPERLINK("#"&CELL("address",SER_hh_emih_in!$B$2),MID(CELL("filename",SER_hh_emih_in!$B$2),FIND("]",CELL("filename",SER_hh_emih_in!$B$2))+1,256)) -> SER_hh_emih_in | D27: CO2 emissions per building
B28: =HYPERLINK("#"&CELL("address",SER_hh_fecs_in!$B$2),MID(CELL("filename",SER_hh_fecs_in!$B$2),FIND("]",CELL("filename",SER_hh_fecs_in!$B$2))+1,256)) -> SER_hh_fecs_in | D28: Final energy consumption per useful surface area
B29: =HYPERLINK("#"&CELL("address",SER_hh_tess_in!$B$2),MID(CELL("filename",SER_hh_tess_in!$B$2),FIND("]",CELL("filename",SER_hh_tess_in!$B$2))+1,256)) -> SER_hh_tess_in | D29: Thermal energy service per useful surface area
B30: =HYPERLINK("#"&CELL("address",SER_hh_emis_in!$B$2),MID(CELL("filename",SER_hh_emis_in!$B$2),FIND("]",CELL("filename",SER_hh_emis_in!$B$2))+1,256)) -> SER_hh_emis_in | D30: CO2 emissions per useful surface area
B32: Services sector: Specific electric uses
B33: =HYPERLINK("#"&CELL("address",'SER_se-appl'!$B$2),MID(CELL("filename",'SER_se-appl'!$B$2),FIND("]",CELL("filename",'SER_se-appl'!$B$2))+1,256)) -> SER_se-appl | D33: Services / specific electric uses
B34: =HYPERLINK("#"&CELL("address",SER_VE!$B$2),MID(CELL("filename",SER_VE!$B$2),FIND("]",CELL("filename",SER_VE!$B$2))+1,256)) -> SER_VE | D34: Ventilation and others
B35: =HYPERLINK("#"&CELL("address",SER_SL!$B$2),MID(CELL("filename",SER_SL!$B$2),FIND("]",CELL("filename",SER_SL!$B$2))+1,256)) -> SER_SL | D35: Street lighting
B36: =HYPERLINK("#"&CELL("address",SER_BL!$B$2),MID(CELL("filename",SER_BL!$B$2),FIND("]",CELL("filename",SER_BL!$B$2))+1,256)) -> SER_BL | D36: Building lighting
B37: =HYPERLINK("#"&CELL("address",SER_CR!$B$2),MID(CELL("filename",SER_CR!$B$2),FIND("]",CELL("filename",SER_CR!$B$2))+1,256)) -> SER_CR | D37: Commercial refrigeration
B38: =HYPERLINK("#"&CELL("address",SER_BT!$B$2),MID(CELL("filename",SER_BT!$B$2),FIND("]",CELL("filename",SER_BT!$B$2))+1,256)) -> SER_BT | D38: Miscellaneous building technologies
B39: =HYPERLINK("#"&CELL("address",SER_IT!$B$2),MID(CELL("filename",SER_IT!$B$2),FIND("]",CELL("filename",SER_IT!$B$2))+1,256)) -> SER_IT | D39: ICT and multimedia
B41: Agriculture, forestry and fishing
B42: =HYPERLINK("#"&CELL("address",AGR!$B$2),MID(CELL("filename",AGR!$B$2),FIND("]",CELL("filename",AGR!$B$2))+1,256)) -> AGR | D42: Agriculture, forestry and fishing summary
B43: =HYPERLINK("#"&CELL("address",AGR_fec!$B$2),MID(CELL("filename",AGR_fec!$B$2),FIND("]",CELL("filename",AGR_fec!$B$2))+1,256)) -> AGR_fec | D43: detailed split of final energy consumption
B44: =HYPERLINK("#"&CELL("address",AGR_ued!$B$2),MID(CELL("filename",AGR_ued!$B$2),FIND("]",CELL("filename",AGR_ued!$B$2))+1,256)) -> AGR_ued | D44: detailed split of useful energy demand
B45: =HYPERLINK("#"&CELL("address",AGR_emi!$B$2),MID(CELL("filename",AGR_emi!$B$2),FIND("]",CELL("filename",AGR_emi!$B$2))+1,256)) -> AGR_emi | D45: detailed split of CO2 emissions

Sheet SER_summary
A1: CY - Services sector summary | B1: 2000 | C1: 2001 | D1: 2002 | E1: 2003 | F1: 2004 | G1: 2005 | H1: 2006 | I1: 2007 | J1: 2008 | K1: 2009 | L1: 2010 | M1: 2011 | N1: 2012 | O1: 2013 | P1: 2014 | Q1: 2015 | R1: 2016 | S1: 2017 | T1: 2018 | U1: 2019 | V1: 2020 | W1: 2021 | X1: 2022 | Y1: 2023 | DA1: Code
A3: Population (inhabitants) | B3: 690497 | C3: 697549 | D3: 705539 | E3: 713720 | F3: 722893 | G3: 733067 | H3: 744013 | I3: 757916 | J3: 776333 | K3: 796930 | L3: 819140 | M3: 839751 | N3: 862011 | O3: 862854 | P3: 860032 | Q3: 860846 | R3: 863764 | S3: 869878 | T3: 878601 | U3: 890194 | V3: 902429 | W3: 914476 | X3: 929764 | Y3: 949084 | DA3: Macro.number.CY.Population
A4: Gross domestic product (M€2023) | B4: 16237.914 | C4: 16879.645 | D4: 17508.242 | E4: 17967.361 | F4: 18870.599 | G4: 19786.469 | H4: 20719.131 | I4: 21775.31 | J4: 22569.536 | K4: 22114.8 | L4: 22619.416 | M4: 22713.886 | N4: 21930.883 | O4: 20485.96 | P4: 20122.224 | Q4: 20810.248 | R4: 22178.209 | S4: 23453.501 | T4: 24924.551 | U4: 26389.043 | V4: 25538.998 | W4: 28447.586 | X4: 30497.19 | Y4: 31340 | DA4: Macro.Meuro2015.CY.GDP
A5: Value added (M€2023) | B5: 11052.616 | C5: 11488.364 | D5: 11819.677 | E5: 12134.412 | F5: 12755.136 | G5: 13447.709 | H5: 14189.884 | I5: 14846.753 | J5: 15414.289 | K5: 15647.344 | L5: 16336.359 | M5: 16814.056 | N5: 16502.974 | O5: 15639.209 | P5: 15533.438 | Q5: 15998.294 | R5: 16852.007 | S5: 17793.628 | T5: 18767.688 | U5: 19729.208 | V5: 19116.273 | W5: 21739.461 | X5: 23767.6 | Y5: 24364.086 | DA5: Macro.Meuro2015.CY.VA
A6: Employment data (employees) | B6: 231510 | C6: 239300 | D6: 243380 | E6: 252680 | F6: 262480 | G6: 272400 | H6: 279590 | I6: 290670 | J6: 299640 | K6: 301620 | L6: 307180 | M6: 312300 | N6: 307320 | O6: 296500 | P6: 294520 | Q6: 299800 | R6: 313510 | S6: 329150 | T6: 349340 | U6: 363340 | V6: 358860 | W6: 369920 | X6: 386020 | Y6: 391530 | DA6: Macro.number.CY.Employees
A8: Number of representative building cells | B8: 16275.691 | C8: 16602.318 | D8: 16839.115 | E8: 17121.606 | F8: 17501.286 | G8: 17896.265 | H8: 18274.047 | I8: 18742.686 | J8: 19206.347 | K8: 19830.408 | L8: 20510.226 | M8: 20983.935 | N8: 21473.536 | O8: 21481.928 | P8: 21263.535 | Q8: 21123.162 | R8: 21299.685 | S8: 21597.6 | T8: 21894.445 | U8: 22183.991 | V8: 22434.509 | W8: 22675.701 | X8: 22907.76 | Y8: 23131.124 | DA8: NUM.number.CY.Ser.Bld
A9: Total services useful surface area (in 000 sqm) | B9: 14648.122 | C9: 14942.087 | D9: 15155.203 | E9: 15409.445 | F9: 15751.157 | G9: 16106.638 | H9: 16446.642 | I9: 16868.417 | J9: 17285.712 | K9: 17847.368 | L9: 18459.203 | M9: 18885.542 | N9: 19326.182 | O9: 19333.736 | P9: 19137.181 | Q9: 19010.846 | R9: 19169.716 | S9: 19437.84 | T9: 19705 | U9: 19965.592 | V9: 20191.058 | W9: 20408.13 | X9: 20616.984 | Y9: 20818.012 | DA9: SurfaceArea.ksqm.CY.Ser.Bld
A10: Number of new and renovated buildings | C10: 391.51955 | D10: 302.97357 | E10: 349.9532 | F10: 448.42686 | G10: 465.01113 | H10: 449.09874 | I10: 541.88388 | J10: 538.833 | K10: 701.16109 | L10: 758.84428 | M10: 555.94925 | N10: 573.76752 | O10: 94.486802 | P10: 86.094463 | Q10: 84.809471 | R10: 285.40507 | S10: 407.7076 | T10: 408.17264 | U10: 402.40368 | V10: 364.86872 | W10: 356.83343 | X10: 348.94472 | Y10: 341.44503 | DA10: NUM.number.CY.Ser.BldNew
A11: New and renovated buildings useful surface area (in 000 sqm) | C11: 352.3676 | D11: 272.67621 | E11: 314.95788 | F11: 403.58418 | G11: 418.51002 | H11: 404.18887 | I11: 487.69549 | J11: 484.9497 | K11: 631.04498 | L11: 682.95985 | M11: 500.35432 | N11: 516.39077 | O11: 85.038122 | P11: 77.485017 | Q11: 76.328524 | R11: 256.86456 | S11: 366.93684 | T11: 367.35537 | U11: 362.16331 | V11: 328.38185 | W11: 321.15008 | X11: 314.05025 | Y11: 307.30053 | DA11: SurfaceArea.ksqm.CY.Ser.BldNew
A13: Actual heating degree-days | B13: 863.34 | C13: 636.57 | D13: 714.82 | E13: 793.64 | F13: 844.33 | G13: 767.46 | H13: 852.91 | I13: 804.12 | J13: 734.66 | K13: 710.65 | L13: 498.76 | M13: 794.38 | N13: 817.04 | O13: 707.11 | P13: 523.15 | Q13: 749.52 | R13: 677.81 | S13: 720.83 | T13: 470.75 | U13: 693.06 | V13: 626.43 | W13: 609.84 | X13: 695.96 | Y13: 529.77 | DA13: HDD.Celsius.CY.Actual
A14: Mean heating degree-days over period 2000- 2020 | B14: =AVERAGE($B$13:$V$13) -> 714.34952 | C14: =AVERAGE($B$13:$V$13) -> 714.34952 | D14: =AVERAGE($B$13:$V$13) -> 714.34952 | E14: =AVERAGE($B$13:$V$13) -> 714.34952 | F14: =AVERAGE($B$13:$V$13) -> 714.34952 | G14: =AVERAGE($B$13:$V$13) -> 714.34952 | H14: =AVERAGE($B$13:$V$13) -> 714.34952 | I14: =AVERAGE($B$13:$V$13) -> 714.34952 | ... Y14: =AVERAGE($B$13:$V$13) -> 714.34952 | DA14: HDD.Celsius.CY.Mean
A15: Relative heating degree-days | B15: =B13/B14 -> 1.208568 | C15: =C13/C14 -> 0.89111839 | D15: =D13/D14 -> 1.0006586 | E15: =E13/E14 -> 1.1109968 | F15: =F13/F14 -> 1.1819564 | G15: =G13/G14 -> 1.074348 | H15: =H13/H14 -> 1.1939673 | I15: =I13/I14 -> 1.1256674 | ... Y15: =Y13/Y14 -> 0.74161175 | DA15: HDD.ratio.CY.Relative
A17: Indicators
A19: GDP per capita (€2023) | B19: =B4*1000000/B3 -> 23516.269 | C19: =C4*1000000/C3 -> 24198.508 | D19: =D4*1000000/D3 -> 24815.414 | E19: =E4*1000000/E3 -> 25174.244 | F19: =F4*1000000/F3 -> 26104.276 | G19: =G4*1000000/G3 -> 26991.352 | H19: =H4*1000000/H3 -> 27847.808 | I19: =I4*1000000/I3 -> 28730.506 | ... Y19: =Y4*1000000/Y3 -> 33021.313
A20: Value added per employee (€2023) | B20: =B5*1000000/B6 -> 47741.42 | C20: =C5*1000000/C6 -> 48008.207 | D20: =D5*1000000/D6 -> 48564.703 | E20: =E5*1000000/E6 -> 48022.845 | F20: =F5*1000000/F6 -> 48594.696 | G20: =G5*1000000/G6 -> 49367.509 | H20: =H5*1000000/H6 -> 50752.473 | I20: =I5*1000000/I6 -> 51077.693 | ... Y20: =Y5*1000000/Y6 -> 62227.889
A21: Value added per capita (€2023) | B21: =B5*1000000/B3 -> 16006.755 | C21: =C5*1000000/C3 -> 16469.616 | D21: =D5*1000000/D3 -> 16752.692 | E21: =E5*1000000/E3 -> 17001.643 | F21: =F5*1000000/F3 -> 17644.569 | G21: =G5*1000000/G3 -> 18344.448 | H21: =H5*1000000/H3 -> 19072.092 | I21: =I5*1000000/I3 -> 19588.916 | ... Y21: =Y5*1000000/Y3 -> 25671.158
A22: Value added per capita relative to EU | B22: 0.87335829 | C22: 0.87620278 | D22: 0.87363493 | E22: 0.87692855 | F22: 0.88945495 | G22: 0.90520427 | H22: 0.9131414 | I22: 0.91000385 | J22: 0.91011944 | K22: 0.92082909 | L22: 0.92144881 | M22: 0.90689293 | N22: 0.86988584 | O22: 0.8188115 | P22: 0.80267406 | Q22: 0.81241144 | R22: 0.83875669 | S22: 0.85638032 | T22: 0.87541287 | U22: 0.89138301 | V22: 0.90017979 | W22: 0.95190152 | X22: 0.99269744 | Y22: 0.99457613
A23: Representative building cell size (employees/representative building cell) | B23: =B6/B8 -> 14.224281 | C23: =C6/C8 -> 14.41365 | D23: =D6/D8 -> 14.453254 | E23: =E6/E8 -> 14.757961 | F23: =F6/F8 -> 14.997755 | G23: =G6/G8 -> 15.221053 | H23: =H6/H8 -> 15.299841 | I23: =I6/I8 -> 15.50845 | ... Y23: =Y6/Y8 -> 16.926545
A24: Services useful surface area (in sqm/capita) | B24: =B9*1000/B3 -> 21.213882 | C24: =C9*1000/C3 -> 21.420842 | D24: =D9*1000/D3 -> 21.48032 | E24: =E9*1000/E3 -> 21.590323 | F24: =F9*1000/F3 -> 21.789058 | G24: =G9*1000/G3 -> 21.971578 | H24: =H9*1000/H3 -> 22.105315 | I24: =I9*1000/I3 -> 22.256315 | ... Y24: =Y9*1000/Y3 -> 21.934846
A25: Services useful surface area (in sqm/employee) | B25: =B9*1000/B6 -> 63.272091 | C25: =C9*1000/C6 -> 62.440813 | D25: =D9*1000/D6 -> 62.269716 | E25: =E9*1000/E6 -> 60.984033 | F25: =F9*1000/F6 -> 60.008981 | G25: =G9*1000/G6 -> 59.128629 | H25: =H9*1000/H6 -> 58.824142 | I25: =I9*1000/I6 -> 58.03288 | ... Y25: =Y9*1000/Y6 -> 53.170923
A26: Services useful surface area (in sqm/representative building cell) | B26: =B9*1000/B8 -> 900 | C26: =C9*1000/C8 -> 900 | D26: =D9*1000/D8 -> 900 | E26: =E9*1000/E8 -> 900 | F26: =F9*1000/F8 -> 900 | G26: =G9*1000/G8 -> 900 | H26: =H9*1000/H8 -> 900 | I26: =I9*1000/I8 -> 900 | ... Y26: =Y9*1000/Y8 -> 900
A27: New and renovated buildings useful surface area (in sqm/representative building cell) | B27: =IF(SUM(B11)=0,"",B11*1000/B10) | C27: =IF(SUM(C11)=0,"",C11*1000/C10) -> 900 | D27: =IF(SUM(D11)=0,"",D11*1000/D10) -> 900 | E27: =IF(SUM(E11)=0,"",E11*1000/E10) -> 900 | F27: =IF(SUM(F11)=0,"",F11*1000/F10) -> 900 | G27: =IF(SUM(G11)=0,"",G11*1000/G10) -> 900 | H27: =IF(SUM(H11)=0,"",H11*1000/H10) -> 900 | I27: =IF(SUM(I11)=0,"",I11*1000/I10) -> 900 | ... Y27: =IF(SUM(Y11)=0,"",Y11*1000/Y10) -> 900
A29: Energy consumption
A31: Energy consumption by fuel - Eurostat structure (ktoe) | B31: =SUM(B32:B33,B36:B37,B44:B45) -> 153.45398 | C31: =SUM(C32:C33,C36:C37,C44:C45) -> 164.23063 | D31: =SUM(D32:D33,D36:D37,D44:D45) -> 175.05113 | E31: =SUM(E32:E33,E36:E37,E44:E45) -> 181.89014 | F31: =SUM(F32:F33,F36:F37,F44:F45) -> 185.12876 | G31: =SUM(G32:G33,G36:G37,G44:G45) -> 192.13269 | H31: =SUM(H32:H33,H36:H37,H44:H45) -> 220.09604 | I31: =SUM(I32:I33,I36:I37,I44:I45) -> 229.76563 | ... Y31: =SUM(Y32:Y33,Y36:Y37,Y44:Y45) -> 268.9644 | DA31: FEC.ktoe.CY.ES.Ser
A32: Solids | B32: 0 | C32: 0 | D32: 0 | E32: 0 | F32: 0 | G32: 0 | H32: 0 | I32: 0 | J32: 0 | K32: 0 | L32: 0 | M32: 0 | N32: 0 | O32: 0 | P32: 0 | Q32: 0 | R32: 0 | S32: 0 | T32: 0 | U32: 0 | V32: 0 | W32: 0 | X32: 0 | Y32: 0 | DA32: FEC.ktoe.CY.ES.Ser.Solids
A33: Liquids | B33: =SUM(B34:B35) -> 26.079604 | C33: =SUM(C34:C35) -> 26.35269 | D33: =SUM(D34:D35) -> 25.260345 | E33: =SUM(E34:E35) -> 25.943055 | F33: =SUM(F34:F35) -> 23.348754 | G33: =SUM(G34:G35) -> 22.402167 | H33: =SUM(H34:H35) -> 40.238435 | I33: =SUM(I34:I35) -> 41.26681 | ... Y33: =SUM(Y34:Y35) -> 45.359845
A34: Liquified petroleum gas (LPG) | B34: 0 | C34: 0 | D34: 0 | E34: 0 | F34: 0 | G34: 0 | H34: 14.686672 | I34: 14.686672 | J34: 15.816337 | K34: 14.686672 | L34: 14.686672 | M34: 15.816337 | N34: 15.816337 | O34: 14.686672 | P34: 12.427171 | Q34: 13.556922 | R34: 13.556922 | S34: 16.365434 | T34: 16.561995 | U34: 18.962769 | V34: 14.003181 | W34: 12.257696 | X34: 14.366896 | Y34: 13.419089 | DA34: FEC.ktoe.CY.ES.Ser.LPG
A35: Diesel oil and other liquids (without biofuels) | B35: 26.079604 | C35: 26.35269 | D35: 25.260345 | E35: 25.943055 | F35: 23.348754 | G35: 22.402167 | H35: 25.551763 | I35: 26.580138 | J35: 35.820292 | K35: 27.617885 | L35: 31.740499 | M35: 30.720206 | N35: 26.4454 | O35: 28.427945 | P35: 27.514187 | Q35: 23.469647 | R35: 22.363887 | S35: 25.15589 | T35: 24.804471 | U35: 31.147979 | V35: 25.239209 | W35: 28.376784 | X35: 31.393895 | Y35: 31.940757 | DA35: FEC.ktoe.CY.ES.Ser.Oil
A36: Natural gas | B36: 0 | C36: 0 | D36: 0 | E36: 0 | F36: 0 | G36: 0 | H36: 0 | I36: 0 | J36: 0 | K36: 0 | L36: 0 | M36: 0 | N36: 0 | O36: 0 | P36: 0 | Q36: 0 | R36: 0 | S36: 0 | T36: 0 | U36: 0 | V36: 0 | W36: 0 | X36: 0 | Y36: 0 | DA36: FEC.ktoe.CY.ES.Ser.NG
A37: Renewable energies and wastes | B37: =SUM(B38:B42) -> 6.9960449 | C37: =SUM(C38:C42) -> 6.8375285 | D37: =SUM(D38:D42) -> 7.6583656 | E37: =SUM(E38:E42) -> 7.7957549 | F37: =SUM(F38:F42) -> 8.7830159 | G37: =SUM(G38:G42) -> 9.7687876 | H37: =SUM(H38:H42) -> 10.007653 | I37: =SUM(I38:I42) -> 13.318057 | ... Y37: =SUM(Y38:Y42) -> 17.305503
A38: Biomass and waste | B38: 1.7614789 | C38: 1.7614789 | D38: 2.4660791 | E38: 2.4660791 | F38: 2.9425623 | G38: 3.6782459 | H38: 3.6782459 | I38: 5.4839209 | J38: 6.5348237 | K38: 6.6877042 | L38: 5.5412726 | M38: 5.9091144 | N38: 6.3271711 | O38: 6.2190886 | P38: 6.1384351 | Q38: 7.9233878 | R38: 7.1783319 | S38: 8.0896819 | T38: 6.7536543 | U38: 7.1856406 | V38: 7.005417 | W38: 7.1180567 | X38: 8.5471195 | Y38: 6.7061049 | DA38: FEC.ktoe.CY.ES.Ser.Biomass_Waste
A39: Biogas | B39: 0 | C39: 0 | D39: 0 | E39: 0 | F39: 0 | G39: 0 | H39: 0 | I39: 0 | J39: 0 | K39: 0.2627687 | L39: 0.28658641 | M39: 0.2627687 | N39: 0.2627687 | O39: 0.2627687 | P39: 0.28658641 | Q39: 0.28658641 | R39: 0.38211522 | S39: 0.40103181 | T39: 1.0655202 | U39: 1.2809974 | V39: 0.48177128 | W39: 0.56414445 | X39: 0.65468616 | Y39: 0.88564058 | DA39: FEC.ktoe.CY.ES.Ser.Biogas
A40: Liquid biofuels | B40: 0 | C40: 0 | D40: 0 | E40: 0 | F40: 0 | G40: 0 | H40: 0 | I40: 0 | J40: 0 | K40: 0 | L40: 0 | M40: 0 | N40: 0 | O40: 0 | P40: 0 | Q40: 0 | R40: 0.05038693 | S40: 1.2858126 | T40: 0 | U40: 0 | V40: 0.28185727 | W40: 0.32347377 | X40: 0.32527945 | Y40: 0.41711092 | DA40: FEC.ktoe.CY.ES.Ser.LiqBio
A41: Solar | B41: 5.2345659 | C41: 5.0760496 | D41: 5.1922864 | E41: 5.3296758 | F41: 5.8404536 | G41: 6.0905417 | H41: 6.3294067 | I41: 7.8341359 | J41: 8.4073947 | K41: 8.6939811 | L41: 9.1239037 | M41: 9.4104901 | N41: 9.6732588 | O41: 9.8643164 | P41: 10.007653 | Q41: 10.174807 | R41: 10.342046 | S41: 10.53233 | T41: 10.748237 | U41: 10.911006 | V41: 11.095357 | W41: 11.288994 | X41: 9.2009458 | Y41: 9.2966466 | DA41: FEC.ktoe.CY.ES.Ser.Solar
A42: Geothermal | B42: 0 | C42: 0 | D42: 0 | E42: 0 | F42: 0 | G42: 0 | H42: 0 | I42: 0 | J42: 0 | K42: 0 | L42: 0 | M42: 0 | N42: 0 | O42: 0 | P42: 0 | Q42: 0 | R42: 0 | S42: 0 | T42: 0 | U42: 0 | V42: 0 | W42: 0 | X42: 0 | Y42: 0 | DA42: FEC.ktoe.CY.ES.Ser.Geo
A43: Ambient heat | B43: 0.069622724 | C43: 0.30385136 | D43: 0.61759916 | E43: 1.0000362 | F43: 1.5438943 | G43: 2.2803419 | H43: 2.7946848 | I43: 3.4247976 | J43: 3.8355898 | K43: 5.0676085 | L43: 6.023606 | M43: 8.4612626 | N43: 14.022554 | O43: 27.970333 | P43: 28.852014 | Q43: 32.22002 | R43: 32.192858 | S43: 33.977241 | T43: 36.032072 | U43: 38.005417 | V43: 35.311866 | W43: 36.032072 | X43: 37.693895 | Y43: 38.109286 | DA43: FEC.ktoe.CY.ES.Ser.Ambient
A44: Distributed heat | B44: 0 | C44: 0 | D44: 0 | E44: 0 | F44: 0 | G44: 0 | H44: 0 | I44: 0 | J44: 0 | K44: 0 | L44: 0 | M44: 0 | N44: 0 | O44: 0 | P44: 0 | Q44: 0 | R44: 0 | S44: 0 | T44: 0 | U44: 0 | V44: 0 | W44: 0 | X44: 0 | Y44: 0 | DA44: FEC.ktoe.CY.ES.Ser.Steam_Distr
A45: Electricity | B45: 120.37833 | C45: 131.04041 | D45: 142.13242 | E45: 148.15133 | F45: 152.99699 | G45: 159.96174 | H45: 169.84996 | I45: 175.18076 | J45: 185.65821 | K45: 197.26615 | L45: 207.41206 | M45: 200.53824 | N45: 182.48277 | O45: 161.67358 | P45: 165.88526 | Q45: 169.66438 | R45: 185.39407 | S45: 188.0821 | T45: 195.08876 | U45: 194.41782 | V45: 161.05888 | W45: 179.65822 | X45: 200.6149 | Y45: 206.29905 | DA45: FEC.ktoe.CY.ES.Ser.Elec
A47: Energy consumption by end-uses (ktoe) | B47: =SUM(B48,B53) -> 153.45398 | C47: =SUM(C48,C53) -> 164.23063 | D47: =SUM(D48,D53) -> 175.05113 | E47: =SUM(E48,E53) -> 181.89014 | F47: =SUM(F48,F53) -> 185.12876 | G47: =SUM(G48,G53) -> 192.13269 | H47: =SUM(H48,H53) -> 220.09604 | I47: =SUM(I48,I53) -> 229.76563 | ... Y47: =SUM(Y48,Y53) -> 268.9644 | DA47: FEC.ktoe.CY.Ser
A48: Thermal uses | B48: =SUM(B49:B52) -> 97.062602 | C48: =SUM(C49:C52) -> 105.688 | D48: =SUM(D49:D52) -> 114.3036 | E48: =SUM(E49:E52) -> 119.12422 | F48: =SUM(F49:F52) -> 119.94612 | G48: =SUM(G49:G52) -> 124.87525 | H48: =SUM(H49:H52) -> 151.02902 | I48: =SUM(I49:I52) -> 158.55646 | ... Y48: =SUM(Y49:Y52) -> 194.72176 | DA48: FEC.ktoe.CY.Ser.Bld.Thermal
A49: Space heating | B49: 32.254552 | C49: 40.013564 | D49: 46.239347 | E49: 47.2052 | F49: 48.984884 | G49: 52.807986 | H49: 74.484315 | I49: 77.723091 | J49: 94.814971 | K49: 94.190101 | L49: 101.75362 | M49: 95.865627 | N49: 65.288893 | O49: 51.510375 | P49: 56.96592 | Q49: 58.042557 | R49: 67.565209 | S49: 79.186279 | T49: 77.325029 | U49: 92.058166 | V49: 60.406088 | W49: 81.003429 | X49: 103.44448 | Y49: 101.56881 | DA49: FEC.ktoe.CY.Ser.Bld.Thermal.SH
A50: Cooling | B50: 16.949729 | C50: 17.202454 | D50: 18.809043 | E50: 21.933364 | F50: 19.877075 | G50: 19.489387 | H50: 23.343422 | I50: 26.998459 | J50: 28.220353 | K50: 28.598869 | L50: 31.46488 | M50: 27.988637 | N50: 34.108641 | O50: 28.351607 | P50: 24.701099 | Q50: 26.186347 | R50: 29.553906 | S50: 27.903179 | T50: 35.632972 | U50: 30.663743 | V50: 32.232167 | W50: 29.119375 | X50: 27.895686 | Y50: 31.370503 | DA50: FEC.ktoe.CY.Ser.Bld.Thermal.SC
A51: Hot water | B51: 26.753195 | C51: 27.117535 | D51: 27.360831 | E51: 27.625941 | F51: 27.755045 | G51: 28.303419 | H51: 27.040172 | I51: 26.611559 | J51: 27.39864 | K51: 27.949793 | L51: 28.366808 | M51: 28.88572 | N51: 29.139877 | O51: 28.877458 | P51: 28.269933 | Q51: 28.07647 | R51: 28.376532 | S51: 28.058494 | T51: 28.016131 | U51: 27.47952 | V51: 25.654665 | W51: 25.713847 | X51: 27.833364 | Y51: 29.686166 | DA51: FEC.ktoe.CY.Ser.Bld.Thermal.HW
A52: Catering | B52: 21.105126 | C52: 21.354446 | D52: 21.89438 | E52: 22.359711 | F52: 23.329113 | G52: 24.274463 | H52: 26.161107 | I52: 27.223351 | J52: 28.296505 | K52: 28.604088 | L52: 28.967441 | M52: 29.852743 | N52: 30.486435 | O52: 29.861602 | P52: 29.666038 | Q52: 29.658377 | R52: 29.813351 | S52: 30.682225 | T52: 31.327565 | U52: 32.496777 | V52: 28.5622 | W52: 28.634867 | X52: 30.794056 | Y52: 32.096285 | DA52: FEC.ktoe.CY.Ser.Bld.Thermal.CA
A53: Specific electricity uses | B53: 56.391379 | C53: 58.542633 | D53: 60.747527 | E53: 62.765927 | F53: 65.182644 | G53: 67.257436 | H53: 69.067029 | I53: 71.209166 | J53: 73.506591 | K53: 75.872306 | L53: 78.238247 | M53: 80.064424 | N53: 81.983864 | O53: 82.533332 | P53: 82.6563 | Q53: 83.111974 | R53: 83.958765 | S53: 84.082107 | T53: 82.720941 | U53: 81.208009 | V53: 72.310551 | W53: 75.115853 | X53: 75.136135 | Y53: 74.242637 | DA53: FEC.ktoe.CY.Ser.SEU
A55: Shares of energy consumption in end-uses (in %) | B55: =IF(B47=0,0,B47/B$47) -> 1 | C55: =IF(C47=0,0,C47/C$47) -> 1 | D55: =IF(D47=0,0,D47/D$47) -> 1 | E55: =IF(E47=0,0,E47/E$47) -> 1 | F55: =IF(F47=0,0,F47/F$47) -> 1 | G55: =IF(G47=0,0,G47/G$47) -> 1 | H55: =IF(H47=0,0,H47/H$47) -> 1 | I55: =IF(I47=0,0,I47/I$47) -> 1 | ... Y55: =IF(Y47=0,0,Y47/Y$47) -> 1
A56: Thermal uses | B56: =IF(B48=0,0,B48/B$47) -> 0.63251928 | C56: =IF(C48=0,0,C48/C$47) -> 0.64353402 | D56: =IF(D48=0,0,D48/D$47) -> 0.65297266 | E56: =IF(E48=0,0,E48/E$47) -> 0.65492398 | F56: =IF(F48=0,0,F48/F$47) -> 0.64790644 | G56: =IF(G48=0,0,G48/G$47) -> 0.64994278 | H56: =IF(H48=0,0,H48/H$47) -> 0.68619596 | I56: =IF(I48=0,0,I48/I$47) -> 0.69007912 | ... Y56: =IF(Y48=0,0,Y48/Y$47) -> 0.72396853
A57: Space heating | B57: =IF(B49=0,0,B49/B$47) -> 0.21019039 | C57: =IF(C49=0,0,C49/C$47) -> 0.24364251 | D57: =IF(D49=0,0,D49/D$47) -> 0.26414767 | E57: =IF(E49=0,0,E49/E$47) -> 0.25952588 | F57: =IF(F49=0,0,F49/F$47) -> 0.264599 | G57: =IF(G49=0,0,G49/G$47) -> 0.27485165 | H57: =IF(H49=0,0,H49/H$47) -> 0.33841733 | I57: =IF(I49=0,0,I49/I$47) -> 0.33827119 | ... Y57: =IF(Y49=0,0,Y49/Y$47) -> 0.37762919
A58: Cooling | B58: =IF(B50=0,0,B50/B$47) -> 0.1104548 | C58: =IF(C50=0,0,C50/C$47) -> 0.10474571 | D58: =IF(D50=0,0,D50/D$47) -> 0.10744885 | E58: =IF(E50=0,0,E50/E$47) -> 0.12058577 | F58: =IF(F50=0,0,F50/F$47) -> 0.10736892 | G58: =IF(G50=0,0,G50/G$47) -> 0.10143712 | H58: =IF(H50=0,0,H50/H$47) -> 0.10606016 | I58: =IF(I50=0,0,I50/I$47) -> 0.11750434 | ... Y58: =IF(Y50=0,0,Y50/Y$47) -> 0.11663441
A59: Hot water | B59: =IF(B51=0,0,B51/B$47) -> 0.17434018 | C59: =IF(C51=0,0,C51/C$47) -> 0.16511862 | D59: =IF(D51=0,0,D51/D$47) -> 0.15630194 | E59: =IF(E51=0,0,E51/E$47) -> 0.15188256 | F59: =IF(F51=0,0,F51/F$47) -> 0.14992292 | G59: =IF(G51=0,0,G51/G$47) -> 0.14731183 | H59: =IF(H51=0,0,H51/H$47) -> 0.12285624 | I59: =IF(I51=0,0,I51/I$47) -> 0.11582045 | ... Y59: =IF(Y51=0,0,Y51/Y$47) -> 0.1103721
A60: Catering | B60: =IF(B52=0,0,B52/B$47) -> 0.13753391 | C60: =IF(C52=0,0,C52/C$47) -> 0.13002718 | D60: =IF(D52=0,0,D52/D$47) -> 0.1250742 | E60: =IF(E52=0,0,E52/E$47) -> 0.12292976 | F60: =IF(F52=0,0,F52/F$47) -> 0.1260156 | G60: =IF(G52=0,0,G52/G$47) -> 0.12634218 | H60: =IF(H52=0,0,H52/H$47) -> 0.11886223 | I60: =IF(I52=0,0,I52/I$47) -> 0.11848313 | ... Y60: =IF(Y52=0,0,Y52/Y$47) -> 0.11933284
A61: Specific electricity uses | B61: =IF(B53=0,0,B53/B$47) -> 0.36748072 | C61: =IF(C53=0,0,C53/C$47) -> 0.35646598 | D61: =IF(D53=0,0,D53/D$47) -> 0.34702734 | E61: =IF(E53=0,0,E53/E$47) -> 0.34507602 | F61: =IF(F53=0,0,F53/F$47) -> 0.35209356 | G61: =IF(G53=0,0,G53/G$47) -> 0.35005722 | H61: =IF(H53=0,0,H53/H$47) -> 0.31380404 | I61: =IF(I53=0,0,I53/I$47) -> 0.30992088 | ... Y61: =IF(Y53=0,0,Y53/Y$47) -> 0.27603147
A63: Emissions
A65: Emissions by fuel - Eurostat structure (kt of CO2) | B65: 80.909853 | C65: 81.75708 | D65: 78.36817 | E65: 80.486221 | F65: 72.437613 | G65: 69.634233 | H65: 118.33921 | I65: 121.52983 | J65: 153.18261 | K65: 124.65463 | L65: 137.44375 | M65: 137.16641 | N65: 124.27069 | O65: 127.33764 | P65: 118.40024 | Q65: 108.9359 | R65: 105.63719 | S65: 121.54471 | T65: 120.66732 | U65: 146.7485 | V65: 115.12279 | W65: 120.53289 | X65: 135.25544 | Y65: 134.60009 | DA65: EMI.ktCO2.CY.ES.Ser
A66: Solids | B66: 0 | C66: 0 | D66: 0 | E66: 0 | F66: 0 | G66: 0 | H66: 0 | I66: 0 | J66: 0 | K66: 0 | L66: 0 | M66: 0 | N66: 0 | O66: 0 | P66: 0 | Q66: 0 | R66: 0 | S66: 0 | T66: 0 | U66: 0 | V66: 0 | W66: 0 | X66: 0 | Y66: 0 | DA66: EMI.ktCO2.CY.ES.Ser.Solids
A67: Liquids | B67: =SUM(B68:B69) -> 80.909853 | C67: =SUM(C68:C69) -> 81.75708 | D67: =SUM(D68:D69) -> 78.36817 | E67: =SUM(E68:E69) -> 80.486221 | F67: =SUM(F68:F69) -> 72.437613 | G67: =SUM(G68:G69) -> 69.634233 | H67: =SUM(H68:H69) -> 118.33921 | I67: =SUM(I68:I69) -> 121.52983 | ... Y67: =SUM(Y68:Y69) -> 134.60009
A68: Liquified petroleum gas (LPG) | B68: 0 | C68: 0 | D68: 0 | E68: 0 | F68: 0 | G68: 0 | H68: 38.800291 | I68: 38.800291 | J68: 41.784719 | K68: 38.800291 | L68: 38.800291 | M68: 41.784719 | N68: 41.784719 | O68: 38.800291 | P68: 32.83098 | Q68: 35.815636 | R68: 35.815636 | S68: 43.235363 | T68: 43.754651 | U68: 50.097185 | V68: 36.994596 | W68: 32.383248 | X68: 37.955483 | Y68: 35.451498 | DA68: EMI.ktCO2.CY.ES.Ser.LPG
A69: Diesel oil and other liquids (without biofuels) | B69: 80.909853 | C69: 81.75708 | D69: 78.36817 | E69: 80.486221 | F69: 72.437613 | G69: 69.634233 | H69: 79.538916 | I69: 82.729543 | J69: 111.39789 | K69: 85.854343 | L69: 98.643455 | M69: 95.381691 | N69: 82.485968 | O69: 88.537353 | P69: 85.56926 | Q69: 73.120265 | R69: 69.821551 | S69: 78.309343 | T69: 76.91267 | U69: 96.651319 | V69: 78.128194 | W69: 88.14964 | X69: 97.299959 | Y69: 99.148596 | DA69: EMI.ktCO2.CY.ES.Ser.Oil
A70: Natural gas | B70: 0 | C70: 0 | D70: 0 | E70: 0 | F70: 0 | G70: 0 | H70: 0 | I70: 0 | J70: 0 | K70: 0 | L70: 0 | M70: 0 | N70: 0 | O70: 0 | P70: 0 | Q70: 0 | R70: 0 | S70: 0 | T70: 0 | U70: 0 | V70: 0 | W70: 0 | X70: 0 | Y70: 0 | DA70: EMI.ktCO2.CY.ES.Ser.NG
A71: Renewable energies and wastes | B71: =SUM(B72:B76) -> 0 | C71: =SUM(C72:C76) -> 0 | D71: =SUM(D72:D76) -> 0 | E71: =SUM(E72:E76) -> 0 | F71: =SUM(F72:F76) -> 0 | G71: =SUM(G72:G76) -> 0 | H71: =SUM(H72:H76) -> 0 | I71: =SUM(I72:I76) -> 0 | ... Y71: =SUM(Y72:Y76) -> 0
A72: Biomass and waste | B72: 0 | C72: 0 | D72: 0 | E72: 0 | F72: 0 | G72: 0 | H72: 0 | I72: 0 | J72: 0 | K72: 0 | L72: 0 | M72: 0 | N72: 0 | O72: 0 | P72: 0 | Q72: 0 | R72: 0 | S72: 0 | T72: 0 | U72: 0 | V72: 0 | W72: 0 | X72: 0 | Y72: 0 | DA72: EMI.ktCO2.CY.ES.Ser.Biomass_Waste
A73: Biogas | B73: 0 | C73: 0 | D73: 0 | E73: 0 | F73: 0 | G73: 0 | H73: 0 | I73: 0 | J73: 0 | K73: 0 | L73: 0 | M73: 0 | N73: 0 | O73: 0 | P73: 0 | Q73: 0 | R73: 0 | S73: 0 | T73: 0 | U73: 0 | V73: 0 | W73: 0 | X73: 0 | Y73: 0 | DA73: EMI.ktCO2.CY.ES.Ser.Biogas
A74: Liquid biofuels | B74: 0 | C74: 0 | D74: 0 | E74: 0 | F74: 0 | G74: 0 | H74: 0 | I74: 0 | J74: 0 | K74: 0 | L74: 0 | M74: 0 | N74: 0 | O74: 0 | P74: 0 | Q74: 0 | R74: 0 | S74: 0 | T74: 0 | U74: 0 | V74: 0 | W74: 0 | X74: 0 | Y74: 0 | DA74: EMI.ktCO2.CY.ES.Ser.LiqBio
A75: Solar | B75: 0 | C75: 0 | D75: 0 | E75: 0 | F75: 0 | G75: 0 | H75: 0 | I75: 0 | J75: 0 | K75: 0 | L75: 0 | M75: 0 | N75: 0 | O75: 0 | P75: 0 | Q75: 0 | R75: 0 | S75: 0 | T75: 0 | U75: 0 | V75: 0 | W75: 0 | X75: 0 | Y75: 0 | DA75: EMI.ktCO2.CY.ES.Ser.Solar
A76: Geothermal | B76: 0 | C76: 0 | D76: 0 | E76: 0 | F76: 0 | G76: 0 | H76: 0 | I76: 0 | J76: 0 | K76: 0 | L76: 0 | M76: 0 | N76: 0 | O76: 0 | P76: 0 | Q76: 0 | R76: 0 | S76: 0 | T76: 0 | U76: 0 | V76: 0 | W76: 0 | X76: 0 | Y76: 0 | DA76: EMI.ktCO2.CY.ES.Ser.Geo
A77: Ambient heat | DA77: EMI.ktCO2.CY.ES.Ser.Ambient
A78: Distributed heat | B78: 0 | C78: 0 | D78: 0 | E78: 0 | F78: 0 | G78: 0 | H78: 0 | I78: 0 | J78: 0 | K78: 0 | L78: 0 | M78: 0 | N78: 0 | O78: 0 | P78: 0 | Q78: 0 | R78: 0 | S78: 0 | T78: 0 | U78: 0 | V78: 0 | W78: 0 | X78: 0 | Y78: 0 | DA78: EMI.ktCO2.CY.ES.Ser.Steam_Distr
A79: Electricity | B79: 0 | C79: 0 | D79: 0 | E79: 0 | F79: 0 | G79: 0 | H79: 0 | I79: 0 | J79: 0 | K79: 0 | L79: 0 | M79: 0 | N79: 0 | O79: 0 | P79: 0 | Q79: 0 | R79: 0 | S79: 0 | T79: 0 | U79: 0 | V79: 0 | W79: 0 | X79: 0 | Y79: 0 | DA79: EMI.ktCO2.CY.ES.Ser.Elec
A81: Emissions by end-uses (kt of CO2) | B81: =B82+B87 -> 80.909853 | C81: =C82+C87 -> 81.75708 | D81: =D82+D87 -> 78.36817 | E81: =E82+E87 -> 80.486221 | F81: =F82+F87 -> 72.437613 | G81: =G82+G87 -> 69.634233 | H81: =H82+H87 -> 118.33921 | I81: =I82+I87 -> 121.52983 | ... Y81: =Y82+Y87 -> 134.60009 | DA81: EMI.ktCO2.CY.Ser
A82: Thermal uses | B82: =SUM(B83:B86) -> 80.909853 | C82: =SUM(C83:C86) -> 81.75708 | D82: =SUM(D83:D86) -> 78.36817 | E82: =SUM(E83:E86) -> 80.486221 | F82: =SUM(F83:F86) -> 72.437613 | G82: =SUM(G83:G86) -> 69.634233 | H82: =SUM(H83:H86) -> 118.33921 | I82: =SUM(I83:I86) -> 121.52983 | ... Y82: =SUM(Y83:Y86) -> 134.60009 | DA82: EMI.ktCO2.CY.Ser.Bld.Thermal
A83: Space heating | B83: 77.183415 | C83: 78.007597 | D83: 74.611601 | E83: 76.759246 | F83: 68.694223 | G83: 65.877526 | H83: 75.832198 | I83: 79.085032 | J83: 107.81191 | K83: 82.281344 | L83: 95.088836 | M83: 91.822514 | N83: 78.898033 | O83: 85.039297 | P83: 82.067892 | Q83: 69.622935 | R83: 66.296364 | S83: 74.996318 | T83: 73.422727 | U83: 93.168215 | V83: 74.986346 | W83: 84.734049 | X83: 93.451419 | Y83: 95.240462 | DA83: EMI.ktCO2.CY.Ser.Bld.Thermal.SH
A84: Cooling | B84: 0 | C84: 0 | D84: 0 | E84: 0 | F84: 0 | G84: 0 | H84: 0 | I84: 0 | J84: 0 | K84: 0 | L84: 0 | M84: 0 | N84: 0 | O84: 0 | P84: 0 | Q84: 0 | R84: 0 | S84: 0 | T84: 0 | U84: 0 | V84: 0 | W84: 0 | X84: 0 | Y84: 0 | DA84: EMI.ktCO2.CY.Ser.Bld.Thermal.SC
A85: Hot water | B85: 3.7264378 | C85: 3.7494829 | D85: 3.7565695 | E85: 3.7269751 | F85: 3.7433899 | G85: 3.7567075 | H85: 27.217635 | I85: 27.404028 | J85: 27.687907 | K85: 27.85724 | L85: 28.623585 | M85: 27.457864 | N85: 26.163628 | O85: 24.597459 | P85: 21.420597 | Q85: 20.871522 | R85: 21.142382 | S85: 21.175024 | T85: 20.403074 | U85: 19.973451 | V85: 16.006885 | W85: 15.0756 | X85: 17.174733 | Y85: 17.658396 | DA85: EMI.ktCO2.CY.Ser.Bld.Thermal.HW
A86: Catering | B86: 0 | C86: 0 | D86: 0 | E86: 0 | F86: 0 | G86: 0 | H86: 15.289373 | I86: 15.040775 | J86: 17.682799 | K86: 14.516049 | L86: 13.731325 | M86: 17.886032 | N86: 19.209026 | O86: 17.700888 | P86: 14.911751 | Q86: 18.441443 | R86: 18.19844 | S86: 25.373364 | T86: 26.841519 | U86: 33.606838 | V86: 24.129559 | W86: 20.723239 | X86: 24.629289 | Y86: 21.701237 | DA86: EMI.ktCO2.CY.Ser.Bld.Thermal.CA
A87: Specific electricity uses | B87: 0 | C87: 0 | D87: 0 | E87: 0 | F87: 0 | G87: 0 | H87: 0 | I87: 0 | J87: 0 | K87: 0 | L87: 0 | M87: 0 | N87: 0 | O87: 0 | P87: 0 | Q87: 0 | R87: 0 | S87: 0 | T87: 0 | U87: 0 | V87: 0 | W87: 0 | X87: 0 | Y87: 0 | DA87: EMI.ktCO2.CY.Ser.SEU
A89: Share of emissions in end-uses (in %) | B89: =IF(B81=0,0,B81/B$81) -> 1 | C89: =IF(C81=0,0,C81/C$81) -> 1 | D89: =IF(D81=0,0,D81/D$81) -> 1 | E89: =IF(E81=0,0,E81/E$81) -> 1 | F89: =IF(F81=0,0,F81/F$81) -> 1 | G89: =IF(G81=0,0,G81/G$81) -> 1 | H89: =IF(H81=0,0,H81/H$81) -> 1 | I89: =IF(I81=0,0,I81/I$81) -> 1 | ... Y89: =IF(Y81=0,0,Y81/Y$81) -> 1
A90: Thermal uses | B90: =IF(B82=0,0,B82/B$81) -> 1 | C90: =IF(C82=0,0,C82/C$81) -> 1 | D90: =IF(D82=0,0,D82/D$81) -> 1 | E90: =IF(E82=0,0,E82/E$81) -> 1 | F90: =IF(F82=0,0,F82/F$81) -> 1 | G90: =IF(G82=0,0,G82/G$81) -> 1 | H90: =IF(H82=0,0,H82/H$81) -> 1 | I90: =IF(I82=0,0,I82/I$81) -> 1 | ... Y90: =IF(Y82=0,0,Y82/Y$81) -> 1
A91: Space heating | B91: =IF(B83=0,0,B83/B$81) -> 0.95394334 | C91: =IF(C83=0,0,C83/C$81) -> 0.95413874 | D91: =IF(D83=0,0,D83/D$81) -> 0.95206511 | E91: =IF(E83=0,0,E83/E$81) -> 0.95369425 | F91: =IF(F83=0,0,F83/F$81) -> 0.94832257 | G91: =IF(G83=0,0,G83/G$81) -> 0.94605085 | H91: =IF(H83=0,0,H83/H$81) -> 0.64080367 | I91: =IF(I83=0,0,I83/I$81) -> 0.65074582 | ... Y91: =IF(Y83=0,0,Y83/Y$81) -> 0.70758094
A92: Cooling | B92: =IF(B84=0,0,B84/B$81) -> 0 | C92: =IF(C84=0,0,C84/C$81) -> 0 | D92: =IF(D84=0,0,D84/D$81) -> 0 | E92: =IF(E84=0,0,E84/E$81) -> 0 | F92: =IF(F84=0,0,F84/F$81) -> 0 | G92: =IF(G84=0,0,G84/G$81) -> 0 | H92: =IF(H84=0,0,H84/H$81) -> 0 | I92: =IF(I84=0,0,I84/I$81) -> 0 | ... Y92: =IF(Y84=0,0,Y84/Y$81) -> 0
A93: Hot water | B93: =IF(B85=0,0,B85/B$81) -> 0.046056663 | C93: =IF(C85=0,0,C85/C$81) -> 0.045861262 | D93: =IF(D85=0,0,D85/D$81) -> 0.047934889 | E93: =IF(E85=0,0,E85/E$81) -> 0.046305753 | F93: =IF(F85=0,0,F85/F$81) -> 0.051677433 | G93: =IF(G85=0,0,G85/G$81) -> 0.053949147 | H93: =IF(H85=0,0,H85/H$81) -> 0.22999677 | I93: =IF(I85=0,0,I85/I$81) -> 0.22549218 | ... Y93: =IF(Y85=0,0,Y85/Y$81) -> 0.13119156
A94: Catering | B94: =IF(B86=0,0,B86/B$81) -> 0 | C94: =IF(C86=0,0,C86/C$81) -> 0 | D94: =IF(D86=0,0,D86/D$81) -> 0 | E94: =IF(E86=0,0,E86/E$81) -> 0 | F94: =IF(F86=0,0,F86/F$81) -> 0 | G94: =IF(G86=0,0,G86/G$81) -> 0 | H94: =IF(H86=0,0,H86/H$81) -> 0.12919956 | I94: =IF(I86=0,0,I86/I$81) -> 0.123762 | ... Y94: =IF(Y86=0,0,Y86/Y$81) -> 0.1612275
A95: Specific electricity uses | B95: =IF(B87=0,0,B87/B$81) -> 0 | C95: =IF(C87=0,0,C87/C$81) -> 0 | D95: =IF(D87=0,0,D87/D$81) -> 0 | E95: =IF(E87=0,0,E87/E$81) -> 0 | F95: =IF(F87=0,0,F87/F$81) -> 0 | G95: =IF(G87=0,0,G87/G$81) -> 0 | H95: =IF(H87=0,0,H87/H$81) -> 0 | I95: =IF(I87=0,0,I87/I$81) -> 0 | ... Y95: =IF(Y87=0,0,Y87/Y$81) -> 0
A97: Additional building indicators
A99: Energy consumption per building (kWh / representative building cell) | B99: =B47*11630*1000/B$8 -> 109652.47 | C99: =C47*11630*1000/C$8 -> 115044.31 | D99: =D47*11630*1000/D$8 -> 120899.74 | E99: =E47*11630*1000/E$8 -> 123550.46 | F99: =F47*11630*1000/F$8 -> 123022.25 | G99: =G47*11630*1000/G$8 -> 124858.63 | H99: =H47*11630*1000/H$8 -> 140073.9 | I99: =I47*11630*1000/I$8 -> 142571.57 | ... Y99: =Y47*11630*1000/Y$8 -> 135231.47
A100: Thermal uses | B100: =B48*11630*1000/B$8 -> 69357.305 | C100: =C48*11630*1000/C$8 -> 74034.926 | D100: =D48*11630*1000/D$8 -> 78944.225 | E100: =E48*11630*1000/E$8 -> 80916.161 | F100: =F48*11630*1000/F$8 -> 79706.905 | G100: =G48*11630*1000/G$8 -> 81150.968 | H100: =H48*11630*1000/H$8 -> 96118.145 | I100: =I48*11630*1000/I$8 -> 98385.666 | ... Y100: =Y48*11630*1000/Y$8 -> 97903.331
A101: Space heating | B101: =B49*11630*1000/B$8 -> 23047.896 | C101: =C49*11630*1000/C$8 -> 28029.684 | D101: =D49*11630*1000/D$8 -> 31935.384 | E101: =E49*11630*1000/E$8 -> 32064.543 | F101: =F49*11630*1000/F$8 -> 32551.563 | G101: =G49*11630*1000/G$8 -> 34317.601 | H101: =H49*11630*1000/H$8 -> 47403.435 | I101: =I49*11630*1000/I$8 -> 48227.855 | ... Y101: =Y49*11630*1000/Y$8 -> 51067.351
A102: Cooling | B102: =B50*11630*1000/B$8 -> 12111.642 | C102: =C50*11630*1000/C$8 -> 12050.398 | D102: =D50*11630*1000/D$8 -> 12990.538 | E102: =E50*11630*1000/E$8 -> 14898.428 | F102: =F50*11630*1000/F$8 -> 13208.766 | G102: =G50*11630*1000/G$8 -> 12665.3 | H102: =H50*11630*1000/H$8 -> 14856.26 | I102: =I50*11630*1000/I$8 -> 16752.779 | ... Y102: =Y50*11630*1000/Y$8 -> 15772.642
A103: Hot water | B103: =B51*11630*1000/B$8 -> 19116.833 | C103: =C51*11630*1000/C$8 -> 18995.957 | D103: =D51*11630*1000/D$8 -> 18896.864 | E103: =E51*11630*1000/E$8 -> 18765.161 | F103: =F51*11630*1000/F$8 -> 18443.854 | G103: =G51*11630*1000/G$8 -> 18393.155 | H103: =H51*11630*1000/H$8 -> 17208.952 | I103: =I51*11630*1000/I$8 -> 16512.705 | ... Y103: =Y51*11630*1000/Y$8 -> 14925.782
A104: Catering | B104: =B52*11630*1000/B$8 -> 15080.934 | C104: =C52*11630*1000/C$8 -> 14958.887 | D104: =D52*11630*1000/D$8 -> 15121.438 | E104: =E52*11630*1000/E$8 -> 15188.028 | F104: =F52*11630*1000/F$8 -> 15502.723 | G104: =G52*11630*1000/G$8 -> 15774.912 | H104: =H52*11630*1000/H$8 -> 16649.497 | I104: =I52*11630*1000/I$8 -> 16892.326 | ... Y104: =Y52*11630*1000/Y$8 -> 16137.555
A105: Specific electricity uses | B105: =B53*11630*1000/B$8 -> 40295.17 | C105: =C53*11630*1000/C$8 -> 41009.382 | D105: =D53*11630*1000/D$8 -> 41955.515 | E105: =E53*11630*1000/E$8 -> 42634.302 | F105: =F53*11630*1000/F$8 -> 43315.34 | G105: =G53*11630*1000/G$8 -> 43707.667 | H105: =H53*11630*1000/H$8 -> 43955.757 | I105: =I53*11630*1000/I$8 -> 44185.908 | ... Y105: =Y53*11630*1000/Y$8 -> 37328.141
A107: Thermal energy service per building (kWh useful / representative building cell) | B107: =SUM(B108:B111) -> 53909.105 | C107: =SUM(C108:C111) -> 58877.192 | D107: =SUM(D108:D111) -> 65528.139 | E107: =SUM(E108:E111) -> 71781.639 | F107: =SUM(F108:F111) -> 71395.924 | G107: =SUM(G108:G111) -> 73943.743 | H107: =SUM(H108:H111) -> 89297.274 | I107: =SUM(I108:I111) -> 97424.865 | ... Y107: =SUM(Y108:Y111) -> 152821.27
A108: Space heating | B108: 10088.014 | C108: 13354.799 | D108: 16236.819 | E108: 16702.76 | F108: 17985.317 | G108: 19959.788 | H108: 28011.149 | I108: 28997.699 | J108: 33850.32 | K108: 34855.289 | L108: 36987.109 | M108: 36231.588 | N108: 29512.546 | O108: 34209.063 | P108: 36947.85 | Q108: 39886.089 | R108: 42961.797 | S108: 47236.192 | T108: 47608.298 | U108: 53085.423 | V108: 40407.494 | W108: 47796.948 | X108: 56981.723 | Y108: 56610.312
A109: Cooling | B109: 20753.955 | C109: 22640.734 | D109: 26377.809 | E109: 32114.456 | F109: 30253.383 | G109: 30638.538 | H109: 37768.165 | I109: 44841.217 | J109: 48360.453 | K109: 48715.959 | L109: 53684.301 | M109: 48856.489 | N109: 60512.413 | O109: 52145.011 | P109: 47579.21 | Q109: 52632.788 | R109: 61158.526 | S109: 59088.013 | T109: 77166.474 | U109: 67659.048 | V109: 72339.731 | W109: 66086.41 | X109: 63679.704 | Y109: 71721.028
A110: Hot water | B110: 11726.645 | C110: 11608.007 | D110: 11587.336 | E110: 11557.449 | F110: 11537.613 | G110: 11576.133 | H110: 11643.705 | I110: 11654.649 | J110: 11804.035 | K110: 11708.812 | L110: 11623.964 | M110: 11611.765 | N110: 11541.201 | O110: 11569.683 | P110: 11508.921 | Q110: 11565.902 | R110: 11636.947 | S110: 11460.788 | T110: 11432.426 | U110: 11271.001 | V110: 10612.093 | W110: 10706.31 | X110: 11372.62 | Y110: 12090.052
A111: Catering | B111: 11340.492 | C111: 11273.651 | D111: 11326.175 | E111: 11406.974 | F111: 11619.612 | G111: 11769.283 | H111: 11874.256 | I111: 11931.301 | J111: 12079.752 | K111: 12006.565 | L111: 11827.46 | M111: 11805.971 | N111: 11776.275 | O111: 11580.538 | P111: 11744.091 | Q111: 11729.865 | R111: 11746.904 | S111: 11713.479 | T111: 11824.082 | U111: 11853.539 | V111: 10525.508 | W111: 10962.565 | X111: 11657.417 | Y111: 12399.873
A113: Emissions per building (kg CO2 / representative building cell) | B113: =B81*1000000/B$8 -> 4971.2085 | C113: =C81*1000000/C$8 -> 4924.4375 | D113: =D81*1000000/D$8 -> 4653.9364 | E113: =E81*1000000/E$8 -> 4700.857 | F113: =F81*1000000/F$8 -> 4138.9881 | G113: =G81*1000000/G$8 -> 3890.9925 | H113: =H81*1000000/H$8 -> 6475.8074 | I113: =I81*1000000/I$8 -> 6484.1205 | ... Y113: =Y81*1000000/Y$8 -> 5819.0036
A114: Thermal uses | B114: =B82*1000000/B$8 -> 4971.2085 | C114: =C82*1000000/C$8 -> 4924.4375 | D114: =D82*1000000/D$8 -> 4653.9364 | E114: =E82*1000000/E$8 -> 4700.857 | F114: =F82*1000000/F$8 -> 4138.9881 | G114: =G82*1000000/G$8 -> 3890.9925 | H114: =H82*1000000/H$8 -> 6475.8074 | I114: =I82*1000000/I$8 -> 6484.1205 | ... Y114: =Y82*1000000/Y$8 -> 5819.0036
A115: Space heating | B115: =B83*1000000/B$8 -> 4742.2512 | C115: =C83*1000000/C$8 -> 4698.5966 | D115: =D83*1000000/D$8 -> 4430.8505 | E115: =E83*1000000/E$8 -> 4483.1803 | F115: =F83*1000000/F$8 -> 3925.0958 | G115: =G83*1000000/G$8 -> 3681.0768 | H115: =H83*1000000/H$8 -> 4149.7212 | I115: =I83*1000000/I$8 -> 4219.5143 | ... Y115: =Y83*1000000/Y$8 -> 4117.4161
A116: Cooling | B116: =B84*1000000/B$8 -> 0 | C116: =C84*1000000/C$8 -> 0 | D116: =D84*1000000/D$8 -> 0 | E116: =E84*1000000/E$8 -> 0 | F116: =F84*1000000/F$8 -> 0 | G116: =G84*1000000/G$8 -> 0 | H116: =H84*1000000/H$8 -> 0 | I116: =I84*1000000/I$8 -> 0 | ... Y116: =Y84*1000000/Y$8 -> 0
A117: Hot water | B117: =B85*1000000/B$8 -> 228.95727 | C117: =C85*1000000/C$8 -> 225.84092 | D117: =D85*1000000/D$8 -> 223.08592 | E117: =E85*1000000/E$8 -> 217.67672 | F117: =F85*1000000/F$8 -> 213.89228 | G117: =G85*1000000/G$8 -> 209.91573 | H117: =H85*1000000/H$8 -> 1489.4148 | I117: =I85*1000000/I$8 -> 1462.1185 | ... Y117: =Y85*1000000/Y$8 -> 763.40415
...

Sheet SER_hh_num
A1: CY - Number of buildings | B1: 2000 | C1: 2001 | D1: 2002 | E1: 2003 | F1: 2004 | G1: 2005 | H1: 2006 | I1: 2007 | J1: 2008 | K1: 2009 | L1: 2010 | M1: 2011 | N1: 2012 | O1: 2013 | P1: 2014 | Q1: 2015 | R1: 2016 | S1: 2017 | T1: 2018 | U1: 2019 | V1: 2020 | W1: 2021 | X1: 2022 | Y1: 2023 | DA1: Code
A3: Stock of buildings | B3: =B4 -> 16275.691 | C3: =C4 -> 16602.318 | D3: =D4 -> 16839.115 | E3: =E4 -> 17121.606 | F3: =F4 -> 17501.286 | G3: =G4 -> 17896.265 | H3: =H4 -> 18274.047 | I3: =I4 -> 18742.686 | ... Y3: =Y4 -> 23131.124 | DA3: NUM.number.CY.Ser.Bld.Thermal
A4: Space heating | B4: =SUM(B5:B14) -> 16275.691 | C4: =SUM(C5:C14) -> 16602.318 | D4: =SUM(D5:D14) -> 16839.115 | E4: =SUM(E5:E14) -> 17121.606 | F4: =SUM(F5:F14) -> 17501.286 | G4: =SUM(G5:G14) -> 17896.265 | H4: =SUM(H5:H14) -> 18274.047 | I4: =SUM(I5:I14) -> 18742.686 | ... Y4: =SUM(Y5:Y14) -> 23131.124 | DA4: NUM.number.CY.Ser.Bld.Thermal.SH
A5: Solids | B5: 0 | C5: 0 | D5: 0 | E5: 0 | F5: 0 | G5: 0 | H5: 0 | I5: 0 | J5: 0 | K5: 0 | L5: 0 | M5: 0 | N5: 0 | O5: 0 | P5: 0 | Q5: 0 | R5: 0 | S5: 0 | T5: 0 | U5: 0 | V5: 0 | W5: 0 | X5: 0 | Y5: 0 | DA5: NUM.number.CY.Ser.Bld.Thermal.SH.Solids
A6: Liquified petroleum gas (LPG) | B6: 0 | C6: 0 | D6: 0 | E6: 0 | F6: 0 | G6: 0 | H6: 0 | I6: 0 | J6: 0 | K6: 0 | L6: 0 | M6: 0 | N6: 0 | O6: 0 | P6: 0 | Q6: 0 | R6: 0 | S6: 0 | T6: 0 | U6: 0 | V6: 0 | W6: 0 | X6: 0 | Y6: 0 | DA6: NUM.number.CY.Ser.Bld.Thermal.SH.LPG
A7: Diesel oil | B7: 10346.875 | C7: 8895.2316 | D7: 7520.9566 | E7: 6572.8397 | F7: 5682.232 | G7: 4965.864 | H7: 4422.0786 | I7: 4216.5132 | J7: 4260.42 | K7: 4082.2214 | L7: 4221.905 | M7: 4372.3111 | N7: 4594.4347 | O7: 4487.7691 | P7: 4099.8954 | Q7: 3571.3187 | R7: 3209.1042 | S7: 3136.4493 | T7: 3173.3878 | U7: 3372.2796 | V7: 3500.4592 | W7: 3519.2644 | X7: 3434.8682 | Y7: 3458.8458 | DA7: NUM.number.CY.Ser.Bld.Thermal.SH.Oil
A8: Gas heat pumps | B8: 0 | C8: 0 | D8: 0 | E8: 0 | F8: 0 | G8: 0 | H8: 0 | I8: 0 | J8: 0 | K8: 0 | L8: 0 | M8: 0 | N8: 0 | O8: 0 | P8: 0 | Q8: 0 | R8: 0 | S8: 0 | T8: 0 | U8: 0 | V8: 0 | W8: 0 | X8: 0 | Y8: 0 | DA8: NUM.number.CY.Ser.Bld.Thermal.SH.GasHP
A9: Conventional gas heaters | B9: 0 | C9: 0 | D9: 0 | E9: 0 | F9: 0 | G9: 0 | H9: 0 | I9: 0 | J9: 0 | K9: 46.068695 | L9: 60.592299 | M9: 67.721977 | N9: 70.8494 | O9: 68.722767 | P9: 69.1333 | Q9: 69.759641 | R9: 89.60672 | S9: 121.86634 | T9: 160.52643 | U9: 171.98219 | V9: 176.84554 | W9: 183.97927 | X9: 182.71737 | Y9: 175.36622 | DA9: NUM.number.CY.Ser.Bld.Thermal.SH.GasTH
A10: Biomass | B10: 0 | C10: 0 | D10: 0 | E10: 0 | F10: 0 | G10: 0 | H10: 0 | I10: 96.962447 | J10: 152.67713 | K10: 152.25908 | L10: 152.45303 | M10: 158.67839 | N10: 183.8531 | O10: 215.04506 | P10: 248.22469 | Q10: 329.87785 | R10: 327.53242 | S10: 315.40489 | T10: 230.13063 | U10: 213.4997 | V10: 221.25157 | W10: 262.24793 | X10: 332.05939 | Y10: 342.73576 | DA10: NUM.number.CY.Ser.Bld.Thermal.SH.Biomass
A11: Geothermal | B11: 0 | C11: 0 | D11: 0 | E11: 0 | F11: 0 | G11: 0 | H11: 0 | I11: 0 | J11: 0 | K11: 0 | L11: 0 | M11: 0 | N11: 0 | O11: 0 | P11: 0 | Q11: 0 | R11: 0 | S11: 0 | T11: 0 | U11: 0 | V11: 0 | W11: 0 | X11: 0 | Y11: 0 | DA11: NUM.number.CY.Ser.Bld.Thermal.SH.Geo
A12: Distributed heat | B12: 0 | C12: 0 | D12: 0 | E12: 0 | F12: 0 | G12: 0 | H12: 0 | I12: 0 | J12: 0 | K12: 0 | L12: 0 | M12: 0 | N12: 0 | O12: 0 | P12: 0 | Q12: 0 | R12: 0 | S12: 0 | T12: 0 | U12: 0 | V12: 0 | W12: 0 | X12: 0 | Y12: 0 | DA12: NUM.number.CY.Ser.Bld.Thermal.SH.DistrHeat
A13: Advanced electric heating | B13: 494.90162 | C13: 801.11457 | D13: 1265.3088 | E13: 1791.4656 | F13: 2269.0659 | G13: 2661.7225 | H13: 2745.8381 | I13: 2913.7566 | J13: 3025.3838 | K13: 3442.3216 | L13: 4308.1301 | M13: 6375.1606 | N13: 9729.8966 | O13: 12925.742 | P13: 13998.055 | Q13: 14150.848 | R13: 14125.155 | S13: 14411.653 | T13: 14746.268 | U13: 14843.977 | V13: 14762.524 | W13: 14217.101 | X13: 13504.425 | Y13: 13396.618 | DA13: NUM.number.CY.Ser.Bld.Thermal.SH.AdvElc
A14: Conventional electric heating | B14: 5433.9139 | C14: 6905.9723 | D14: 8052.8495 | E14: 8757.3007 | F14: 9549.9879 | G14: 10268.678 | H14: 11106.13 | I14: 11515.454 | J14: 11767.866 | K14: 12107.538 | L14: 11767.145 | M14: 10010.063 | N14: 6894.5022 | O14: 3784.6499 | P14: 2848.2263 | Q14: 3001.3573 | R14: 3548.2863 | S14: 3612.2267 | T14: 3584.1319 | U14: 3582.2522 | V14: 3773.4291 | W14: 4493.1081 | X14: 5453.6903 | Y14: 5757.5584 | DA14: NUM.number.CY.Ser.Bld.Thermal.SH.ConvElc
A15: Circulation, other electricity | B15: =SUM(B5:B12) -> 10346.875 | C15: =SUM(C5:C12) -> 8895.2316 | D15: =SUM(D5:D12) -> 7520.9566 | E15: =SUM(E5:E12) -> 6572.8397 | F15: =SUM(F5:F12) -> 5682.232 | G15: =SUM(G5:G12) -> 4965.864 | H15: =SUM(H5:H12) -> 4422.0786 | I15: =SUM(I5:I12) -> 4313.4757 | ... Y15: =SUM(Y5:Y12) -> 3976.9478
A16: Space cooling | B16: =SUM(B17:B18) -> 4095.2961 | C16: =SUM(C17:C18) -> 5115.2157 | D16: =SUM(D17:D18) -> 6203.8365 | E16: =SUM(E17:E18) -> 7042.4612 | F16: =SUM(F17:F18) -> 8101.975 | G16: =SUM(G17:G18) -> 9077.9324 | H16: =SUM(H17:H18) -> 9819.1266 | I16: =SUM(I17:I18) -> 10551.132 | ... Y16: =SUM(Y17:Y18) -> 17838.597 | DA16: NUM.number.CY.Ser.Bld.Thermal.SC
A17: Gas heat pumps | B17: 0 | C17: 0 | D17: 0 | E17: 0 | F17: 0 | G17: 0 | H17: 0 | I17: 0 | J17: 0 | K17: 0 | L17: 0 | M17: 0 | N17: 0 | O17: 0 | P17: 0 | Q17: 0 | R17: 0 | S17: 0 | T17: 0 | U17: 0 | V17: 0 | W17: 0 | X17: 0 | Y17: 0 | DA17: NUM.number.CY.Ser.Bld.Thermal.SC.GasHP
A18: Electric space cooling | B18: 4095.2961 | C18: 5115.2157 | D18: 6203.8365 | E18: 7042.4612 | F18: 8101.975 | G18: 9077.9324 | H18: 9819.1266 | I18: 10551.132 | J18: 11305.744 | K18: 12121.081 | L18: 13082.11 | M18: 14019.827 | N18: 14533.189 | O18: 14777.881 | P18: 14786.011 | Q18: 14834.221 | R18: 15116.974 | S18: 15473.014 | T18: 16028.155 | U18: 16672.173 | V18: 17157.275 | W18: 17172.862 | X18: 17537.251 | Y18: 17838.597 | DA18: NUM.number.CY.Ser.Bld.Thermal.SC.AC
A19: Hot water | B19: =SUM(B20:B26) -> 16275.691 | C19: =SUM(C20:C26) -> 16602.318 | D19: =SUM(D20:D26) -> 16839.115 | E19: =SUM(E20:E26) -> 17121.606 | F19: =SUM(F20:F26) -> 17501.286 | G19: =SUM(G20:G26) -> 17896.265 | H19: =SUM(H20:H26) -> 18274.047 | I19: =SUM(I20:I26) -> 18742.686 | ... Y19: =SUM(Y20:Y26) -> 23131.124 | DA19: NUM.number.CY.Ser.Bld.Thermal.HW
A20: Solids | B20: 0 | C20: 0 | D20: 0 | E20: 0 | F20: 0 | G20: 0 | H20: 0 | I20: 0 | J20: 0 | K20: 0 | L20: 0 | M20: 0 | N20: 0 | O20: 0 | P20: 0 | Q20: 0 | R20: 0 | S20: 0 | T20: 0 | U20: 0 | V20: 0 | W20: 0 | X20: 0 | Y20: 0 | DA20: NUM.number.CY.Ser.Bld.Thermal.HW.Solids
A21: Liquified petroleum gas (LPG) | B21: 0 | C21: 0 | D21: 0 | E21: 0 | F21: 0 | G21: 0 | H21: 4563.5338 | I21: 6001.8645 | J21: 6792.9495 | K21: 6919.0502 | L21: 6973.3279 | M21: 6784.2266 | N21: 6415.1549 | O21: 5928.2014 | P21: 5279.3026 | Q21: 5097.7265 | R21: 5082.1879 | S21: 5140.2569 | T21: 5062.2709 | U21: 4920.3339 | V21: 4437.6077 | W21: 4258.5382 | X21: 4451.005 | Y21: 4494.8266 | DA21: NUM.number.CY.Ser.Bld.Thermal.HW.LPG
A22: Diesel oil | B22: 533.5819 | C22: 538.27551 | D22: 541.86156 | E22: 545.11263 | F22: 550.72762 | G22: 558.21431 | H22: 568.56378 | I22: 578.22101 | J22: 582.99346 | K22: 589.6969 | L22: 598.55759 | M22: 607.31142 | N22: 616.27966 | O22: 621.15895 | P22: 628.02463 | Q22: 635.91377 | R22: 650.08913 | S22: 671.5533 | T22: 696.20245 | U22: 727.10933 | V22: 735.51135 | W22: 744.94536 | X22: 766.46299 | Y22: 772.22582 | DA22: NUM.number.CY.Ser.Bld.Thermal.HW.Oil
A23: Natural gas | B23: 0 | C23: 0 | D23: 0 | E23: 0 | F23: 0 | G23: 0 | H23: 0 | I23: 0 | J23: 0 | K23: 0 | L23: 0 | M23: 0 | N23: 0 | O23: 0 | P23: 0 | Q23: 0 | R23: 0 | S23: 0 | T23: 0 | U23: 0 | V23: 0 | W23: 0 | X23: 0 | Y23: 0 | DA23: NUM.number.CY.Ser.Bld.Thermal.HW.Gas
A24: Biomass | B24: 0 | C24: 0 | D24: 0 | E24: 0 | F24: 0 | G24: 0 | H24: 0 | I24: 0 | J24: 0 | K24: 0 | L24: 0 | M24: 0 | N24: 0 | O24: 0 | P24: 0 | Q24: 0 | R24: 0 | S24: 0 | T24: 0 | U24: 0 | V24: 0 | W24: 0 | X24: 0 | Y24: 0 | DA24: NUM.number.CY.Ser.Bld.Thermal.HW.Biomass
A25: Distributed heat | B25: 0 | C25: 0 | D25: 0 | E25: 0 | F25: 0 | G25: 0 | H25: 0 | I25: 0 | J25: 0 | K25: 0 | L25: 0 | M25: 0 | N25: 0 | O25: 0 | P25: 0 | Q25: 0 | R25: 0 | S25: 0 | T25: 0 | U25: 0 | V25: 0 | W25: 0 | X25: 0 | Y25: 0 | DA25: NUM.number.CY.Ser.Bld.Thermal.HW.DistrHeat
A26: Electricity | B26: 15742.109 | C26: 16064.043 | D26: 16297.253 | E26: 16576.493 | F26: 16950.558 | G26: 17338.051 | H26: 13141.949 | I26: 12162.6 | J26: 11830.404 | K26: 12321.661 | L26: 12938.34 | M26: 13592.397 | N26: 14442.101 | O26: 14932.568 | P26: 15356.208 | Q26: 15389.522 | R26: 15567.408 | S26: 15785.79 | T26: 16135.972 | U26: 16536.547 | V26: 17261.39 | W26: 17672.217 | X26: 17690.292 | Y26: 17864.072 | DA26: NUM.number.CY.Ser.Bld.Thermal.HW.Elc
A27: Solar | B27: 6064.2376 | C27: 5851.7084 | D27: 6469.0263 | E27: 7104.0256 | F27: 7688.7725 | G27: 8531.9718 | H27: 8502.2152 | I27: 9591.8166 | J27: 10103.006 | K27: 10859.099 | L27: 11164.087 | M27: 11569.119 | N27: 11261.738 | O27: 10281.46 | P27: 10278.501 | Q27: 10578.234 | R27: 11045.715 | S27: 11929.437 | T27: 11937.473 | U27: 12067.406 | V27: 13242.578 | W27: 13099.516 | X27: 9920.7877 | Y27: 9139.6949 | DA27: NUM.number.CY.Ser.Bld.Thermal.HW.Solar
A28: Solar
A29: Catering | B29: =SUM(B30:B33) -> 16275.691 | C29: =SUM(C30:C33) -> 16602.318 | D29: =SUM(D30:D33) -> 16839.115 | E29: =SUM(E30:E33) -> 17121.606 | F29: =SUM(F30:F33) -> 17501.286 | G29: =SUM(G30:G33) -> 17896.265 | H29: =SUM(H30:H33) -> 18274.047 | I29: =SUM(I30:I33) -> 18742.686 | ... Y29: =SUM(Y30:Y33) -> 23131.124 | DA29: NUM.number.CY.Ser.Bld.Thermal.CA
A30: Liquified petroleum gas (LPG) | B30: 0 | C30: 0 | D30: 0 | E30: 0 | F30: 0 | G30: 0 | H30: 2474.5708 | I30: 3184.0095 | J30: 3587.3587 | K30: 3483.9769 | L30: 3572.3025 | M30: 3896.1784 | N30: 4075.3275 | O30: 4064.9143 | P30: 3918.4824 | Q30: 4234.4716 | R30: 4668.8662 | S30: 5621.7241 | T30: 5726.9862 | U30: 5664.1478 | V30: 5754.046 | W30: 5699.5733 | X30: 5349.9357 | Y30: 5091.312 | DA30: NUM.number.CY.Ser.Bld.Thermal.CA.LPG
A31: Natural gas | B31: 0 | C31: 0 | D31: 0 | E31: 0 | F31: 0 | G31: 0 | H31: 0 | I31: 0 | J31: 0 | K31: 0 | L31: 0 | M31: 0 | N31: 0 | O31: 0 | P31: 0 | Q31: 0 | R31: 0 | S31: 0 | T31: 0 | U31: 0 | V31: 0 | W31: 0 | X31: 0 | Y31: 0 | DA31: NUM.number.CY.Ser.Bld.Thermal.CA.Gas
A32: Biomass | B32: 1028.3862 | C32: 1134.2953 | D32: 1342.5611 | E32: 1511.706 | F32: 1728.4613 | G32: 2014.6796 | H32: 2272.3681 | I32: 2626.1623 | J32: 2774.1698 | K32: 2849.2592 | L32: 2860.9893 | M32: 2876.5044 | N32: 2891.3956 | O32: 2898.1147 | P32: 2877.835 | Q32: 2848.6394 | R32: 2839.599 | S32: 2915.8813 | T32: 3098.2654 | U32: 3100.7374 | V32: 3125.6062 | W32: 2906.8163 | X32: 2535.4529 | Y32: 2408.5747 | DA32: NUM.number.CY.Ser.Bld.Thermal.CA.Biomass
A33: Electricity | B33: 15247.305 | C33: 15468.023 | D33: 15496.554 | E33: 15609.9 | F33: 15772.825 | G33: 15881.585 | H33: 13527.108 | I33: 12932.514 | J33: 12844.818 | K33: 13497.172 | L33: 14076.934 | M33: 14211.253 | N33: 14506.813 | O33: 14518.899 | P33: 14467.217 | Q33: 14040.051 | R33: 13791.219 | S33: 13059.995 | T33: 13069.193 | U33: 13419.105 | V33: 13554.857 | W33: 14069.311 | X33: 15022.372 | Y33: 15631.237 | DA33: NUM.number.CY.Ser.Bld.Thermal.CA.Elc

Sheet SER_hh_fec
A1: CY - Final energy consumption | B1: 2000 | C1: 2001 | D1: 2002 | E1: 2003 | F1: 2004 | G1: 2005 | H1: 2006 | I1: 2007 | J1: 2008 | K1: 2009 | L1: 2010 | M1: 2011 | N1: 2012 | O1: 2013 | P1: 2014 | Q1: 2015 | R1: 2016 | S1: 2017 | T1: 2018 | U1: 2019 | V1: 2020 | W1: 2021 | X1: 2022 | Y1: 2023 | DA1: Code
A3: Final energy consumption (ktoe) | B3: =SUM(B4,B16,B19,B29) -> 97.062602 | C3: =SUM(C4,C16,C19,C29) -> 105.688 | D3: =SUM(D4,D16,D19,D29) -> 114.3036 | E3: =SUM(E4,E16,E19,E29) -> 119.12422 | F3: =SUM(F4,F16,F19,F29) -> 119.94612 | G3: =SUM(G4,G16,G19,G29) -> 124.87525 | H3: =SUM(H4,H16,H19,H29) -> 151.02902 | I3: =SUM(I4,I16,I19,I29) -> 158.55646 | ... Y3: =SUM(Y4,Y16,Y19,Y29) -> 194.72176 | DA3: FEC.ktoe.CY.Ser.Bld.Thermal
A4: Space heating | B4: =SUM(B5:B15) -> 32.254552 | C4: =SUM(C5:C15) -> 40.013564 | D4: =SUM(D5:D15) -> 46.239347 | E4: =SUM(E5:E15) -> 47.2052 | F4: =SUM(F5:F15) -> 48.984884 | G4: =SUM(G5:G15) -> 52.807986 | H4: =SUM(H5:H15) -> 74.484315 | I4: =SUM(I5:I15) -> 77.723091 | ... Y4: =SUM(Y5:Y15) -> 101.56881 | DA4: FEC.ktoe.CY.Ser.Bld.Thermal.SH
A5: Solids | B5: 0 | C5: 0 | D5: 0 | E5: 0 | F5: 0 | G5: 0 | H5: 0 | I5: 0 | J5: 0 | K5: 0 | L5: 0 | M5: 0 | N5: 0 | O5: 0 | P5: 0 | Q5: 0 | R5: 0 | S5: 0 | T5: 0 | U5: 0 | V5: 0 | W5: 0 | X5: 0 | Y5: 0 | DA5: FEC.ktoe.CY.Ser.Bld.Thermal.SH.Solids.Solids
A6: Liquified petroleum gas (LPG) | B6: 0 | C6: 0 | D6: 0 | E6: 0 | F6: 0 | G6: 0 | H6: 0 | I6: 0 | J6: 0 | K6: 0 | L6: 0 | M6: 0 | N6: 0 | O6: 0 | P6: 0 | Q6: 0 | R6: 0 | S6: 0 | T6: 0 | U6: 0 | V6: 0 | W6: 0 | X6: 0 | Y6: 0 | DA6: FEC.ktoe.CY.Ser.Bld.Thermal.SH.LPG.LPG
A7: Diesel oil | B7: 24.878464 | C7: 25.144122 | D7: 24.049493 | E7: 24.741742 | F7: 22.14215 | G7: 21.193589 | H7: 24.360985 | I7: 25.409194 | J7: 34.667208 | K7: 26.468512 | L7: 30.596729 | M7: 29.573879 | N7: 25.29509 | O7: 27.304775 | P7: 26.388347 | Q7: 22.347098 | R7: 21.28261 | S7: 25.323036 | T7: 23.678959 | U7: 30.025474 | V7: 24.494762 | W7: 27.588191 | X7: 30.464575 | Y7: 31.082419 | DA7: FEC.ktoe.CY.Ser.Bld.Thermal.SH.Oil.Oil_LiqBio
A8: Gas heat pumps | B8: 0 | C8: 0 | D8: 0 | E8: 0 | F8: 0 | G8: 0 | H8: 0 | I8: 0 | J8: 0 | K8: 0 | L8: 0 | M8: 0 | N8: 0 | O8: 0 | P8: 0 | Q8: 0 | R8: 0 | S8: 0 | T8: 0 | U8: 0 | V8: 0 | W8: 0 | X8: 0 | Y8: 0 | DA8: FEC.ktoe.CY.Ser.Bld.Thermal.SH.GasHP.NG_Biogas
A9: Conventional gas heaters | B9: 0 | C9: 0 | D9: 0 | E9: 0 | F9: 0 | G9: 0 | H9: 0 | I9: 0 | J9: 0 | K9: 0.2627687 | L9: 0.28658641 | M9: 0.2627687 | N9: 0.2627687 | O9: 0.2627687 | P9: 0.28658641 | Q9: 0.28658641 | R9: 0.38211522 | S9: 0.40103181 | T9: 1.0655202 | U9: 1.2809974 | V9: 0.48177128 | W9: 0.56414445 | X9: 0.65468616 | Y9: 0.88564058 | DA9: FEC.ktoe.CY.Ser.Bld.Thermal.SH.GasTH.NG_Biogas
A10: Biomass | B10: 0 | C10: 0 | D10: 0 | E10: 0 | F10: 0 | G10: 0 | H10: 0 | I10: 0.33439381 | J10: 1.3852966 | K10: 1.614583 | L10: 0.46815133 | M10: 0.83599312 | N10: 1.2540499 | O10: 1.1459673 | P10: 1.0653138 | Q10: 2.9912296 | R10: 2.2461737 | S10: 3.1074807 | T10: 1.7008598 | U10: 1.0268348 | V10: 0.93514787 | W10: 3.0187446 | X10: 3.972141 | Y10: 2.5419604 | DA10: FEC.ktoe.CY.Ser.Bld.Thermal.SH.Biomass.Biomass_Waste
A11: Geothermal | B11: 0 | C11: 0 | D11: 0 | E11: 0 | F11: 0 | G11: 0 | H11: 0 | I11: 0 | J11: 0 | K11: 0 | L11: 0 | M11: 0 | N11: 0 | O11: 0 | P11: 0 | Q11: 0 | R11: 0 | S11: 0 | T11: 0 | U11: 0 | V11: 0 | W11: 0 | X11: 0 | Y11: 0 | DA11: FEC.ktoe.CY.Ser.Bld.Thermal.SH.Geo.Geo
A12: Distributed heat | B12: 0 | C12: 0 | D12: 0 | E12: 0 | F12: 0 | G12: 0 | H12: 0 | I12: 0 | J12: 0 | K12: 0 | L12: 0 | M12: 0 | N12: 0 | O12: 0 | P12: 0 | Q12: 0 | R12: 0 | S12: 0 | T12: 0 | U12: 0 | V12: 0 | W12: 0 | X12: 0 | Y12: 0 | DA12: FEC.ktoe.CY.Ser.Bld.Thermal.SH.DistrHeat.Steam_Distr
A13: Advanced electric heating | B13: 0.21128932 | C13: 0.65728557 | D13: 1.0669531 | E13: 1.4957272 | F13: 2.0953407 | G13: 2.880013 | H13: 3.4237306 | I13: 4.01054 | J13: 4.3142448 | K13: 5.2383263 | L13: 5.5215497 | M13: 6.5726024 | N13: 9.4037069 | O13: 16.994 | P13: 16.840126 | Q13: 18.358156 | R13: 17.874159 | S13: 18.120565 | T13: 18.444071 | U13: 18.816473 | V13: 17.00593 | W13: 17.043059 | X13: 17.545126 | Y13: 17.119063 | DA13: FEC.ktoe.CY.Ser.Bld.Thermal.SH.AdvElc.Elec
A14: Conventional electric heating | B14: 6.9717218 | C14: 14.021075 | D14: 20.943759 | E14: 20.786903 | F14: 24.588453 | G14: 28.584819 | H14: 46.530411 | I14: 47.793578 | J14: 54.203552 | K14: 60.409016 | L14: 64.649963 | M14: 58.385305 | N14: 28.857819 | O14: 5.5604234 | P14: 12.152739 | Q14: 13.854572 | R14: 25.587063 | S14: 32.004422 | T14: 32.216251 | U14: 40.633894 | V14: 17.270493 | W14: 32.534188 | X14: 50.517789 | Y14: 49.64023 | DA14: FEC.ktoe.CY.Ser.Bld.Thermal.SH.ConvElc.Elec
A15: Electricity in circulation and other use | B15: 0.1930765 | C15: 0.19108103 | D15: 0.17914175 | E15: 0.18082789 | F15: 0.15894019 | G15: 0.14956561 | H15: 0.16918813 | I15: 0.17538493 | J15: 0.24466967 | K15: 0.19689561 | L15: 0.23063714 | M15: 0.23507914 | N15: 0.21545839 | O15: 0.24244087 | P15: 0.23280745 | Q15: 0.20491448 | R15: 0.19308841 | S15: 0.22974369 | T15: 0.21936864 | U15: 0.27449328 | V15: 0.21798421 | W15: 0.25510183 | X15: 0.29016051 | Y15: 0.29949388 | DA15: FEC.ktoe.CY.Ser.Bld.Thermal.SH.TotalCirculation.Elec
A16: Space cooling | B16: =SUM(B17:B18) -> 16.949729 | C16: =SUM(C17:C18) -> 17.202454 | D16: =SUM(D17:D18) -> 18.809043 | E16: =SUM(E17:E18) -> 21.933364 | F16: =SUM(F17:F18) -> 19.877075 | G16: =SUM(G17:G18) -> 19.489387 | H16: =SUM(H17:H18) -> 23.343422 | I16: =SUM(I17:I18) -> 26.998459 | ... Y16: =SUM(Y17:Y18) -> 31.370503 | DA16: FEC.ktoe.CY.Ser.Bld.Thermal.SC
A17: Gas heat pumps | B17: 0 | C17: 0 | D17: 0 | E17: 0 | F17: 0 | G17: 0 | H17: 0 | I17: 0 | J17: 0 | K17: 0 | L17: 0 | M17: 0 | N17: 0 | O17: 0 | P17: 0 | Q17: 0 | R17: 0 | S17: 0 | T17: 0 | U17: 0 | V17: 0 | W17: 0 | X17: 0 | Y17: 0 | DA17: FEC.ktoe.CY.Ser.Bld.Thermal.SC.GasHP.NG_Biogas
A18: Electric space cooling | B18: 16.949729 | C18: 17.202454 | D18: 18.809043 | E18: 21.933364 | F18: 19.877075 | G18: 19.489387 | H18: 23.343422 | I18: 26.998459 | J18: 28.220353 | K18: 28.598869 | L18: 31.46488 | M18: 27.988637 | N18: 34.108641 | O18: 28.351607 | P18: 24.701099 | Q18: 26.186347 | R18: 29.553906 | S18: 27.903179 | T18: 35.632972 | U18: 30.663743 | V18: 32.232167 | W18: 29.119375 | X18: 27.895686 | Y18: 31.370503 | DA18: FEC.ktoe.CY.Ser.Bld.Thermal.SC.AC.Elec
A19: Hot water | B19: =SUM(B20:B27) -> 26.753195 | C19: =SUM(C20:C27) -> 27.117535 | D19: =SUM(D20:D27) -> 27.360831 | E19: =SUM(E20:E27) -> 27.625941 | F19: =SUM(F20:F27) -> 27.755045 | G19: =SUM(G20:G27) -> 28.303419 | H19: =SUM(H20:H27) -> 27.040172 | I19: =SUM(I20:I27) -> 26.611559 | ... Y19: =SUM(Y20:Y27) -> 29.686166 | DA19: FEC.ktoe.CY.Ser.Bld.Thermal.HW
A20: Solids | B20: 0 | C20: 0 | D20: 0 | E20: 0 | F20: 0 | G20: 0 | H20: 0 | I20: 0 | J20: 0 | K20: 0 | L20: 0 | M20: 0 | N20: 0 | O20: 0 | P20: 0 | Q20: 0 | R20: 0 | S20: 0 | T20: 0 | U20: 0 | V20: 0 | W20: 0 | X20: 0 | Y20: 0 | DA20: FEC.ktoe.CY.Ser.Bld.Thermal.HW.Solids.Solids
A21: Liquified petroleum gas (LPG) | B21: 0 | C21: 0 | D21: 0 | E21: 0 | F21: 0 | G21: 0 | H21: 8.8993442 | I21: 8.9934436 | J21: 9.1230501 | K21: 9.1920626 | L21: 9.4890961 | M21: 9.0461225 | N21: 8.5453432 | O21: 7.9865387 | P21: 6.7827803 | Q21: 6.5764733 | R21: 6.6684546 | S21: 6.7611176 | T21: 6.4019527 | U21: 6.2419201 | V21: 4.8696692 | W21: 4.4135425 | X21: 5.0442263 | Y21: 5.2047441 | DA21: FEC.ktoe.CY.Ser.Bld.Thermal.HW.LPG.LPG
A22: Diesel oil | B22: 1.2011395 | C22: 1.2085676 | D22: 1.2108518 | E22: 1.2013127 | F22: 1.2066037 | G22: 1.2085778 | H22: 1.1907777 | I22: 1.1709435 | J22: 1.153084 | K22: 1.1493729 | L22: 1.1437697 | M22: 1.1463275 | N22: 1.1503095 | O22: 1.1231705 | P22: 1.12584 | Q22: 1.1225491 | R22: 1.1316636 | S22: 1.1186662 | T22: 1.1255126 | U22: 1.1225057 | V22: 1.0263045 | W22: 1.1120674 | X22: 1.2545996 | Y22: 1.2754482 | DA22: FEC.ktoe.CY.Ser.Bld.Thermal.HW.Oil.Oil_LiqBio
A23: Natural gas | B23: 0 | C23: 0 | D23: 0 | E23: 0 | F23: 0 | G23: 0 | H23: 0 | I23: 0 | J23: 0 | K23: 0 | L23: 0 | M23: 0 | N23: 0 | O23: 0 | P23: 0 | Q23: 0 | R23: 0 | S23: 0 | T23: 0 | U23: 0 | V23: 0 | W23: 0 | X23: 0 | Y23: 0 | DA23: FEC.ktoe.CY.Ser.Bld.Thermal.HW.Gas.NG_Biogas
A24: Biomass | B24: 0 | C24: 0 | D24: 0 | E24: 0 | F24: 0 | G24: 0 | H24: 0 | I24: 0 | J24: 0 | K24: 0 | L24: 0 | M24: 0 | N24: 0 | O24: 0 | P24: 0 | Q24: 0 | R24: 0 | S24: 0 | T24: 0 | U24: 0 | V24: 0 | W24: 0 | X24: 0 | Y24: 0 | DA24: FEC.ktoe.CY.Ser.Bld.Thermal.HW.Biomass.Biomass_Waste
A25: Distributed heat | B25: 0 | C25: 0 | D25: 0 | E25: 0 | F25: 0 | G25: 0 | H25: 0 | I25: 0 | J25: 0 | K25: 0 | L25: 0 | M25: 0 | N25: 0 | O25: 0 | P25: 0 | Q25: 0 | R25: 0 | S25: 0 | T25: 0 | U25: 0 | V25: 0 | W25: 0 | X25: 0 | Y25: 0 | DA25: FEC.ktoe.CY.Ser.Bld.Thermal.HW.DistrHeat.Steam_Distr
A26: Electricity | B26: 20.31749 | C26: 20.832918 | D26: 20.957693 | E26: 21.094953 | F26: 20.707987 | G26: 21.0043 | H26: 10.620643 | I26: 8.6130363 | J26: 8.7151109 | K26: 8.914376 | L26: 8.6100387 | M26: 9.2827799 | N26: 9.7709656 | O26: 9.903432 | P26: 10.35366 | Q26: 10.202641 | R26: 10.234367 | S26: 9.6463795 | T26: 9.7404283 | U26: 9.2040879 | V26: 8.6633348 | W26: 8.8992432 | X26: 12.333592 | Y26: 13.909327 | DA26: FEC.ktoe.CY.Ser.Bld.Thermal.HW.Elc.Elec
A27: Solar | B27: 5.2345659 | C27: 5.0760496 | D27: 5.1922864 | E27: 5.3296758 | F27: 5.8404536 | G27: 6.0905417 | H27: 6.3294067 | I27: 7.8341359 | J27: 8.4073947 | K27: 8.6939811 | L27: 9.1239037 | M27: 9.4104901 | N27: 9.6732588 | O27: 9.8643164 | P27: 10.007653 | Q27: 10.174807 | R27: 10.342046 | S27: 10.53233 | T27: 10.748237 | U27: 10.911006 | V27: 11.095357 | W27: 11.288994 | X27: 9.2009458 | Y27: 9.2966466 | DA27: FEC.ktoe.CY.Ser.Bld.Thermal.HW.TotalSolar.Solar
A28: Solar
A29: Catering | B29: =SUM(B30:B33) -> 21.105126 | C29: =SUM(C30:C33) -> 21.354446 | D29: =SUM(D30:D33) -> 21.89438 | E29: =SUM(E30:E33) -> 22.359711 | F29: =SUM(F30:F33) -> 23.329113 | G29: =SUM(G30:G33) -> 24.274463 | H29: =SUM(H30:H33) -> 26.161107 | I29: =SUM(I30:I33) -> 27.223351 | ... Y29: =SUM(Y30:Y33) -> 32.096285 | DA29: FEC.ktoe.CY.Ser.Bld.Thermal.CA
A30: Liquified petroleum gas (LPG) | B30: 0 | C30: 0 | D30: 0 | E30: 0 | F30: 0 | G30: 0 | H30: 5.7873282 | I30: 5.6932288 | J30: 6.693287 | K30: 5.4946098 | L30: 5.1975763 | M30: 6.7702145 | N30: 7.2709939 | O30: 6.7001337 | P30: 5.6443908 | Q30: 6.9804485 | R30: 6.8884672 | S30: 9.6043166 | T30: 10.160042 | U30: 12.720849 | V30: 9.1335123 | W30: 7.8441531 | X30: 9.3226697 | Y30: 8.2143445 | DA30: FEC.ktoe.CY.Ser.Bld.Thermal.CA.LPG
A31: Natural gas | B31: 0 | C31: 0 | D31: 0 | E31: 0 | F31: 0 | G31: 0 | H31: 0 | I31: 0 | J31: 0 | K31: 0 | L31: 0 | M31: 0 | N31: 0 | O31: 0 | P31: 0 | Q31: 0 | R31: 0 | S31: 0 | T31: 0 | U31: 0 | V31: 0 | W31: 0 | X31: 0 | Y31: 0 | DA31: FEC.ktoe.CY.Ser.Bld.Thermal.CA.Gas.NG_Biogas
A32: Biomass | B32: 1.7614789 | C32: 1.7614789 | D32: 2.4660791 | E32: 2.4660791 | F32: 2.9425623 | G32: 3.6782459 | H32: 3.6782459 | I32: 5.1495271 | J32: 5.1495271 | K32: 5.0731212 | L32: 5.0731212 | M32: 5.0731212 | N32: 5.0731212 | O32: 5.0731212 | P32: 5.0731212 | Q32: 4.9321582 | R32: 4.9321582 | S32: 4.9822012 | T32: 5.0527945 | U32: 6.1588058 | V32: 6.0702692 | W32: 4.0993121 | X32: 4.5749785 | Y32: 4.1641445 | DA32: FEC.ktoe.CY.Ser.Bld.Thermal.CA.Biomass.Biomass_Waste
A33: Electricity | B33: 19.343647 | C33: 19.592967 | D33: 19.428301 | E33: 19.893632 | F33: 20.38655 | G33: 20.596217 | H33: 16.695533 | I33: 16.380595 | J33: 16.453691 | K33: 18.036357 | L33: 18.696744 | M33: 18.009407 | N33: 18.14232 | O33: 18.088347 | P33: 18.948526 | Q33: 17.74577 | R33: 17.992725 | S33: 16.095707 | T33: 16.114729 | U33: 13.617123 | V33: 13.358419 | W33: 16.691402 | X33: 16.896408 | Y33: 19.717796 | DA33: FEC.ktoe.CY.Ser.Bld.Thermal.CA.Elc.Elec

Sheet SER_hh_tes
A1: CY - Thermal energy service | B1: 2000 | C1: 2001 | D1: 2002 | E1: 2003 | F1: 2004 | G1: 2005 | H1: 2006 | I1: 2007 | J1: 2008 | K1: 2009 | L1: 2010 | M1: 2011 | N1: 2012 | O1: 2013 | P1: 2014 | Q1: 2015 | R1: 2016 | S1: 2017 | T1: 2018 | U1: 2019 | V1: 2020 | W1: 2021 | X1: 2022 | Y1: 2023 | DA1: Code
A3: Thermal energy service (ktoe useful) | B3: =SUM(B4,B16,B19,B29) -> 75.443503 | C3: =SUM(C4,C16,C19,C29) -> 84.04969 | D3: =SUM(D4,D16,D19,D29) -> 94.878406 | E3: =SUM(E4,E16,E19,E29) -> 105.67644 | F3: =SUM(F4,F16,F19,F29) -> 107.43942 | G3: =SUM(G4,G16,G19,G29) -> 113.78476 | H3: =SUM(H4,H16,H19,H29) -> 140.31148 | I3: =SUM(I4,I16,I19,I29) -> 157.00805 | ... Y3: =SUM(Y4,Y16,Y19,Y29) -> 303.94907 | DA3: TES.ktoe.CY.Ser.Bld.Thermal
A4: Space heating | B4: =SUM(B5:B15) -> 14.117747 | C4: =SUM(C5:C15) -> 19.064543 | D4: =SUM(D5:D15) -> 23.509344 | E4: =SUM(E5:E15) -> 24.589689 | F4: =SUM(F5:F15) -> 27.065019 | G4: =SUM(G5:G15) -> 30.714158 | H4: =SUM(H5:H15) -> 44.013503 | I4: =SUM(I5:I15) -> 46.732137 | ... Y4: =SUM(Y5:Y15) -> 112.59331 | DA4: TES.ktoe.CY.Ser.Bld.Thermal.SH
A5: Solids | B5: 0 | C5: 0 | D5: 0 | E5: 0 | F5: 0 | G5: 0 | H5: 0 | I5: 0 | J5: 0 | K5: 0 | L5: 0 | M5: 0 | N5: 0 | O5: 0 | P5: 0 | Q5: 0 | R5: 0 | S5: 0 | T5: 0 | U5: 0 | V5: 0 | W5: 0 | X5: 0 | Y5: 0 | DA5: TES.ktoe.CY.Ser.Bld.Thermal.SH.Solids.Solids
A6: Liquified petroleum gas (LPG) | B6: 0 | C6: 0 | D6: 0 | E6: 0 | F6: 0 | G6: 0 | H6: 0 | I6: 0 | J6: 0 | K6: 0 | L6: 0 | M6: 0 | N6: 0 | O6: 0 | P6: 0 | Q6: 0 | R6: 0 | S6: 0 | T6: 0 | U6: 0 | V6: 0 | W6: 0 | X6: 0 | Y6: 0 | DA6: TES.ktoe.CY.Ser.Bld.Thermal.SH.LPG.LPG
A7: Diesel oil | B7: 9.653825 | C7: 9.7569108 | D7: 9.3321517 | E7: 9.6007715 | F7: 8.5920274 | G7: 8.2239482 | H7: 9.4530227 | I7: 9.8597692 | J7: 13.660385 | K7: 10.747425 | L7: 13.012583 | M7: 13.257839 | N7: 12.074028 | O7: 13.752664 | P7: 13.294885 | Q7: 11.258837 | R7: 10.72253 | S7: 12.758164 | T7: 11.95621 | U7: 15.328232 | V7: 12.624513 | W7: 14.359728 | X7: 16.069018 | Y7: 16.866079 | DA7: TES.ktoe.CY.Ser.Bld.Thermal.SH.Oil.Oil_LiqBio
A8: Gas heat pumps | B8: 0 | C8: 0 | D8: 0 | E8: 0 | F8: 0 | G8: 0 | H8: 0 | I8: 0 | J8: 0 | K8: 0 | L8: 0 | M8: 0 | N8: 0 | O8: 0 | P8: 0 | Q8: 0 | R8: 0 | S8: 0 | T8: 0 | U8: 0 | V8: 0 | W8: 0 | X8: 0 | Y8: 0 | DA8: TES.ktoe.CY.Ser.Bld.Thermal.SH.GasHP.NG_Biogas
A9: Conventional gas heaters | B9: 0 | C9: 0 | D9: 0 | E9: 0 | F9: 0 | G9: 0 | H9: 0 | I9: 0 | J9: 0 | K9: 0.19314755 | L9: 0.2111107 | M9: 0.19405114 | N9: 0.19447993 | O9: 0.19448672 | P9: 0.21225825 | Q9: 0.21281795 | R9: 0.2940707 | S9: 0.32052322 | T9: 0.87689376 | U9: 1.0655829 | V9: 0.40427339 | W9: 0.4786344 | X9: 0.5606545 | Y9: 0.76580734 | DA9: TES.ktoe.CY.Ser.Bld.Thermal.SH.GasTH.NG_Biogas
A10: Biomass | B10: 0 | C10: 0 | D10: 0 | E10: 0 | F10: 0 | G10: 0 | H10: 0 | I10: 0.15777547 | J10: 0.65806142 | K10: 0.76698482 | L10: 0.22242536 | M10: 0.39834999 | N10: 0.60403844 | O10: 0.55864594 | P10: 0.52509194 | Q10: 1.5026515 | R10: 1.131081 | S10: 1.5674881 | T10: 0.8598484 | U10: 0.51910348 | V10: 0.47501134 | W10: 1.5815538 | X10: 2.1582627 | Y10: 1.4100588 | DA10: TES.ktoe.CY.Ser.Bld.Thermal.SH.Biomass.Biomass_Waste
A11: Geothermal | B11: 0 | C11: 0 | D11: 0 | E11: 0 | F11: 0 | G11: 0 | H11: 0 | I11: 0 | J11: 0 | K11: 0 | L11: 0 | M11: 0 | N11: 0 | O11: 0 | P11: 0 | Q11: 0 | R11: 0 | S11: 0 | T11: 0 | U11: 0 | V11: 0 | W11: 0 | X11: 0 | Y11: 0 | DA11: TES.ktoe.CY.Ser.Bld.Thermal.SH.Geo.Geo
A12: Distributed heat | B12: 0 | C12: 0 | D12: 0 | E12: 0 | F12: 0 | G12: 0 | H12: 0 | I12: 0 | J12: 0 | K12: 0 | L12: 0 | M12: 0 | N12: 0 | O12: 0 | P12: 0 | Q12: 0 | R12: 0 | S12: 0 | T12: 0 | U12: 0 | V12: 0 | W12: 0 | X12: 0 | Y12: 0 | DA12: TES.ktoe.CY.Ser.Bld.Thermal.SH.DistrHeat.Steam_Distr
A13: Advanced electric heating | B13: 0.28091205 | C13: 0.96113693 | D13: 1.6845522 | E13: 2.4957634 | F13: 3.639235 | G13: 5.1603549 | H13: 6.2184154 | I13: 7.4353376 | J13: 8.1498346 | K13: 10.305935 | L13: 11.545156 | M13: 15.033865 | N13: 23.426261 | O13: 44.964333 | P13: 45.69214 | Q13: 50.578177 | R13: 50.067017 | S13: 52.097805 | T13: 54.476143 | U13: 56.82189 | V13: 52.317796 | W13: 53.075131 | X13: 55.239021 | Y13: 55.22835 | DA13: TES.ktoe.CY.Ser.Bld.Thermal.SH.AdvElc.Elec
A14: Conventional electric heating | B14: 3.9899337 | C14: 8.1554138 | D14: 12.313498 | E14: 12.312326 | F14: 14.674817 | G14: 17.180289 | H14: 28.172876 | I14: 29.10387 | J14: 33.189111 | K14: 37.221652 | L14: 40.007147 | M14: 36.253242 | N14: 17.977456 | O14: 3.4754475 | P14: 7.5958613 | Q14: 8.6863096 | R14: 16.274304 | S14: 20.746686 | T14: 21.238127 | U14: 27.250073 | V14: 11.907309 | W14: 23.442395 | X14: 37.920515 | Y14: 38.023517 | DA14: TES.ktoe.CY.Ser.Bld.Thermal.SH.ConvElc.Elec
A15: Electricity in circulation and other use | B15: 0.1930765 | C15: 0.19108103 | D15: 0.17914175 | E15: 0.18082789 | F15: 0.15894019 | G15: 0.14956561 | H15: 0.16918813 | I15: 0.17538493 | J15: 0.24466967 | K15: 0.19689561 | L15: 0.23063714 | M15: 0.23507914 | N15: 0.21545839 | O15: 0.24244087 | P15: 0.23280745 | Q15: 0.20491448 | R15: 0.19308841 | S15: 0.22974369 | T15: 0.21936864 | U15: 0.27449328 | V15: 0.21798421 | W15: 0.25510183 | X15: 0.29016051 | Y15: 0.29949388 | DA15: TES.ktoe.CY.Ser.Bld.Thermal.SH.TotalCirculation.Elec
A16: Space cooling | B16: =SUM(B17:B18) -> 29.044278 | C16: =SUM(C17:C18) -> 32.320609 | D16: =SUM(D17:D18) -> 38.192515 | E16: =SUM(E17:E18) -> 47.278681 | F16: =SUM(F17:F18) -> 45.526493 | G16: =SUM(G17:G18) -> 47.146637 | H16: =SUM(H17:H18) -> 59.344558 | I16: =SUM(I17:I18) -> 72.265248 | ... Y16: =SUM(Y17:Y18) -> 142.64729 | DA16: TES.ktoe.CY.Ser.Bld.Thermal.SC
A17: Gas heat pumps | B17: 0 | C17: 0 | D17: 0 | E17: 0 | F17: 0 | G17: 0 | H17: 0 | I17: 0 | J17: 0 | K17: 0 | L17: 0 | M17: 0 | N17: 0 | O17: 0 | P17: 0 | Q17: 0 | R17: 0 | S17: 0 | T17: 0 | U17: 0 | V17: 0 | W17: 0 | X17: 0 | Y17: 0 | DA17: TES.ktoe.CY.Ser.Bld.Thermal.SC.GasHP.NG_Biogas
A18: Electric space cooling | B18: 29.044278 | C18: 32.320609 | D18: 38.192515 | E18: 47.278681 | F18: 45.526493 | G18: 47.146637 | H18: 59.344558 | I18: 72.265248 | J18: 79.864801 | K18: 83.065982 | L18: 94.675593 | M18: 88.151454 | N18: 111.72962 | O18: 96.317747 | P18: 86.99073 | Q18: 95.59509 | R18: 112.00837 | S18: 109.72995 | T18: 145.27232 | U18: 129.05827 | V18: 139.54483 | W18: 128.85259 | X18: 125.43073 | Y18: 142.64729 | DA18: TES.ktoe.CY.Ser.Bld.Thermal.SC.AC.Elec
A19: Hot water | B19: =SUM(B20:B27) -> 16.410941 | C19: =SUM(C20:C27) -> 16.570923 | D19: =SUM(D20:D27) -> 16.777341 | E19: =SUM(E20:E27) -> 17.014797 | F19: =SUM(F20:F27) -> 17.362258 | G19: =SUM(G20:G27) -> 17.813375 | H19: =SUM(H20:H27) -> 18.29558 | I19: =SUM(I20:I27) -> 18.78241 | ... Y19: =SUM(Y20:Y27) -> 24.04613 | DA19: TES.ktoe.CY.Ser.Bld.Thermal.HW
A20: Solids | B20: 0 | C20: 0 | D20: 0 | E20: 0 | F20: 0 | G20: 0 | H20: 0 | I20: 0 | J20: 0 | K20: 0 | L20: 0 | M20: 0 | N20: 0 | O20: 0 | P20: 0 | Q20: 0 | R20: 0 | S20: 0 | T20: 0 | U20: 0 | V20: 0 | W20: 0 | X20: 0 | Y20: 0 | DA20: TES.ktoe.CY.Ser.Bld.Thermal.HW.Solids.Solids
A21: Liquified petroleum gas (LPG) | B21: 0 | C21: 0 | D21: 0 | E21: 0 | F21: 0 | G21: 0 | H21: 5.7838901 | I21: 5.8488399 | J21: 5.9373107 | K21: 5.9839125 | L21: 6.1794248 | M21: 5.8911854 | N21: 5.5653406 | O21: 5.2016192 | P21: 4.4180925 | Q21: 4.283824 | R21: 4.3479676 | S21: 4.437044 | T21: 4.2642368 | U21: 4.2707203 | V21: 3.4041558 | W21: 3.2579384 | X21: 4.0559792 | Y21: 4.2440332 | DA21: TES.ktoe.CY.Ser.Bld.Thermal.HW.LPG.LPG
A22: Diesel oil | B22: 0.5100294 | C22: 0.5149661 | D22: 0.51706834 | E22: 0.51468071 | F22: 0.51907902 | G22: 0.52240056 | H22: 0.51767684 | I22: 0.5113638 | J22: 0.50654064 | K22: 0.50916943 | L22: 0.51235874 | M22: 0.52042486 | N22: 0.53258584 | O22: 0.53302658 | P22: 0.53899744 | Q22: 0.54286682 | R22: 0.55726885 | S22: 0.56338506 | T22: 0.5851306 | U22: 0.6034109 | V22: 0.56421771 | W22: 0.62986135 | X22: 0.74510621 | Y22: 0.77464511 | DA22: TES.ktoe.CY.Ser.Bld.Thermal.HW.Oil.Oil_LiqBio
A23: Natural gas | B23: 0 | C23: 0 | D23: 0 | E23: 0 | F23: 0 | G23: 0 | H23: 0 | I23: 0 | J23: 0 | K23: 0 | L23: 0 | M23: 0 | N23: 0 | O23: 0 | P23: 0 | Q23: 0 | R23: 0 | S23: 0 | T23: 0 | U23: 0 | V23: 0 | W23: 0 | X23: 0 | Y23: 0 | DA23: TES.ktoe.CY.Ser.Bld.Thermal.HW.Gas.NG_Biogas
A24: Biomass | B24: 0 | C24: 0 | D24: 0 | E24: 0 | F24: 0 | G24: 0 | H24: 0 | I24: 0 | J24: 0 | K24: 0 | L24: 0 | M24: 0 | N24: 0 | O24: 0 | P24: 0 | Q24: 0 | R24: 0 | S24: 0 | T24: 0 | U24: 0 | V24: 0 | W24: 0 | X24: 0 | Y24: 0 | DA24: TES.ktoe.CY.Ser.Bld.Thermal.HW.Biomass.Biomass_Waste
A25: Distributed heat | B25: 0 | C25: 0 | D25: 0 | E25: 0 | F25: 0 | G25: 0 | H25: 0 | I25: 0 | J25: 0 | K25: 0 | L25: 0 | M25: 0 | N25: 0 | O25: 0 | P25: 0 | Q25: 0 | R25: 0 | S25: 0 | T25: 0 | U25: 0 | V25: 0 | W25: 0 | X25: 0 | Y25: 0 | DA25: TES.ktoe.CY.Ser.Bld.Thermal.HW.DistrHeat.Steam_Distr
A26: Electricity | B26: 10.666346 | C26: 10.979908 | D26: 11.067986 | E26: 11.17044 | F26: 11.002725 | G26: 11.200432 | H26: 5.6646068 | I26: 4.5880702 | J26: 4.6425102 | K26: 4.7777285 | L26: 4.6838934 | M26: 5.1289341 | N26: 5.5383939 | O26: 5.7715539 | P26: 6.0774192 | Q26: 6.0052451 | R26: 6.0651256 | S26: 5.7506044 | T26: 5.9248911 | U26: 5.7140701 | V26: 5.4072158 | W26: 5.6979336 | X26: 8.3987647 | Y26: 9.7308054 | DA26: TES.ktoe.CY.Ser.Bld.Thermal.HW.Elc.Elec
A27: Solar | B27: 5.2345659 | C27: 5.0760496 | D27: 5.1922864 | E27: 5.3296758 | F27: 5.8404536 | G27: 6.0905417 | H27: 6.3294067 | I27: 7.8341359 | J27: 8.4073947 | K27: 8.6939811 | L27: 9.1239037 | M27: 9.4104901 | N27: 9.6732588 | O27: 9.8643164 | P27: 10.007653 | Q27: 10.174807 | R27: 10.342046 | S27: 10.53233 | T27: 10.748237 | U27: 10.911006 | V27: 11.095357 | W27: 11.288994 | X27: 9.2009458 | Y27: 9.2966466 | DA27: TES.ktoe.CY.Ser.Bld.Thermal.HW.TotalSolar.Solar
A28: Solar
A29: Catering | B29: =SUM(B30:B33) -> 15.870537 | C29: =SUM(C30:C33) -> 16.093616 | D29: =SUM(D30:D33) -> 16.399206 | E29: =SUM(E30:E33) -> 16.793269 | F29: =SUM(F30:F33) -> 17.485653 | G29: =SUM(G30:G33) -> 18.110594 | H29: =SUM(H30:H33) -> 18.657842 | I29: =SUM(I30:I33) -> 19.228257 | ... Y29: =SUM(Y30:Y33) -> 24.662339 | DA29: TES.ktoe.CY.Ser.Bld.Thermal.CA
A30: Liquified petroleum gas (LPG) | B30: 0 | C30: 0 | D30: 0 | E30: 0 | F30: 0 | G30: 0 | H30: 3.5609775 | I30: 3.5031955 | J30: 4.1186855 | K30: 3.381086 | L30: 3.1983518 | M30: 4.1663751 | N30: 4.4748108 | O30: 4.1236627 | P30: 3.474056 | Q30: 4.2972832 | R30: 4.2426462 | S30: 5.9213905 | T30: 6.2697989 | U30: 7.8532607 | V30: 5.6412159 | W30: 4.8463959 | X30: 5.7610424 | Y30: 5.0784916 | DA30: TES.ktoe.CY.Ser.Bld.Thermal.CA.LPG
A31: Natural gas | B31: 0 | C31: 0 | D31: 0 | E31: 0 | F31: 0 | G31: 0 | H31: 0 | I31: 0 | J31: 0 | K31: 0 | L31: 0 | M31: 0 | N31: 0 | O31: 0 | P31: 0 | Q31: 0 | R31: 0 | S31: 0 | T31: 0 | U31: 0 | V31: 0 | W31: 0 | X31: 0 | Y31: 0 | DA31: TES.ktoe.CY.Ser.Bld.Thermal.CA.Gas.NG_Biogas
A32: Biomass | B32: 1.0001475 | C32: 1.0021227 | D32: 1.406183 | E32: 1.4084799 | F32: 1.6831768 | G32: 2.1069529 | H32: 2.1092985 | I32: 2.9561747 | J32: 2.9584258 | K32: 2.9166134 | L32: 2.91807 | M32: 2.9187575 | N32: 2.9196864 | O32: 2.9208724 | P32: 2.922107 | Q32: 2.8424223 | R32: 2.8452254 | S32: 2.8794177 | T32: 2.9284602 | U32: 3.5778704 | V32: 3.5346647 | W32: 2.3894371 | X32: 2.668941 | Y32: 2.4325375 | DA32: TES.ktoe.CY.Ser.Bld.Thermal.CA.Biomass.Biomass_Waste
A33: Electricity | B33: 14.870389 | C33: 15.091493 | D33: 14.993023 | E33: 15.384789 | F33: 15.802476 | G33: 16.003642 | H33: 12.987566 | I33: 12.768887 | J33: 12.871977 | K33: 14.174794 | L33: 14.742036 | M33: 14.216306 | N33: 14.349119 | O33: 14.346032 | P33: 15.075968 | Q33: 14.164837 | R33: 14.425917 | S33: 12.951817 | T33: 13.061562 | U33: 11.179256 | V33: 11.128041 | W33: 14.138531 | X33: 14.531781 | Y33: 17.15131 | DA33: TES.ktoe.CY.Ser.Bld.Thermal.CA.Elc.Elec

Sheet SER_hh_eff
A1: CY - System efficiency indicator of total stock | B1: 2000 | C1: 2001 | D1: 2002 | E1: 2003 | F1: 2004 | G1: 2005 | H1: 2006 | I1: 2007 | J1: 2008 | K1: 2009 | L1: 2010 | M1: 2011 | N1: 2012 | O1: 2013 | P1: 2014 | Q1: 2015 | R1: 2016 | S1: 2017 | T1: 2018 | U1: 2019 | V1: 2020 | W1: 2021 | X1: 2022 | Y1: 2023 | DA1: Code
A3: Ratio of energy service to energy consumption | B3: =IF(SER_hh_tes!B3=0,"",SER_hh_tes!B3/SER_hh_fec!B3) -> 0.77726644 | C3: =IF(SER_hh_tes!C3=0,"",SER_hh_tes!C3/SER_hh_fec!C3) -> 0.79526239 | D3: =IF(SER_hh_tes!D3=0,"",SER_hh_tes!D3/SER_hh_fec!D3) -> 0.83005614 | E3: =IF(SER_hh_tes!E3=0,"",SER_hh_tes!E3/SER_hh_fec!E3) -> 0.88711128 | F3: =IF(SER_hh_tes!F3=0,"",SER_hh_tes!F3/SER_hh_fec!F3) -> 0.89573073 | G3: =IF(SER_hh_tes!G3=0,"",SER_hh_tes!G3/SER_hh_fec!G3) -> 0.91118744 | H3: =IF(SER_hh_tes!H3=0,"",SER_hh_tes!H3/SER_hh_fec!H3) -> 0.9290366 | I3: =IF(SER_hh_tes!I3=0,"",SER_hh_tes!I3/SER_hh_fec!I3) -> 0.99023434 | ... Y3: =IF(SER_hh_tes!Y3=0,"",SER_hh_tes!Y3/SER_hh_fec!Y3) -> 1.5609404 | DA3: Eff.ratio.CY.Ser.Bld.Thermal
A4: Space heating | B4: =IF(SER_hh_tes!B4=0,"",SER_hh_tes!B4/SER_hh_fec!B4) -> 0.43769783 | C4: =IF(SER_hh_tes!C4=0,"",SER_hh_tes!C4/SER_hh_fec!C4) -> 0.476452 | D4: =IF(SER_hh_tes!D4=0,"",SER_hh_tes!D4/SER_hh_fec!D4) -> 0.50842725 | E4: =IF(SER_hh_tes!E4=0,"",SER_hh_tes!E4/SER_hh_fec!E4) -> 0.52091059 | F4: =IF(SER_hh_tes!F4=0,"",SER_hh_tes!F4/SER_hh_fec!F4) -> 0.55251777 | G4: =IF(SER_hh_tes!G4=0,"",SER_hh_tes!G4/SER_hh_fec!G4) -> 0.58161956 | H4: =IF(SER_hh_tes!H4=0,"",SER_hh_tes!H4/SER_hh_fec!H4) -> 0.59090968 | I4: =IF(SER_hh_tes!I4=0,"",SER_hh_tes!I4/SER_hh_fec!I4) -> 0.60126452 | ... Y4: =IF(SER_hh_tes!Y4=0,"",SER_hh_tes!Y4/SER_hh_fec!Y4) -> 1.1085422 | DA4: Eff.ratio.CY.Ser.Bld.Thermal.SH
A5: Solids | B5: =IF(SER_hh_tes!B5=0,"",SER_hh_tes!B5/SER_hh_fec!B5) | C5: =IF(SER_hh_tes!C5=0,"",SER_hh_tes!C5/SER_hh_fec!C5) | D5: =IF(SER_hh_tes!D5=0,"",SER_hh_tes!D5/SER_hh_fec!D5) | E5: =IF(SER_hh_tes!E5=0,"",SER_hh_tes!E5/SER_hh_fec!E5) | F5: =IF(SER_hh_tes!F5=0,"",SER_hh_tes!F5/SER_hh_fec!F5) | G5: =IF(SER_hh_tes!G5=0,"",SER_hh_tes!G5/SER_hh_fec!G5) | H5: =IF(SER_hh_tes!H5=0,"",SER_hh_tes!H5/SER_hh_fec!H5) | I5: =IF(SER_hh_tes!I5=0,"",SER_hh_tes!I5/SER_hh_fec!I5) | ... Y5: =IF(SER_hh_tes!Y5=0,"",SER_hh_tes!Y5/SER_hh_fec!Y5) | DA5: Eff.ratio.CY.Ser.Bld.Thermal.SH.Solids.Solids
A6: Liquified petroleum gas (LPG) | B6: =IF(SER_hh_tes!B6=0,"",SER_hh_tes!B6/SER_hh_fec!B6) | C6: =IF(SER_hh_tes!C6=0,"",SER_hh_tes!C6/SER_hh_fec!C6) | D6: =IF(SER_hh_tes!D6=0,"",SER_hh_tes!D6/SER_hh_fec!D6) | E6: =IF(SER_hh_tes!E6=0,"",SER_hh_tes!E6/SER_hh_fec!E6) | F6: =IF(SER_hh_tes!F6=0,"",SER_hh_tes!F6/SER_hh_fec!F6) | G6: =IF(SER_hh_tes!G6=0,"",SER_hh_tes!G6/SER_hh_fec!G6) | H6: =IF(SER_hh_tes!H6=0,"",SER_hh_tes!H6/SER_hh_fec!H6) | I6: =IF(SER_hh_tes!I6=0,"",SER_hh_tes!I6/SER_hh_fec!I6) | ... Y6: =IF(SER_hh_tes!Y6=0,"",SER_hh_tes!Y6/SER_hh_fec!Y6) | DA6: Eff.ratio.CY.Ser.Bld.Thermal.SH.LPG.LPG
A7: Diesel oil | B7: =IF(SER_hh_tes!B7=0,"",SER_hh_tes!B7/SER_hh_fec!B7) -> 0.38803943 | C7: =IF(SER_hh_tes!C7=0,"",SER_hh_tes!C7/SER_hh_fec!C7) -> 0.38803943 | D7: =IF(SER_hh_tes!D7=0,"",SER_hh_tes!D7/SER_hh_fec!D7) -> 0.38803943 | E7: =IF(SER_hh_tes!E7=0,"",SER_hh_tes!E7/SER_hh_fec!E7) -> 0.38803943 | F7: =IF(SER_hh_tes!F7=0,"",SER_hh_tes!F7/SER_hh_fec!F7) -> 0.38803943 | G7: =IF(SER_hh_tes!G7=0,"",SER_hh_tes!G7/SER_hh_fec!G7) -> 0.38803943 | H7: =IF(SER_hh_tes!H7=0,"",SER_hh_tes!H7/SER_hh_fec!H7) -> 0.38803943 | I7: =IF(SER_hh_tes!I7=0,"",SER_hh_tes!I7/SER_hh_fec!I7) -> 0.38803943 | ... Y7: =IF(SER_hh_tes!Y7=0,"",SER_hh_tes!Y7/SER_hh_fec!Y7) -> 0.54262439 | DA7: Eff.ratio.CY.Ser.Bld.Thermal.SH.Oil.Oil_LiqBio
A8: Gas heat pumps | B8: =IF(SER_hh_tes!B8=0,"",SER_hh_tes!B8/SER_hh_fec!B8) | C8: =IF(SER_hh_tes!C8=0,"",SER_hh_tes!C8/SER_hh_fec!C8) | D8: =IF(SER_hh_tes!D8=0,"",SER_hh_tes!D8/SER_hh_fec!D8) | E8: =IF(SER_hh_tes!E8=0,"",SER_hh_tes!E8/SER_hh_fec!E8) | F8: =IF(SER_hh_tes!F8=0,"",SER_hh_tes!F8/SER_hh_fec!F8) | G8: =IF(SER_hh_tes!G8=0,"",SER_hh_tes!G8/SER_hh_fec!G8) | H8: =IF(SER_hh_tes!H8=0,"",SER_hh_tes!H8/SER_hh_fec!H8) | I8: =IF(SER_hh_tes!I8=0,"",SER_hh_tes!I8/SER_hh_fec!I8) | ... Y8: =IF(SER_hh_tes!Y8=0,"",SER_hh_tes!Y8/SER_hh_fec!Y8) | DA8: Eff.ratio.CY.Ser.Bld.Thermal.SH.GasHP.NG_Biogas
A9: Conventional gas heaters | B9: =IF(SER_hh_tes!B9=0,"",SER_hh_tes!B9/SER_hh_fec!B9) | C9: =IF(SER_hh_tes!C9=0,"",SER_hh_tes!C9/SER_hh_fec!C9) | D9: =IF(SER_hh_tes!D9=0,"",SER_hh_tes!D9/SER_hh_fec!D9) | E9: =IF(SER_hh_tes!E9=0,"",SER_hh_tes!E9/SER_hh_fec!E9) | F9: =IF(SER_hh_tes!F9=0,"",SER_hh_tes!F9/SER_hh_fec!F9) | G9: =IF(SER_hh_tes!G9=0,"",SER_hh_tes!G9/SER_hh_fec!G9) | H9: =IF(SER_hh_tes!H9=0,"",SER_hh_tes!H9/SER_hh_fec!H9) | I9: =IF(SER_hh_tes!I9=0,"",SER_hh_tes!I9/SER_hh_fec!I9) | ... Y9: =IF(SER_hh_tes!Y9=0,"",SER_hh_tes!Y9/SER_hh_fec!Y9) -> 0.86469315 | DA9: Eff.ratio.CY.Ser.Bld.Thermal.SH.GasTH.NG_Biogas
A10: Biomass | B10: =IF(SER_hh_tes!B10=0,"",SER_hh_tes!B10/SER_hh_fec!B10) | C10: =IF(SER_hh_tes!C10=0,"",SER_hh_tes!C10/SER_hh_fec!C10) | D10: =IF(SER_hh_tes!D10=0,"",SER_hh_tes!D10/SER_hh_fec!D10) | E10: =IF(SER_hh_tes!E10=0,"",SER_hh_tes!E10/SER_hh_fec!E10) | F10: =IF(SER_hh_tes!F10=0,"",SER_hh_tes!F10/SER_hh_fec!F10) | G10: =IF(SER_hh_tes!G10=0,"",SER_hh_tes!G10/SER_hh_fec!G10) | H10: =IF(SER_hh_tes!H10=0,"",SER_hh_tes!H10/SER_hh_fec!H10) | I10: =IF(SER_hh_tes!I10=0,"",SER_hh_tes!I10/SER_hh_fec!I10) -> 0.47182533 | ... Y10: =IF(SER_hh_tes!Y10=0,"",SER_hh_tes!Y10/SER_hh_fec!Y10) -> 0.55471311 | DA10: Eff.ratio.CY.Ser.Bld.Thermal.SH.Biomass.Biomass_Waste
A11: Geothermal | B11: =IF(SER_hh_tes!B11=0,"",SER_hh_tes!B11/SER_hh_fec!B11) | C11: =IF(SER_hh_tes!C11=0,"",SER_hh_tes!C11/SER_hh_fec!C11) | D11: =IF(SER_hh_tes!D11=0,"",SER_hh_tes!D11/SER_hh_fec!D11) | E11: =IF(SER_hh_tes!E11=0,"",SER_hh_tes!E11/SER_hh_fec!E11) | F11: =IF(SER_hh_tes!F11=0,"",SER_hh_tes!F11/SER_hh_fec!F11) | G11: =IF(SER_hh_tes!G11=0,"",SER_hh_tes!G11/SER_hh_fec!G11) | H11: =IF(SER_hh_tes!H11=0,"",SER_hh_tes!H11/SER_hh_fec!H11) | I11: =IF(SER_hh_tes!I11=0,"",SER_hh_tes!I11/SER_hh_fec!I11) | ... Y11: =IF(SER_hh_tes!Y11=0,"",SER_hh_tes!Y11/SER_hh_fec!Y11) | DA11: Eff.ratio.CY.Ser.Bld.Thermal.SH.Geo.Geo
A12: Distributed heat | B12: =IF(SER_hh_tes!B12=0,"",SER_hh_tes!B12/SER_hh_fec!B12) | C12: =IF(SER_hh_tes!C12=0,"",SER_hh_tes!C12/SER_hh_fec!C12) | D12: =IF(SER_hh_tes!D12=0,"",SER_hh_tes!D12/SER_hh_fec!D12) | E12: =IF(SER_hh_tes!E12=0,"",SER_hh_tes!E12/SER_hh_fec!E12) | F12: =IF(SER_hh_tes!F12=0,"",SER_hh_tes!F12/SER_hh_fec!F12) | G12: =IF(SER_hh_tes!G12=0,"",SER_hh_tes!G12/SER_hh_fec!G12) | H12: =IF(SER_hh_tes!H12=0,"",SER_hh_tes!H12/SER_hh_fec!H12) | I12: =IF(SER_hh_tes!I12=0,"",SER_hh_tes!I12/SER_hh_fec!I12) | ... Y12: =IF(SER_hh_tes!Y12=0,"",SER_hh_tes!Y12/SER_hh_fec!Y12) | DA12: Eff.ratio.CY.Ser.Bld.Thermal.SH.DistrHeat.Steam_Distr
A13: Advanced electric heating | B13: =IF(SER_hh_tes!B13=0,"",SER_hh_tes!B13/SER_hh_fec!B13) -> 1.3295137 | C13: =IF(SER_hh_tes!C13=0,"",SER_hh_tes!C13/SER_hh_fec!C13) -> 1.4622821 | D13: =IF(SER_hh_tes!D13=0,"",SER_hh_tes!D13/SER_hh_fec!D13) -> 1.5788438 | E13: =IF(SER_hh_tes!E13=0,"",SER_hh_tes!E13/SER_hh_fec!E13) -> 1.6685953 | F13: =IF(SER_hh_tes!F13=0,"",SER_hh_tes!F13/SER_hh_fec!F13) -> 1.7368225 | G13: =IF(SER_hh_tes!G13=0,"",SER_hh_tes!G13/SER_hh_fec!G13) -> 1.7917818 | H13: =IF(SER_hh_tes!H13=0,"",SER_hh_tes!H13/SER_hh_fec!H13) -> 1.8162689 | I13: =IF(SER_hh_tes!I13=0,"",SER_hh_tes!I13/SER_hh_fec!I13) -> 1.8539493 | ... Y13: =IF(SER_hh_tes!Y13=0,"",SER_hh_tes!Y13/SER_hh_fec!Y13) -> 3.2261315 | DA13: Eff.ratio.CY.Ser.Bld.Thermal.SH.AdvElc.Elec
A14: Conventional electric heating | B14: =IF(SER_hh_tes!B14=0,"",SER_hh_tes!B14/SER_hh_fec!B14) -> 0.57230249 | C14: =IF(SER_hh_tes!C14=0,"",SER_hh_tes!C14/SER_hh_fec!C14) -> 0.58165396 | D14: =IF(SER_hh_tes!D14=0,"",SER_hh_tes!D14/SER_hh_fec!D14) -> 0.58793163 | E14: =IF(SER_hh_tes!E14=0,"",SER_hh_tes!E14/SER_hh_fec!E14) -> 0.59231171 | F14: =IF(SER_hh_tes!F14=0,"",SER_hh_tes!F14/SER_hh_fec!F14) -> 0.5968174 | G14: =IF(SER_hh_tes!G14=0,"",SER_hh_tes!G14/SER_hh_fec!G14) -> 0.60102844 | H14: =IF(SER_hh_tes!H14=0,"",SER_hh_tes!H14/SER_hh_fec!H14) -> 0.60547233 | I14: =IF(SER_hh_tes!I14=0,"",SER_hh_tes!I14/SER_hh_fec!I14) -> 0.60894939 | ... Y14: =IF(SER_hh_tes!Y14=0,"",SER_hh_tes!Y14/SER_hh_fec!Y14) -> 0.7659819 | DA14: Eff.ratio.CY.Ser.Bld.Thermal.SH.ConvElc.Elec
... A27: Solar | B27: =IF(SER_hh_tes!B27=0,"",SER_hh_tes!B27/SER_hh_fec!B27) -> 1 | C27: =IF(SER_hh_tes!C27=0,"",SER_hh_tes!C27/SER_hh_fec!C27) -> 1 | D27: =IF(SER_hh_tes!D27=0,"",SER_hh_tes!D27/SER_hh_fec!D27) -> 1 | E27: =IF(SER_hh_tes!E27=0,"",SER_hh_tes!E27/SER_hh_fec!E27) -> 1 | F27: =IF(SER_hh_tes!F27=0,"",SER_hh_tes!F27/SER_hh_fec!F27) -> 1 | G27: =IF(SER_hh_tes!G27=0,"",SER_hh_tes!G27/SER_hh_fec!G27) -> 1 | H27: =IF(SER_hh_tes!H27=0,"",SER_hh_tes!H27/SER_hh_fec!H27) -> 1 | I27: =IF(SER_hh_tes!I27=0,"",SER_hh_tes!I27/SER_hh_fec!I27) -> 1 | ... Y27: =IF(SER_hh_tes!Y27=0,"",SER_hh_tes!Y27/SER_hh_fec!Y27) -> 1 | DA27: Eff.ratio.CY.Ser.Bld.Thermal.HW.TotalSolar.Solar
A28: Solar
A29: Catering | B29: =IF(SER_hh_tes!B29=0,"",SER_hh_tes!B29/SER_hh_fec!B29) -> 0.75197545 | C29: =IF(SER_hh_tes!C29=0,"",SER_hh_tes!C29/SER_hh_fec!C29) -> 0.75364239 | D29: =IF(SER_hh_tes!D29=0,"",SER_hh_tes!D29/SER_hh_fec!D29) -> 0.7490144 | E29: =IF(SER_hh_tes!E29=0,"",SER_hh_tes!E29/SER_hh_fec!E29) -> 0.75105036 | F29: =IF(SER_hh_tes!F29=0,"",SER_hh_tes!F29/SER_hh_fec!F29) -> 0.7495207 | G29: =IF(SER_hh_tes!G29=0,"",SER_hh_tes!G29/SER_hh_fec!G29) -> 0.74607601 | H29: =IF(SER_hh_tes!H29=0,"",SER_hh_tes!H29/SER_hh_fec!H29) -> 0.71319007 | I29: =IF(SER_hh_tes!I29=0,"",SER_hh_tes!I29/SER_hh_fec!I29) -> 0.70631485 | ... Y29: =IF(SER_hh_tes!Y29=0,"",SER_hh_tes!Y29/SER_hh_fec!Y29) -> 0.76838609 | DA29: Eff.ratio.CY.Ser.Bld.Thermal.CA
A30: Liquified petroleum gas (LPG) | B30: =IF(SER_hh_tes!B30=0,"",SER_hh_tes!B30/SER_hh_fec!B30) | C30: =IF(SER_hh_tes!C30=0,"",SER_hh_tes!C30/SER_hh_fec!C30) | D30: =IF(SER_hh_tes!D30=0,"",SER_hh_tes!D30/SER_hh_fec!D30) | E30: =IF(SER_hh_tes!E30=0,"",SER_hh_tes!E30/SER_hh_fec!E30) | F30: =IF(SER_hh_tes!F30=0,"",SER_hh_tes!F30/SER_hh_fec!F30) | G30: =IF(SER_hh_tes!G30=0,"",SER_hh_tes!G30/SER_hh_fec!G30) | H30: =IF(SER_hh_tes!H30=0,"",SER_hh_tes!H30/SER_hh_fec!H30) -> 0.61530595 | I30: =IF(SER_hh_tes!I30=0,"",SER_hh_tes!I30/SER_hh_fec!I30) -> 0.61532666 | ... Y30: =IF(SER_hh_tes!Y30=0,"",SER_hh_tes!Y30/SER_hh_fec!Y30) -> 0.61824673 | DA30: Eff.ratio.CY.Ser.Bld.Thermal.CA.LPG
A31: Natural gas | B31: =IF(SER_hh_tes!B31=0,"",SER_hh_tes!B31/SER_hh_fec!B31) | C31: =IF(SER_hh_tes!C31=0,"",SER_hh_tes!C31/SER_hh_fec!C31) | D31: =IF(SER_hh_tes!D31=0,"",SER_hh_tes!D31/SER_hh_fec!D31) | E31: =IF(SER_hh_tes!E31=0,"",SER_hh_tes!E31/SER_hh_fec!E31) | F31: =IF(SER_hh_tes!F31=0,"",SER_hh_tes!F31/SER_hh_fec!F31) | G31: =IF(SER_hh_tes!G31=0,"",SER_hh_tes!G31/SER_hh_fec!G31) | H31: =IF(SER_hh_tes!H31=0,"",SER_hh_tes!H31/SER_hh_fec!H31) | I31: =IF(SER_hh_tes!I31=0,"",SER_hh_tes!I31/SER_hh_fec!I31) | ... Y31: =IF(SER_hh_tes!Y31=0,"",SER_hh_tes!Y31/SER_hh_fec!Y31) | DA31: Eff.ratio.CY.Ser.Bld.Thermal.CA.Gas.NG_Biogas
A32: Biomass | B32: =IF(SER_hh_tes!B32=0,"",SER_hh_tes!B32/SER_hh_fec!B32) -> 0.5677885 | C32: =IF(SER_hh_tes!C32=0,"",SER_hh_tes!C32/SER_hh_fec!C32) -> 0.56890981 | D32: =IF(SER_hh_tes!D32=0,"",SER_hh_tes!D32/SER_hh_fec!D32) -> 0.57021 | E32: =IF(SER_hh_tes!E32=0,"",SER_hh_tes!E32/SER_hh_fec!E32) -> 0.57114142 | F32: =IF(SER_hh_tes!F32=0,"",SER_hh_tes!F32/SER_hh_fec!F32) -> 0.57201057 | G32: =IF(SER_hh_tes!G32=0,"",SER_hh_tes!G32/SER_hh_fec!G32) -> 0.57281458 | H32: =IF(SER_hh_tes!H32=0,"",SER_hh_tes!H32/SER_hh_fec!H32) -> 0.57345228 | I32: =IF(SER_hh_tes!I32=0,"",SER_hh_tes!I32/SER_hh_fec!I32) -> 0.57406722 | ... Y32: =IF(SER_hh_tes!Y32=0,"",SER_hh_tes!Y32/SER_hh_fec!Y32) -> 0.5841626 | DA32: Eff.ratio.CY.Ser.Bld.Thermal.CA.Biomass.Biomass_Waste
A33: Electricity | B33: =IF(SER_hh_tes!B33=0,"",SER_hh_tes!B33/SER_hh_fec!B33) -> 0.76874796 | C33: =IF(SER_hh_tes!C33=0,"",SER_hh_tes!C33/SER_hh_fec!C33) -> 0.77025053 | D33: =IF(SER_hh_tes!D33=0,"",SER_hh_tes!D33/SER_hh_fec!D33) -> 0.77171046 | E33: =IF(SER_hh_tes!E33=0,"",SER_hh_tes!E33/SER_hh_fec!E33) -> 0.77335245 | F33: =IF(SER_hh_tes!F33=0,"",SER_hh_tes!F33/SER_hh_fec!F33) -> 0.77514223 | G33: =IF(SER_hh_tes!G33=0,"",SER_hh_tes!G33/SER_hh_fec!G33) -> 0.7770185 | H33: =IF(SER_hh_tes!H33=0,"",SER_hh_tes!H33/SER_hh_fec!H33) -> 0.77790664 | I33: =IF(SER_hh_tes!I33=0,"",SER_hh_tes!I33/SER_hh_fec!I33) -> 0.77951301 | ... Y33: =IF(SER_hh_tes!Y33=0,"",SER_hh_tes!Y33/SER_hh_fec!Y33) -> 0.86983909 | DA33: Eff.ratio.CY.Ser.Bld.Thermal.CA.Elc.Elec

Sheet SER_hh_emi
A1: CY - CO2 emissions | B1: 2000 | C1: 2001 | D1: 2002 | E1: 2003 | F1: 2004 | G1: 2005 | H1: 2006 | I1: 2007 | J1: 2008 | K1: 2009 | L1: 2010 | M1: 2011 | N1: 2012 | O1: 2013 | P1: 2014 | Q1: 2015 | R1: 2016 | S1: 2017 | T1: 2018 | U1: 2019 | V1: 2020 | W1: 2021 | X1: 2022 | Y1: 2023 | DA1: Code
A3: CO2 emissions (kt CO2) | B3: =SUM(B4,B16,B19,B29) -> 80.909853 | C3: =SUM(C4,C16,C19,C29) -> 81.75708 | D3: =SUM(D4,D16,D19,D29) -> 78.36817 | E3: =SUM(E4,E16,E19,E29) -> 80.486221 | F3: =SUM(F4,F16,F19,F29) -> 72.437613 | G3: =SUM(G4,G16,G19,G29) -> 69.634233 | H3: =SUM(H4,H16,H19,H29) -> 118.33921 | I3: =SUM(I4,I16,I19,I29) -> 121.52983 | ... Y3: =SUM(Y4,Y16,Y19,Y29) -> 134.60009 | DA3: EMI.ktCO2.CY.Ser.Bld.Thermal
A4: Space heating | B4: =SUM(B5:B15) -> 77.183415 | C4: =SUM(C5:C15) -> 78.007597 | D4: =SUM(D5:D15) -> 74.611601 | E4: =SUM(E5:E15) -> 76.759246 | F4: =SUM(F5:F15) -> 68.694223 | G4: =SUM(G5:G15) -> 65.877526 | H4: =SUM(H5:H15) -> 75.832198 | I4: =SUM(I5:I15) -> 79.085032 | ... Y4: =SUM(Y5:Y15) -> 95.240462 | DA4: EMI.ktCO2.CY.Ser.Bld.Thermal.SH
A5: Solids | B5: 0 | C5: 0 | D5: 0 | E5: 0 | F5: 0 | G5: 0 | H5: 0 | I5: 0 | J5: 0 | K5: 0 | L5: 0 | M5: 0 | N5: 0 | O5: 0 | P5: 0 | Q5: 0 | R5: 0 | S5: 0 | T5: 0 | U5: 0 | V5: 0 | W5: 0 | X5: 0 | Y5: 0 | DA5: EMI.ktCO2.CY.Ser.Bld.Thermal.SH.Solids.Solids
A6: Liquified petroleum gas (LPG) | B6: 0 | C6: 0 | D6: 0 | E6: 0 | F6: 0 | G6: 0 | H6: 0 | I6: 0 | J6: 0 | K6: 0 | L6: 0 | M6: 0 | N6: 0 | O6: 0 | P6: 0 | Q6: 0 | R6: 0 | S6: 0 | T6: 0 | U6: 0 | V6: 0 | W6: 0 | X6: 0 | Y6: 0 | DA6: EMI.ktCO2.CY.Ser.Bld.Thermal.SH.LPG.LPG
A7: Diesel oil | B7: 77.183415 | C7: 78.007597 | D7: 74.611601 | E7: 76.759246 | F7: 68.694223 | G7: 65.877526 | H7: 75.832198 | I7: 79.085032 | J7: 107.81191 | K7: 82.281344 | L7: 95.088836 | M7: 91.822514 | N7: 78.898033 | O7: 85.039297 | P7: 82.067892 | Q7: 69.622935 | R7: 66.296364 | S7: 74.996318 | T7: 73.422727 | U7: 93.168215 | V7: 74.986346 | W7: 84.734049 | X7: 93.451419 | Y7: 95.240462 | DA7: EMI.ktCO2.CY.Ser.Bld.Thermal.SH.Oil.Oil_LiqBio
A8: Gas heat pumps | B8: 0 | C8: 0 | D8: 0 | E8: 0 | F8: 0 | G8: 0 | H8: 0 | I8: 0 | J8: 0 | K8: 0 | L8: 0 | M8: 0 | N8: 0 | O8: 0 | P8: 0 | Q8: 0 | R8: 0 | S8: 0 | T8: 0 | U8: 0 | V8: 0 | W8: 0 | X8: 0 | Y8: 0 | DA8: EMI.ktCO2.CY.Ser.Bld.Thermal.SH.GasHP.NG_Biogas
A9: Conventional gas heaters | B9: 0 | C9: 0 | D9: 0 | E9: 0 | F9: 0 | G9: 0 | H9: 0 | I9: 0 | J9: 0 | K9: 0 | L9: 0 | M9: 0 | N9: 0 | O9: 0 | P9: 0 | Q9: 0 | R9: 0 | S9: 0 | T9: 0 | U9: 0 | V9: 0 | W9: 0 | X9: 0 | Y9: 0 | DA9: EMI.ktCO2.CY.Ser.Bld.Thermal.SH.GasTH.NG_Biogas
A10: Biomass | B10: 0 | C10: 0 | D10: 0 | E10: 0 | F10: 0 | G10: 0 | H10: 0 | I10: 0 | J10: 0 | K10: 0 | L10: 0 | M10: 0 | N10: 0 | O10: 0 | P10: 0 | Q10: 0 | R10: 0 | S10: 0 | T10: 0 | U10: 0 | V10: 0 | W10: 0 | X10: 0 | Y10: 0 | DA10: EMI.ktCO2.CY.Ser.Bld.Thermal.SH.Biomass.Biomass_Waste
A11: Geothermal | B11: 0 | C11: 0 | D11: 0 | E11: 0 | F11: 0 | G11: 0 | H11: 0 | I11: 0 | J11: 0 | K11: 0 | L11: 0 | M11: 0 | N11: 0 | O11: 0 | P11: 0 | Q11: 0 | R11: 0 | S11: 0 | T11: 0 | U11: 0 | V11: 0 | W11: 0 | X11: 0 | Y11: 0 | DA11: EMI.ktCO2.CY.Ser.Bld.Thermal.SH.Geo.Geo
A12: Distributed heat | B12: 0 | C12: 0 | D12: 0 | E12: 0 | F12: 0 | G12: 0 | H12: 0 | I12: 0 | J12: 0 | K12: 0 | L12: 0 | M12: 0 | N12: 0 | O12: 0 | P12: 0 | Q12: 0 | R12: 0 | S12: 0 | T12: 0 | U12: 0 | V12: 0 | W12: 0 | X12: 0 | Y12: 0 | DA12: EMI.ktCO2.CY.Ser.Bld.Thermal.SH.DistrHeat.Steam_Distr
A13: Advanced electric heating | B13: 0 | C13: 0 | D13: 0 | E13: 0 | F13: 0 | G13: 0 | H13: 0 | I13: 0 | J13: 0 | K13: 0 | L13: 0 | M13: 0 | N13: 0 | O13: 0 | P13: 0 | Q13: 0 | R13: 0 | S13: 0 | T13: 0 | U13: 0 | V13: 0 | W13: 0 | X13: 0 | Y13: 0 | DA13: EMI.ktCO2.CY.Ser.Bld.Thermal.SH.AdvElc.Elec
A14: Conventional electric heating | B14: 0 | C14: 0 | D14: 0 | E14: 0 | F14: 0 | G14: 0 | H14: 0 | I14: 0 | J14: 0 | K14: 0 | L14: 0 | M14: 0 | N14: 0 | O14: 0 | P14: 0 | Q14: 0 | R14: 0 | S14: 0 | T14: 0 | U14: 0 | V14: 0 | W14: 0 | X14: 0 | Y14: 0 | DA14: EMI.ktCO2.CY.Ser.Bld.Thermal.SH.ConvElc.Elec
A15: Electricity in circulation and other use | B15: 0 | C15: 0 | D15: 0 | E15: 0 | F15: 0 | G15: 0 | H15: 0 | I15: 0 | J15: 0 | K15: 0 | L15: 0 | M15: 0 | N15: 0 | O15: 0 | P15: 0 | Q15: 0 | R15: 0 | S15: 0 | T15: 0 | U15: 0 | V15: 0 | W15: 0 | X15: 0 | Y15: 0 | DA15: EMI.ktCO2.CY.Ser.Bld.Thermal.SH.TotalCirculation.Elec
A16: Space cooling | B16: =SUM(B17:B18) -> 0 | C16: =SUM(C17:C18) -> 0 | D16: =SUM(D17:D18) -> 0 | E16: =SUM(E17:E18) -> 0 | F16: =SUM(F17:F18) -> 0 | G16: =SUM(G17:G18) -> 0 | H16: =SUM(H17:H18) -> 0 | I16: =SUM(I17:I18) -> 0 | ... Y16: =SUM(Y17:Y18) -> 0 | DA16: EMI.ktCO2.CY.Ser.Bld.Thermal.SC
A17: Gas heat pumps | B17: 0 | C17: 0 | D17: 0 | E17: 0 | F17: 0 | G17: 0 | H17: 0 | I17: 0 | J17: 0 | K17: 0 | L17: 0 | M17: 0 | N17: 0 | O17: 0 | P17: 0 | Q17: 0 | R17: 0 | S17: 0 | T17: 0 | U17: 0 | V17: 0 | W17: 0 | X17: 0 | Y17: 0 | DA17: EMI.ktCO2.CY.Ser.Bld.Thermal.SC.GasHP.NG_Biogas
A18: Electric space cooling | B18: 0 | C18: 0 | D18: 0 | E18: 0 | F18: 0 | G18: 0 | H18: 0 | I18: 0 | J18: 0 | K18: 0 | L18: 0 | M18: 0 | N18: 0 | O18: 0 | P18: 0 | Q18: 0 | R18: 0 | S18: 0 | T18: 0 | U18: 0 | V18: 0 | W18: 0 | X18: 0 | Y18: 0 | DA18: EMI.ktCO2.CY.Ser.Bld.Thermal.SC.AC.Elec
A19: Hot water | B19: =SUM(B20:B27) -> 3.7264378 | C19: =SUM(C20:C27) -> 3.7494829 | D19: =SUM(D20:D27) -> 3.7565695 | E19: =SUM(E20:E27) -> 3.7269751 | F19: =SUM(F20:F27) -> 3.7433899 | G19: =SUM(G20:G27) -> 3.7567075 | H19: =SUM(H20:H27) -> 27.217635 | I19: =SUM(I20:I27) -> 27.404028 | ... Y19: =SUM(Y20:Y27) -> 17.658396 | DA19: EMI.ktCO2.CY.Ser.Bld.Thermal.HW
A20: Solids | B20: 0 | C20: 0 | D20: 0 | E20: 0 | F20: 0 | G20: 0 | H20: 0 | I20: 0 | J20: 0 | K20: 0 | L20: 0 | M20: 0 | N20: 0 | O20: 0 | P20: 0 | Q20: 0 | R20: 0 | S20: 0 | T20: 0 | U20: 0 | V20: 0 | W20: 0 | X20: 0 | Y20: 0 | DA20: EMI.ktCO2.CY.Ser.Bld.Thermal.HW.Solids.Solids
A21: Liquified petroleum gas (LPG) | B21: 0 | C21: 0 | D21: 0 | E21: 0 | F21: 0 | G21: 0 | H21: 23.510918 | I21: 23.759516 | J21: 24.10192 | K21: 24.284242 | L21: 25.068966 | M21: 23.898687 | N21: 22.575693 | O21: 21.099403 | P21: 17.919229 | Q21: 17.374193 | R21: 17.617195 | S21: 17.861999 | T21: 16.913132 | U21: 16.490346 | V21: 12.865037 | W21: 11.660009 | X21: 13.326194 | Y21: 13.750261 | DA21: EMI.ktCO2.CY.Ser.Bld.Thermal.HW.LPG.LPG
A22: Diesel oil | B22: 3.7264378 | C22: 3.7494829 | D22: 3.7565695 | E22: 3.7269751 | F22: 3.7433899 | G22: 3.7567075 | H22: 3.7067176 | I22: 3.6445116 | J22: 3.5859878 | K22: 3.5729984 | L22: 3.5546194 | M22: 3.5591772 | N22: 3.5879357 | O22: 3.4980558 | P22: 3.5013679 | Q22: 3.4973293 | R22: 3.525187 | S22: 3.3130249 | T22: 3.4899426 | U22: 3.4831041 | V22: 3.1418484 | W22: 3.415591 | X22: 3.8485392 | Y22: 3.9081345 | DA22: EMI.ktCO2.CY.Ser.Bld.Thermal.HW.Oil.Oil_LiqBio
A23: Natural gas | B23: 0 | C23: 0 | D23: 0 | E23: 0 | F23: 0 | G23: 0 | H23: 0 | I23: 0 | J23: 0 | K23: 0 | L23: 0 | M23: 0 | N23: 0 | O23: 0 | P23: 0 | Q23: 0 | R23: 0 | S23: 0 | T23: 0 | U23: 0 | V23: 0 | W23: 0 | X23: 0 | Y23: 0 | DA23: EMI.ktCO2.CY.Ser.Bld.Thermal.HW.Gas.NG_Biogas
A24: Biomass | B24: 0 | C24: 0 | D24: 0 | E24: 0 | F24: 0 | G24: 0 | H24: 0 | I24: 0 | J24: 0 | K24: 0 | L24: 0 | M24: 0 | N24: 0 | O24: 0 | P24: 0 | Q24: 0 | R24: 0 | S24: 0 | T24: 0 | U24: 0 | V24: 0 | W24: 0 | X24: 0 | Y24: 0 | DA24: EMI.ktCO2.CY.Ser.Bld.Thermal.HW.Biomass.Biomass_Waste
A25: Distributed heat | B25: 0 | C25: 0 | D25: 0 | E25: 0 | F25: 0 | G25: 0 | H25: 0 | I25: 0 | J25: 0 | K25: 0 | L25: 0 | M25: 0 | N25: 0 | O25: 0 | P25: 0 | Q25: 0 | R25: 0 | S25: 0 | T25: 0 | U25: 0 | V25: 0 | W25: 0 | X25: 0 | Y25: 0 | DA25: EMI.ktCO2.CY.Ser.Bld.Thermal.HW.DistrHeat.Steam_Distr
A26: Electricity | B26: 0 | C26: 0 | D26: 0 | E26: 0 | F26: 0 | G26: 0 | H26: 0 | I26: 0 | J26: 0 | K26: 0 | L26: 0 | M26: 0 | N26: 0 | O26: 0 | P26: 0 | Q26: 0 | R26: 0 | S26: 0 | T26: 0 | U26: 0 | V26: 0 | W26: 0 | X26: 0 | Y26: 0 | DA26: EMI.ktCO2.CY.Ser.Bld.Thermal.HW.Elc.Elec
A27: Solar | B27: 0 | C27: 0 | D27: 0 | E27: 0 | F27: 0 | G27: 0 | H27: 0 | I27: 0 | J27: 0 | K27: 0 | L27: 0 | M27: 0 | N27: 0 | O27: 0 | P27: 0 | Q27: 0 | R27: 0 | S27: 0 | T27: 0 | U27: 0 | V27: 0 | W27: 0 | X27: 0 | Y27: 0 | DA27: EMI.ktCO2.CY.Ser.Bld.Thermal.HW.TotalSolar.Solar
A28: Solar
A29: Catering | B29: =SUM(B30:B33) -> 0 | C29: =SUM(C30:C33) -> 0 | D29: =SUM(D30:D33) -> 0 | E29: =SUM(E30:E33) -> 0 | F29: =SUM(F30:F33) -> 0 | G29: =SUM(G30:G33) -> 0 | H29: =SUM(H30:H33) -> 15.289373 | I29: =SUM(I30:I33) -> 15.040775 | ... Y29: =SUM(Y30:Y33) -> 21.701237 | DA29: EMI.ktCO2.CY.Ser.Bld.Thermal.CA
A30: Liquified petroleum gas (LPG) | B30: 0 | C30: 0 | D30: 0 | E30: 0 | F30: 0 | G30: 0 | H30: 15.289373 | I30: 15.040775 | J30: 17.682799 | K30: 14.516049 | L30: 13.731325 | M30: 17.886032 | N30: 19.209026 | O30: 17.700888 | P30: 14.911751 | Q30: 18.441443 | R30: 18.19844 | S30: 25.373364 | T30: 26.841519 | U30: 33.606838 | V30: 24.129559 | W30: 20.723239 | X30: 24.629289 | Y30: 21.701237 | DA30: EMI.ktCO2.CY.Ser.Bld.Thermal.CA.LPG
A31: Natural gas | B31: 0 | C31: 0 | D31: 0 | E31: 0 | F31: 0 | G31: 0 | H31: 0 | I31: 0 | J31: 0 | K31: 0 | L31: 0 | M31: 0 | N31: 0 | O31: 0 | P31: 0 | Q31: 0 | R31: 0 | S31: 0 | T31: 0 | U31: 0 | V31: 0 | W31: 0 | X31: 0 | Y31: 0 | DA31: EMI.ktCO2.CY.Ser.Bld.Thermal.CA.Gas.NG_Biogas
A32: Biomass | B32: 0 | C32: 0 | D32: 0 | E32: 0 | F32: 0 | G32: 0 | H32: 0 | I32: 0 | J32: 0 | K32: 0 | L32: 0 | M32: 0 | N32: 0 | O32: 0 | P32: 0 | Q32: 0 | R32: 0 | S32: 0 | T32: 0 | U32: 0 | V32: 0 | W32: 0 | X32: 0 | Y32: 0 | DA32: EMI.ktCO2.CY.Ser.Bld.Thermal.CA.Biomass.Biomass_Waste
A33: Electricity | B33: 0 | C33: 0 | D33: 0 | E33: 0 | F33: 0 | G33: 0 | H33: 0 | I33: 0 | J33: 0 | K33: 0 | L33: 0 | M33: 0 | N33: 0 | O33: 0 | P33: 0 | Q33: 0 | R33: 0 | S33: 0 | T33: 0 | U33: 0 | V33: 0 | W33: 0 | X33: 0 | Y33: 0 | DA33: EMI.ktCO2.CY.Ser.Bld.Thermal.CA.Elc.Elec

Sheet SER_hh_fech
A1: CY - Final energy consumption per building | B1: 2000 | C1: 2001 | D1: 2002 | E1: 2003 | F1: 2004 | G1: 2005 | H1: 2006 | I1: 2007 | J1: 2008 | K1: 2009 | L1: 2010 | M1: 2011 | N1: 2012 | O1: 2013 | P1: 2014 | Q1: 2015 | R1: 2016 | S1: 2017 | T1: 2018 | U1: 2019 | V1: 2020 | W1: 2021 | X1: 2022 | Y1: 2023 | DA1: Code
A3: Final energy consumption (kWh / representative building cell) | B3: =IF(SER_hh_fec!B3=0,0,11630*1000*SER_hh_fec!B3/SER_hh_num!B3) -> 69357.305 | C3: =IF(SER_hh_fec!C3=0,0,11630*1000*SER_hh_fec!C3/SER_hh_num!C3) -> 74034.926 | D3: =IF(SER_hh_fec!D3=0,0,11630*1000*SER_hh_fec!D3/SER_hh_num!D3) -> 78944.225 | E3: =IF(SER_hh_fec!E3=0,0,11630*1000*SER_hh_fec!E3/SER_hh_num!E3) -> 80916.161 | F3: =IF(SER_hh_fec!F3=0,0,11630*1000*SER_hh_fec!F3/SER_hh_num!F3) -> 79706.905 | G3: =IF(SER_hh_fec!G3=0,0,11630*1000*SER_hh_fec!G3/SER_hh_num!G3) -> 81150.968 | H3: =IF(SER_hh_fec!H3=0,0,11630*1000*SER_hh_fec!H3/SER_hh_num!H3) -> 96118.145 | I3: =IF(SER_hh_fec!I3=0,0,11630*1000*SER_hh_fec!I3/SER_hh_num!I3) -> 98385.666 | ... Y3: =IF(SER_hh_fec!Y3=0,0,11630*1000*SER_hh_fec!Y3/SER_hh_num!Y3) -> 97903.331 | DA3: FEC_per_building.kWh.CY.Ser.Bld.Thermal
A4: Space heating | B4: =IF(SER_hh_fec!B4=0,0,11630*1000*SER_hh_fec!B4/SER_hh_num!B4) -> 23047.896 | C4: =IF(SER_hh_fec!C4=0,0,11630*1000*SER_hh_fec!C4/SER_hh_num!C4) -> 28029.684 | D4: =IF(SER_hh_fec!D4=0,0,11630*1000*SER_hh_fec!D4/SER_hh_num!D4) -> 31935.384 | E4: =IF(SER_hh_fec!E4=0,0,11630*1000*SER_hh_fec!E4/SER_hh_num!E4) -> 32064.543 | F4: =IF(SER_hh_fec!F4=0,0,11630*1000*SER_hh_fec!F4/SER_hh_num!F4) -> 32551.563 | G4: =IF(SER_hh_fec!G4=0,0,11630*1000*SER_hh_fec!G4/SER_hh_num!G4) -> 34317.601 | H4: =IF(SER_hh_fec!H4=0,0,11630*1000*SER_hh_fec!H4/SER_hh_num!H4) -> 47403.435 | I4: =IF(SER_hh_fec!I4=0,0,11630*1000*SER_hh_fec!I4/SER_hh_num!I4) -> 48227.855 | ... Y4: =IF(SER_hh_fec!Y4=0,0,11630*1000*SER_hh_fec!Y4/SER_hh_num!Y4) -> 51067.351 | DA4: FEC_per_building.kWh.CY.Ser.Bld.Thermal.SH
A5: Solids | B5: =IF(SER_hh_fec!B5=0,0,11630*1000*SER_hh_fec!B5/SER_hh_num!B5) -> 0 | C5: =IF(SER_hh_fec!C5=0,0,11630*1000*SER_hh_fec!C5/SER_hh_num!C5) -> 0 | D5: =IF(SER_hh_fec!D5=0,0,11630*1000*SER_hh_fec!D5/SER_hh_num!D5) -> 0 | E5: =IF(SER_hh_fec!E5=0,0,11630*1000*SER_hh_fec!E5/SER_hh_num!E5) -> 0 | F5: =IF(SER_hh_fec!F5=0,0,11630*1000*SER_hh_fec!F5/SER_hh_num!F5) -> 0 | G5: =IF(SER_hh_fec!G5=0,0,11630*1000*SER_hh_fec!G5/SER_hh_num!G5) -> 0 | H5: =IF(SER_hh_fec!H5=0,0,11630*1000*SER_hh_fec!H5/SER_hh_num!H5) -> 0 | I5: =IF(SER_hh_fec!I5=0,0,11630*1000*SER_hh_fec!I5/SER_hh_num!I5) -> 0 | ... Y5: =IF(SER_hh_fec!Y5=0,0,11630*1000*SER_hh_fec!Y5/SER_hh_num!Y5) -> 0 | DA5: FEC_per_building.kWh.CY.Ser.Bld.Thermal.SH.Solids.Solids
A6: Liquified petroleum gas (LPG) | B6: =IF(SER_hh_fec!B6=0,0,11630*1000*SER_hh_fec!B6/SER_hh_num!B6) -> 0 | C6: =IF(SER_hh_fec!C6=0,0,11630*1000*SER_hh_fec!C6/SER_hh_num!C6) -> 0 | D6: =IF(SER_hh_fec!D6=0,0,11630*1000*SER_hh_fec!D6/SER_hh_num!D6) -> 0 | E6: =IF(SER_hh_fec!E6=0,0,11630*1000*SER_hh_fec!E6/SER_hh_num!E6) -> 0 | F6: =IF(SER_hh_fec!F6=0,0,11630*1000*SER_hh_fec!F6/SER_hh_num!F6) -> 0 | G6: =IF(SER_hh_fec!G6=0,0,11630*1000*SER_hh_fec!G6/SER_hh_num!G6) -> 0 | H6: =IF(SER_hh_fec!H6=0,0,11630*1000*SER_hh_fec!H6/SER_hh_num!H6) -> 0 | I6: =IF(SER_hh_fec!I6=0,0,11630*1000*SER_hh_fec!I6/SER_hh_num!I6) -> 0 | ... Y6: =IF(SER_hh_fec!Y6=0,0,11630*1000*SER_hh_fec!Y6/SER_hh_num!Y6) -> 0 | DA6: FEC_per_building.kWh.CY.Ser.Bld.Thermal.SH.LPG.LPG
A7: Diesel oil | B7: =IF(SER_hh_fec!B7=0,0,11630*1000*SER_hh_fec!B7/SER_hh_num!B7) -> 27963.663 | C7: =IF(SER_hh_fec!C7=0,0,11630*1000*SER_hh_fec!C7/SER_hh_num!C7) -> 32874.483 | D7: =IF(SER_hh_fec!D7=0,0,11630*1000*SER_hh_fec!D7/SER_hh_num!D7) -> 37188.834 | E7: =IF(SER_hh_fec!E7=0,0,11630*1000*SER_hh_fec!E7/SER_hh_num!E7) -> 43778.104 | F7: =IF(SER_hh_fec!F7=0,0,11630*1000*SER_hh_fec!F7/SER_hh_num!F7) -> 45319.024 | G7: =IF(SER_hh_fec!G7=0,0,11630*1000*SER_hh_fec!G7/SER_hh_num!G7) -> 49635.158 | H7: =IF(SER_hh_fec!H7=0,0,11630*1000*SER_hh_fec!H7/SER_hh_num!H7) -> 64069.023 | I7: =IF(SER_hh_fec!I7=0,0,11630*1000*SER_hh_fec!I7/SER_hh_num!I7) -> 70083.719 | ... Y7: =IF(SER_hh_fec!Y7=0,0,11630*1000*SER_hh_fec!Y7/SER_hh_num!Y7) -> 104511.32 | DA7: FEC_per_building.kWh.CY.Ser.Bld.Thermal.SH.Oil.Oil_LiqBio
A8: Gas heat pumps | B8: =IF(SER_hh_fec!B8=0,0,11630*1000*SER_hh_fec!B8/SER_hh_num!B8) -> 0 | C8: =IF(SER_hh_fec!C8=0,0,11630*1000*SER_hh_fec!C8/SER_hh_num!C8) -> 0 | D8: =IF(SER_hh_fec!D8=0,0,11630*1000*SER_hh_fec!D8/SER_hh_num!D8) -> 0 | E8: =IF(SER_hh_fec!E8=0,0,11630*1000*SER_hh_fec!E8/SER_hh_num!E8) -> 0 | F8: =IF(SER_hh_fec!F8=0,0,11630*1000*SER_hh_fec!F8/SER_hh_num!F8) -> 0 | G8: =IF(SER_hh_fec!G8=0,0,11630*1000*SER_hh_fec!G8/SER_hh_num!G8) -> 0 | H8: =IF(SER_hh_fec!H8=0,0,11630*1000*SER_hh_fec!H8/SER_hh_num!H8) -> 0 | I8: =IF(SER_hh_fec!I8=0,0,11630*1000*SER_hh_fec!I8/SER_hh_num!I8) -> 0 | ... Y8: =IF(SER_hh_fec!Y8=0,0,11630*1000*SER_hh_fec!Y8/SER_hh_num!Y8) -> 0 | DA8: FEC_per_building.kWh.CY.Ser.Bld.Thermal.SH.GasHP.NG_Biogas
A9: Conventional gas heaters | B9: =IF(SER_hh_fec!B9=0,0,11630*1000*SER_hh_fec!B9/SER_hh_num!B9) -> 0 | C9: =IF(SER_hh_fec!C9=0,0,11630*1000*SER_hh_fec!C9/SER_hh_num!C9) -> 0 | D9: =IF(SER_hh_fec!D9=0,0,11630*1000*SER_hh_fec!D9/SER_hh_num!D9) -> 0 | E9: =IF(SER_hh_fec!E9=0,0,11630*1000*SER_hh_fec!E9/SER_hh_num!E9) -> 0 | F9: =IF(SER_hh_fec!F9=0,0,11630*1000*SER_hh_fec!F9/SER_hh_num!F9) -> 0 | G9: =IF(SER_hh_fec!G9=0,0,11630*1000*SER_hh_fec!G9/SER_hh_num!G9) -> 0 | H9: =IF(SER_hh_fec!H9=0,0,11630*1000*SER_hh_fec!H9/SER_hh_num!H9) -> 0 | I9: =IF(SER_hh_fec!I9=0,0,11630*1000*SER_hh_fec!I9/SER_hh_num!I9) -> 0 | ... Y9: =IF(SER_hh_fec!Y9=0,0,11630*1000*SER_hh_fec!Y9/SER_hh_num!Y9) -> 58734.23 | DA9: FEC_per_building.kWh.CY.Ser.Bld.Thermal.SH.GasTH.NG_Biogas
A10: Biomass | B10: =IF(SER_hh_fec!B10=0,0,11630*1000*SER_hh_fec!B10/SER_hh_num!B10) -> 0 | C10: =IF(SER_hh_fec!C10=0,0,11630*1000*SER_hh_fec!C10/SER_hh_num!C10) -> 0 | D10: =IF(SER_hh_fec!D10=0,0,11630*1000*SER_hh_fec!D10/SER_hh_num!D10) -> 0 | E10: =IF(SER_hh_fec!E10=0,0,11630*1000*SER_hh_fec!E10/SER_hh_num!E10) -> 0 | F10: =IF(SER_hh_fec!F10=0,0,11630*1000*SER_hh_fec!F10/SER_hh_num!F10) -> 0 | G10: =IF(SER_hh_fec!G10=0,0,11630*1000*SER_hh_fec!G10/SER_hh_num!G10) -> 0 | H10: =IF(SER_hh_fec!H10=0,0,11630*1000*SER_hh_fec!H10/SER_hh_num!H10) -> 0 | I10: =IF(SER_hh_fec!I10=0,0,11630*1000*SER_hh_fec!I10/SER_hh_num!I10) -> 40108.311 | ... Y10: =IF(SER_hh_fec!Y10=0,0,11630*1000*SER_hh_fec!Y10/SER_hh_num!Y10) -> 86255.954 | DA10: FEC_per_building.kWh.CY.Ser.Bld.Thermal.SH.Biomass.Biomass_Waste
A11: Geothermal | B11: =IF(SER_hh_fec!B11=0,0,11630*1000*SER_hh_fec!B11/SER_hh_num!B11) -> 0 | C11: =IF(SER_hh_fec!C11=0,0,11630*1000*SER_hh_fec!C11/SER_hh_num!C11) -> 0 | D11: =IF(SER_hh_fec!D11=0,0,11630*1000*SER_hh_fec!D11/SER_hh_num!D11) -> 0 | E11: =IF(SER_hh_fec!E11=0,0,11630*1000*SER_hh_fec!E11/SER_hh_num!E11) -> 0 | F11: =IF(SER_hh_fec!F11=0,0,11630*1000*SER_hh_fec!F11/SER_hh_num!F11) -> 0 | G11: =IF(SER_hh_fec!G11=0,0,11630*1000*SER_hh_fec!G11/SER_hh_num!G11) -> 0 | H11: =IF(SER_hh_fec!H11=0,0,11630*1000*SER_hh_fec!H11/SER_hh_num!H11) -> 0 | I11: =IF(SER_hh_fec!I11=0,0,11630*1000*SER_hh_fec!I11/SER_hh_num!I11) -> 0 | ... Y11: =IF(SER_hh_fec!Y11=0,0,11630*1000*SER_hh_fec!Y11/SER_hh_num!Y11) -> 0 | DA11: FEC_per_building.kWh.CY.Ser.Bld.Thermal.SH.Geo.Geo
A12: Distributed heat | B12: =IF(SER_hh_fec!B12=0,0,11630*1000*SER_hh_fec!B12/SER_hh_num!B12) -> 0 | C12: =IF(SER_hh_fec!C12=0,0,11630*1000*SER_hh_fec!C12/SER_hh_num!C12) -> 0 | D12: =IF(SER_hh_fec!D12=0,0,11630*1000*SER_hh_fec!D12/SER_hh_num!D12) -> 0 | E12: =IF(SER_hh_fec!E12=0,0,11630*1000*SER_hh_fec!E12/SER_hh_num!E12) -> 0 | F12: =IF(SER_hh_fec!F12=0,0,11630*1000*SER_hh_fec!F12/SER_hh_num!F12) -> 0 | G12: =IF(SER_hh_fec!G12=0,0,11630*1000*SER_hh_fec!G12/SER_hh_num!G12) -> 0 | H12: =IF(SER_hh_fec!H12=0,0,11630*1000*SER_hh_fec!H12/SER_hh_num!H12) -> 0 | I12: =IF(SER_hh_fec!I12=0,0,11630*1000*SER_hh_fec!I12/SER_hh_num!I12) -> 0 | ... Y12: =IF(SER_hh_fec!Y12=0,0,11630*1000*SER_hh_fec!Y12/SER_hh_num!Y12) -> 0 | DA12: FEC_per_building.kWh.CY.Ser.Bld.Thermal.SH.DistrHeat.Steam_Distr
A13: Advanced electric heating | B13: =IF(SER_hh_fec!B13=0,0,11630*1000*SER_hh_fec!B13/SER_hh_num!B13) -> 4965.2188 | C13: =IF(SER_hh_fec!C13=0,0,11630*1000*SER_hh_fec!C13/SER_hh_num!C13) -> 9541.9949 | D13: =IF(SER_hh_fec!D13=0,0,11630*1000*SER_hh_fec!D13/SER_hh_num!D13) -> 9806.827 | E13: =IF(SER_hh_fec!E13=0,0,11630*1000*SER_hh_fec!E13/SER_hh_num!E13) -> 9710.0984 | F13: =IF(SER_hh_fec!F13=0,0,11630*1000*SER_hh_fec!F13/SER_hh_num!F13) -> 10739.579 | G13: =IF(SER_hh_fec!G13=0,0,11630*1000*SER_hh_fec!G13/SER_hh_num!G13) -> 12583.788 | H13: =IF(SER_hh_fec!H13=0,0,11630*1000*SER_hh_fec!H13/SER_hh_num!H13) -> 14501.215 | I13: =IF(SER_hh_fec!I13=0,0,11630*1000*SER_hh_fec!I13/SER_hh_num!I13) -> 16007.713 | ... Y13: =IF(SER_hh_fec!Y13=0,0,11630*1000*SER_hh_fec!Y13/SER_hh_num!Y13) -> 14861.565 | DA13: FEC_per_building.kWh.CY.Ser.Bld.Thermal.SH.AdvElc.Elec
A14: Conventional electric heating | B14: =IF(SER_hh_fec!B14=0,0,11630*1000*SER_hh_fec!B14/SER_hh_num!B14) -> 14921.312 | C14: =IF(SER_hh_fec!C14=0,0,11630*1000*SER_hh_fec!C14/SER_hh_num!C14) -> 23612.186 | D14: =IF(SER_hh_fec!D14=0,0,11630*1000*SER_hh_fec!D14/SER_hh_num!D14) -> 30247.171 | E14: =IF(SER_hh_fec!E14=0,0,11630*1000*SER_hh_fec!E14/SER_hh_num!E14) -> 27605.73 | F14: =IF(SER_hh_fec!F14=0,0,11630*1000*SER_hh_fec!F14/SER_hh_num!F14) -> 29943.882 | G14: =IF(SER_hh_fec!G14=0,0,11630*1000*SER_hh_fec!G14/SER_hh_num!G14) -> 32374.316 | H14: =IF(SER_hh_fec!H14=0,0,11630*1000*SER_hh_fec!H14/SER_hh_num!H14) -> 48725.225 | I14: =IF(SER_hh_fec!I14=0,0,11630*1000*SER_hh_fec!I14/SER_hh_num!I14) -> 48268.99 | ... Y14: =IF(SER_hh_fec!Y14=0,0,11630*1000*SER_hh_fec!Y14/SER_hh_num!Y14) -> 100270.95 | DA14: FEC_per_building.kWh.CY.Ser.Bld.Thermal.SH.ConvElc.Elec
... A26: Electricity | B26: =IF(SER_hh_fec!B26=0,0,11630*1000*SER_hh_fec!B26/SER_hh_num!B26) -> 15010.213 | C26: =IF(SER_hh_fec!C26=0,0,11630*1000*SER_hh_fec!C26/SER_hh_num!C26) -> 15082.556 | D26: =IF(SER_hh_fec!D26=0,0,11630*1000*SER_hh_fec!D26/SER_hh_num!D26) -> 14955.77 | E26: =IF(SER_hh_fec!E26=0,0,11630*1000*SER_hh_fec!E26/SER_hh_num!E26) -> 14800.133 | F26: =IF(SER_hh_fec!F26=0,0,11630*1000*SER_hh_fec!F26/SER_hh_num!F26) -> 14208.021 | G26: =IF(SER_hh_fec!G26=0,0,11630*1000*SER_hh_fec!G26/SER_hh_num!G26) -> 14089.243 | H26: =IF(SER_hh_fec!H26=0,0,11630*1000*SER_hh_fec!H26/SER_hh_num!H26) -> 9398.7642 | I26: =IF(SER_hh_fec!I26=0,0,11630*1000*SER_hh_fec!I26/SER_hh_num!I26) -> 8235.8714 | ... Y26: =IF(SER_hh_fec!Y26=0,0,11630*1000*SER_hh_fec!Y26/SER_hh_num!Y26) -> 9055.3531 | DA26: FEC_per_building.kWh.CY.Ser.Bld.Thermal.HW.Elc.Elec
A27: Solar (as of total) | B27: =IF(SER_hh_fec!B27=0,0,11630*1000*SER_hh_fec!B27/SER_hh_num!B19) -> 3740.425 | C27: =IF(SER_hh_fec!C27=0,0,11630*1000*SER_hh_fec!C27/SER_hh_num!C19) -> 3555.7959 | D27: =IF(SER_hh_fec!D27=0,0,11630*1000*SER_hh_fec!D27/SER_hh_num!D19) -> 3586.0728 | E27: =IF(SER_hh_fec!E27=0,0,11630*1000*SER_hh_fec!E27/SER_hh_num!E19) -> 3620.2287 | F27: =IF(SER_hh_fec!F27=0,0,11630*1000*SER_hh_fec!F27/SER_hh_num!F19) -> 3881.1134 | G27: =IF(SER_hh_fec!G27=0,0,11630*1000*SER_hh_fec!G27/SER_hh_num!G19) -> 3957.9767 | H27: =IF(SER_hh_fec!H27=0,0,11630*1000*SER_hh_fec!H27/SER_hh_num!H19) -> 4028.1718 | I27: =IF(SER_hh_fec!I27=0,0,11630*1000*SER_hh_fec!I27/SER_hh_num!I19) -> 4861.1496 | ... Y27: =IF(SER_hh_fec!Y27=0,0,11630*1000*SER_hh_fec!Y27/SER_hh_num!Y19) -> 4674.2216 | DA27: FEC_per_building.kWh.CY.Ser.Bld.Thermal.HW.TotalSolar.Solar
A28: Solar (as of solar equiped buildings) | B28: =IF(SER_hh_fec!B27=0,0,11630*1000*SER_hh_fec!B27/SER_hh_num!B27) -> 10038.855 | C28: =IF(SER_hh_fec!C27=0,0,11630*1000*SER_hh_fec!C27/SER_hh_num!C27) -> 10088.414 | D28: =IF(SER_hh_fec!D27=0,0,11630*1000*SER_hh_fec!D27/SER_hh_num!D27) -> 9334.6802 | E28: =IF(SER_hh_fec!E27=0,0,11630*1000*SER_hh_fec!E27/SER_hh_num!E27) -> 8725.2119 | F28: =IF(SER_hh_fec!F27=0,0,11630*1000*SER_hh_fec!F27/SER_hh_num!F27) -> 8834.2417 | G28: =IF(SER_hh_fec!G27=0,0,11630*1000*SER_hh_fec!G27/SER_hh_num!G27) -> 8302.0669 | H28: =IF(SER_hh_fec!H27=0,0,11630*1000*SER_hh_fec!H27/SER_hh_num!H27) -> 8657.8613 | I28: =IF(SER_hh_fec!I27=0,0,11630*1000*SER_hh_fec!I27/SER_hh_num!I27) -> 9498.8263 | ... Y28: =IF(SER_hh_fec!Y27=0,0,11630*1000*SER_hh_fec!Y27/SER_hh_num!Y27) -> 11829.717
A29: Catering | B29: =IF(SER_hh_fec!B29=0,0,11630*1000*SER_hh_fec!B29/SER_hh_num!B29) -> 15080.934 | C29: =IF(SER_hh_fec!C29=0,0,11630*1000*SER_hh_fec!C29/SER_hh_num!C29) -> 14958.887 | D29: =IF(SER_hh_fec!D29=0,0,11630*1000*SER_hh_fec!D29/SER_hh_num!D29) -> 15121.438 | E29: =IF(SER_hh_fec!E29=0,0,11630*1000*SER_hh_fec!E29/SER_hh_num!E29) -> 15188.028 | F29: =IF(SER_hh_fec!F29=0,0,11630*1000*SER_hh_fec!F29/SER_hh_num!F29) -> 15502.723 | G29: =IF(SER_hh_fec!G29=0,0,11630*1000*SER_hh_fec!G29/SER_hh_num!G29) -> 15774.912 | H29: =IF(SER_hh_fec!H29=0,0,11630*1000*SER_hh_fec!H29/SER_hh_num!H29) -> 16649.497 | I29: =IF(SER_hh_fec!I29=0,0,11630*1000*SER_hh_fec!I29/SER_hh_num!I29) -> 16892.326 | ... Y29: =IF(SER_hh_fec!Y29=0,0,11630*1000*SER_hh_fec!Y29/SER_hh_num!Y29) -> 16137.555 | DA29: FEC_per_building.kWh.CY.Ser.Bld.Thermal.CA
A30: Liquified petroleum gas (LPG) | B30: =IF(SER_hh_fec!B30=0,0,11630*1000*SER_hh_fec!B30/SER_hh_num!B30) -> 0 | C30: =IF(SER_hh_fec!C30=0,0,11630*1000*SER_hh_fec!C30/SER_hh_num!C30) -> 0 | D30: =IF(SER_hh_fec!D30=0,0,11630*1000*SER_hh_fec!D30/SER_hh_num!D30) -> 0 | E30: =IF(SER_hh_fec!E30=0,0,11630*1000*SER_hh_fec!E30/SER_hh_num!E30) -> 0 | F30: =IF(SER_hh_fec!F30=0,0,11630*1000*SER_hh_fec!F30/SER_hh_num!F30) -> 0 | G30: =IF(SER_hh_fec!G30=0,0,11630*1000*SER_hh_fec!G30/SER_hh_num!G30) -> 0 | H30: =IF(SER_hh_fec!H30=0,0,11630*1000*SER_hh_fec!H30/SER_hh_num!H30) -> 27199.314 | I30: =IF(SER_hh_fec!I30=0,0,11630*1000*SER_hh_fec!I30/SER_hh_num!I30) -> 20795.243 | ... Y30: =IF(SER_hh_fec!Y30=0,0,11630*1000*SER_hh_fec!Y30/SER_hh_num!Y30) -> 18763.892 | DA30: FEC_per_building.kWh.CY.Ser.Bld.Thermal.CA.LPG
A31: Natural gas | B31: =IF(SER_hh_fec!B31=0,0,11630*1000*SER_hh_fec!B31/SER_hh_num!B31) -> 0 | C31: =IF(SER_hh_fec!C31=0,0,11630*1000*SER_hh_fec!C31/SER_hh_num!C31) -> 0 | D31: =IF(SER_hh_fec!D31=0,0,11630*1000*SER_hh_fec!D31/SER_hh_num!D31) -> 0 | E31: =IF(SER_hh_fec!E31=0,0,11630*1000*SER_hh_fec!E31/SER_hh_num!E31) -> 0 | F31: =IF(SER_hh_fec!F31=0,0,11630*1000*SER_hh_fec!F31/SER_hh_num!F31) -> 0 | G31: =IF(SER_hh_fec!G31=0,0,11630*1000*SER_hh_fec!G31/SER_hh_num!G31) -> 0 | H31: =IF(SER_hh_fec!H31=0,0,11630*1000*SER_hh_fec!H31/SER_hh_num!H31) -> 0 | I31: =IF(SER_hh_fec!I31=0,0,11630*1000*SER_hh_fec!I31/SER_hh_num!I31) -> 0 | ... Y31: =IF(SER_hh_fec!Y31=0,0,11630*1000*SER_hh_fec!Y31/SER_hh_num!Y31) -> 0 | DA31: FEC_per_building.kWh.CY.Ser.Bld.Thermal.CA.Gas.NG_Biogas
A32: Biomass | B32: =IF(SER_hh_fec!B32=0,0,11630*1000*SER_hh_fec!B32/SER_hh_num!B32) -> 19920.532 | C32: =IF(SER_hh_fec!C32=0,0,11630*1000*SER_hh_fec!C32/SER_hh_num!C32) -> 18060.552 | D32: =IF(SER_hh_fec!D32=0,0,11630*1000*SER_hh_fec!D32/SER_hh_num!D32) -> 21362.529 | E32: =IF(SER_hh_fec!E32=0,0,11630*1000*SER_hh_fec!E32/SER_hh_num!E32) -> 18972.273 | F32: =IF(SER_hh_fec!F32=0,0,11630*1000*SER_hh_fec!F32/SER_hh_num!F32) -> 19799.113 | G32: =IF(SER_hh_fec!G32=0,0,11630*1000*SER_hh_fec!G32/SER_hh_num!G32) -> 21233.153 | H32: =IF(SER_hh_fec!H32=0,0,11630*1000*SER_hh_fec!H32/SER_hh_num!H32) -> 18825.295 | I32: =IF(SER_hh_fec!I32=0,0,11630*1000*SER_hh_fec!I32/SER_hh_num!I32) -> 22804.76 | ... Y32: =IF(SER_hh_fec!Y32=0,0,11630*1000*SER_hh_fec!Y32/SER_hh_num!Y32) -> 20106.912 | DA32: FEC_per_building.kWh.CY.Ser.Bld.Thermal.CA.Biomass.Biomass_Waste
A33: Electricity | B33: =IF(SER_hh_fec!B33=0,0,11630*1000*SER_hh_fec!B33/SER_hh_num!B33) -> 14754.517 | C33: =IF(SER_hh_fec!C33=0,0,11630*1000*SER_hh_fec!C33/SER_hh_num!C33) -> 14731.437 | D33: =IF(SER_hh_fec!D33=0,0,11630*1000*SER_hh_fec!D33/SER_hh_num!D33) -> 14580.735 | E33: =IF(SER_hh_fec!E33=0,0,11630*1000*SER_hh_fec!E33/SER_hh_num!E33) -> 14821.551 | F33: =IF(SER_hh_fec!F33=0,0,11630*1000*SER_hh_fec!F33/SER_hh_num!F33) -> 15031.904 | G33: =IF(SER_hh_fec!G33=0,0,11630*1000*SER_hh_fec!G33/SER_hh_num!G33) -> 15082.499 | H33: =IF(SER_hh_fec!H33=0,0,11630*1000*SER_hh_fec!H33/SER_hh_num!H33) -> 14354.07 | I33: =IF(SER_hh_fec!I33=0,0,11630*1000*SER_hh_fec!I33/SER_hh_num!I33) -> 14730.803 | ... Y33: =IF(SER_hh_fec!Y33=0,0,11630*1000*SER_hh_fec!Y33/SER_hh_num!Y33) -> 14670.494 | DA33: FEC_per_building.kWh.CY.Ser.Bld.Thermal.CA.Elc.Elec

Sheet SER_hh_tesh
A1: CY - Thermal energy service per building | B1: 2000 | C1: 2001 | D1: 2002 | E1: 2003 | F1: 2004 | G1: 2005 | H1: 2006 | I1: 2007 | J1: 2008 | K1: 2009 | L1: 2010 | M1: 2011 | N1: 2012 | O1: 2013 | P1: 2014 | Q1: 2015 | R1: 2016 | S1: 2017 | T1: 2018 | U1: 2019 | V1: 2020 | W1: 2021 | X1: 2022 | Y1: 2023 | DA1: Code
A3: Thermal energy service (kWh useful / representative building cell) | B3: =IF(SER_hh_tes!B3=0,0,11630*1000*SER_hh_tes!B3/SER_hh_num!B3) -> 53909.105 | C3: =IF(SER_hh_tes!C3=0,0,11630*1000*SER_hh_tes!C3/SER_hh_num!C3) -> 58877.192 | D3: =IF(SER_hh_tes!D3=0,0,11630*1000*SER_hh_tes!D3/SER_hh_num!D3) -> 65528.139 | E3: =IF(SER_hh_tes!E3=0,0,11630*1000*SER_hh_tes!E3/SER_hh_num!E3) -> 71781.639 | F3: =IF(SER_hh_tes!F3=0,0,11630*1000*SER_hh_tes!F3/SER_hh_num!F3) -> 71395.924 | G3: =IF(SER_hh_tes!G3=0,0,11630*1000*SER_hh_tes!G3/SER_hh_num!G3) -> 73943.743 | H3: =IF(SER_hh_tes!H3=0,0,11630*1000*SER_hh_tes!H3/SER_hh_num!H3) -> 89297.274 | I3: =IF(SER_hh_tes!I3=0,0,11630*1000*SER_hh_tes!I3/SER_hh_num!I3) -> 97424.865 | ... Y3: =IF(SER_hh_tes!Y3=0,0,11630*1000*SER_hh_tes!Y3/SER_hh_num!Y3) -> 152821.27 | DA3: TES_per_building.kWh.CY.Ser.Bld.Thermal
A4: Space heating | B4: =IF(SER_hh_tes!B4=0,0,11630*1000*SER_hh_tes!B4/SER_hh_num!B4) -> 10088.014 | C4: =IF(SER_hh_tes!C4=0,0,11630*1000*SER_hh_tes!C4/SER_hh_num!C4) -> 13354.799 | D4: =IF(SER_hh_tes!D4=0,0,11630*1000*SER_hh_tes!D4/SER_hh_num!D4) -> 16236.819 | E4: =IF(SER_hh_tes!E4=0,0,11630*1000*SER_hh_tes!E4/SER_hh_num!E4) -> 16702.76 | F4: =IF(SER_hh_tes!F4=0,0,11630*1000*SER_hh_tes!F4/SER_hh_num!F4) -> 17985.317 | G4: =IF(SER_hh_tes!G4=0,0,11630*1000*SER_hh_tes!G4/SER_hh_num!G4) -> 19959.788 | H4: =IF(SER_hh_tes!H4=0,0,11630*1000*SER_hh_tes!H4/SER_hh_num!H4) -> 28011.149 | I4: =IF(SER_hh_tes!I4=0,0,11630*1000*SER_hh_tes!I4/SER_hh_num!I4) -> 28997.699 | ... Y4: =IF(SER_hh_tes!Y4=0,0,11630*1000*SER_hh_tes!Y4/SER_hh_num!Y4) -> 56610.312 | DA4: TES_per_building.kWh.CY.Ser.Bld.Thermal.SH
A5: Solids | B5: =IF(SER_hh_tes!B5=0,0,11630*1000*SER_hh_tes!B5/SER_hh_num!B5) -> 0 | C5: =IF(SER_hh_tes!C5=0,0,11630*1000*SER_hh_tes!C5/SER_hh_num!C5) -> 0 | D5: =IF(SER_hh_tes!D5=0,0,11630*1000*SER_hh_tes!D5/SER_hh_num!D5) -> 0 | E5: =IF(SER_hh_tes!E5=0,0,11630*1000*SER_hh_tes!E5/SER_hh_num!E5) -> 0 | F5: =IF(SER_hh_tes!F5=0,0,11630*1000*SER_hh_tes!F5/SER_hh_num!F5) -> 0 | G5: =IF(SER_hh_tes!G5=0,0,11630*1000*SER_hh_tes!G5/SER_hh_num!G5) -> 0 | H5: =IF(SER_hh_tes!H5=0,0,11630*1000*SER_hh_tes!H5/SER_hh_num!H5) -> 0 | I5: =IF(SER_hh_tes!I5=0,0,11630*1000*SER_hh_tes!I5/SER_hh_num!I5) -> 0 | ... Y5: =IF(SER_hh_tes!Y5=0,0,11630*1000*SER_hh_tes!Y5/SER_hh_num!Y5) -> 0 | DA5: TES_per_building.kWh.CY.Ser.Bld.Thermal.SH.Solids.Solids
A6: Liquified petroleum gas (LPG) | B6: =IF(SER_hh_tes!B6=0,0,11630*1000*SER_hh_tes!B6/SER_hh_num!B6) -> 0 | C6: =IF(SER_hh_tes!C6=0,0,11630*1000*SER_hh_tes!C6/SER_hh_num!C6) -> 0 | D6: =IF(SER_hh_tes!D6=0,0,11630*1000*SER_hh_tes!D6/SER_hh_num!D6) -> 0 | E6: =IF(SER_hh_tes!E6=0,0,11630*1000*SER_hh_tes!E6/SER_hh_num!E6) -> 0 | F6: =IF(SER_hh_tes!F6=0,0,11630*1000*SER_hh_tes!F6/SER_hh_num!F6) -> 0 | G6: =IF(SER_hh_tes!G6=0,0,11630*1000*SER_hh_tes!G6/SER_hh_num!G6) -> 0 | H6: =IF(SER_hh_tes!H6=0,0,11630*1000*SER_hh_tes!H6/SER_hh_num!H6) -> 0 | I6: =IF(SER_hh_tes!I6=0,0,11630*1000*SER_hh_tes!I6/SER_hh_num!I6) -> 0 | ... Y6: =IF(SER_hh_tes!Y6=0,0,11630*1000*SER_hh_tes!Y6/SER_hh_num!Y6) -> 0 | DA6: TES_per_building.kWh.CY.Ser.Bld.Thermal.SH.LPG.LPG
A7: Diesel oil | B7: =IF(SER_hh_tes!B7=0,0,11630*1000*SER_hh_tes!B7/SER_hh_num!B7) -> 10851.004 | C7: =IF(SER_hh_tes!C7=0,0,11630*1000*SER_hh_tes!C7/SER_hh_num!C7) -> 12756.596 | D7: =IF(SER_hh_tes!D7=0,0,11630*1000*SER_hh_tes!D7/SER_hh_num!D7) -> 14430.734 | E7: =IF(SER_hh_tes!E7=0,0,11630*1000*SER_hh_tes!E7/SER_hh_num!E7) -> 16987.631 | F7: =IF(SER_hh_tes!F7=0,0,11630*1000*SER_hh_tes!F7/SER_hh_num!F7) -> 17585.568 | G7: =IF(SER_hh_tes!G7=0,0,11630*1000*SER_hh_tes!G7/SER_hh_num!G7) -> 19260.398 | H7: =IF(SER_hh_tes!H7=0,0,11630*1000*SER_hh_tes!H7/SER_hh_num!H7) -> 24861.307 | I7: =IF(SER_hh_tes!I7=0,0,11630*1000*SER_hh_tes!I7/SER_hh_num!I7) -> 27195.246 | ... Y7: =IF(SER_hh_tes!Y7=0,0,11630*1000*SER_hh_tes!Y7/SER_hh_num!Y7) -> 56710.391 | DA7: TES_per_building.kWh.CY.Ser.Bld.Thermal.SH.Oil.Oil_LiqBio
A8: Gas heat pumps | B8: =IF(SER_hh_tes!B8=0,0,11630*1000*SER_hh_tes!B8/SER_hh_num!B8) -> 0 | C8: =IF(SER_hh_tes!C8=0,0,11630*1000*SER_hh_tes!C8/SER_hh_num!C8) -> 0 | D8: =IF(SER_hh_tes!D8=0,0,11630*1000*SER_hh_tes!D8/SER_hh_num!D8) -> 0 | E8: =IF(SER_hh_tes!E8=0,0,11630*1000*SER_hh_tes!E8/SER_hh_num!E8) -> 0 | F8: =IF(SER_hh_tes!F8=0,0,11630*1000*SER_hh_tes!F8/SER_hh_num!F8) -> 0 | G8: =IF(SER_hh_tes!G8=0,0,11630*1000*SER_hh_tes!G8/SER_hh_num!G8) -> 0 | H8: =IF(SER_hh_tes!H8=0,0,11630*1000*SER_hh_tes!H8/SER_hh_num!H8) -> 0 | I8: =IF(SER_hh_tes!I8=0,0,11630*1000*SER_hh_tes!I8/SER_hh_num!I8) -> 0 | ... Y8: =IF(SER_hh_tes!Y8=0,0,11630*1000*SER_hh_tes!Y8/SER_hh_num!Y8) -> 0 | DA8: TES_per_building.kWh.CY.Ser.Bld.Thermal.SH.GasHP.NG_Biogas
A9: Conventional gas heaters | B9: =IF(SER_hh_tes!B9=0,0,11630*1000*SER_hh_tes!B9/SER_hh_num!B9) -> 0 | C9: =IF(SER_hh_tes!C9=0,0,11630*1000*SER_hh_tes!C9/SER_hh_num!C9) -> 0 | D9: =IF(SER_hh_tes!D9=0,0,11630*1000*SER_hh_tes!D9/SER_hh_num!D9) -> 0 | E9: =IF(SER_hh_tes!E9=0,0,11630*1000*SER_hh_tes!E9/SER_hh_num!E9) -> 0 | F9: =IF(SER_hh_tes!F9=0,0,11630*1000*SER_hh_tes!F9/SER_hh_num!F9) -> 0 | G9: =IF(SER_hh_tes!G9=0,0,11630*1000*SER_hh_tes!G9/SER_hh_num!G9) -> 0 | H9: =IF(SER_hh_tes!H9=0,0,11630*1000*SER_hh_tes!H9/SER_hh_num!H9) -> 0 | I9: =IF(SER_hh_tes!I9=0,0,11630*1000*SER_hh_tes!I9/SER_hh_num!I9) -> 0 | ... Y9: =IF(SER_hh_tes!Y9=0,0,11630*1000*SER_hh_tes!Y9/SER_hh_num!Y9) -> 50787.086 | DA9: TES_per_building.kWh.CY.Ser.Bld.Thermal.SH.GasTH.NG_Biogas
A10: Biomass | B10: =IF(SER_hh_tes!B10=0,0,11630*1000*SER_hh_tes!B10/SER_hh_num!B10) -> 0 | C10: =IF(SER_hh_tes!C10=0,0,11630*1000*SER_hh_tes!C10/SER_hh_num!C10) -> 0 | D10: =IF(SER_hh_tes!D10=0,0,11630*1000*SER_hh_tes!D10/SER_hh_num!D10) -> 0 | E10: =IF(SER_hh_tes!E10=0,0,11630*1000*SER_hh_tes!E10/SER_hh_num!E10) -> 0 | F10: =IF(SER_hh_tes!F10=0,0,11630*1000*SER_hh_tes!F10/SER_hh_num!F10) -> 0 | G10: =IF(SER_hh_tes!G10=0,0,11630*1000*SER_hh_tes!G10/SER_hh_num!G10) -> 0 | H10: =IF(SER_hh_tes!H10=0,0,11630*1000*SER_hh_tes!H10/SER_hh_num!H10) -> 0 | I10: =IF(SER_hh_tes!I10=0,0,11630*1000*SER_hh_tes!I10/SER_hh_num!I10) -> 18924.117 | ... Y10: =IF(SER_hh_tes!Y10=0,0,11630*1000*SER_hh_tes!Y10/SER_hh_num!Y10) -> 47847.308 | DA10: TES_per_building.kWh.CY.Ser.Bld.Thermal.SH.Biomass.Biomass_Waste
A11: Geothermal | B11: =IF(SER_hh_tes!B11=0,0,11630*1000*SER_hh_tes!B11/SER_hh_num!B11) -> 0 | C11: =IF(SER_hh_tes!C11=0,0,11630*1000*SER_hh_tes!C11/SER_hh_num!C11) -> 0 | D11: =IF(SER_hh_tes!D11=0,0,11630*1000*SER_hh_tes!D11/SER_hh_num!D11) -> 0 | E11: =IF(SER_hh_tes!E11=0,0,11630*1000*SER_hh_tes!E11/SER_hh_num!E11) -> 0 | F11: =IF(SER_hh_tes!F11=0,0,11630*1000*SER_hh_tes!F11/SER_hh_num!F11) -> 0 | G11: =IF(SER_hh_tes!G11=0,0,11630*1000*SER_hh_tes!G11/SER_hh_num!G11) -> 0 | H11: =IF(SER_hh_tes!H11=0,0,11630*1000*SER_hh_tes!H11/SER_hh_num!H11) -> 0 | I11: =IF(SER_hh_tes!I11=0,0,11630*1000*SER_hh_tes!I11/SER_hh_num!I11) -> 0 | ... Y11: =IF(SER_hh_tes!Y11=0,0,11630*1000*SER_hh_tes!Y11/SER_hh_num!Y11) -> 0 | DA11: TES_per_building.kWh.CY.Ser.Bld.Thermal.SH.Geo.Geo
A12: Distributed heat | B12: =IF(SER_hh_tes!B12=0,0,11630*1000*SER_hh_tes!B12/SER_hh_num!B12) -> 0 | C12: =IF(SER_hh_tes!C12=0,0,11630*1000*SER_hh_tes!C12/SER_hh_num!C12) -> 0 | D12: =IF(SER_hh_tes!D12=0,0,11630*1000*SER_hh_tes!D12/SER_hh_num!D12) -> 0 | E12: =IF(SER_hh_tes!E12=0,0,11630*1000*SER_hh_tes!E12/SER_hh_num!E12) -> 0 | F12: =IF(SER_hh_tes!F12=0,0,11630*1000*SER_hh_tes!F12/SER_hh_num!F12) -> 0 | G12: =IF(SER_hh_tes!G12=0,0,11630*1000*SER_hh_tes!G12/SER_hh_num!G12) -> 0 | H12: =IF(SER_hh_tes!H12=0,0,11630*1000*SER_hh_tes!H12/SER_hh_num!H12) -> 0 | I12: =IF(SER_hh_tes!I12=0,0,11630*1000*SER_hh_tes!I12/SER_hh_num!I12) -> 0 | ... Y12: =IF(SER_hh_tes!Y12=0,0,11630*1000*SER_hh_tes!Y12/SER_hh_num!Y12) -> 0 | DA12: TES_per_building.kWh.CY.Ser.Bld.Thermal.SH.DistrHeat.Steam_Distr
A13: Advanced electric heating | B13: =IF(SER_hh_tes!B13=0,0,11630*1000*SER_hh_tes!B13/SER_hh_num!B13) -> 6601.3264 | C13: =IF(SER_hh_tes!C13=0,0,11630*1000*SER_hh_tes!C13/SER_hh_num!C13) -> 13953.088 | D13: =IF(SER_hh_tes!D13=0,0,11630*1000*SER_hh_tes!D13/SER_hh_num!D13) -> 15483.448 | E13: =IF(SER_hh_tes!E13=0,0,11630*1000*SER_hh_tes!E13/SER_hh_num!E13) -> 16202.225 | F13: =IF(SER_hh_tes!F13=0,0,11630*1000*SER_hh_tes!F13/SER_hh_num!F13) -> 18652.743 | G13: =IF(SER_hh_tes!G13=0,0,11630*1000*SER_hh_tes!G13/SER_hh_num!G13) -> 22547.402 | H13: =IF(SER_hh_tes!H13=0,0,11630*1000*SER_hh_tes!H13/SER_hh_num!H13) -> 26338.105 | I13: =IF(SER_hh_tes!I13=0,0,11630*1000*SER_hh_tes!I13/SER_hh_num!I13) -> 29677.488 | ... Y13: =IF(SER_hh_tes!Y13=0,0,11630*1000*SER_hh_tes!Y13/SER_hh_num!Y13) -> 47945.363 | DA13: TES_per_building.kWh.CY.Ser.Bld.Thermal.SH.AdvElc.Elec
A14: Conventional electric heating | B14: =IF(SER_hh_tes!B14=0,0,11630*1000*SER_hh_tes!B14/SER_hh_num!B14) -> 8539.5039 | C14: =IF(SER_hh_tes!C14=0,0,11630*1000*SER_hh_tes!C14/SER_hh_num!C14) -> 13734.122 | D14: =IF(SER_hh_tes!D14=0,0,11630*1000*SER_hh_tes!D14/SER_hh_num!D14) -> 17783.268 | E14: =IF(SER_hh_tes!E14=0,0,11630*1000*SER_hh_tes!E14/SER_hh_num!E14) -> 16351.197 | F14: =IF(SER_hh_tes!F14=0,0,11630*1000*SER_hh_tes!F14/SER_hh_num!F14) -> 17871.03 | G14: =IF(SER_hh_tes!G14=0,0,11630*1000*SER_hh_tes!G14/SER_hh_num!G14) -> 19457.885 | H14: =IF(SER_hh_tes!H14=0,0,11630*1000*SER_hh_tes!H14/SER_hh_num!H14) -> 29501.776 | I14: =IF(SER_hh_tes!I14=0,0,11630*1000*SER_hh_tes!I14/SER_hh_num!I14) -> 29393.372 | ... Y14: =IF(SER_hh_tes!Y14=0,0,11630*1000*SER_hh_tes!Y14/SER_hh_num!Y14) -> 76805.735 | DA14: TES_per_building.kWh.CY.Ser.Bld.Thermal.SH.ConvElc.Elec
... A26: Electricity | B26: =IF(SER_hh_tes!B26=0,0,11630*1000*SER_hh_tes!B26/SER_hh_num!B26) -> 7880.113 | C26: =IF(SER_hh_tes!C26=0,0,11630*1000*SER_hh_tes!C26/SER_hh_num!C26) -> 7949.2021 | D26: =IF(SER_hh_tes!D26=0,0,11630*1000*SER_hh_tes!D26/SER_hh_num!D26) -> 7898.3051 | E26: =IF(SER_hh_tes!E26=0,0,11630*1000*SER_hh_tes!E26/SER_hh_num!E26) -> 7837.1354 | F26: =IF(SER_hh_tes!F26=0,0,11630*1000*SER_hh_tes!F26/SER_hh_num!F26) -> 7549.1137 | G26: =IF(SER_hh_tes!G26=0,0,11630*1000*SER_hh_tes!G26/SER_hh_num!G26) -> 7513.0147 | H26: =IF(SER_hh_tes!H26=0,0,11630*1000*SER_hh_tes!H26/SER_hh_num!H26) -> 5012.9077 | I26: =IF(SER_hh_tes!I26=0,0,11630*1000*SER_hh_tes!I26/SER_hh_num!I26) -> 4387.1586 | ... Y26: =IF(SER_hh_tes!Y26=0,0,11630*1000*SER_hh_tes!Y26/SER_hh_num!Y26) -> 6335.0209 | DA26: TES_per_building.kWh.CY.Ser.Bld.Thermal.HW.Elc.Elec
A27: Solar (as of total) | B27: =IF(SER_hh_tes!B27=0,0,11630*1000*SER_hh_tes!B27/SER_hh_num!B19) -> 3740.425 | C27: =IF(SER_hh_tes!C27=0,0,11630*1000*SER_hh_tes!C27/SER_hh_num!C19) -> 3555.7959 | D27: =IF(SER_hh_tes!D27=0,0,11630*1000*SER_hh_tes!D27/SER_hh_num!D19) -> 3586.0728 | E27: =IF(SER_hh_tes!E27=0,0,11630*1000*SER_hh_tes!E27/SER_hh_num!E19) -> 3620.2287 | F27: =IF(SER_hh_tes!F27=0,0,11630*1000*SER_hh_tes!F27/SER_hh_num!F19) -> 3881.1134 | G27: =IF(SER_hh_tes!G27=0,0,11630*1000*SER_hh_tes!G27/SER_hh_num!G19) -> 3957.9767 | H27: =IF(SER_hh_tes!H27=0,0,11630*1000*SER_hh_tes!H27/SER_hh_num!H19) -> 4028.1718 | I27: =IF(SER_hh_tes!I27=0,0,11630*1000*SER_hh_tes!I27/SER_hh_num!I19) -> 4861.1496 | ... Y27: =IF(SER_hh_tes!Y27=0,0,11630*1000*SER_hh_tes!Y27/SER_hh_num!Y19) -> 4674.2216 | DA27: TES_per_building.kWh.CY.Ser.Bld.Thermal.HW.TotalSolar.Solar
A28: Solar (as of solar equiped buildings) | B28: =IF(SER_hh_tes!B27=0,0,11630*1000*SER_hh_tes!B27/SER_hh_num!B27) -> 10038.855 | C28: =IF(SER_hh_tes!C27=0,0,11630*1000*SER_hh_tes!C27/SER_hh_num!C27) -> 10088.414 | D28: =IF(SER_hh_tes!D27=0,0,11630*1000*SER_hh_tes!D27/SER_hh_num!D27) -> 9334.6802 | E28: =IF(SER_hh_tes!E27=0,0,11630*1000*SER_hh_tes!E27/SER_hh_num!E27) -> 8725.2119 | F28: =IF(SER_hh_tes!F27=0,0,11630*1000*SER_hh_tes!F27/SER_hh_num!F27) -> 8834.2417 | G28: =IF(SER_hh_tes!G27=0,0,11630*1000*SER_hh_tes!G27/SER_hh_num!G27) -> 8302.0669 | H28: =IF(SER_hh_tes!H27=0,0,11630*1000*SER_hh_tes!H27/SER_hh_num!H27) -> 8657.8613 | I28: =IF(SER_hh_tes!I27=0,0,11630*1000*SER_hh_tes!I27/SER_hh_num!I27) -> 9498.8263 | ... Y28: =IF(SER_hh_tes!Y27=0,0,11630*1000*SER_hh_tes!Y27/SER_hh_num!Y27) -> 11829.717
A29: Catering | B29: =IF(SER_hh_tes!B29=0,0,11630*1000*SER_hh_tes!B29/SER_hh_num!B29) -> 11340.492 | C29: =IF(SER_hh_tes!C29=0,0,11630*1000*SER_hh_tes!C29/SER_hh_num!C29) -> 11273.651 | D29: =IF(SER_hh_tes!D29=0,0,11630*1000*SER_hh_tes!D29/SER_hh_num!D29) -> 11326.175 | E29: =IF(SER_hh_tes!E29=0,0,11630*1000*SER_hh_tes!E29/SER_hh_num!E29) -> 11406.974 | F29: =IF(SER_hh_tes!F29=0,0,11630*1000*SER_hh_tes!F29/SER_hh_num!F29) -> 11619.612 | G29: =IF(SER_hh_tes!G29=0,0,11630*1000*SER_hh_tes!G29/SER_hh_num!G29) -> 11769.283 | H29: =IF(SER_hh_tes!H29=0,0,11630*1000*SER_hh_tes!H29/SER_hh_num!H29) -> 11874.256 | I29: =IF(SER_hh_tes!I29=0,0,11630*1000*SER_hh_tes!I29/SER_hh_num!I29) -> 11931.301 | ... Y29: =IF(SER_hh_tes!Y29=0,0,11630*1000*SER_hh_tes!Y29/SER_hh_num!Y29) -> 12399.873 | DA29: TES_per_building.kWh.CY.Ser.Bld.Thermal.CA
A30: Liquified petroleum gas (LPG) | B30: =IF(SER_hh_tes!B30=0,0,11630*1000*SER_hh_tes!B30/SER_hh_num!B30) -> 0 | C30: =IF(SER_hh_tes!C30=0,0,11630*1000*SER_hh_tes!C30/SER_hh_num!C30) -> 0 | D30: =IF(SER_hh_tes!D30=0,0,11630*1000*SER_hh_tes!D30/SER_hh_num!D30) -> 0 | E30: =IF(SER_hh_tes!E30=0,0,11630*1000*SER_hh_tes!E30/SER_hh_num!E30) -> 0 | F30: =IF(SER_hh_tes!F30=0,0,11630*1000*SER_hh_tes!F30/SER_hh_num!F30) -> 0 | G30: =IF(SER_hh_tes!G30=0,0,11630*1000*SER_hh_tes!G30/SER_hh_num!G30) -> 0 | H30: =IF(SER_hh_tes!H30=0,0,11630*1000*SER_hh_tes!H30/SER_hh_num!H30) -> 16735.9 | I30: =IF(SER_hh_tes!I30=0,0,11630*1000*SER_hh_tes!I30/SER_hh_num!I30) -> 12795.867 | ... Y30: =IF(SER_hh_tes!Y30=0,0,11630*1000*SER_hh_tes!Y30/SER_hh_num!Y30) -> 11600.715 | DA30: TES_per_building.kWh.CY.Ser.Bld.Thermal.CA.LPG
A31: Natural gas | B31: =IF(SER_hh_tes!B31=0,0,11630*1000*SER_hh_tes!B31/SER_hh_num!B31) -> 0 | C31: =IF(SER_hh_tes!C31=0,0,11630*1000*SER_hh_tes!C31/SER_hh_num!C31) -> 0 | D31: =IF(SER_hh_tes!D31=0,0,11630*1000*SER_hh_tes!D31/SER_hh_num!D31) -> 0 | E31: =IF(SER_hh_tes!E31=0,0,11630*1000*SER_hh_tes!E31/SER_hh_num!E31) -> 0 | F31: =IF(SER_hh_tes!F31=0,0,11630*1000*SER_hh_tes!F31/SER_hh_num!F31) -> 0 | G31: =IF(SER_hh_tes!G31=0,0,11630*1000*SER_hh_tes!G31/SER_hh_num!G31) -> 0 | H31: =IF(SER_hh_tes!H31=0,0,11630*1000*SER_hh_tes!H31/SER_hh_num!H31) -> 0 | I31: =IF(SER_hh_tes!I31=0,0,11630*1000*SER_hh_tes!I31/SER_hh_num!I31) -> 0 | ... Y31: =IF(SER_hh_tes!Y31=0,0,11630*1000*SER_hh_tes!Y31/SER_hh_num!Y31) -> 0 | DA31: TES_per_building.kWh.CY.Ser.Bld.Thermal.CA.Gas.NG_Biogas
A32: Biomass | B32: =IF(SER_hh_tes!B32=0,0,11630*1000*SER_hh_tes!B32/SER_hh_num!B32) -> 11310.649 | C32: =IF(SER_hh_tes!C32=0,0,11630*1000*SER_hh_tes!C32/SER_hh_num!C32) -> 10274.826 | D32: =IF(SER_hh_tes!D32=0,0,11630*1000*SER_hh_tes!D32/SER_hh_num!D32) -> 12181.128 | E32: =IF(SER_hh_tes!E32=0,0,11630*1000*SER_hh_tes!E32/SER_hh_num!E32) -> 10835.851 | F32: =IF(SER_hh_tes!F32=0,0,11630*1000*SER_hh_tes!F32/SER_hh_num!F32) -> 11325.302 | G32: =IF(SER_hh_tes!G32=0,0,11630*1000*SER_hh_tes!G32/SER_hh_num!G32) -> 12162.659 | H32: =IF(SER_hh_tes!H32=0,0,11630*1000*SER_hh_tes!H32/SER_hh_num!H32) -> 10795.409 | I32: =IF(SER_hh_tes!I32=0,0,11630*1000*SER_hh_tes!I32/SER_hh_num!I32) -> 13091.465 | ... Y32: =IF(SER_hh_tes!Y32=0,0,11630*1000*SER_hh_tes!Y32/SER_hh_num!Y32) -> 11745.706 | DA32: TES_per_building.kWh.CY.Ser.Bld.Thermal.CA.Biomass.Biomass_Waste
A33: Electricity | B33: =IF(SER_hh_tes!B33=0,0,11630*1000*SER_hh_tes!B33/SER_hh_num!B33) -> 11342.505 | C33: =IF(SER_hh_tes!C33=0,0,11630*1000*SER_hh_tes!C33/SER_hh_num!C33) -> 11346.897 | D33: =IF(SER_hh_tes!D33=0,0,11630*1000*SER_hh_tes!D33/SER_hh_num!D33) -> 11252.105 | E33: =IF(SER_hh_tes!E33=0,0,11630*1000*SER_hh_tes!E33/SER_hh_num!E33) -> 11462.283 | F33: =IF(SER_hh_tes!F33=0,0,11630*1000*SER_hh_tes!F33/SER_hh_num!F33) -> 11651.863 | G33: =IF(SER_hh_tes!G33=0,0,11630*1000*SER_hh_tes!G33/SER_hh_num!G33) -> 11719.381 | H33: =IF(SER_hh_tes!H33=0,0,11630*1000*SER_hh_tes!H33/SER_hh_num!H33) -> 11166.126 | I33: =IF(SER_hh_tes!I33=0,0,11630*1000*SER_hh_tes!I33/SER_hh_num!I33) -> 11482.852 | ... Y33: =IF(SER_hh_tes!Y33=0,0,11630*1000*SER_hh_tes!Y33/SER_hh_num!Y33) -> 12760.969 | DA33: TES_per_building.kWh.CY.Ser.Bld.Thermal.CA.Elc.Elec

Sheet SER_hh_emih
A1: CY - CO2 emissions per building | B1: 2000 | C1: 2001 | D1: 2002 | E1: 2003 | F1: 2004 | G1: 2005 | H1: 2006 | I1: 2007 | J1: 2008 | K1: 2009 | L1: 2010 | M1: 2011 | N1: 2012 | O1: 2013 | P1: 2014 | Q1: 2015 | R1: 2016 | S1: 2017 | T1: 2018 | U1: 2019 | V1: 2020 | W1: 2021 | X1: 2022 | Y1: 2023 | DA1: Code
A3: CO2 emissions (kg CO2 / representative building cell) | B3: =IF(SER_hh_emi!B3=0,0,1000000*SER_hh_emi!B3/SER_hh_num!B3) -> 4971.2085 | C3: =IF(SER_hh_emi!C3=0,0,1000000*SER_hh_emi!C3/SER_hh_num!C3) -> 4924.4375 | D3: =IF(SER_hh_emi!D3=0,0,1000000*SER_hh_emi!D3/SER_hh_num!D3) -> 4653.9364 | E3: =IF(SER_hh_emi!E3=0,0,1000000*SER_hh_emi!E3/SER_hh_num!E3) -> 4700.857 | F3: =IF(SER_hh_emi!F3=0,0,1000000*SER_hh_emi!F3/SER_hh_num!F3) -> 4138.9881 | G3: =IF(SER_hh_emi!G3=0,0,1000000*SER_hh_emi!G3/SER_hh_num!G3) -> 3890.9925 | H3: =IF(SER_hh_emi!H3=0,0,1000000*SER_hh_emi!H3/SER_hh_num!H3) -> 6475.8074 | I3: =IF(SER_hh_emi!I3=0,0,1000000*SER_hh_emi!I3/SER_hh_num!I3) -> 6484.1205 | ... Y3: =IF(SER_hh_emi!Y3=0,0,1000000*SER_hh_emi!Y3/SER_hh_num!Y3) -> 5819.0036 | DA3: EMI_per_building.kgCO2.CY.Ser.Bld.Thermal
A4: Space heating | B4: =IF(SER_hh_emi!B4=0,0,1000000*SER_hh_emi!B4/SER_hh_num!B4) -> 4742.2512 | C4: =IF(SER_hh_emi!C4=0,0,1000000*SER_hh_emi!C4/SER_hh_num!C4) -> 4698.5966 | D4: =IF(SER_hh_emi!D4=0,0,1000000*SER_hh_emi!D4/SER_hh_num!D4) -> 4430.8505 | E4: =IF(SER_hh_emi!E4=0,0,1000000*SER_hh_emi!E4/SER_hh_num!E4) -> 4483.1803 | F4: =IF(SER_hh_emi!F4=0,0,1000000*SER_hh_emi!F4/SER_hh_num!F4) -> 3925.0958 | G4: =IF(SER_hh_emi!G4=0,0,1000000*SER_hh_emi!G4/SER_hh_num!G4) -> 3681.0768 | H4: =IF(SER_hh_emi!H4=0,0,1000000*SER_hh_emi!H4/SER_hh_num!H4) -> 4149.7212 | I4: =IF(SER_hh_emi!I4=0,0,1000000*SER_hh_emi!I4/SER_hh_num!I4) -> 4219.5143 | ... Y4: =IF(SER_hh_emi!Y4=0,0,1000000*SER_hh_emi!Y4/SER_hh_num!Y4) -> 4117.4161 | DA4: EMI_per_building.kgCO2.CY.Ser.Bld.Thermal.SH
A5: Solids | B5: =IF(SER_hh_emi!B5=0,0,1000000*SER_hh_emi!B5/SER_hh_num!B5) -> 0 | C5: =IF(SER_hh_emi!C5=0,0,1000000*SER_hh_emi!C5/SER_hh_num!C5) -> 0 | D5: =IF(SER_hh_emi!D5=0,0,1000000*SER_hh_emi!D5/SER_hh_num!D5) -> 0 | E5: =IF(SER_hh_emi!E5=0,0,1000000*SER_hh_emi!E5/SER_hh_num!E5) -> 0 | F5: =IF(SER_hh_emi!F5=0,0,1000000*SER_hh_emi!F5/SER_hh_num!F5) -> 0 | G5: =IF(SER_hh_emi!G5=0,0,1000000*SER_hh_emi!G5/SER_hh_num!G5) -> 0 | H5: =IF(SER_hh_emi!H5=0,0,1000000*SER_hh_emi!H5/SER_hh_num!H5) -> 0 | I5: =IF(SER_hh_emi!I5=0,0,1000000*SER_hh_emi!I5/SER_hh_num!I5) -> 0 | ... Y5: =IF(SER_hh_emi!Y5=0,0,1000000*SER_hh_emi!Y5/SER_hh_num!Y5) -> 0 | DA5: EMI_per_building.kgCO2.CY.Ser.Bld.Thermal.SH.Solids.Solids
A6: Liquified petroleum gas (LPG) | B6: =IF(SER_hh_emi!B6=0,0,1000000*SER_hh_emi!B6/SER_hh_num!B6) -> 0 | C6: =IF(SER_hh_emi!C6=0,0,1000000*SER_hh_emi!C6/SER_hh_num!C6) -> 0 | D6: =IF(SER_hh_emi!D6=0,0,1000000*SER_hh_emi!D6/SER_hh_num!D6) -> 0 | E6: =IF(SER_hh_emi!E6=0,0,1000000*SER_hh_emi!E6/SER_hh_num!E6) -> 0 | F6: =IF(SER_hh_emi!F6=0,0,1000000*SER_hh_emi!F6/SER_hh_num!F6) -> 0 | G6: =IF(SER_hh_emi!G6=0,0,1000000*SER_hh_emi!G6/SER_hh_num!G6) -> 0 | H6: =IF(SER_hh_emi!H6=0,0,1000000*SER_hh_emi!H6/SER_hh_num!H6) -> 0 | I6: =IF(SER_hh_emi!I6=0,0,1000000*SER_hh_emi!I6/SER_hh_num!I6) -> 0 | ... Y6: =IF(SER_hh_emi!Y6=0,0,1000000*SER_hh_emi!Y6/SER_hh_num!Y6) -> 0 | DA6: EMI_per_building.kgCO2.CY.Ser.Bld.Thermal.SH.LPG.LPG
A7: Diesel oil | B7: =IF(SER_hh_emi!B7=0,0,1000000*SER_hh_emi!B7/SER_hh_num!B7) -> 7459.5867 | C7: =IF(SER_hh_emi!C7=0,0,1000000*SER_hh_emi!C7/SER_hh_num!C7) -> 8769.5971 | D7: =IF(SER_hh_emi!D7=0,0,1000000*SER_hh_emi!D7/SER_hh_num!D7) -> 9920.4934 | E7: =IF(SER_hh_emi!E7=0,0,1000000*SER_hh_emi!E7/SER_hh_num!E7) -> 11678.247 | F7: =IF(SER_hh_emi!F7=0,0,1000000*SER_hh_emi!F7/SER_hh_num!F7) -> 12089.303 | G7: =IF(SER_hh_emi!G7=0,0,1000000*SER_hh_emi!G7/SER_hh_num!G7) -> 13266.075 | H7: =IF(SER_hh_emi!H7=0,0,1000000*SER_hh_emi!H7/SER_hh_num!H7) -> 17148.541 | I7: =IF(SER_hh_emi!I7=0,0,1000000*SER_hh_emi!I7/SER_hh_num!I7) -> 18756.026 | ... Y7: =IF(SER_hh_emi!Y7=0,0,1000000*SER_hh_emi!Y7/SER_hh_num!Y7) -> 27535.33 | DA7: EMI_per_building.kgCO2.CY.Ser.Bld.Thermal.SH.Oil.Oil_LiqBio
A8: Gas heat pumps | B8: =IF(SER_hh_emi!B8=0,0,1000000*SER_hh_emi!B8/SER_hh_num!B8) -> 0 | C8: =IF(SER_hh_emi!C8=0,0,1000000*SER_hh_emi!C8/SER_hh_num!C8) -> 0 | D8: =IF(SER_hh_emi!D8=0,0,1000000*SER_hh_emi!D8/SER_hh_num!D8) -> 0 | E8: =IF(SER_hh_emi!E8=0,0,1000000*SER_hh_emi!E8/SER_hh_num!E8) -> 0 | F8: =IF(SER_hh_emi!F8=0,0,1000000*SER_hh_emi!F8/SER_hh_num!F8) -> 0 | G8: =IF(SER_hh_emi!G8=0,0,1000000*SER_hh_emi!G8/SER_hh_num!G8) -> 0 | H8: =IF(SER_hh_emi!H8=0,0,1000000*SER_hh_emi!H8/SER_hh_num!H8) -> 0 | I8: =IF(SER_hh_emi!I8=0,0,1000000*SER_hh_emi!I8/SER_hh_num!I8) -> 0 | ... Y8: =IF(SER_hh_emi!Y8=0,0,1000000*SER_hh_emi!Y8/SER_hh_num!Y8) -> 0 | DA8: EMI_per_building.kgCO2.CY.Ser.Bld.Thermal.SH.GasHP.NG_Biogas
A9: Conventional gas heaters | B9: =IF(SER_hh_emi!B9=0,0,1000000*SER_hh_emi!B9/SER_hh_num!B9) -> 0 | C9: =IF(SER_hh_emi!C9=0,0,1000000*SER_hh_emi!C9/SER_hh_num!C9) -> 0 | D9: =IF(SER_hh_emi!D9=0,0,1000000*SER_hh_emi!D9/SER_hh_num!D9) -> 0 | E9: =IF(SER_hh_emi!E9=0,0,1000000*SER_hh_emi!E9/SER_hh_num!E9) -> 0 | F9: =IF(SER_hh_emi!F9=0,0,1000000*SER_hh_emi!F9/SER_hh_num!F9) -> 0 | G9: =IF(SER_hh_emi!G9=0,0,1000000*SER_hh_emi!G9/SER_hh_num!G9) -> 0 | H9: =IF(SER_hh_emi!H9=0,0,1000000*SER_hh_emi!H9/SER_hh_num!H9) -> 0 | I9: =IF(SER_hh_emi!I9=0,0,1000000*SER_hh_emi!I9/SER_hh_num!I9) -> 0 | ... Y9: =IF(SER_hh_emi!Y9=0,0,1000000*SER_hh_emi!Y9/SER_hh_num!Y9) -> 0 | DA9: EMI_per_building.kgCO2.CY.Ser.Bld.Thermal.SH.GasTH.NG_Biogas
A10: Biomass | B10: =IF(SER_hh_emi!B10=0,0,1000000*SER_hh_emi!B10/SER_hh_num!B10) -> 0 | C10: =IF(SER_hh_emi!C10=0,0,1000000*SER_hh_emi!C10/SER_hh_num!C10) -> 0 | D10: =IF(SER_hh_emi!D10=0,0,1000000*SER_hh_emi!D10/SER_hh_num!D10) -> 0 | E10: =IF(SER_hh_emi!E10=0,0,1000000*SER_hh_emi!E10/SER_hh_num!E10) -> 0 | F10: =IF(SER_hh_emi!F10=0,0,1000000*SER_hh_emi!F10/SER_hh_num!F10) -> 0 | G10: =IF(SER_hh_emi!G10=0,0,1000000*SER_hh_emi!G10/SER_hh_num!G10) -> 0 | H10: =IF(SER_hh_emi!H10=0,0,1000000*SER_hh_emi!H10/SER_hh_num!H10) -> 0 | I10: =IF(SER_hh_emi!I10=0,0,1000000*SER_hh_emi!I10/SER_hh_num!I10) -> 0 | ... Y10: =IF(SER_hh_emi!Y10=0,0,1000000*SER_hh_emi!Y10/SER_hh_num!Y10) -> 0 | DA10: EMI_per_building.kgCO2.CY.Ser.Bld.Thermal.SH.Biomass.Biomass_Waste
A11: Geothermal | B11: =IF(SER_hh_emi!B11=0,0,1000000*SER_hh_emi!B11/SER_hh_num!B11) -> 0 | C11: =IF(SER_hh_emi!C11=0,0,1000000*SER_hh_emi!C11/SER_hh_num!C11) -> 0 | D11: =IF(SER_hh_emi!D11=0,0,1000000*SER_hh_emi!D11/SER_hh_num!D11) -> 0 | E11: =IF(SER_hh_emi!E11=0,0,1000000*SER_hh_emi!E11/SER_hh_num!E11) -> 0 | F11: =IF(SER_hh_emi!F11=0,0,1000000*SER_hh_emi!F11/SER_hh_num!F11) -> 0 | G11: =IF(SER_hh_emi!G11=0,0,1000000*SER_hh_emi!G11/SER_hh_num!G11) -> 0 | H11: =IF(SER_hh_emi!H11=0,0,1000000*SER_hh_emi!H11/SER_hh_num!H11) -> 0 | I11: =IF(SER_hh_emi!I11=0,0,1000000*SER_hh_emi!I11/SER_hh_num!I11) -> 0 | ... Y11: =IF(SER_hh_emi!Y11=0,0,1000000*SER_hh_emi!Y11/SER_hh_num!Y11) -> 0 | DA11: EMI_per_building.kgCO2.CY.Ser.Bld.Thermal.SH.Geo.Geo
A12: Distributed heat | B12: =IF(SER_hh_emi!B12=0,0,1000000*SER_hh_emi!B12/SER_hh_num!B12) -> 0 | C12: =IF(SER_hh_emi!C12=0,0,1000000*SER_hh_emi!C12/SER_hh_num!C12) -> 0 | D12: =IF(SER_hh_emi!D12=0,0,1000000*SER_hh_emi!D12/SER_hh_num!D12) -> 0 | E12: =IF(SER_hh_emi!E12=0,0,1000000*SER_hh_emi!E12/SER_hh_num!E12) -> 0 | F12: =IF(SER_hh_emi!F12=0,0,1000000*SER_hh_emi!F12/SER_hh_num!F12) -> 0 | G12: =IF(SER_hh_emi!G12=0,0,1000000*SER_hh_emi!G12/SER_hh_num!G12) -> 0 | H12: =IF(SER_hh_emi!H12=0,0,1000000*SER_hh_emi!H12/SER_hh_num!H12) -> 0 | I12: =IF(SER_hh_emi!I12=0,0,1000000*SER_hh_emi!I12/SER_hh_num!I12) -> 0 | ... Y12: =IF(SER_hh_emi!Y12=0,0,1000000*SER_hh_emi!Y12/SER_hh_num!Y12) -> 0 | DA12: EMI_per_building.kgCO2.CY.Ser.Bld.Thermal.SH.DistrHeat.Steam_Distr
A13: Advanced electric heating | B13: =IF(SER_hh_emi!B13=0,0,1000000*SER_hh_emi!B13/SER_hh_num!B13) -> 0 | C13: =IF(SER_hh_emi!C13=0,0,1000000*SER_hh_emi!C13/SER_hh_num!C13) -> 0 | D13: =IF(SER_hh_emi!D13=0,0,1000000*SER_hh_emi!D13/SER_hh_num!D13) -> 0 | E13: =IF(SER_hh_emi!E13=0,0,1000000*SER_hh_emi!E13/SER_hh_num!E13) -> 0 | F13: =IF(SER_hh_emi!F13=0,0,1000000*SER_hh_emi!F13/SER_hh_num!F13) -> 0 | G13: =IF(SER_hh_emi!G13=0,0,1000000*SER_hh_emi!G13/SER_hh_num!G13) -> 0 | H13: =IF(SER_hh_emi!H13=0,0,1000000*SER_hh_emi!H13/SER_hh_num!H13) -> 0 | I13: =IF(SER_hh_emi!I13=0,0,1000000*SER_hh_emi!I13/SER_hh_num!I13) -> 0 | ... Y13: =IF(SER_hh_emi!Y13=0,0,1000000*SER_hh_emi!Y13/SER_hh_num!Y13) -> 0 | DA13: EMI_per_building.kgCO2.CY.Ser.Bld.Thermal.SH.AdvElc.Elec
A14: Conventional electric heating | B14: =IF(SER_hh_emi!B14=0,0,1000000*SER_hh_emi!B14/SER_hh_num!B14) -> 0 | C14: =IF(SER_hh_emi!C14=0,0,1000000*SER_hh_emi!C14/SER_hh_num!C14) -> 0 | D14: =IF(SER_hh_emi!D14=0,0,1000000*SER_hh_emi!D14/SER_hh_num!D14) -> 0 | E14: =IF(SER_hh_emi!E14=0,0,1000000*SER_hh_emi!E14/SER_hh_num!E14) -> 0 | F14: =IF(SER_hh_emi!F14=0,0,1000000*SER_hh_emi!F14/SER_hh_num!F14) -> 0 | G14: =IF(SER_hh_emi!G14=0,0,1000000*SER_hh_emi!G14/SER_hh_num!G14) -> 0 | H14: =IF(SER_hh_emi!H14=0,0,1000000*SER_hh_emi!H14/SER_hh_num!H14) -> 0 | I14: =IF(SER_hh_emi!I14=0,0,1000000*SER_hh_emi!I14/SER_hh_num!I14) -> 0 | ... Y14: =IF(SER_hh_emi!Y14=0,0,1000000*SER_hh_emi!Y14/SER_hh_num!Y14) -> 0 | DA14: EMI_per_building.kgCO2.CY.Ser.Bld.Thermal.SH.ConvElc.Elec
... A26: Electricity | B26: =IF(SER_hh_emi!B26=0,0,1000000*SER_hh_emi!B26/SER_hh_num!B26) -> 0 | C26: =IF(SER_hh_emi!C26=0,0,1000000*SER_hh_emi!C26/SER_hh_num!C26) -> 0 | D26: =IF(SER_hh_emi!D26=0,0,1000000*SER_hh_emi!D26/SER_hh_num!D26) -> 0 | E26: =IF(SER_hh_emi!E26=0,0,1000000*SER_hh_emi!E26/SER_hh_num!E26) -> 0 | F26: =IF(SER_hh_emi!F26=0,0,1000000*SER_hh_emi!F26/SER_hh_num!F26) -> 0 | G26: =IF(SER_hh_emi!G26=0,0,1000000*SER_hh_emi!G26/SER_hh_num!G26) -> 0 | H26: =IF(SER_hh_emi!H26=0,0,1000000*SER_hh_emi!H26/SER_hh_num!H26) -> 0 | I26: =IF(SER_hh_emi!I26=0,0,1000000*SER_hh_emi!I26/SER_hh_num!I26) -> 0 | ... Y26: =IF(SER_hh_emi!Y26=0,0,1000000*SER_hh_emi!Y26/SER_hh_num!Y26) -> 0 | DA26: EMI_per_building.kgCO2.CY.Ser.Bld.Thermal.HW.Elc.Elec
A27: Solar (as of total) | B27: =IF(SER_hh_emi!B27=0,0,1000000*SER_hh_emi!B27/SER_hh_num!B19) -> 0 | C27: =IF(SER_hh_emi!C27=0,0,1000000*SER_hh_emi!C27/SER_hh_num!C19) -> 0 | D27: =IF(SER_hh_emi!D27=0,0,1000000*SER_hh_emi!D27/SER_hh_num!D19) -> 0 | E27: =IF(SER_hh_emi!E27=0,0,1000000*SER_hh_emi!E27/SER_hh_num!E19) -> 0 | F27: =IF(SER_hh_emi!F27=0,0,1000000*SER_hh_emi!F27/SER_hh_num!F19) -> 0 | G27: =IF(SER_hh_emi!G27=0,0,1000000*SER_hh_emi!G27/SER_hh_num!G19) -> 0 | H27: =IF(SER_hh_emi!H27=0,0,1000000*SER_hh_emi!H27/SER_hh_num!H19) -> 0 | I27: =IF(SER_hh_emi!I27=0,0,1000000*SER_hh_emi!I27/SER_hh_num!I19) -> 0 | ... Y27: =IF(SER_hh_emi!Y27=0,0,1000000*SER_hh_emi!Y27/SER_hh_num!Y19) -> 0 | DA27: EMI_per_building.kgCO2.CY.Ser.Bld.Thermal.HW.TotalSolar.Solar
A28: Solar (as of solar equiped buildings) | B28: =IF(SER_hh_emi!B27=0,0,1000000*SER_hh_emi!B27/SER_hh_num!B27) -> 0 | C28: =IF(SER_hh_emi!C27=0,0,1000000*SER_hh_emi!C27/SER_hh_num!C27) -> 0 | D28: =IF(SER_hh_emi!D27=0,0,1000000*SER_hh_emi!D27/SER_hh_num!D27) -> 0 | E28: =IF(SER_hh_emi!E27=0,0,1000000*SER_hh_emi!E27/SER_hh_num!E27) -> 0 | F28: =IF(SER_hh_emi!F27=0,0,1000000*SER_hh_emi!F27/SER_hh_num!F27) -> 0 | G28: =IF(SER_hh_emi!G27=0,0,1000000*SER_hh_emi!G27/SER_hh_num!G27) -> 0 | H28: =IF(SER_hh_emi!H27=0,0,1000000*SER_hh_emi!H27/SER_hh_num!H27) -> 0 | I28: =IF(SER_hh_emi!I27=0,0,1000000*SER_hh_emi!I27/SER_hh_num!I27) -> 0 | ... Y28: =IF(SER_hh_emi!Y27=0,0,1000000*SER_hh_emi!Y27/SER_hh_num!Y27) -> 0
A29: Catering | B29: =IF(SER_hh_emi!B29=0,0,1000000*SER_hh_emi!B29/SER_hh_num!B29) -> 0 | C29: =IF(SER_hh_emi!C29=0,0,1000000*SER_hh_emi!C29/SER_hh_num!C29) -> 0 | D29: =IF(SER_hh_emi!D29=0,0,1000000*SER_hh_emi!D29/SER_hh_num!D29) -> 0 | E29: =IF(SER_hh_emi!E29=0,0,1000000*SER_hh_emi!E29/SER_hh_num!E29) -> 0 | F29: =IF(SER_hh_emi!F29=0,0,1000000*SER_hh_emi!F29/SER_hh_num!F29) -> 0 | G29: =IF(SER_hh_emi!G29=0,0,1000000*SER_hh_emi!G29/SER_hh_num!G29) -> 0 | H29: =IF(SER_hh_emi!H29=0,0,1000000*SER_hh_emi!H29/SER_hh_num!H29) -> 836.67147 | I29: =IF(SER_hh_emi!I29=0,0,1000000*SER_hh_emi!I29/SER_hh_num!I29) -> 802.48769 | ... Y29: =IF(SER_hh_emi!Y29=0,0,1000000*SER_hh_emi!Y29/SER_hh_num!Y29) -> 938.18341 | DA29: EMI_per_building.kgCO2.CY.Ser.Bld.Thermal.CA
A30: Liquified petroleum gas (LPG) | B30: =IF(SER_hh_emi!B30=0,0,1000000*SER_hh_emi!B30/SER_hh_num!B30) -> 0 | C30: =IF(SER_hh_emi!C30=0,0,1000000*SER_hh_emi!C30/SER_hh_num!C30) -> 0 | D30: =IF(SER_hh_emi!D30=0,0,1000000*SER_hh_emi!D30/SER_hh_num!D30) -> 0 | E30: =IF(SER_hh_emi!E30=0,0,1000000*SER_hh_emi!E30/SER_hh_num!E30) -> 0 | F30: =IF(SER_hh_emi!F30=0,0,1000000*SER_hh_emi!F30/SER_hh_num!F30) -> 0 | G30: =IF(SER_hh_emi!G30=0,0,1000000*SER_hh_emi!G30/SER_hh_num!G30) -> 0 | H30: =IF(SER_hh_emi!H30=0,0,1000000*SER_hh_emi!H30/SER_hh_num!H30) -> 6178.5961 | I30: =IF(SER_hh_emi!I30=0,0,1000000*SER_hh_emi!I30/SER_hh_num!I30) -> 4723.8474 | ... Y30: =IF(SER_hh_emi!Y30=0,0,1000000*SER_hh_emi!Y30/SER_hh_num!Y30) -> 4262.4056 | DA30: EMI_per_building.kgCO2.CY.Ser.Bld.Thermal.CA.LPG
A31: Natural gas | B31: =IF(SER_hh_emi!B31=0,0,1000000*SER_hh_emi!B31/SER_hh_num!B31) -> 0 | C31: =IF(SER_hh_emi!C31=0,0,1000000*SER_hh_emi!C31/SER_hh_num!C31) -> 0 | D31: =IF(SER_hh_emi!D31=0,0,1000000*SER_hh_emi!D31/SER_hh_num!D31) -> 0 | E31: =IF(SER_hh_emi!E31=0,0,1000000*SER_hh_emi!E31/SER_hh_num!E31) -> 0 | F31: =IF(SER_hh_emi!F31=0,0,1000000*SER_hh_emi!F31/SER_hh_num!F31) -> 0 | G31: =IF(SER_hh_emi!G31=0,0,1000000*SER_hh_emi!G31/SER_hh_num!G31) -> 0 | H31: =IF(SER_hh_emi!H31=0,0,1000000*SER_hh_emi!H31/SER_hh_num!H31) -> 0 | I31: =IF(SER_hh_emi!I31=0,0,1000000*SER_hh_emi!I31/SER_hh_num!I31) -> 0 | ... Y31: =IF(SER_hh_emi!Y31=0,0,1000000*SER_hh_emi!Y31/SER_hh_num!Y31) -> 0 | DA31: EMI_per_building.kgCO2.CY.Ser.Bld.Thermal.CA.Gas.NG_Biogas
A32: Biomass | B32: =IF(SER_hh_emi!B32=0,0,1000000*SER_hh_emi!B32/SER_hh_num!B32) -> 0 | C32: =IF(SER_hh_emi!C32=0,0,1000000*SER_hh_emi!C32/SER_hh_num!C32) -> 0 | D32: =IF(SER_hh_emi!D32=0,0,1000000*SER_hh_emi!D32/SER_hh_num!D32) -> 0 | E32: =IF(SER_hh_emi!E32=0,0,1000000*SER_hh_emi!E32/SER_hh_num!E32) -> 0 | F32: =IF(SER_hh_emi!F32=0,0,1000000*SER_hh_emi!F32/SER_hh_num!F32) -> 0 | G32: =IF(SER_hh_emi!G32=0,0,1000000*SER_hh_emi!G32/SER_hh_num!G32) -> 0 | H32: =IF(SER_hh_emi!H32=0,0,1000000*SER_hh_emi!H32/SER_hh_num!H32) -> 0 | I32: =IF(SER_hh_emi!I32=0,0,1000000*SER_hh_emi!I32/SER_hh_num!I32) -> 0 | ... Y32: =IF(SER_hh_emi!Y32=0,0,1000000*SER_hh_emi!Y32/SER_hh_num!Y32) -> 0 | DA32: EMI_per_building.kgCO2.CY.Ser.Bld.Thermal.CA.Biomass.Biomass_Waste
A33: Electricity | B33: =IF(SER_hh_emi!B33=0,0,1000000*SER_hh_emi!B33/SER_hh_num!B33) -> 0 | C33: =IF(SER_hh_emi!C33=0,0,1000000*SER_hh_emi!C33/SER_hh_num!C33) -> 0 | D33: =IF(SER_hh_emi!D33=0,0,1000000*SER_hh_emi!D33/SER_hh_num!D33) -> 0 | E33: =IF(SER_hh_emi!E33=0,0,1000000*SER_hh_emi!E33/SER_hh_num!E33) -> 0 | F33: =IF(SER_hh_emi!F33=0,0,1000000*SER_hh_emi!F33/SER_hh_num!F33) -> 0 | G33: =IF(SER_hh_emi!G33=0,0,1000000*SER_hh_emi!G33/SER_hh_num!G33) -> 0 | H33: =IF(SER_hh_emi!H33=0,0,1000000*SER_hh_emi!H33/SER_hh_num!H33) -> 0 | I33: =IF(SER_hh_emi!I33=0,0,1000000*SER_hh_emi!I33/SER_hh_num!I33) -> 0 | ... Y33: =IF(SER_hh_emi!Y33=0,0,1000000*SER_hh_emi!Y33/SER_hh_num!Y33) -> 0 | DA33: EMI_per_building.kgCO2.CY.Ser.Bld.Thermal.CA.Elc.Elec

Sheet SER_hh_fecs
A1: CY - Final energy consumption per useful surface area | B1: 2000 | C1: 2001 | D1: 2002 | E1: 2003 | F1: 2004 | G1: 2005 | H1: 2006 | I1: 2007 | J1: 2008 | K1: 2009 | L1: 2010 | M1: 2011 | N1: 2012 | O1: 2013 | P1: 2014 | Q1: 2015 | R1: 2016 | S1: 2017 | T1: 2018 | U1: 2019 | V1: 2020 | W1: 2021 | X1: 2022 | Y1: 2023 | DA1: Code
A3: Final energy consumption (kWh / sqm) | B3: =IF(SER_hh_fech!B3=0,0,SER_hh_fech!B3/SER_summary!B$26) -> 77.063672 | C3: =IF(SER_hh_fech!C3=0,0,SER_hh_fech!C3/SER_summary!C$26) -> 82.261029 | D3: =IF(SER_hh_fech!D3=0,0,SER_hh_fech!D3/SER_summary!D$26) -> 87.715805 | E3: =IF(SER_hh_fech!E3=0,0,SER_hh_fech!E3/SER_summary!E$26) -> 89.906845 | F3: =IF(SER_hh_fech!F3=0,0,SER_hh_fech!F3/SER_summary!F$26) -> 88.563228 | G3: =IF(SER_hh_fech!G3=0,0,SER_hh_fech!G3/SER_summary!G$26) -> 90.167742 | H3: =IF(SER_hh_fech!H3=0,0,SER_hh_fech!H3/SER_summary!H$26) -> 106.79794 | I3: =IF(SER_hh_fech!I3=0,0,SER_hh_fech!I3/SER_summary!I$26) -> 109.31741 | ... Y3: =IF(SER_hh_fech!Y3=0,0,SER_hh_fech!Y3/SER_summary!Y$26) -> 108.78148 | DA3: FEC_per_sqm.kWh.CY.Ser.Bld.Thermal
A4: Space heating | B4: =IF(SER_hh_fech!B4=0,0,SER_hh_fech!B4/SER_summary!B$26) -> 25.608774 | C4: =IF(SER_hh_fech!C4=0,0,SER_hh_fech!C4/SER_summary!C$26) -> 31.144094 | D4: =IF(SER_hh_fech!D4=0,0,SER_hh_fech!D4/SER_summary!D$26) -> 35.48376 | E4: =IF(SER_hh_fech!E4=0,0,SER_hh_fech!E4/SER_summary!E$26) -> 35.62727 | F4: =IF(SER_hh_fech!F4=0,0,SER_hh_fech!F4/SER_summary!F$26) -> 36.168403 | G4: =IF(SER_hh_fech!G4=0,0,SER_hh_fech!G4/SER_summary!G$26) -> 38.130668 | H4: =IF(SER_hh_fech!H4=0,0,SER_hh_fech!H4/SER_summary!H$26) -> 52.670484 | I4: =IF(SER_hh_fech!I4=0,0,SER_hh_fech!I4/SER_summary!I$26) -> 53.586506 | ... Y4: =IF(SER_hh_fech!Y4=0,0,SER_hh_fech!Y4/SER_summary!Y$26) -> 56.741501 | DA4: FEC_per_sqm.kWh.CY.Ser.Bld.Thermal.SH
A5: Solids | B5: =IF(SER_hh_fech!B5=0,0,SER_hh_fech!B5/SER_summary!B$26) -> 0 | C5: =IF(SER_hh_fech!C5=0,0,SER_hh_fech!C5/SER_summary!C$26) -> 0 | D5: =IF(SER_hh_fech!D5=0,0,SER_hh_fech!D5/SER_summary!D$26) -> 0 | E5: =IF(SER_hh_fech!E5=0,0,SER_hh_fech!E5/SER_summary!E$26) -> 0 | F5: =IF(SER_hh_fech!F5=0,0,SER_hh_fech!F5/SER_summary!F$26) -> 0 | G5: =IF(SER_hh_fech!G5=0,0,SER_hh_fech!G5/SER_summary!G$26) -> 0 | H5: =IF(SER_hh_fech!H5=0,0,SER_hh_fech!H5/SER_summary!H$26) -> 0 | I5: =IF(SER_hh_fech!I5=0,0,SER_hh_fech!I5/SER_summary!I$26) -> 0 | ... Y5: =IF(SER_hh_fech!Y5=0,0,SER_hh_fech!Y5/SER_summary!Y$26) -> 0 | DA5: FEC_per_sqm.kWh.CY.Ser.Bld.Thermal.SH.Solids.Solids
A6: Liquified petroleum gas (LPG) | B6: =IF(SER_hh_fech!B6=0,0,SER_hh_fech!B6/SER_summary!B$26) -> 0 | C6: =IF(SER_hh_fech!C6=0,0,SER_hh_fech!C6/SER_summary!C$26) -> 0 | D6: =IF(SER_hh_fech!D6=0,0,SER_hh_fech!D6/SER_summary!D$26) -> 0 | E6: =IF(SER_hh_fech!E6=0,0,SER_hh_fech!E6/SER_summary!E$26) -> 0 | F6: =IF(SER_hh_fech!F6=0,0,SER_hh_fech!F6/SER_summary!F$26) -> 0 | G6: =IF(SER_hh_fech!G6=0,0,SER_hh_fech!G6/SER_summary!G$26) -> 0 | H6: =IF(SER_hh_fech!H6=0,0,SER_hh_fech!H6/SER_summary!H$26) -> 0 | I6: =IF(SER_hh_fech!I6=0,0,SER_hh_fech!I6/SER_summary!I$26) -> 0 | ... Y6: =IF(SER_hh_fech!Y6=0,0,SER_hh_fech!Y6/SER_summary!Y$26) -> 0 | DA6: FEC_per_sqm.kWh.CY.Ser.Bld.Thermal.SH.LPG.LPG
A7: Diesel oil | B7: =IF(SER_hh_fech!B7=0,0,SER_hh_fech!B7/SER_summary!B$26) -> 31.070737 | C7: =IF(SER_hh_fech!C7=0,0,SER_hh_fech!C7/SER_summary!C$26) -> 36.527203 | D7: =IF(SER_hh_fech!D7=0,0,SER_hh_fech!D7/SER_summary!D$26) -> 41.320927 | E7: =IF(SER_hh_fech!E7=0,0,SER_hh_fech!E7/SER_summary!E$26) -> 48.642338 | F7: =IF(SER_hh_fech!F7=0,0,SER_hh_fech!F7/SER_summary!F$26) -> 50.354471 | G7: =IF(SER_hh_fech!G7=0,0,SER_hh_fech!G7/SER_summary!G$26) -> 55.150175 | H7: =IF(SER_hh_fech!H7=0,0,SER_hh_fech!H7/SER_summary!H$26) -> 71.187803 | I7: =IF(SER_hh_fech!I7=0,0,SER_hh_fech!I7/SER_summary!I$26) -> 77.870798 | ... Y7: =IF(SER_hh_fech!Y7=0,0,SER_hh_fech!Y7/SER_summary!Y$26) -> 116.12369 | DA7: FEC_per_sqm.kWh.CY.Ser.Bld.Thermal.SH.Oil.Oil_LiqBio
A8: Gas heat pumps | B8: =IF(SER_hh_fech!B8=0,0,SER_hh_fech!B8/SER_summary!B$26) -> 0 | C8: =IF(SER_hh_fech!C8=0,0,SER_hh_fech!C8/SER_summary!C$26) -> 0 | D8: =IF(SER_hh_fech!D8=0,0,SER_hh_fech!D8/SER_summary!D$26) -> 0 | E8: =IF(SER_hh_fech!E8=0,0,SER_hh_fech!E8/SER_summary!E$26) -> 0 | F8: =IF(SER_hh_fech!F8=0,0,SER_hh_fech!F8/SER_summary!F$26) -> 0 | G8: =IF(SER_hh_fech!G8=0,0,SER_hh_fech!G8/SER_summary!G$26) -> 0 | H8: =IF(SER_hh_fech!H8=0,0,SER_hh_fech!H8/SER_summary!H$26) -> 0 | I8: =IF(SER_hh_fech!I8=0,0,SER_hh_fech!I8/SER_summary!I$26) -> 0 | ... Y8: =IF(SER_hh_fech!Y8=0,0,SER_hh_fech!Y8/SER_summary!Y$26) -> 0 | DA8: FEC_per_sqm.kWh.CY.Ser.Bld.Thermal.SH.GasHP.NG_Biogas
A9: Conventional gas heaters | B9: =IF(SER_hh_fech!B9=0,0,SER_hh_fech!B9/SER_summary!B$26) -> 0 | C9: =IF(SER_hh_fech!C9=0,0,SER_hh_fech!C9/SER_summary!C$26) -> 0 | D9: =IF(SER_hh_fech!D9=0,0,SER_hh_fech!D9/SER_summary!D$26) -> 0 | E9: =IF(SER_hh_fech!E9=0,0,SER_hh_fech!E9/SER_summary!E$26) -> 0 | F9: =IF(SER_hh_fech!F9=0,0,SER_hh_fech!F9/SER_summary!F$26) -> 0 | G9: =IF(SER_hh_fech!G9=0,0,SER_hh_fech!G9/SER_summary!G$26) -> 0 | H9: =IF(SER_hh_fech!H9=0,0,SER_hh_fech!H9/SER_summary!H$26) -> 0 | I9: =IF(SER_hh_fech!I9=0,0,SER_hh_fech!I9/SER_summary!I$26) -> 0 | ... Y9: =IF(SER_hh_fech!Y9=0,0,SER_hh_fech!Y9/SER_summary!Y$26) -> 65.260255 | DA9: FEC_per_sqm.kWh.CY.Ser.Bld.Thermal.SH.GasTH.NG_Biogas
A10: Biomass | B10: =IF(SER_hh_fech!B10=0,0,SER_hh_fech!B10/SER_summary!B$26) -> 0 | C10: =IF(SER_hh_fech!C10=0,0,SER_hh_fech!C10/SER_summary!C$26) -> 0 | D10: =IF(SER_hh_fech!D10=0,0,SER_hh_fech!D10/SER_summary!D$26) -> 0 | E10: =IF(SER_hh_fech!E10=0,0,SER_hh_fech!E10/SER_summary!E$26) -> 0 | F10: =IF(SER_hh_fech!F10=0,0,SER_hh_fech!F10/SER_summary!F$26) -> 0 | G10: =IF(SER_hh_fech!G10=0,0,SER_hh_fech!G10/SER_summary!G$26) -> 0 | H10: =IF(SER_hh_fech!H10=0,0,SER_hh_fech!H10/SER_summary!H$26) -> 0 | I10: =IF(SER_hh_fech!I10=0,0,SER_hh_fech!I10/SER_summary!I$26) -> 44.56479 | ... Y10: =IF(SER_hh_fech!Y10=0,0,SER_hh_fech!Y10/SER_summary!Y$26) -> 95.839949 | DA10: FEC_per_sqm.kWh.CY.Ser.Bld.Thermal.SH.Biomass.Biomass_Waste
A11: Geothermal | B11: =IF(SER_hh_fech!B11=0,0,SER_hh_fech!B11/SER_summary!B$26) -> 0 | C11: =IF(SER_hh_fech!C11=0,0,SER_hh_fech!C11/SER_summary!C$26) -> 0 | D11: =IF(SER_hh_fech!D11=0,0,SER_hh_fech!D11/SER_summary!D$26) -> 0 | E11: =IF(SER_hh_fech!E11=0,0,SER_hh_fech!E11/SER_summary!E$26) -> 0 | F11: =IF(SER_hh_fech!F11=0,0,SER_hh_fech!F11/SER_summary!F$26) -> 0 | G11: =IF(SER_hh_fech!G11=0,0,SER_hh_fech!G11/SER_summary!G$26) -> 0 | H11: =IF(SER_hh_fech!H11=0,0,SER_hh_fech!H11/SER_summary!H$26) -> 0 | I11: =IF(SER_hh_fech!I11=0,0,SER_hh_fech!I11/SER_summary!I$26) -> 0 | ... Y11: =IF(SER_hh_fech!Y11=0,0,SER_hh_fech!Y11/SER_summary!Y$26) -> 0 | DA11: FEC_per_sqm.kWh.CY.Ser.Bld.Thermal.SH.Geo.Geo
A12: Distributed heat | B12: =IF(SER_hh_fech!B12=0,0,SER_hh_fech!B12/SER_summary!B$26) -> 0 | C12: =IF(SER_hh_fech!C12=0,0,SER_hh_fech!C12/SER_summary!C$26) -> 0 | D12: =IF(SER_hh_fech!D12=0,0,SER_hh_fech!D12/SER_summary!D$26) -> 0 | E12: =IF(SER_hh_fech!E12=0,0,SER_hh_fech!E12/SER_summary!E$26) -> 0 | F12: =IF(SER_hh_fech!F12=0,0,SER_hh_fech!F12/SER_summary!F$26) -> 0 | G12: =IF(SER_hh_fech!G12=0,0,SER_hh_fech!G12/SER_summary!G$26) -> 0 | H12: =IF(SER_hh_fech!H12=0,0,SER_hh_fech!H12/SER_summary!H$26) -> 0 | I12: =IF(SER_hh_fech!I12=0,0,SER_hh_fech!I12/SER_summary!I$26) -> 0 | ... Y12: =IF(SER_hh_fech!Y12=0,0,SER_hh_fech!Y12/SER_summary!Y$26) -> 0 | DA12: FEC_per_sqm.kWh.CY.Ser.Bld.Thermal.SH.DistrHeat.Steam_Distr
A13: Advanced electric heating | B13: =IF(SER_hh_fech!B13=0,0,SER_hh_fech!B13/SER_summary!B$26) -> 5.5169098 | C13: =IF(SER_hh_fech!C13=0,0,SER_hh_fech!C13/SER_summary!C$26) -> 10.602217 | D13: =IF(SER_hh_fech!D13=0,0,SER_hh_fech!D13/SER_summary!D$26) -> 10.896474 | E13: =IF(SER_hh_fech!E13=0,0,SER_hh_fech!E13/SER_summary!E$26) -> 10.788998 | F13: =IF(SER_hh_fech!F13=0,0,SER_hh_fech!F13/SER_summary!F$26) -> 11.932866 | G13: =IF(SER_hh_fech!G13=0,0,SER_hh_fech!G13/SER_summary!G$26) -> 13.981987 | H13: =IF(SER_hh_fech!H13=0,0,SER_hh_fech!H13/SER_summary!H$26) -> 16.112461 | I13: =IF(SER_hh_fech!I13=0,0,SER_hh_fech!I13/SER_summary!I$26) -> 17.786348 | ... Y13: =IF(SER_hh_fech!Y13=0,0,SER_hh_fech!Y13/SER_summary!Y$26) -> 16.51285 | DA13: FEC_per_sqm.kWh.CY.Ser.Bld.Thermal.SH.AdvElc.Elec
A14: Conventional electric heating | B14: =IF(SER_hh_fech!B14=0,0,SER_hh_fech!B14/SER_summary!B$26) -> 16.579235 | C14: =IF(SER_hh_fech!C14=0,0,SER_hh_fech!C14/SER_summary!C$26) -> 26.235762 | D14: =IF(SER_hh_fech!D14=0,0,SER_hh_fech!D14/SER_summary!D$26) -> 33.607967 | E14: =IF(SER_hh_fech!E14=0,0,SER_hh_fech!E14/SER_summary!E$26) -> 30.673033 | F14: =IF(SER_hh_fech!F14=0,0,SER_hh_fech!F14/SER_summary!F$26) -> 33.27098 | G14: =IF(SER_hh_fech!G14=0,0,SER_hh_fech!G14/SER_summary!G$26) -> 35.971462 | H14: =IF(SER_hh_fech!H14=0,0,SER_hh_fech!H14/SER_summary!H$26) -> 54.139139 | I14: =IF(SER_hh_fech!I14=0,0,SER_hh_fech!I14/SER_summary!I$26) -> 53.632211 | ... Y14: =IF(SER_hh_fech!Y14=0,0,SER_hh_fech!Y14/SER_summary!Y$26) -> 111.41217 | DA14: FEC_per_sqm.kWh.CY.Ser.Bld.Thermal.SH.ConvElc.Elec
... A27: Solar (as of total) | B27: =IF(SER_hh_fech!B27=0,0,SER_hh_fech!B27/SER_summary!B$26) -> 4.1560278 | C27: =IF(SER_hh_fech!C27=0,0,SER_hh_fech!C27/SER_summary!C$26) -> 3.9508844 | D27: =IF(SER_hh_fech!D27=0,0,SER_hh_fech!D27/SER_summary!D$26) -> 3.9845253 | E27: =IF(SER_hh_fech!E27=0,0,SER_hh_fech!E27/SER_summary!E$26) -> 4.0224763 | F27: =IF(SER_hh_fech!F27=0,0,SER_hh_fech!F27/SER_summary!F$26) -> 4.3123482 | G27: =IF(SER_hh_fech!G27=0,0,SER_hh_fech!G27/SER_summary!G$26) -> 4.3977519 | H27: =IF(SER_hh_fech!H27=0,0,SER_hh_fech!H27/SER_summary!H$26) -> 4.4757465 | I27: =IF(SER_hh_fech!I27=0,0,SER_hh_fech!I27/SER_summary!I$26) -> 5.4012773 | ... Y27: =IF(SER_hh_fech!Y27=0,0,SER_hh_fech!Y27/SER_summary!Y$26) -> 5.1935796 | DA27: FEC_per_sqm.kWh.CY.Ser.Bld.Thermal.HW.TotalSolar.Solar
A28: Solar (as of solar equiped buildings) | B28: =IF(SER_hh_fech!B28=0,0,SER_hh_fech!B28/SER_summary!B$26) -> 11.154283 | C28: =IF(SER_hh_fech!C28=0,0,SER_hh_fech!C28/SER_summary!C$26) -> 11.209349 | D28: =IF(SER_hh_fech!D28=0,0,SER_hh_fech!D28/SER_summary!D$26) -> 10.371867 | E28: =IF(SER_hh_fech!E28=0,0,SER_hh_fech!E28/SER_summary!E$26) -> 9.6946799 | F28: =IF(SER_hh_fech!F28=0,0,SER_hh_fech!F28/SER_summary!F$26) -> 9.8158241 | G28: =IF(SER_hh_fech!G28=0,0,SER_hh_fech!G28/SER_summary!G$26) -> 9.2245187 | H28: =IF(SER_hh_fech!H28=0,0,SER_hh_fech!H28/SER_summary!H$26) -> 9.6198459 | I28: =IF(SER_hh_fech!I28=0,0,SER_hh_fech!I28/SER_summary!I$26) -> 10.554251 | ... Y28: =IF(SER_hh_fech!Y28=0,0,SER_hh_fech!Y28/SER_summary!Y$26) -> 13.144129
A29: Catering | B29: =IF(SER_hh_fech!B29=0,0,SER_hh_fech!B29/SER_summary!B$26) -> 16.756593 | C29: =IF(SER_hh_fech!C29=0,0,SER_hh_fech!C29/SER_summary!C$26) -> 16.620985 | D29: =IF(SER_hh_fech!D29=0,0,SER_hh_fech!D29/SER_summary!D$26) -> 16.801598 | E29: =IF(SER_hh_fech!E29=0,0,SER_hh_fech!E29/SER_summary!E$26) -> 16.875587 | F29: =IF(SER_hh_fech!F29=0,0,SER_hh_fech!F29/SER_summary!F$26) -> 17.225247 | G29: =IF(SER_hh_fech!G29=0,0,SER_hh_fech!G29/SER_summary!G$26) -> 17.52768 | H29: =IF(SER_hh_fech!H29=0,0,SER_hh_fech!H29/SER_summary!H$26) -> 18.499441 | I29: =IF(SER_hh_fech!I29=0,0,SER_hh_fech!I29/SER_summary!I$26) -> 18.769251 | ... Y29: =IF(SER_hh_fech!Y29=0,0,SER_hh_fech!Y29/SER_summary!Y$26) -> 17.930617 | DA29: FEC_per_sqm.kWh.CY.Ser.Bld.Thermal.CA
A30: Liquified petroleum gas (LPG) | B30: =IF(SER_hh_fech!B30=0,0,SER_hh_fech!B30/SER_summary!B$26) -> 0 | C30: =IF(SER_hh_fech!C30=0,0,SER_hh_fech!C30/SER_summary!C$26) -> 0 | D30: =IF(SER_hh_fech!D30=0,0,SER_hh_fech!D30/SER_summary!D$26) -> 0 | E30: =IF(SER_hh_fech!E30=0,0,SER_hh_fech!E30/SER_summary!E$26) -> 0 | F30: =IF(SER_hh_fech!F30=0,0,SER_hh_fech!F30/SER_summary!F$26) -> 0 | G30: =IF(SER_hh_fech!G30=0,0,SER_hh_fech!G30/SER_summary!G$26) -> 0 | H30: =IF(SER_hh_fech!H30=0,0,SER_hh_fech!H30/SER_summary!H$26) -> 30.22146 | I30: =IF(SER_hh_fech!I30=0,0,SER_hh_fech!I30/SER_summary!I$26) -> 23.105825 | ... Y30: =IF(SER_hh_fech!Y30=0,0,SER_hh_fech!Y30/SER_summary!Y$26) -> 20.848768 | DA30: FEC_per_sqm.kWh.CY.Ser.Bld.Thermal.CA.LPG
A31: Natural gas | B31: =IF(SER_hh_fech!B31=0,0,SER_hh_fech!B31/SER_summary!B$26) -> 0 | C31: =IF(SER_hh_fech!C31=0,0,SER_hh_fech!C31/SER_summary!C$26) -> 0 | D31: =IF(SER_hh_fech!D31=0,0,SER_hh_fech!D31/SER_summary!D$26) -> 0 | E31: =IF(SER_hh_fech!E31=0,0,SER_hh_fech!E31/SER_summary!E$26) -> 0 | F31: =IF(SER_hh_fech!F31=0,0,SER_hh_fech!F31/SER_summary!F$26) -> 0 | G31: =IF(SER_hh_fech!G31=0,0,SER_hh_fech!G31/SER_summary!G$26) -> 0 | H31: =IF(SER_hh_fech!H31=0,0,SER_hh_fech!H31/SER_summary!H$26) -> 0 | I31: =IF(SER_hh_fech!I31=0,0,SER_hh_fech!I31/SER_summary!I$26) -> 0 | ... Y31: =IF(SER_hh_fech!Y31=0,0,SER_hh_fech!Y31/SER_summary!Y$26) -> 0 | DA31: FEC_per_sqm.kWh.CY.Ser.Bld.Thermal.CA.Gas.NG_Biogas
A32: Biomass | B32: =IF(SER_hh_fech!B32=0,0,SER_hh_fech!B32/SER_summary!B$26) -> 22.133924 | C32: =IF(SER_hh_fech!C32=0,0,SER_hh_fech!C32/SER_summary!C$26) -> 20.06728 | D32: =IF(SER_hh_fech!D32=0,0,SER_hh_fech!D32/SER_summary!D$26) -> 23.736143 | E32: =IF(SER_hh_fech!E32=0,0,SER_hh_fech!E32/SER_summary!E$26) -> 21.080304 | F32: =IF(SER_hh_fech!F32=0,0,SER_hh_fech!F32/SER_summary!F$26) -> 21.999014 | G32: =IF(SER_hh_fech!G32=0,0,SER_hh_fech!G32/SER_summary!G$26) -> 23.592392 | H32: =IF(SER_hh_fech!H32=0,0,SER_hh_fech!H32/SER_summary!H$26) -> 20.916995 | I32: =IF(SER_hh_fech!I32=0,0,SER_hh_fech!I32/SER_summary!I$26) -> 25.338622 | ... Y32: =IF(SER_hh_fech!Y32=0,0,SER_hh_fech!Y32/SER_summary!Y$26) -> 22.341013 | DA32: FEC_per_sqm.kWh.CY.Ser.Bld.Thermal.CA.Biomass.Biomass_Waste
A33: Electricity | B33: =IF(SER_hh_fech!B33=0,0,SER_hh_fech!B33/SER_summary!B$26) -> 16.393908 | C33: =IF(SER_hh_fech!C33=0,0,SER_hh_fech!C33/SER_summary!C$26) -> 16.368263 | D33: =IF(SER_hh_fech!D33=0,0,SER_hh_fech!D33/SER_summary!D$26) -> 16.200816 | E33: =IF(SER_hh_fech!E33=0,0,SER_hh_fech!E33/SER_summary!E$26) -> 16.46839 | F33: =IF(SER_hh_fech!F33=0,0,SER_hh_fech!F33/SER_summary!F$26) -> 16.702115 | G33: =IF(SER_hh_fech!G33=0,0,SER_hh_fech!G33/SER_summary!G$26) -> 16.758333 | H33: =IF(SER_hh_fech!H33=0,0,SER_hh_fech!H33/SER_summary!H$26) -> 15.948966 | I33: =IF(SER_hh_fech!I33=0,0,SER_hh_fech!I33/SER_summary!I$26) -> 16.367559 | ... Y33: =IF(SER_hh_fech!Y33=0,0,SER_hh_fech!Y33/SER_summary!Y$26) -> 16.300549 | DA33: FEC_per_sqm.kWh.CY.Ser.Bld.Thermal.CA.Elc.Elec

Sheet SER_hh_tess
A1: CY - Thermal energy service per useful surface area | B1: 2000 | C1: 2001 | D1: 2002 | E1: 2003 | F1: 2004 | G1: 2005 | H1: 2006 | I1: 2007 | J1: 2008 | K1: 2009 | L1: 2010 | M1: 2011 | N1: 2012 | O1: 2013 | P1: 2014 | Q1: 2015 | R1: 2016 | S1: 2017 | T1: 2018 | U1: 2019 | V1: 2020 | W1: 2021 | X1: 2022 | Y1: 2023 | DA1: Code
A3: Thermal energy service (kWh useful / sqm) | B3: =IF(SER_hh_tesh!B3=0,0,SER_hh_tesh!B3/SER_summary!B$26) -> 59.899006 | C3: =IF(SER_hh_tesh!C3=0,0,SER_hh_tesh!C3/SER_summary!C$26) -> 65.419103 | D3: =IF(SER_hh_tesh!D3=0,0,SER_hh_tesh!D3/SER_summary!D$26) -> 72.809043 | E3: =IF(SER_hh_tesh!E3=0,0,SER_hh_tesh!E3/SER_summary!E$26) -> 79.757377 | F3: =IF(SER_hh_tesh!F3=0,0,SER_hh_tesh!F3/SER_summary!F$26) -> 79.328805 | G3: =IF(SER_hh_tesh!G3=0,0,SER_hh_tesh!G3/SER_summary!G$26) -> 82.159714 | H3: =IF(SER_hh_tesh!H3=0,0,SER_hh_tesh!H3/SER_summary!H$26) -> 99.219194 | I3: =IF(SER_hh_tesh!I3=0,0,SER_hh_tesh!I3/SER_summary!I$26) -> 108.24985 | ... Y3: =IF(SER_hh_tesh!Y3=0,0,SER_hh_tesh!Y3/SER_summary!Y$26) -> 169.80141 | DA3: TES_per_sqm.kWh.CY.Ser.Bld.Thermal
A4: Space heating | B4: =IF(SER_hh_tesh!B4=0,0,SER_hh_tesh!B4/SER_summary!B$26) -> 11.208905 | C4: =IF(SER_hh_tesh!C4=0,0,SER_hh_tesh!C4/SER_summary!C$26) -> 14.838666 | D4: =IF(SER_hh_tesh!D4=0,0,SER_hh_tesh!D4/SER_summary!D$26) -> 18.040911 | E4: =IF(SER_hh_tesh!E4=0,0,SER_hh_tesh!E4/SER_summary!E$26) -> 18.558622 | F4: =IF(SER_hh_tesh!F4=0,0,SER_hh_tesh!F4/SER_summary!F$26) -> 19.983686 | G4: =IF(SER_hh_tesh!G4=0,0,SER_hh_tesh!G4/SER_summary!G$26) -> 22.177542 | H4: =IF(SER_hh_tesh!H4=0,0,SER_hh_tesh!H4/SER_summary!H$26) -> 31.123499 | I4: =IF(SER_hh_tesh!I4=0,0,SER_hh_tesh!I4/SER_summary!I$26) -> 32.219665 | ... Y4: =IF(SER_hh_tesh!Y4=0,0,SER_hh_tesh!Y4/SER_summary!Y$26) -> 62.900347 | DA4: TES_per_sqm.kWh.CY.Ser.Bld.Thermal.SH
A5: Solids | B5: =IF(SER_hh_tesh!B5=0,0,SER_hh_tesh!B5/SER_summary!B$26) -> 0 | C5: =IF(SER_hh_tesh!C5=0,0,SER_hh_tesh!C5/SER_summary!C$26) -> 0 | D5: =IF(SER_hh_tesh!D5=0,0,SER_hh_tesh!D5/SER_summary!D$26) -> 0 | E5: =IF(SER_hh_tesh!E5=0,0,SER_hh_tesh!E5/SER_summary!E$26) -> 0 | F5: =IF(SER_hh_tesh!F5=0,0,SER_hh_tesh!F5/SER_summary!F$26) -> 0 | G5: =IF(SER_hh_tesh!G5=0,0,SER_hh_tesh!G5/SER_summary!G$26) -> 0 | H5: =IF(SER_hh_tesh!H5=0,0,SER_hh_tesh!H5/SER_summary!H$26) -> 0 | I5: =IF(SER_hh_tesh!I5=0,0,SER_hh_tesh!I5/SER_summary!I$26) -> 0 | ... Y5: =IF(SER_hh_tesh!Y5=0,0,SER_hh_tesh!Y5/SER_summary!Y$26) -> 0 | DA5: TES_per_sqm.kWh.CY.Ser.Bld.Thermal.SH.Solids.Solids
A6: Liquified petroleum gas (LPG) | B6: =IF(SER_hh_tesh!B6=0,0,SER_hh_tesh!B6/SER_summary!B$26) -> 0 | C6: =IF(SER_hh_tesh!C6=0,0,SER_hh_tesh!C6/SER_summary!C$26) -> 0 | D6: =IF(SER_hh_tesh!D6=0,0,SER_hh_tesh!D6/SER_summary!D$26) -> 0 | E6: =IF(SER_hh_tesh!E6=0,0,SER_hh_tesh!E6/SER_summary!E$26) -> 0 | F6: =IF(SER_hh_tesh!F6=0,0,SER_hh_tesh!F6/SER_summary!F$26) -> 0 | G6: =IF(SER_hh_tesh!G6=0,0,SER_hh_tesh!G6/SER_summary!G$26) -> 0 | H6: =IF(SER_hh_tesh!H6=0,0,SER_hh_tesh!H6/SER_summary!H$26) -> 0 | I6: =IF(SER_hh_tesh!I6=0,0,SER_hh_tesh!I6/SER_summary!I$26) -> 0 | ... Y6: =IF(SER_hh_tesh!Y6=0,0,SER_hh_tesh!Y6/SER_summary!Y$26) -> 0 | DA6: TES_per_sqm.kWh.CY.Ser.Bld.Thermal.SH.LPG.LPG
A7: Diesel oil | B7: =IF(SER_hh_tesh!B7=0,0,SER_hh_tesh!B7/SER_summary!B$26) -> 12.056671 | C7: =IF(SER_hh_tesh!C7=0,0,SER_hh_tesh!C7/SER_summary!C$26) -> 14.173995 | D7: =IF(SER_hh_tesh!D7=0,0,SER_hh_tesh!D7/SER_summary!D$26) -> 16.034149 | E7: =IF(SER_hh_tesh!E7=0,0,SER_hh_tesh!E7/SER_summary!E$26) -> 18.875145 | F7: =IF(SER_hh_tesh!F7=0,0,SER_hh_tesh!F7/SER_summary!F$26) -> 19.53952 | G7: =IF(SER_hh_tesh!G7=0,0,SER_hh_tesh!G7/SER_summary!G$26) -> 21.400442 | H7: =IF(SER_hh_tesh!H7=0,0,SER_hh_tesh!H7/SER_summary!H$26) -> 27.623675 | I7: =IF(SER_hh_tesh!I7=0,0,SER_hh_tesh!I7/SER_summary!I$26) -> 30.21694 | ... Y7: =IF(SER_hh_tesh!Y7=0,0,SER_hh_tesh!Y7/SER_summary!Y$26) -> 63.011546 | DA7: TES_per_sqm.kWh.CY.Ser.Bld.Thermal.SH.Oil.Oil_LiqBio
A8: Gas heat pumps | B8: =IF(SER_hh_tesh!B8=0,0,SER_hh_tesh!B8/SER_summary!B$26) -> 0 | C8: =IF(SER_hh_tesh!C8=0,0,SER_hh_tesh!C8/SER_summary!C$26) -> 0 | D8: =IF(SER_hh_tesh!D8=0,0,SER_hh_tesh!D8/SER_summary!D$26) -> 0 | E8: =IF(SER_hh_tesh!E8=0,0,SER_hh_tesh!E8/SER_summary!E$26) -> 0 | F8: =IF(SER_hh_tesh!F8=0,0,SER_hh_tesh!F8/SER_summary!F$26) -> 0 | G8: =IF(SER_hh_tesh!G8=0,0,SER_hh_tesh!G8/SER_summary!G$26) -> 0 | H8: =IF(SER_hh_tesh!H8=0,0,SER_hh_tesh!H8/SER_summary!H$26) -> 0 | I8: =IF(SER_hh_tesh!I8=0,0,SER_hh_tesh!I8/SER_summary!I$26) -> 0 | ... Y8: =IF(SER_hh_tesh!Y8=0,0,SER_hh_tesh!Y8/SER_summary!Y$26) -> 0 | DA8: TES_per_sqm.kWh.CY.Ser.Bld.Thermal.SH.GasHP.NG_Biogas
A9: Conventional gas heaters | B9: =IF(SER_hh_tesh!B9=0,0,SER_hh_tesh!B9/SER_summary!B$26) -> 0 | C9: =IF(SER_hh_tesh!C9=0,0,SER_hh_tesh!C9/SER_summary!C$26) -> 0 | D9: =IF(SER_hh_tesh!D9=0,0,SER_hh_tesh!D9/SER_summary!D$26) -> 0 | E9: =IF(SER_hh_tesh!E9=0,0,SER_hh_tesh!E9/SER_summary!E$26) -> 0 | F9: =IF(SER_hh_tesh!F9=0,0,SER_hh_tesh!F9/SER_summary!F$26) -> 0 | G9: =IF(SER_hh_tesh!G9=0,0,SER_hh_tesh!G9/SER_summary!G$26) -> 0 | H9: =IF(SER_hh_tesh!H9=0,0,SER_hh_tesh!H9/SER_summary!H$26) -> 0 | I9: =IF(SER_hh_tesh!I9=0,0,SER_hh_tesh!I9/SER_summary!I$26) -> 0 | ... Y9: =IF(SER_hh_tesh!Y9=0,0,SER_hh_tesh!Y9/SER_summary!Y$26) -> 56.430095 | DA9: TES_per_sqm.kWh.CY.Ser.Bld.Thermal.SH.GasTH.NG_Biogas
A10: Biomass | B10: =IF(SER_hh_tesh!B10=0,0,SER_hh_tesh!B10/SER_summary!B$26) -> 0 | C10: =IF(SER_hh_tesh!C10=0,0,SER_hh_tesh!C10/SER_summary!C$26) -> 0 | D10: =IF(SER_hh_tesh!D10=0,0,SER_hh_tesh!D10/SER_summary!D$26) -> 0 | E10: =IF(SER_hh_tesh!E10=0,0,SER_hh_tesh!E10/SER_summary!E$26) -> 0 | F10: =IF(SER_hh_tesh!F10=0,0,SER_hh_tesh!F10/SER_summary!F$26) -> 0 | G10: =IF(SER_hh_tesh!G10=0,0,SER_hh_tesh!G10/SER_summary!G$26) -> 0 | H10: =IF(SER_hh_tesh!H10=0,0,SER_hh_tesh!H10/SER_summary!H$26) -> 0 | I10: =IF(SER_hh_tesh!I10=0,0,SER_hh_tesh!I10/SER_summary!I$26) -> 21.026797 | ... Y10: =IF(SER_hh_tesh!Y10=0,0,SER_hh_tesh!Y10/SER_summary!Y$26) -> 53.163676 | DA10: TES_per_sqm.kWh.CY.Ser.Bld.Thermal.SH.Biomass.Biomass_Waste
A11: Geothermal | B11: =IF(SER_hh_tesh!B11=0,0,SER_hh_tesh!B11/SER_summary!B$26) -> 0 | C11: =IF(SER_hh_tesh!C11=0,0,SER_hh_tesh!C11/SER_summary!C$26) -> 0 | D11: =IF(SER_hh_tesh!D11=0,0,SER_hh_tesh!D11/SER_summary!D$26) -> 0 | E11: =IF(SER_hh_tesh!E11=0,0,SER_hh_tesh!E11/SER_summary!E$26) -> 0 | F11: =IF(SER_hh_tesh!F11=0,0,SER_hh_tesh!F11/SER_summary!F$26) -> 0 | G11: =IF(SER_hh_tesh!G11=0,0,SER_hh_tesh!G11/SER_summary!G$26) -> 0 | H11: =IF(SER_hh_tesh!H11=0,0,SER_hh_tesh!H11/SER_summary!H$26) -> 0 | I11: =IF(SER_hh_tesh!I11=0,0,SER_hh_tesh!I11/SER_summary!I$26) -> 0 | ... Y11: =IF(SER_hh_tesh!Y11=0,0,SER_hh_tesh!Y11/SER_summary!Y$26) -> 0 | DA11: TES_per_sqm.kWh.CY.Ser.Bld.Thermal.SH.Geo.Geo
A12: Distributed heat | B12: =IF(SER_hh_tesh!B12=0,0,SER_hh_tesh!B12/SER_summary!B$26) -> 0 | C12: =IF(SER_hh_tesh!C12=0,0,SER_hh_tesh!C12/SER_summary!C$26) -> 0 | D12: =IF(SER_hh_tesh!D12=0,0,SER_hh_tesh!D12/SER_summary!D$26) -> 0 | E12: =IF(SER_hh_tesh!E12=0,0,SER_hh_tesh!E12/SER_summary!E$26) -> 0 | F12: =IF(SER_hh_tesh!F12=0,0,SER_hh_tesh!F12/SER_summary!F$26) -> 0 | G12: =IF(SER_hh_tesh!G12=0,0,SER_hh_tesh!G12/SER_summary!G$26) -> 0 | H12: =IF(SER_hh_tesh!H12=0,0,SER_hh_tesh!H12/SER_summary!H$26) -> 0 | I12: =IF(SER_hh_tesh!I12=0,0,SER_hh_tesh!I12/SER_summary!I$26) -> 0 | ... Y12: =IF(SER_hh_tesh!Y12=0,0,SER_hh_tesh!Y12/SER_summary!Y$26) -> 0 | DA12: TES_per_sqm.kWh.CY.Ser.Bld.Thermal.SH.DistrHeat.Steam_Distr
A13: Advanced electric heating | B13: =IF(SER_hh_tesh!B13=0,0,SER_hh_tesh!B13/SER_summary!B$26) -> 7.3348071 | C13: =IF(SER_hh_tesh!C13=0,0,SER_hh_tesh!C13/SER_summary!C$26) -> 15.503432 | D13: =IF(SER_hh_tesh!D13=0,0,SER_hh_tesh!D13/SER_summary!D$26) -> 17.203831 | E13: =IF(SER_hh_tesh!E13=0,0,SER_hh_tesh!E13/SER_summary!E$26) -> 18.002472 | F13: =IF(SER_hh_tesh!F13=0,0,SER_hh_tesh!F13/SER_summary!F$26) -> 20.72527 | G13: =IF(SER_hh_tesh!G13=0,0,SER_hh_tesh!G13/SER_summary!G$26) -> 25.052669 | H13: =IF(SER_hh_tesh!H13=0,0,SER_hh_tesh!H13/SER_summary!H$26) -> 29.264561 | I13: =IF(SER_hh_tesh!I13=0,0,SER_hh_tesh!I13/SER_summary!I$26) -> 32.974986 | ... Y13: =IF(SER_hh_tesh!Y13=0,0,SER_hh_tesh!Y13/SER_summary!Y$26) -> 53.272626 | DA13: TES_per_sqm.kWh.CY.Ser.Bld.Thermal.SH.AdvElc.Elec
A14: Conventional electric heating | B14: =IF(SER_hh_tesh!B14=0,0,SER_hh_tesh!B14/SER_summary!B$26) -> 9.4883376 | C14: =IF(SER_hh_tesh!C14=0,0,SER_hh_tesh!C14/SER_summary!C$26) -> 15.260135 | D14: =IF(SER_hh_tesh!D14=0,0,SER_hh_tesh!D14/SER_summary!D$26) -> 19.759187 | E14: =IF(SER_hh_tesh!E14=0,0,SER_hh_tesh!E14/SER_summary!E$26) -> 18.167997 | F14: =IF(SER_hh_tesh!F14=0,0,SER_hh_tesh!F14/SER_summary!F$26) -> 19.8567 | G14: =IF(SER_hh_tesh!G14=0,0,SER_hh_tesh!G14/SER_summary!G$26) -> 21.619872 | H14: =IF(SER_hh_tesh!H14=0,0,SER_hh_tesh!H14/SER_summary!H$26) -> 32.779751 | I14: =IF(SER_hh_tesh!I14=0,0,SER_hh_tesh!I14/SER_summary!I$26) -> 32.659302 | ... Y14: =IF(SER_hh_tesh!Y14=0,0,SER_hh_tesh!Y14/SER_summary!Y$26) -> 85.339705 | DA14: TES_per_sqm.kWh.CY.Ser.Bld.Thermal.SH.ConvElc.Elec
... A27: Solar (as of total) | B27: =IF(SER_hh_tesh!B27=0,0,SER_hh_tesh!B27/SER_summary!B$26) -> 4.1560278 | C27: =IF(SER_hh_tesh!C27=0,0,SER_hh_tesh!C27/SER_summary!C$26) -> 3.9508844 | D27: =IF(SER_hh_tesh!D27=0,0,SER_hh_tesh!D27/SER_summary!D$26) -> 3.9845253 | E27: =IF(SER_hh_tesh!E27=0,0,SER_hh_tesh!E27/SER_summary!E$26) -> 4.0224763 | F27: =IF(SER_hh_tesh!F27=0,0,SER_hh_tesh!F27/SER_summary!F$26) -> 4.3123482 | G27: =IF(SER_hh_tesh!G27=0,0,SER_hh_tesh!G27/SER_summary!G$26) -> 4.3977519 | H27: =IF(SER_hh_tesh!H27=0,0,SER_hh_tesh!H27/SER_summary!H$26) -> 4.4757465 | I27: =IF(SER_hh_tesh!I27=0,0,SER_hh_tesh!I27/SER_summary!I$26) -> 5.4012773 | ... Y27: =IF(SER_hh_tesh!Y27=0,0,SER_hh_tesh!Y27/SER_summary!Y$26) -> 5.1935796 | DA27: TES_per_sqm.kWh.CY.Ser.Bld.Thermal.HW.TotalSolar.Solar
A28: Solar (as of solar equiped buildings) | B28: =IF(SER_hh_tesh!B28=0,0,SER_hh_tesh!B28/SER_summary!B$26) -> 11.154283 | C28: =IF(SER_hh_tesh!C28=0,0,SER_hh_tesh!C28/SER_summary!C$26) -> 11.209349 | D28: =IF(SER_hh_tesh!D28=0,0,SER_hh_tesh!D28/SER_summary!D$26) -> 10.371867 | E28: =IF(SER_hh_tesh!E28=0,0,SER_hh_tesh!E28/SER_summary!E$26) -> 9.6946799 | F28: =IF(SER_hh_tesh!F28=0,0,SER_hh_tesh!F28/SER_summary!F$26) -> 9.8158241 | G28: =IF(SER_hh_tesh!G28=0,0,SER_hh_tesh!G28/SER_summary!G$26) -> 9.2245187 | H28: =IF(SER_hh_tesh!H28=0,0,SER_hh_tesh!H28/SER_summary!H$26) -> 9.6198459 | I28: =IF(SER_hh_tesh!I28=0,0,SER_hh_tesh!I28/SER_summary!I$26) -> 10.554251 | ... Y28: =IF(SER_hh_tesh!Y28=0,0,SER_hh_tesh!Y28/SER_summary!Y$26) -> 13.144129
A29: Catering | B29: =IF(SER_hh_tesh!B29=0,0,SER_hh_tesh!B29/SER_summary!B$26) -> 12.600547 | C29: =IF(SER_hh_tesh!C29=0,0,SER_hh_tesh!C29/SER_summary!C$26) -> 12.526279 | D29: =IF(SER_hh_tesh!D29=0,0,SER_hh_tesh!D29/SER_summary!D$26) -> 12.584639 | E29: =IF(SER_hh_tesh!E29=0,0,SER_hh_tesh!E29/SER_summary!E$26) -> 12.674416 | F29: =IF(SER_hh_tesh!F29=0,0,SER_hh_tesh!F29/SER_summary!F$26) -> 12.910679 | G29: =IF(SER_hh_tesh!G29=0,0,SER_hh_tesh!G29/SER_summary!G$26) -> 13.076982 | H29: =IF(SER_hh_tesh!H29=0,0,SER_hh_tesh!H29/SER_summary!H$26) -> 13.193617 | I29: =IF(SER_hh_tesh!I29=0,0,SER_hh_tesh!I29/SER_summary!I$26) -> 13.257001 | ... Y29: =IF(SER_hh_tesh!Y29=0,0,SER_hh_tesh!Y29/SER_summary!Y$26) -> 13.777637 | DA29: TES_per_sqm.kWh.CY.Ser.Bld.Thermal.CA
A30: Liquified petroleum gas (LPG) | B30: =IF(SER_hh_tesh!B30=0,0,SER_hh_tesh!B30/SER_summary!B$26) -> 0 | C30: =IF(SER_hh_tesh!C30=0,0,SER_hh_tesh!C30/SER_summary!C$26) -> 0 | D30: =IF(SER_hh_tesh!D30=0,0,SER_hh_tesh!D30/SER_summary!D$26) -> 0 | E30: =IF(SER_hh_tesh!E30=0,0,SER_hh_tesh!E30/SER_summary!E$26) -> 0 | F30: =IF(SER_hh_tesh!F30=0,0,SER_hh_tesh!F30/SER_summary!F$26) -> 0 | G30: =IF(SER_hh_tesh!G30=0,0,SER_hh_tesh!G30/SER_summary!G$26) -> 0 | H30: =IF(SER_hh_tesh!H30=0,0,SER_hh_tesh!H30/SER_summary!H$26) -> 18.595444 | I30: =IF(SER_hh_tesh!I30=0,0,SER_hh_tesh!I30/SER_summary!I$26) -> 14.21763 | ... Y30: =IF(SER_hh_tesh!Y30=0,0,SER_hh_tesh!Y30/SER_summary!Y$26) -> 12.889683 | DA30: TES_per_sqm.kWh.CY.Ser.Bld.Thermal.CA.LPG
A31: Natural gas | B31: =IF(SER_hh_tesh!B31=0,0,SER_hh_tesh!B31/SER_summary!B$26) -> 0 | C31: =IF(SER_hh_tesh!C31=0,0,SER_hh_tesh!C31/SER_summary!C$26) -> 0 | D31: =IF(SER_hh_tesh!D31=0,0,SER_hh_tesh!D31/SER_summary!D$26) -> 0 | E31: =IF(SER_hh_tesh!E31=0,0,SER_hh_tesh!E31/SER_summary!E$26) -> 0 | F31: =IF(SER_hh_tesh!F31=0,0,SER_hh_tesh!F31/SER_summary!F$26) -> 0 | G31: =IF(SER_hh_tesh!G31=0,0,SER_hh_tesh!G31/SER_summary!G$26) -> 0 | H31: =IF(SER_hh_tesh!H31=0,0,SER_hh_tesh!H31/SER_summary!H$26) -> 0 | I31: =IF(SER_hh_tesh!I31=0,0,SER_hh_tesh!I31/SER_summary!I$26) -> 0 | ... Y31: =IF(SER_hh_tesh!Y31=0,0,SER_hh_tesh!Y31/SER_summary!Y$26) -> 0 | DA31: TES_per_sqm.kWh.CY.Ser.Bld.Thermal.CA.Gas.NG_Biogas
A32: Biomass | B32: =IF(SER_hh_tesh!B32=0,0,SER_hh_tesh!B32/SER_summary!B$26) -> 12.567388 | C32: =IF(SER_hh_tesh!C32=0,0,SER_hh_tesh!C32/SER_summary!C$26) -> 11.416473 | D32: =IF(SER_hh_tesh!D32=0,0,SER_hh_tesh!D32/SER_summary!D$26) -> 13.534586 | E32: =IF(SER_hh_tesh!E32=0,0,SER_hh_tesh!E32/SER_summary!E$26) -> 12.039835 | F32: =IF(SER_hh_tesh!F32=0,0,SER_hh_tesh!F32/SER_summary!F$26) -> 12.583669 | G32: =IF(SER_hh_tesh!G32=0,0,SER_hh_tesh!G32/SER_summary!G$26) -> 13.514066 | H32: =IF(SER_hh_tesh!H32=0,0,SER_hh_tesh!H32/SER_summary!H$26) -> 11.994899 | I32: =IF(SER_hh_tesh!I32=0,0,SER_hh_tesh!I32/SER_summary!I$26) -> 14.546072 | ... Y32: =IF(SER_hh_tesh!Y32=0,0,SER_hh_tesh!Y32/SER_summary!Y$26) -> 13.050784 | DA32: TES_per_sqm.kWh.CY.Ser.Bld.Thermal.CA.Biomass.Biomass_Waste
A33: Electricity | B33: =IF(SER_hh_tesh!B33=0,0,SER_hh_tesh!B33/SER_summary!B$26) -> 12.602783 | C33: =IF(SER_hh_tesh!C33=0,0,SER_hh_tesh!C33/SER_summary!C$26) -> 12.607663 | D33: =IF(SER_hh_tesh!D33=0,0,SER_hh_tesh!D33/SER_summary!D$26) -> 12.502339 | E33: =IF(SER_hh_tesh!E33=0,0,SER_hh_tesh!E33/SER_summary!E$26) -> 12.73587 | F33: =IF(SER_hh_tesh!F33=0,0,SER_hh_tesh!F33/SER_summary!F$26) -> 12.946515 | G33: =IF(SER_hh_tesh!G33=0,0,SER_hh_tesh!G33/SER_summary!G$26) -> 13.021535 | H33: =IF(SER_hh_tesh!H33=0,0,SER_hh_tesh!H33/SER_summary!H$26) -> 12.406807 | I33: =IF(SER_hh_tesh!I33=0,0,SER_hh_tesh!I33/SER_summary!I$26) -> 12.758725 | ... Y33: =IF(SER_hh_tesh!Y33=0,0,SER_hh_tesh!Y33/SER_summary!Y$26) -> 14.178854 | DA33: TES_per_sqm.kWh.CY.Ser.Bld.Thermal.CA.Elc.Elec

Sheet SER_hh_emis
A1: CY - CO2 emissions per useful surface area | B1: 2000 | C1: 2001 | D1: 2002 | E1: 2003 | F1: 2004 | G1: 2005 | H1: 2006 | I1: 2007 | J1: 2008 | K1: 2009 | L1: 2010 | M1: 2011 | N1: 2012 | O1: 2013 | P1: 2014 | Q1: 2015 | R1: 2016 | S1: 2017 | T1: 2018 | U1: 2019 | V1: 2020 | W1: 2021 | X1: 2022 | Y1: 2023 | DA1: Code
A3: CO2 emissions (kg CO2 / sqm) | B3: =IF(SER_hh_emih!B3=0,0,SER_hh_emih!B3/SER_summary!B$26) -> 5.523565 | C3: =IF(SER_hh_emih!C3=0,0,SER_hh_emih!C3/SER_summary!C$26) -> 5.4715973 | D3: =IF(SER_hh_emih!D3=0,0,SER_hh_emih!D3/SER_summary!D$26) -> 5.1710405 | E3: =IF(SER_hh_emih!E3=0,0,SER_hh_emih!E3/SER_summary!E$26) -> 5.2231744 | F3: =IF(SER_hh_emih!F3=0,0,SER_hh_emih!F3/SER_summary!F$26) -> 4.5988756 | G3: =IF(SER_hh_emih!G3=0,0,SER_hh_emih!G3/SER_summary!G$26) -> 4.323325 | H3: =IF(SER_hh_emih!H3=0,0,SER_hh_emih!H3/SER_summary!H$26) -> 7.1953416 | I3: =IF(SER_hh_emih!I3=0,0,SER_hh_emih!I3/SER_summary!I$26) -> 7.2045783 | ... Y3: =IF(SER_hh_emih!Y3=0,0,SER_hh_emih!Y3/SER_summary!Y$26) -> 6.4655596 | DA3: EMI_per_sqm.kgCO2.CY.Ser.Bld.Thermal
A4: Space heating | B4: =IF(SER_hh_emih!B4=0,0,SER_hh_emih!B4/SER_summary!B$26) -> 5.269168 | C4: =IF(SER_hh_emih!C4=0,0,SER_hh_emih!C4/SER_summary!C$26) -> 5.2206629 | D4: =IF(SER_hh_emih!D4=0,0,SER_hh_emih!D4/SER_summary!D$26) -> 4.9231672 | E4: =IF(SER_hh_emih!E4=0,0,SER_hh_emih!E4/SER_summary!E$26) -> 4.9813114 | F4: =IF(SER_hh_emih!F4=0,0,SER_hh_emih!F4/SER_summary!F$26) -> 4.3612175 | G4: =IF(SER_hh_emih!G4=0,0,SER_hh_emih!G4/SER_summary!G$26) -> 4.0900853 | H4: =IF(SER_hh_emih!H4=0,0,SER_hh_emih!H4/SER_summary!H$26) -> 4.6108013 | I4: =IF(SER_hh_emih!I4=0,0,SER_hh_emih!I4/SER_summary!I$26) -> 4.6883493 | ... Y4: =IF(SER_hh_emih!Y4=0,0,SER_hh_emih!Y4/SER_summary!Y$26) -> 4.5749068 | DA4: EMI_per_sqm.kgCO2.CY.Ser.Bld.Thermal.SH
A5: Solids | B5: =IF(SER_hh_emih!B5=0,0,SER_hh_emih!B5/SER_summary!B$26) -> 0 | C5: =IF(SER_hh_emih!C5=0,0,SER_hh_emih!C5/SER_summary!C$26) -> 0 | D5: =IF(SER_hh_emih!D5=0,0,SER_hh_emih!D5/SER_summary!D$26) -> 0 | E5: =IF(SER_hh_emih!E5=0,0,SER_hh_emih!E5/SER_summary!E$26) -> 0 | F5: =IF(SER_hh_emih!F5=0,0,SER_hh_emih!F5/SER_summary!F$26) -> 0 | G5: =IF(SER_hh_emih!G5=0,0,SER_hh_emih!G5/SER_summary!G$26) -> 0 | H5: =IF(SER_hh_emih!H5=0,0,SER_hh_emih!H5/SER_summary!H$26) -> 0 | I5: =IF(SER_hh_emih!I5=0,0,SER_hh_emih!I5/SER_summary!I$26) -> 0 | ... Y5: =IF(SER_hh_emih!Y5=0,0,SER_hh_emih!Y5/SER_summary!Y$26) -> 0 | DA5: EMI_per_sqm.kgCO2.CY.Ser.Bld.Thermal.SH.Solids.Solids
A6: Liquified petroleum gas (LPG) | B6: =IF(SER_hh_emih!B6=0,0,SER_hh_emih!B6/SER_summary!B$26) -> 0 | C6: =IF(SER_hh_emih!C6=0,0,SER_hh_emih!C6/SER_summary!C$26) -> 0 | D6: =IF(SER_hh_emih!D6=0,0,SER_hh_emih!D6/SER_summary!D$26) -> 0 | E6: =IF(SER_hh_emih!E6=0,0,SER_hh_emih!E6/SER_summary!E$26) -> 0 | F6: =IF(SER_hh_emih!F6=0,0,SER_hh_emih!F6/SER_summary!F$26) -> 0 | G6: =IF(SER_hh_emih!G6=0,0,SER_hh_emih!G6/SER_summary!G$26) -> 0 | H6: =IF(SER_hh_emih!H6=0,0,SER_hh_emih!H6/SER_summary!H$26) -> 0 | I6: =IF(SER_hh_emih!I6=0,0,SER_hh_emih!I6/SER_summary!I$26) -> 0 | ... Y6: =IF(SER_hh_emih!Y6=0,0,SER_hh_emih!Y6/SER_summary!Y$26) -> 0 | DA6: EMI_per_sqm.kgCO2.CY.Ser.Bld.Thermal.SH.LPG.LPG
A7: Diesel oil | B7: =IF(SER_hh_emih!B7=0,0,SER_hh_emih!B7/SER_summary!B$26) -> 8.2884297 | C7: =IF(SER_hh_emih!C7=0,0,SER_hh_emih!C7/SER_summary!C$26) -> 9.7439968 | D7: =IF(SER_hh_emih!D7=0,0,SER_hh_emih!D7/SER_summary!D$26) -> 11.02277 | E7: =IF(SER_hh_emih!E7=0,0,SER_hh_emih!E7/SER_summary!E$26) -> 12.97583 | F7: =IF(SER_hh_emih!F7=0,0,SER_hh_emih!F7/SER_summary!F$26) -> 13.432559 | G7: =IF(SER_hh_emih!G7=0,0,SER_hh_emih!G7/SER_summary!G$26) -> 14.740084 | H7: =IF(SER_hh_emih!H7=0,0,SER_hh_emih!H7/SER_summary!H$26) -> 19.053935 | I7: =IF(SER_hh_emih!I7=0,0,SER_hh_emih!I7/SER_summary!I$26) -> 20.840029 | ... Y7: =IF(SER_hh_emih!Y7=0,0,SER_hh_emih!Y7/SER_summary!Y$26) -> 30.594812 | DA7: EMI_per_sqm.kgCO2.CY.Ser.Bld.Thermal.SH.Oil.Oil_LiqBio
A8: Gas heat pumps | B8: =IF(SER_hh_emih!B8=0,0,SER_hh_emih!B8/SER_summary!B$26) -> 0 | C8: =IF(SER_hh_emih!C8=0,0,SER_hh_emih!C8/SER_summary!C$26) -> 0 | D8: =IF(SER_hh_emih!D8=0,0,SER_hh_emih!D8/SER_summary!D$26) -> 0 | E8: =IF(SER_hh_emih!E8=0,0,SER_hh_emih!E8/SER_summary!E$26) -> 0 | F8: =IF(SER_hh_emih!F8=0,0,SER_hh_emih!F8/SER_summary!F$26) -> 0 | G8: =IF(SER_hh_emih!G8=0,0,SER_hh_emih!G8/SER_summary!G$26) -> 0 | H8: =IF(SER_hh_emih!H8=0,0,SER_hh_emih!H8/SER_summary!H$26) -> 0 | I8: =IF(SER_hh_emih!I8=0,0,SER_hh_emih!I8/SER_summary!I$26) -> 0 | ... Y8: =IF(SER_hh_emih!Y8=0,0,SER_hh_emih!Y8/SER_summary!Y$26) -> 0 | DA8: EMI_per_sqm.kgCO2.CY.Ser.Bld.Thermal.SH.GasHP.NG_Biogas
A9: Conventional gas heaters | B9: =IF(SER_hh_emih!B9=0,0,SER_hh_emih!B9/SER_summary!B$26) -> 0 | C9: =IF(SER_hh_emih!C9=0,0,SER_hh_emih!C9/SER_summary!C$26) -> 0 | D9: =IF(SER_hh_emih!D9=0,0,SER_hh_emih!D9/SER_summary!D$26) -> 0 | E9: =IF(SER_hh_emih!E9=0,0,SER_hh_emih!E9/SER_summary!E$26) -> 0 | F9: =IF(SER_hh_emih!F9=0,0,SER_hh_emih!F9/SER_summary!F$26) -> 0 | G9: =IF(SER_hh_emih!G9=0,0,SER_hh_emih!G9/SER_summary!G$26) -> 0 | H9: =IF(SER_hh_emih!H9=0,0,SER_hh_emih!H9/SER_summary!H$26) -> 0 | I9: =IF(SER_hh_emih!I9=0,0,SER_hh_emih!I9/SER_summary!I$26) -> 0 | ... Y9: =IF(SER_hh_emih!Y9=0,0,SER_hh_emih!Y9/SER_summary!Y$26) -> 0 | DA9: EMI_per_sqm.kgCO2.CY.Ser.Bld.Thermal.SH.GasTH.NG_Biogas
A10: Biomass | B10: =IF(SER_hh_emih!B10=0,0,SER_hh_emih!B10/SER_summary!B$26) -> 0 | C10: =IF(SER_hh_emih!C10=0,0,SER_hh_emih!C10/SER_summary!C$26) -> 0 | D10: =IF(SER_hh_emih!D10=0,0,SER_hh_emih!D10/SER_summary!D$26) -> 0 | E10: =IF(SER_hh_emih!E10=0,0,SER_hh_emih!E10/SER_summary!E$26) -> 0 | F10: =IF(SER_hh_emih!F10=0,0,SER_hh_emih!F10/SER_summary!F$26) -> 0 | G10: =IF(SER_hh_emih!G10=0,0,SER_hh_emih!G10/SER_summary!G$26) -> 0 | H10: =IF(SER_hh_emih!H10=0,0,SER_hh_emih!H10/SER_summary!H$26) -> 0 | I10: =IF(SER_hh_emih!I10=0,0,SER_hh_emih!I10/SER_summary!I$26) -> 0 | ... Y10: =IF(SER_hh_emih!Y10=0,0,SER_hh_emih!Y10/SER_summary!Y$26) -> 0 | DA10: EMI_per_sqm.kgCO2.CY.Ser.Bld.Thermal.SH.Biomass.Biomass_Waste
A11: Geothermal | B11: =IF(SER_hh_emih!B11=0,0,SER_hh_emih!B11/SER_summary!B$26) -> 0 | C11: =IF(SER_hh_emih!C11=0,0,SER_hh_emih!C11/SER_summary!C$26) -> 0 | D11: =IF(SER_hh_emih!D11=0,0,SER_hh_emih!D11/SER_summary!D$26) -> 0 | E11: =IF(SER_hh_emih!E11=0,0,SER_hh_emih!E11/SER_summary!E$26) -> 0 | F11: =IF(SER_hh_emih!F11=0,0,SER_hh_emih!F11/SER_summary!F$26) -> 0 | G11: =IF(SER_hh_emih!G11=0,0,SER_hh_emih!G11/SER_summary!G$26) -> 0 | H11: =IF(SER_hh_emih!H11=0,0,SER_hh_emih!H11/SER_summary!H$26) -> 0 | I11: =IF(SER_hh_emih!I11=0,0,SER_hh_emih!I11/SER_summary!I$26) -> 0 | ... Y11: =IF(SER_hh_emih!Y11=0,0,SER_hh_emih!Y11/SER_summary!Y$26) -> 0 | DA11: EMI_per_sqm.kgCO2.CY.Ser.Bld.Thermal.SH.Geo.Geo
A12: Distributed heat | B12: =IF(SER_hh_emih!B12=0,0,SER_hh_emih!B12/SER_summary!B$26) -> 0 | C12: =IF(SER_hh_emih!C12=0,0,SER_hh_emih!C12/SER_summary!C$26) -> 0 | D12: =IF(SER_hh_emih!D12=0,0,SER_hh_emih!D12/SER_summary!D$26) -> 0 | E12: =IF(SER_hh_emih!E12=0,0,SER_hh_emih!E12/SER_summary!E$26) -> 0 | F12: =IF(SER_hh_emih!F12=0,0,SER_hh_emih!F12/SER_summary!F$26) -> 0 | G12: =IF(SER_hh_emih!G12=0,0,SER_hh_emih!G12/SER_summary!G$26) -> 0 | H12: =IF(SER_hh_emih!H12=0,0,SER_hh_emih!H12/SER_summary!H$26) -> 0 | I12: =IF(SER_hh_emih!I12=0,0,SER_hh_emih!I12/SER_summary!I$26) -> 0 | ... Y12: =IF(SER_hh_emih!Y12=0,0,SER_hh_emih!Y12/SER_summary!Y$26) -> 0 | DA12: EMI_per_sqm.kgCO2.CY.Ser.Bld.Thermal.SH.DistrHeat.Steam_Distr
A13: Advanced electric heating | B13: =IF(SER_hh_emih!B13=0,0,SER_hh_emih!B13/SER_summary!B$26) -> 0 | C13: =IF(SER_hh_emih!C13=0,0,SER_hh_emih!C13/SER_summary!C$26) -> 0 | D13: =IF(SER_hh_emih!D13=0,0,SER_hh_emih!D13/SER_summary!D$26) -> 0 | E13: =IF(SER_hh_emih!E13=0,0,SER_hh_emih!E13/SER_summary!E$26) -> 0 | F13: =IF(SER_hh_emih!F13=0,0,SER_hh_emih!F13/SER_summary!F$26) -> 0 | G13: =IF(SER_hh_emih!G13=0,0,SER_hh_emih!G13/SER_summary!G$26) -> 0 | H13: =IF(SER_hh_emih!H13=0,0,SER_hh_emih!H13/SER_summary!H$26) -> 0 | I13: =IF(SER_hh_emih!I13=0,0,SER_hh_emih!I13/SER_summary!I$26) -> 0 | ... Y13: =IF(SER_hh_emih!Y13=0,0,SER_hh_emih!Y13/SER_summary!Y$26) -> 0 | DA13: EMI_per_sqm.kgCO2.CY.Ser.Bld.Thermal.SH.AdvElc.Elec
A14: Conventional electric heating | B14: =IF(SER_hh_emih!B14=0,0,SER_hh_emih!B14/SER_summary!B$26) -> 0 | C14: =IF(SER_hh_emih!C14=0,0,SER_hh_emih!C14/SER_summary!C$26) -> 0 | D14: =IF(SER_hh_emih!D14=0,0,SER_hh_emih!D14/SER_summary!D$26) -> 0 | E14: =IF(SER_hh_emih!E14=0,0,SER_hh_emih!E14/SER_summary!E$26) -> 0 | F14: =IF(SER_hh_emih!F14=0,0,SER_hh_emih!F14/SER_summary!F$26) -> 0 | G14: =IF(SER_hh_emih!G14=0,0,SER_hh_emih!G14/SER_summary!G$26) -> 0 | H14: =IF(SER_hh_emih!H14=0,0,SER_hh_emih!H14/SER_summary!H$26) -> 0 | I14: =IF(SER_hh_emih!I14=0,0,SER_hh_emih!I14/SER_summary!I$26) -> 0 | ... Y14: =IF(SER_hh_emih!Y14=0,0,SER_hh_emih!Y14/SER_summary!Y$26) -> 0 | DA14: EMI_per_sqm.kgCO2.CY.Ser.Bld.Thermal.SH.ConvElc.Elec
... A27: Solar (as of total) | B27: =IF(SER_hh_emih!B27=0,0,SER_hh_emih!B27/SER_summary!B$26) -> 0 | C27: =IF(SER_hh_emih!C27=0,0,SER_hh_emih!C27/SER_summary!C$26) -> 0 | D27: =IF(SER_hh_emih!D27=0,0,SER_hh_emih!D27/SER_summary!D$26) -> 0 | E27: =IF(SER_hh_emih!E27=0,0,SER_hh_emih!E27/SER_summary!E$26) -> 0 | F27: =IF(SER_hh_emih!F27=0,0,SER_hh_emih!F27/SER_summary!F$26) -> 0 | G27: =IF(SER_hh_emih!G27=0,0,SER_hh_emih!G27/SER_summary!G$26) -> 0 | H27: =IF(SER_hh_emih!H27=0,0,SER_hh_emih!H27/SER_summary!H$26) -> 0 | I27: =IF(SER_hh_emih!I27=0,0,SER_hh_emih!I27/SER_summary!I$26) -> 0 | ... Y27: =IF(SER_hh_emih!Y27=0,0,SER_hh_emih!Y27/SER_summary!Y$26) -> 0 | DA27: EMI_per_sqm.kgCO2.CY.Ser.Bld.Thermal.HW.TotalSolar.Solar
A28: Solar (as of solar equiped buildings) | B28: =IF(SER_hh_emih!B28=0,0,SER_hh_emih!B28/SER_summary!B$26) -> 0 | C28: =IF(SER_hh_emih!C28=0,0,SER_hh_emih!C28/SER_summary!C$26) -> 0 | D28: =IF(SER_hh_emih!D28=0,0,SER_hh_emih!D28/SER_summary!D$26) -> 0 | E28: =IF(SER_hh_emih!E28=0,0,SER_hh_emih!E28/SER_summary!E$26) -> 0 | F28: =IF(SER_hh_emih!F28=0,0,SER_hh_emih!F28/SER_summary!F$26) -> 0 | G28: =IF(SER_hh_emih!G28=0,0,SER_hh_emih!G28/SER_summary!G$26) -> 0 | H28: =IF(SER_hh_emih!H28=0,0,SER_hh_emih!H28/SER_summary!H$26) -> 0 | I28: =IF(SER_hh_emih!I28=0,0,SER_hh_emih!I28/SER_summary!I$26) -> 0 | ... Y28: =IF(SER_hh_emih!Y28=0,0,SER_hh_emih!Y28/SER_summary!Y$26) -> 0
A29: Catering | B29: =IF(SER_hh_emih!B29=0,0,SER_hh_emih!B29/SER_summary!B$26) -> 0 | C29: =IF(SER_hh_emih!C29=0,0,SER_hh_emih!C29/SER_summary!C$26) -> 0 | D29: =IF(SER_hh_emih!D29=0,0,SER_hh_emih!D29/SER_summary!D$26) -> 0 | E29: =IF(SER_hh_emih!E29=0,0,SER_hh_emih!E29/SER_summary!E$26) -> 0 | F29: =IF(SER_hh_emih!F29=0,0,SER_hh_emih!F29/SER_summary!F$26) -> 0 | G29: =IF(SER_hh_emih!G29=0,0,SER_hh_emih!G29/SER_summary!G$26) -> 0 | H29: =IF(SER_hh_emih!H29=0,0,SER_hh_emih!H29/SER_summary!H$26) -> 0.92963496 | I29: =IF(SER_hh_emih!I29=0,0,SER_hh_emih!I29/SER_summary!I$26) -> 0.89165299 | ... Y29: =IF(SER_hh_emih!Y29=0,0,SER_hh_emih!Y29/SER_summary!Y$26) -> 1.042426 | DA29: EMI_per_sqm.kgCO2.CY.Ser.Bld.Thermal.CA
A30: Liquified petroleum gas (LPG) | B30: =IF(SER_hh_emih!B30=0,0,SER_hh_emih!B30/SER_summary!B$26) -> 0 | C30: =IF(SER_hh_emih!C30=0,0,SER_hh_emih!C30/SER_summary!C$26) -> 0 | D30: =IF(SER_hh_emih!D30=0,0,SER_hh_emih!D30/SER_summary!D$26) -> 0 | E30: =IF(SER_hh_emih!E30=0,0,SER_hh_emih!E30/SER_summary!E$26) -> 0 | F30: =IF(SER_hh_emih!F30=0,0,SER_hh_emih!F30/SER_summary!F$26) -> 0 | G30: =IF(SER_hh_emih!G30=0,0,SER_hh_emih!G30/SER_summary!G$26) -> 0 | H30: =IF(SER_hh_emih!H30=0,0,SER_hh_emih!H30/SER_summary!H$26) -> 6.8651067 | I30: =IF(SER_hh_emih!I30=0,0,SER_hh_emih!I30/SER_summary!I$26) -> 5.2487193 | ... Y30: =IF(SER_hh_emih!Y30=0,0,SER_hh_emih!Y30/SER_summary!Y$26) -> 4.7360062 | DA30: EMI_per_sqm.kgCO2.CY.Ser.Bld.Thermal.CA.LPG
A31: Natural gas | B31: =IF(SER_hh_emih!B31=0,0,SER_hh_emih!B31/SER_summary!B$26) -> 0 | C31: =IF(SER_hh_emih!C31=0,0,SER_hh_emih!C31/SER_summary!C$26) -> 0 | D31: =IF(SER_hh_emih!D31=0,0,SER_hh_emih!D31/SER_summary!D$26) -> 0 | E31: =IF(SER_hh_emih!E31=0,0,SER_hh_emih!E31/SER_summary!E$26) -> 0 | F31: =IF(SER_hh_emih!F31=0,0,SER_hh_emih!F31/SER_summary!F$26) -> 0 | G31: =IF(SER_hh_emih!G31=0,0,SER_hh_emih!G31/SER_summary!G$26) -> 0 | H31: =IF(SER_hh_emih!H31=0,0,SER_hh_emih!H31/SER_summary!H$26) -> 0 | I31: =IF(SER_hh_emih!I31=0,0,SER_hh_emih!I31/SER_summary!I$26) -> 0 | ... Y31: =IF(SER_hh_emih!Y31=0,0,SER_hh_emih!Y31/SER_summary!Y$26) -> 0 | DA31: EMI_per_sqm.kgCO2.CY.Ser.Bld.Thermal.CA.Gas.NG_Biogas
A32: Biomass | B32: =IF(SER_hh_emih!B32=0,0,SER_hh_emih!B32/SER_summary!B$26) -> 0 | C32: =IF(SER_hh_emih!C32=0,0,SER_hh_emih!C32/SER_summary!C$26) -> 0 | D32: =IF(SER_hh_emih!D32=0,0,SER_hh_emih!D32/SER_summary!D$26) -> 0 | E32: =IF(SER_hh_emih!E32=0,0,SER_hh_emih!E32/SER_summary!E$26) -> 0 | F32: =IF(SER_hh_emih!F32=0,0,SER_hh_emih!F32/SER_summary!F$26) -> 0 | G32: =IF(SER_hh_emih!G32=0,0,SER_hh_emih!G32/SER_summary!G$26) -> 0 | H32: =IF(SER_hh_emih!H32=0,0,SER_hh_emih!H32/SER_summary!H$26) -> 0 | I32: =IF(SER_hh_emih!I32=0,0,SER_hh_emih!I32/SER_summary!I$26) -> 0 | ... Y32: =IF(SER_hh_emih!Y32=0,0,SER_hh_emih!Y32/SER_summary!Y$26) -> 0 | DA32: EMI_per_sqm.kgCO2.CY.Ser.Bld.Thermal.CA.Biomass.Biomass_Waste
A33: Electricity | B33: =IF(SER_hh_emih!B33=0,0,SER_hh_emih!B33/SER_summary!B$26) -> 0 | C33: =IF(SER_hh_emih!C33=0,0,SER_hh_emih!C33/SER_summary!C$26) -> 0 | D33: =IF(SER_hh_emih!D33=0,0,SER_hh_emih!D33/SER_summary!D$26) -> 0 | E33: =IF(SER_hh_emih!E33=0,0,SER_hh_emih!E33/SER_summary!E$26) -> 0 | F33: =IF(SER_hh_emih!F33=0,0,SER_hh_emih!F33/SER_summary!F$26) -> 0 | G33: =IF(SER_hh_emih!G33=0,0,SER_hh_emih!G33/SER_summary!G$26) -> 0 | H33: =IF(SER_hh_emih!H33=0,0,SER_hh_emih!H33/SER_summary!H$26) -> 0 | I33: =IF(SER_hh_emih!I33=0,0,SER_hh_emih!I33/SER_summary!I$26) -> 0 | ... Y33: =IF(SER_hh_emih!Y33=0,0,SER_hh_emih!Y33/SER_summary!Y$26) -> 0 | DA33: EMI_per_sqm.kgCO2.CY.Ser.Bld.Thermal.CA.Elc.Elec

Sheet SER_hh_num_in
A1: CY - Number of new and renovated buildings | B1: 2000 | C1: 2001 | D1: 2002 | E1: 2003 | F1: 2004 | G1: 2005 | H1: 2006 | I1: 2007 | J1: 2008 | K1: 2009 | L1: 2010 | M1: 2011 | N1: 2012 | O1: 2013 | P1: 2014 | Q1: 2015 | R1: 2016 | S1: 2017 | T1: 2018 | U1: 2019 | V1: 2020 | W1: 2021 | X1: 2022 | Y1: 2023 | DA1: Code
A3: Stock of buildings | C3: =C4 -> 391.51955 | D3: =D4 -> 302.97357 | E3: =E4 -> 349.9532 | F3: =F4 -> 448.42686 | G3: =G4 -> 465.01113 | H3: =H4 -> 449.09874 | I3: =I4 -> 541.88388 | J3: =J4 -> 538.833 | ... Y3: =Y4 -> 341.44503 | DA3: NUM.number.CY.Ser.BldNew.Thermal
A4: Space heating | C4: =SUM(C5:C14) -> 391.51955 | D4: =SUM(D5:D14) -> 302.97357 | E4: =SUM(E5:E14) -> 349.9532 | F4: =SUM(F5:F14) -> 448.42686 | G4: =SUM(G5:G14) -> 465.01113 | H4: =SUM(H5:H14) -> 449.09874 | I4: =SUM(I5:I14) -> 541.88388 | J4: =SUM(J5:J14) -> 538.833 | ... Y4: =SUM(Y5:Y14) -> 341.44503 | DA4: NUM.number.CY.Ser.BldNew.Thermal.SH
A5: Solids | C5: 0 | D5: 0 | E5: 0 | F5: 0 | G5: 0 | H5: 0 | I5: 0 | J5: 0 | K5: 0 | L5: 0 | M5: 0 | N5: 0 | O5: 0 | P5: 0 | Q5: 0 | R5: 0 | S5: 0 | T5: 0 | U5: 0 | V5: 0 | W5: 0 | X5: 0 | Y5: 0 | DA5: NUM.number.CY.Ser.BldNew.Thermal.SH.Solids
A6: Liquified petroleum gas (LPG) | C6: 0 | D6: 0 | E6: 0 | F6: 0 | G6: 0 | H6: 0 | I6: 0 | J6: 0 | K6: 0 | L6: 0 | M6: 0 | N6: 0 | O6: 0 | P6: 0 | Q6: 0 | R6: 0 | S6: 0 | T6: 0 | U6: 0 | V6: 0 | W6: 0 | X6: 0 | Y6: 0 | DA6: NUM.number.CY.Ser.BldNew.Thermal.SH.LPG
A7: Diesel oil | C7: 0 | D7: 0 | E7: 0 | F7: 0 | G7: 0 | H7: 0 | I7: 0 | J7: 143.29581 | K7: 206.48436 | L7: 314.04598 | M7: 167.79492 | N7: 129.5183 | O7: 13.167797 | P7: 0 | Q7: 0 | R7: 0 | S7: 0 | T7: 11.077546 | U7: 61.861327 | V7: 44.476814 | W7: 32.258654 | X7: 30.306985 | Y7: 66.774118 | DA7: NUM.number.CY.Ser.BldNew.Thermal.SH.Oil
A8: Gas heat pumps | C8: 0 | D8: 0 | E8: 0 | F8: 0 | G8: 0 | H8: 0 | I8: 0 | J8: 0 | K8: 0 | L8: 0 | M8: 0 | N8: 0 | O8: 0 | P8: 0 | Q8: 0 | R8: 0 | S8: 0 | T8: 0 | U8: 0 | V8: 0 | W8: 0 | X8: 0 | Y8: 0 | DA8: NUM.number.CY.Ser.BldNew.Thermal.SH.GasHP
A9: Conventional gas heaters | C9: 0 | D9: 0 | E9: 0 | F9: 0 | G9: 0 | H9: 0 | I9: 0 | J9: 0 | K9: 15.093309 | L9: 4.8107432 | M9: 1.2581551 | N9: 0.41993473 | O9: 0 | P9: 0.026138231 | Q9: 0.15398986 | R9: 6.0095826 | S9: 10.538965 | T9: 12.611692 | U9: 4.9338765 | V9: 2.8080934 | W9: 3.2776892 | X9: 1.5120401 | Y9: 0.63342243 | DA9: NUM.number.CY.Ser.BldNew.Thermal.SH.GasTH
A10: Biomass | C10: 0 | D10: 0 | E10: 0 | F10: 0 | G10: 0 | H10: 0 | I10: 42.214959 | J10: 20.999727 | K10: 0 | L10: 0.16557007 | M10: 1.2839677 | N10: 3.38231 | O10: 0.80748306 | P10: 2.3887198 | Q10: 10.393374 | R10: 1.5833476 | S10: 0 | T10: 0 | U10: 0 | V10: 2.3673087 | W10: 13.210716 | X10: 17.976169 | Y10: 6.1733218 | DA10: NUM.number.CY.Ser.BldNew.Thermal.SH.Biomass
A11: Geothermal | C11: 0 | D11: 0 | E11: 0 | F11: 0 | G11: 0 | H11: 0 | I11: 0 | J11: 0 | K11: 0 | L11: 0 | M11: 0 | N11: 0 | O11: 0 | P11: 0 | Q11: 0 | R11: 0 | S11: 0 | T11: 0 | U11: 0 | V11: 0 | W11: 0 | X11: 0 | Y11: 0 | DA11: NUM.number.CY.Ser.BldNew.Thermal.SH.Geo
A12: Distributed heat | C12: 0 | D12: 0 | E12: 0 | F12: 0 | G12: 0 | H12: 0 | I12: 0 | J12: 0 | K12: 0 | L12: 0 | M12: 0 | N12: 0 | O12: 0 | P12: 0 | Q12: 0 | R12: 0 | S12: 0 | T12: 0 | U12: 0 | V12: 0 | W12: 0 | X12: 0 | Y12: 0 | DA12: NUM.number.CY.Ser.BldNew.Thermal.SH.DistrHeat
A13: Advanced electric heating | C13: 60.240265 | D13: 73.442147 | E13: 116.54567 | F13: 133.11996 | G13: 126.64439 | H13: 42.200175 | I13: 100.14996 | J13: 70.67456 | K13: 167.33265 | L13: 324.96258 | M13: 385.6122 | N13: 440.44697 | O13: 80.511522 | P13: 83.679605 | Q13: 56.103989 | R13: 109.5935 | S13: 251.09722 | T13: 286.15301 | U13: 242.06596 | V13: 176.08621 | W13: 63.638846 | X13: 43.227841 | Y13: 168.67406 | DA13: NUM.number.CY.Ser.BldNew.Thermal.SH.AdvElc
A14: Conventional electric heating | C14: 331.27929 | D14: 229.53142 | E14: 233.40753 | F14: 315.30691 | G14: 338.36674 | H14: 406.89857 | I14: 399.51896 | J14: 303.8629 | K14: 312.25078 | L14: 114.8594 | M14: 0 | N14: 0 | O14: 0 | P14: 0 | Q14: 18.158118 | R14: 168.21864 | S14: 146.07141 | T14: 98.330387 | U14: 93.542519 | V14: 139.1303 | W14: 244.44752 | X14: 255.92169 | Y14: 99.190111 | DA14: NUM.number.CY.Ser.BldNew.Thermal.SH.ConvElc
A15: Circulation, other electricity | C15: =SUM(C5:C12) -> 0 | D15: =SUM(D5:D12) -> 0 | E15: =SUM(E5:E12) -> 0 | F15: =SUM(F5:F12) -> 0 | G15: =SUM(G5:G12) -> 0 | H15: =SUM(H5:H12) -> 0 | I15: =SUM(I5:I12) -> 42.214959 | J15: =SUM(J5:J12) -> 164.29554 | ... Y15: =SUM(Y5:Y12) -> 73.580863
A16: Space cooling | C16: =SUM(C17:C18) -> 391.51955 | D16: =SUM(D17:D18) -> 302.97357 | E16: =SUM(E17:E18) -> 349.9532 | F16: =SUM(F17:F18) -> 448.42686 | G16: =SUM(G17:G18) -> 465.01113 | H16: =SUM(H17:H18) -> 449.09874 | I16: =SUM(I17:I18) -> 541.88388 | J16: =SUM(J17:J18) -> 538.833 | ... Y16: =SUM(Y17:Y18) -> 341.44503 | DA16: NUM.number.CY.Ser.BldNew.Thermal.SC
A17: Gas heat pumps | C17: 0 | D17: 0 | E17: 0 | F17: 0 | G17: 0 | H17: 0 | I17: 0 | J17: 0 | K17: 0 | L17: 0 | M17: 0 | N17: 0 | O17: 0 | P17: 0 | Q17: 0 | R17: 0 | S17: 0 | T17: 0 | U17: 0 | V17: 0 | W17: 0 | X17: 0 | Y17: 0 | DA17: NUM.number.CY.Ser.BldNew.Thermal.SC.GasHP
A18: Electric space cooling | C18: 391.51955 | D18: 302.97357 | E18: 349.9532 | F18: 448.42686 | G18: 465.01113 | H18: 449.09874 | I18: 541.88388 | J18: 538.833 | K18: 701.16109 | L18: 758.84428 | M18: 555.94925 | N18: 573.76752 | O18: 94.486802 | P18: 86.094463 | Q18: 84.809471 | R18: 285.40507 | S18: 407.7076 | T18: 408.17264 | U18: 402.40368 | V18: 364.86872 | W18: 356.83343 | X18: 348.94472 | Y18: 341.44503 | DA18: NUM.number.CY.Ser.BldNew.Thermal.SC.AC
A19: Hot water | C19: =SUM(C20:C26) -> 391.51955 | D19: =SUM(D20:D26) -> 302.97357 | E19: =SUM(E20:E26) -> 349.9532 | F19: =SUM(F20:F26) -> 448.42686 | G19: =SUM(G20:G26) -> 465.01113 | H19: =SUM(H20:H26) -> 449.09874 | I19: =SUM(I20:I26) -> 541.88388 | J19: =SUM(J20:J26) -> 538.833 | ... Y19: =SUM(Y20:Y26) -> 341.44503 | DA19: NUM.number.CY.Ser.BldNew.Thermal.HW
A20: Solids | C20: 0 | D20: 0 | E20: 0 | F20: 0 | G20: 0 | H20: 0 | I20: 0 | J20: 0 | K20: 0 | L20: 0 | M20: 0 | N20: 0 | O20: 0 | P20: 0 | Q20: 0 | R20: 0 | S20: 0 | T20: 0 | U20: 0 | V20: 0 | W20: 0 | X20: 0 | Y20: 0 | DA20: NUM.number.CY.Ser.BldNew.Thermal.HW.Solids
A21: Liquified petroleum gas (LPG) | C21: 0 | D21: 0 | E21: 0 | F21: 0 | G21: 0 | H21: 443.90079 | I21: 522.36949 | J21: 482.32782 | K21: 61.046056 | L21: 39.008814 | M21: 0 | N21: 0 | O21: 0 | P21: 0 | Q21: 0 | R21: 8.0191756 | S21: 59.054929 | T21: 75.878591 | U21: 106.50659 | V21: 61.069641 | W21: 127.83238 | X21: 130.84214 | Y21: 85.949733 | DA21: NUM.number.CY.Ser.BldNew.Thermal.HW.LPG
A22: Diesel oil | C22: 11.362125 | D22: 9.0935648 | E22: 10.119592 | F22: 12.847442 | G22: 13.719283 | H22: 5.1979563 | I22: 19.514391 | J22: 30.378975 | K22: 22.076903 | L22: 22.18211 | M22: 17.2048 | N22: 16.538103 | O22: 2.9660196 | P22: 2.5665599 | Q22: 4.115951 | R22: 12.320919 | S22: 15.951964 | T22: 15.210908 | U22: 14.810025 | V22: 9.8695669 | W22: 9.8048998 | X22: 10.764858 | Y22: 12.007845 | DA22: NUM.number.CY.Ser.BldNew.Thermal.HW.Oil
