Workbook

Sheet cover
B6: JRC-IDEES-2023 - Integrated Database of the European Energy System
C10: Greece
C15: Transport sector
L28: Prepared by JRC C.6
L30: 45967.474
L31: v2023-1.00
B33: Legal Notice
B35: The information made available is property of the Joint Research Centre of the European Commission.
B36: Neither the European Commission nor any person acting on behalf of the Commission is responsible for the use which might be made of this information.
B38: Use conditions
B39: This work is licensed under
B40: CC BY 4.0

Sheet index
A1: EL | B1: Greece
B3: Click on the link to jump to the sheet
B4: =HYPERLINK("#"&CELL("address",Transport!$B$2),MID(CELL("filename",Transport!$B$2),FIND("]",CELL("filename",Transport!$B$2))+1,256)) -> Transport | D4: Overview: Transport sectors
B6: =HYPERLINK("#"&CELL("address",TrRoad_act!$B$2),MID(CELL("filename",TrRoad_act!$B$2),FIND("]",CELL("filename",TrRoad_act!$B$2))+1,256)) -> TrRoad_act | D6: Road transport - activity related data
B7: =HYPERLINK("#"&CELL("address",TrRoad_ene!$B$2),MID(CELL("filename",TrRoad_ene!$B$2),FIND("]",CELL("filename",TrRoad_ene!$B$2))+1,256)) -> TrRoad_ene | D7: energy consumption
B8: =HYPERLINK("#"&CELL("address",TrRoad_emi!$B$2),MID(CELL("filename",TrRoad_emi!$B$2),FIND("]",CELL("filename",TrRoad_emi!$B$2))+1,256)) -> TrRoad_emi | D8: CO2 emissions
B9: =HYPERLINK("#"&CELL("address",TrRoad_tech!$B$2),MID(CELL("filename",TrRoad_tech!$B$2),FIND("]",CELL("filename",TrRoad_tech!$B$2))+1,256)) -> TrRoad_tech | D9: technology data
B11: =HYPERLINK("#"&CELL("address",TrRail_act!$B$2),MID(CELL("filename",TrRail_act!$B$2),FIND("]",CELL("filename",TrRail_act!$B$2))+1,256)) -> TrRail_act | D11: Rail, metro and tram - activity related data
B12: =HYPERLINK("#"&CELL("address",TrRail_ene!$B$2),MID(CELL("filename",TrRail_ene!$B$2),FIND("]",CELL("filename",TrRail_ene!$B$2))+1,256)) -> TrRail_ene | D12: energy consumption
B13: =HYPERLINK("#"&CELL("address",TrRail_emi!$B$2),MID(CELL("filename",TrRail_emi!$B$2),FIND("]",CELL("filename",TrRail_emi!$B$2))+1,256)) -> TrRail_emi | D13: CO2 emissions
B15: =HYPERLINK("#"&CELL("address",TrAvia_act!$B$2),MID(CELL("filename",TrAvia_act!$B$2),FIND("]",CELL("filename",TrAvia_act!$B$2))+1,256)) -> TrAvia_act | D15: Aviation - activity related data
B16: =HYPERLINK("#"&CELL("address",TrAvia_ene!$B$2),MID(CELL("filename",TrAvia_ene!$B$2),FIND("]",CELL("filename",TrAvia_ene!$B$2))+1,256)) -> TrAvia_ene | D16: energy consumption
B17: =HYPERLINK("#"&CELL("address",TrAvia_emi!$B$2),MID(CELL("filename",TrAvia_emi!$B$2),FIND("]",CELL("filename",TrAvia_emi!$B$2))+1,256)) -> TrAvia_emi | D17: CO2 emissions
B18: =HYPERLINK("#"&CELL("address",TrAvia_png!$B$2),MID(CELL("filename",TrAvia_png!$B$2),FIND("]",CELL("filename",TrAvia_png!$B$2))+1,256)) -> TrAvia_png | D18: passenger transport specific data
B20: =HYPERLINK("#"&CELL("address",TrNavi_act!$B$2),MID(CELL("filename",TrNavi_act!$B$2),FIND("]",CELL("filename",TrNavi_act!$B$2))+1,256)) -> TrNavi_act | D20: Coastal shipping and inland waterways - activity related data
B21: =HYPERLINK("#"&CELL("address",TrNavi_ene!$B$2),MID(CELL("filename",TrNavi_ene!$B$2),FIND("]",CELL("filename",TrNavi_ene!$B$2))+1,256)) -> TrNavi_ene | D21: energy consumption
B22: =HYPERLINK("#"&CELL("address",TrNavi_emi!$B$2),MID(CELL("filename",TrNavi_emi!$B$2),FIND("]",CELL("filename",TrNavi_emi!$B$2))+1,256)) -> TrNavi_emi | D22: CO2 emissions
B24: =HYPERLINK("#"&CELL("address",MBunk_act!$B$2),MID(CELL("filename",MBunk_act!$B$2),FIND("]",CELL("filename",MBunk_act!$B$2))+1,256)) -> MBunk_act | D24: International maritime bunkers - activity related data
B25: =HYPERLINK("#"&CELL("address",MBunk_ene!$B$2),MID(CELL("filename",MBunk_ene!$B$2),FIND("]",CELL("filename",MBunk_ene!$B$2))+1,256)) -> MBunk_ene | D25: energy consumption
B26: =HYPERLINK("#"&CELL("address",MBunk_emi!$B$2),MID(CELL("filename",MBunk_emi!$B$2),FIND("]",CELL("filename",MBunk_emi!$B$2))+1,256)) -> MBunk_emi | D26: CO2 emissions

Sheet Transport
A1: Transport overview - EL - Greece | B1: 2000 | C1: 2001 | D1: 2002 | E1: 2003 | F1: 2004 | G1: 2005 | H1: 2006 | I1: 2007 | J1: 2008 | K1: 2009 | L1: 2010 | M1: 2011 | N1: 2012 | O1: 2013 | P1: 2014 | Q1: 2015 | R1: 2016 | S1: 2017 | T1: 2018 | U1: 2019 | V1: 2020 | W1: 2021 | X1: 2022 | Y1: 2023 | DA1: Code
A3: Transport activity
A4: Passenger transport (mio pkm) | B4: =B5+B9+B13 -> 125666.8 | C4: =C5+C9+C13 -> 128768.93 | D4: =D5+D9+D13 -> 133190.12 | E4: =E5+E9+E13 -> 137677.48 | F4: =F5+F9+F13 -> 143939.2 | G4: =G5+G9+G13 -> 150241.47 | H4: =H5+H9+H13 -> 156561.15 | I4: =I5+I9+I13 -> 162806.52 | ... Y4: =Y5+Y9+Y13 -> 198657.31 | DA4: Activity.Mpkm.EL.Tr
A5: Road transport | B5: =B6+B7+B8 -> 89081.034 | C5: =C6+C7+C8 -> 94433.617 | D5: =D6+D7+D8 -> 99135.28 | E5: =E6+E7+E8 -> 103397.51 | F5: =F6+F7+F8 -> 107255.69 | G5: =G6+G7+G8 -> 112483.57 | H5: =H6+H7+H8 -> 117284.74 | I5: =I6+I7+I8 -> 122620.7 | ... Y5: =Y6+Y7+Y8 -> 136665.38 | DA5: Activity.Mpkm.EL.Tr.Road.Passenger
A6: =TrRoad_act!$A$5 -> Powered two-wheelers | B6: =TrRoad_act!B$5 -> 4381.0337 | C6: =TrRoad_act!C$5 -> 4633.6165 | D6: =TrRoad_act!D$5 -> 5135.2801 | E6: =TrRoad_act!E$5 -> 5447.5095 | F6: =TrRoad_act!F$5 -> 5655.6905 | G6: =TrRoad_act!G$5 -> 5783.5689 | H6: =TrRoad_act!H$5 -> 5484.7376 | I6: =TrRoad_act!I$5 -> 5620.6996 | ... Y6: =TrRoad_act!Y$5 -> 8352.9655 | DA6: Activity.Mpkm.EL.Tr.Road.Passenger.P2W
A7: =TrRoad_act!$A$6 -> Passenger cars | B7: =TrRoad_act!B$6 -> 63000 | C7: =TrRoad_act!C$6 -> 68000 | D7: =TrRoad_act!D$6 -> 72000 | E7: =TrRoad_act!E$6 -> 76000 | F7: =TrRoad_act!F$6 -> 80000 | G7: =TrRoad_act!G$6 -> 85000 | H7: =TrRoad_act!H$6 -> 90000 | I7: =TrRoad_act!I$6 -> 95000 | ... Y7: =TrRoad_act!Y$6 -> 109406.66 | DA7: Activity.Mpkm.EL.Tr.Road.Passenger.Car
A8: =TrRoad_act!$A$13 -> Motor coaches, buses and trolley buses | B8: =TrRoad_act!B$13 -> 21700 | C8: =TrRoad_act!C$13 -> 21800 | D8: =TrRoad_act!D$13 -> 22000 | E8: =TrRoad_act!E$13 -> 21950 | F8: =TrRoad_act!F$13 -> 21600 | G8: =TrRoad_act!G$13 -> 21700 | H8: =TrRoad_act!H$13 -> 21800 | I8: =TrRoad_act!I$13 -> 22000 | ... Y8: =TrRoad_act!Y$13 -> 18905.763 | DA8: Activity.Mpkm.EL.Tr.Road.Passenger.Bus
A9: Rail, metro and tram | B9: =B10+B11+B12 -> 3076 | C9: =C10+C11+C12 -> 3077 | D9: =D10+D11+D12 -> 3186 | E9: =E10+E11+E12 -> 2974 | F9: =F10+F11+F12 -> 3168 | G9: =G10+G11+G12 -> 3354 | H9: =H10+H11+H12 -> 3361 | I9: =I10+I11+I12 -> 3530 | ... Y9: =Y10+Y11+Y12 -> 2202.928 | DA9: Activity.Mpkm.EL.Tr.Rail.Passenger
A10: =TrRail_act!$A$5 -> Metro and tram, urban light rail | B10: =TrRail_act!B$5 -> 1190 | C10: =TrRail_act!C$5 -> 1330 | D10: =TrRail_act!D$5 -> 1350 | E10: =TrRail_act!E$5 -> 1400 | F10: =TrRail_act!F$5 -> 1500 | G10: =TrRail_act!G$5 -> 1500 | H10: =TrRail_act!H$5 -> 1550 | I10: =TrRail_act!I$5 -> 1600 | ... Y10: =TrRail_act!Y$5 -> 1529.928 | DA10: Activity.Mpkm.EL.Tr.Rail.Passenger.MTU
A11: =TrRail_act!$A$6 -> Conventional passenger trains | B11: =TrRail_act!B$6 -> 1886 | C11: =TrRail_act!C$6 -> 1747 | D11: =TrRail_act!D$6 -> 1836 | E11: =TrRail_act!E$6 -> 1574 | F11: =TrRail_act!F$6 -> 1668 | G11: =TrRail_act!G$6 -> 1854 | H11: =TrRail_act!H$6 -> 1811 | I11: =TrRail_act!I$6 -> 1930 | ... Y11: =TrRail_act!Y$6 -> 673 | DA11: Activity.Mpkm.EL.Tr.Rail.Passenger.CPT
A12: =TrRail_act!$A$9 -> High speed passenger trains | B12: =TrRail_act!B$9 -> 0 | C12: =TrRail_act!C$9 -> 0 | D12: =TrRail_act!D$9 -> 0 | E12: =TrRail_act!E$9 -> 0 | F12: =TrRail_act!F$9 -> 0 | G12: =TrRail_act!G$9 -> 0 | H12: =TrRail_act!H$9 -> 0 | I12: =TrRail_act!I$9 -> 0 | ... Y12: =TrRail_act!Y$9 -> 0 | DA12: Activity.Mpkm.EL.Tr.Rail.Passenger.HST
A13: Aviation | B13: =B14+B15+B16 -> 33509.771 | C13: =C14+C15+C16 -> 31258.317 | D13: =D14+D15+D16 -> 30868.835 | E13: =E14+E15+E16 -> 31305.969 | F13: =F14+F15+F16 -> 33515.508 | G13: =G14+G15+G16 -> 34403.905 | H13: =H14+H15+H16 -> 35915.409 | I13: =I14+I15+I16 -> 36655.823 | ... Y13: =Y14+Y15+Y16 -> 59788.995 | DA13: Activity.Mpkm.EL.Tr.Avia.Passenger
A14: Domestic | B14: =TrAvia_act!B$5 -> 2488.4994 | C14: =TrAvia_act!C$5 -> 2371.6997 | D14: =TrAvia_act!D$5 -> 2186.3135 | E14: =TrAvia_act!E$5 -> 2103.3316 | F14: =TrAvia_act!F$5 -> 2447.2823 | G14: =TrAvia_act!G$5 -> 2500.1987 | H14: =TrAvia_act!H$5 -> 2628.2753 | I14: =TrAvia_act!I$5 -> 2814.9848 | ... Y14: =TrAvia_act!Y$5 -> 3156.5722 | DA14: Activity.Mpkm.EL.Tr.Avia.Passenger.Domestic
A15: International - Intra-EEAwCHUK | B15: =TrAvia_act!B$6 -> 28112.86 | C15: =TrAvia_act!C$6 -> 26167.237 | D15: =TrAvia_act!D$6 -> 25943.418 | E15: =TrAvia_act!E$6 -> 26350.182 | F15: =TrAvia_act!F$6 -> 27671.299 | G15: =TrAvia_act!G$6 -> 28192.382 | H15: =TrAvia_act!H$6 -> 28783.503 | I15: =TrAvia_act!I$6 -> 28555.707 | ... Y15: =TrAvia_act!Y$6 -> 46529.085 | DA15: Activity.Mpkm.EL.Tr.Avia.Passenger.IntraEEAwCHUK
A16: International - Extra-EEAwCHUK | B16: =TrAvia_act!B$7 -> 2908.4114 | C16: =TrAvia_act!C$7 -> 2719.3809 | D16: =TrAvia_act!D$7 -> 2739.1036 | E16: =TrAvia_act!E$7 -> 2852.4549 | F16: =TrAvia_act!F$7 -> 3396.9275 | G16: =TrAvia_act!G$7 -> 3711.3251 | H16: =TrAvia_act!H$7 -> 4503.6305 | I16: =TrAvia_act!I$7 -> 5285.131 | ... Y16: =TrAvia_act!Y$7 -> 10103.338 | DA16: Activity.Mpkm.EL.Tr.Avia.Passenger.ExtraEEAwCHUK
A17: Freight transport (mio tkm) | B17: =B18+B21+B22+B26 -> 37662.249 | C17: =C18+C21+C22+C26 -> 31696.142 | D17: =D18+D21+D22+D26 -> 33618.331 | E17: =E18+E21+E22+E26 -> 26268.601 | F17: =F18+F21+F22+F26 -> 42970.931 | G17: =G18+G21+G22+G26 -> 30469.567 | H17: =H18+H21+H22+H26 -> 37869.844 | I17: =I18+I21+I22+I26 -> 33520.647 | ... Y17: =Y18+Y21+Y22+Y26 -> 25927.024 | DA17: Activity.Mtkm.EL.Tr
A18: Road transport | B18: =B19+B20 -> 25980.033 | C18: =C19+C20 -> 26665.249 | D18: =D19+D20 -> 27360.15 | E18: =E19+E20 -> 18787.848 | F18: =F19+F20 -> 35600.57 | G18: =G19+G20 -> 23589.425 | H18: =H19+H20 -> 30749.178 | I18: =I19+I20 -> 26102.111 | ... Y18: =Y19+Y20 -> 20302.752 | DA18: Activity.Mtkm.EL.Tr.Road.Freight
A19: =TrRoad_act!$A$20 -> Light commercial vehicles | B19: =TrRoad_act!B$20 -> 1312.1663 | C19: =TrRoad_act!C$20 -> 1378.8971 | D19: =TrRoad_act!D$20 -> 1468.7122 | E19: =TrRoad_act!E$20 -> 1591.2658 | F19: =TrRoad_act!F$20 -> 1624.682 | G19: =TrRoad_act!G$20 -> 1672.8259 | H19: =TrRoad_act!H$20 -> 1778.2383 | I19: =TrRoad_act!I$20 -> 1958.9205 | ... Y19: =TrRoad_act!Y$20 -> 2172.7524 | DA19: Activity.Mtkm.EL.Tr.Road.Freight.LCV
A20: =TrRoad_act!$A$26 -> Heavy goods vehicles | B20: =TrRoad_act!B$26 -> 24667.867 | C20: =TrRoad_act!C$26 -> 25286.352 | D20: =TrRoad_act!D$26 -> 25891.438 | E20: =TrRoad_act!E$26 -> 17196.582 | F20: =TrRoad_act!F$26 -> 33975.888 | G20: =TrRoad_act!G$26 -> 21916.599 | H20: =TrRoad_act!H$26 -> 28970.94 | I20: =TrRoad_act!I$26 -> 24143.19 | ... Y20: =TrRoad_act!Y$26 -> 18130 | DA20: Activity.Mtkm.EL.Tr.Road.Freight.HGV_All
A21: Rail transport | B21: =TrRail_act!B$10 -> 427 | C21: =TrRail_act!C$10 -> 380 | D21: =TrRail_act!D$10 -> 327 | E21: =TrRail_act!E$10 -> 456 | F21: =TrRail_act!F$10 -> 592 | G21: =TrRail_act!G$10 -> 613 | H21: =TrRail_act!H$10 -> 662 | I21: =TrRail_act!I$10 -> 835 | ... Y21: =TrRail_act!Y$10 -> 211 | DA21: Activity.Mtkm.EL.Tr.Rail.Freight
A22: Aviation | B22: =B23+B24+B25 -> 150.25399 | C22: =C23+C24+C25 -> 174.60883 | D22: =D23+D24+D25 -> 163.12654 | E22: =E23+E24+E25 -> 144.57305 | F22: =F23+F24+F25 -> 101.53058 | G22: =G23+G24+G25 -> 96.278429 | H22: =H23+H24+H25 -> 99.08295 | I22: =I23+I24+I25 -> 92.832614 | ... Y22: =Y23+Y24+Y25 -> 81.178188 | DA22: Activity.Mtkm.EL.Tr.Avia.Freight
A23: Domestic | B23: =TrAvia_act!B$9 -> 14.195775 | C23: =TrAvia_act!C$9 -> 16.572055 | D23: =TrAvia_act!D$9 -> 16.242009 | E23: =TrAvia_act!E$9 -> 14.258437 | F23: =TrAvia_act!F$9 -> 8.0384935 | G23: =TrAvia_act!G$9 -> 7.4111976 | H23: =TrAvia_act!H$9 -> 7.3494451 | I23: =TrAvia_act!I$9 -> 6.0370819 | ... Y23: =TrAvia_act!Y$9 -> 1.7154652 | DA23: Activity.Mtkm.EL.Tr.Avia.Freight.Domestic
A24: International - Intra-EEAwCHUK | B24: =TrAvia_act!B$10 -> 101.14203 | C24: =TrAvia_act!C$10 -> 122.64052 | D24: =TrAvia_act!D$10 -> 112.96346 | E24: =TrAvia_act!E$10 -> 96.422221 | F24: =TrAvia_act!F$10 -> 68.434337 | G24: =TrAvia_act!G$10 -> 65.969018 | H24: =TrAvia_act!H$10 -> 65.923921 | I24: =TrAvia_act!I$10 -> 61.250296 | ... Y24: =TrAvia_act!Y$10 -> 36.477236 | DA24: Activity.Mtkm.EL.Tr.Avia.Freight.IntraEEAwCHUK
A25: International - Extra-EEAwCHUK | B25: =TrAvia_act!B$11 -> 34.916181 | C25: =TrAvia_act!C$11 -> 35.396252 | D25: =TrAvia_act!D$11 -> 33.92107 | E25: =TrAvia_act!E$11 -> 33.892389 | F25: =TrAvia_act!F$11 -> 25.05775 | G25: =TrAvia_act!G$11 -> 22.898213 | H25: =TrAvia_act!H$11 -> 25.809584 | I25: =TrAvia_act!I$11 -> 25.545236 | ... Y25: =TrAvia_act!Y$11 -> 42.985487 | DA25: Activity.Mtkm.EL.Tr.Avia.Freight.ExtraEEAwCHUK
A26: Domestic navigation | B26: =B27+B28 -> 11104.962 | C26: =C27+C28 -> 4476.284 | D26: =D27+D28 -> 5768.054 | E26: =E27+E28 -> 6880.18 | F26: =F27+F28 -> 6676.83 | G26: =G27+G28 -> 6170.864 | H26: =H27+H28 -> 6359.583 | I26: =I27+I28 -> 6490.704 | ... Y26: =Y27+Y28 -> 5332.093 | DA26: Activity.Mtkm.EL.Tr.DNavi.Freight
A27: =TrNavi_act!$A$4 -> Domestic coastal shipping | B27: =TrNavi_act!B4 -> 11104.962 | C27: =TrNavi_act!C4 -> 4476.284 | D27: =TrNavi_act!D4 -> 5768.054 | E27: =TrNavi_act!E4 -> 6880.18 | F27: =TrNavi_act!F4 -> 6676.83 | G27: =TrNavi_act!G4 -> 6170.864 | H27: =TrNavi_act!H4 -> 6359.583 | I27: =TrNavi_act!I4 -> 6490.704 | ... Y27: =TrNavi_act!Y4 -> 5332.093 | DA27: Activity.Mtkm.EL.Tr.DNavi.Freight.DCS
A28: =TrNavi_act!$A$5 -> Inland waterways | B28: =TrNavi_act!B5 -> 0 | C28: =TrNavi_act!C5 -> 0 | D28: =TrNavi_act!D5 -> 0 | E28: =TrNavi_act!E5 -> 0 | F28: =TrNavi_act!F5 -> 0 | G28: =TrNavi_act!G5 -> 0 | H28: =TrNavi_act!H5 -> 0 | I28: =TrNavi_act!I5 -> 0 | ... Y28: =TrNavi_act!Y5 -> 0 | DA28: Activity.Mtkm.EL.Tr.DNavi.Freight.IWW
A29: International maritime bunkers (mio tkm) | B29: =B30+B31 -> 76319.079 | C29: =C30+C31 -> 107675.05 | D29: =D30+D31 -> 113285.97 | E29: =E30+E31 -> 128164.98 | F29: =F30+F31 -> 129305.38 | G29: =G30+G31 -> 128433.74 | H29: =H30+H31 -> 127172.2 | I29: =I30+I31 -> 132434.09 | ... Y29: =Y30+Y31 -> 258739.43 | DA29: Activity.Mtkm.EL.MBunk.Freight
A30: Intra-EEA | B30: =MBunk_act!B$4 -> 42664.712 | C30: =MBunk_act!C$4 -> 34945.892 | D30: =MBunk_act!D$4 -> 32645.76 | E30: =MBunk_act!E$4 -> 39228.228 | F30: =MBunk_act!F$4 -> 35441.028 | G30: =MBunk_act!G$4 -> 32943.818 | H30: =MBunk_act!H$4 -> 29876.123 | I30: =MBunk_act!I$4 -> 36134.746 | ... Y30: =MBunk_act!Y$4 -> 52606.578 | DA30: Activity.Mtkm.EL.MBunk.Freight.IntraEEA
A31: Extra-EEA | B31: =MBunk_act!B$5 -> 33654.367 | C31: =MBunk_act!C$5 -> 72729.159 | D31: =MBunk_act!D$5 -> 80640.214 | E31: =MBunk_act!E$5 -> 88936.752 | F31: =MBunk_act!F$5 -> 93864.354 | G31: =MBunk_act!G$5 -> 95489.919 | H31: =MBunk_act!H$5 -> 97296.073 | I31: =MBunk_act!I$5 -> 96299.342 | ... Y31: =MBunk_act!Y$5 -> 206132.85 | DA31: Activity.Mtkm.EL.MBunk.Freight.ExtraEEA
A33: Energy consumption (ktoe)
A34: Passenger transport | B34: =B35+B39+B43 -> 4860.4649 | C34: =C35+C39+C43 -> 4835.1504 | D34: =D35+D39+D43 -> 4958.9628 | E34: =E35+E39+E43 -> 5306.2682 | F34: =F35+F39+F43 -> 5291.6175 | G34: =G35+G39+G43 -> 5515.4063 | H34: =H35+H39+H43 -> 5714.1181 | I34: =I35+I39+I43 -> 5939.5998 | ... Y34: =Y35+Y39+Y43 -> 4905.1601
A35: =$A$5 -> Road transport | B35: =B36+B37+B38 -> 3489.3262 | C35: =C36+C37+C38 -> 3602.8369 | D35: =D36+D37+D38 -> 3763.6004 | E35: =E36+E37+E38 -> 4098.6438 | F35: =F36+F37+F38 -> 4027.1268 | G35: =G36+G37+G38 -> 4281.4317 | H35: =H36+H37+H38 -> 4364.0647 | I35: =I36+I37+I38 -> 4572.156 | ... Y35: =Y36+Y37+Y38 -> 3409.7077 | DA35: FEC.ktoe.EL.Tr.Road.Passenger
A36: =$A$6 -> Powered two-wheelers | B36: =TrRoad_ene!B$19 -> 169.12614 | C36: =TrRoad_ene!C$19 -> 183.28186 | D36: =TrRoad_ene!D$19 -> 201.62988 | E36: =TrRoad_ene!E$19 -> 211.32154 | F36: =TrRoad_ene!F$19 -> 212.79747 | G36: =TrRoad_ene!G$19 -> 219.1618 | H36: =TrRoad_ene!H$19 -> 200.05889 | I36: =TrRoad_ene!I$19 -> 200.25704 | ... Y36: =TrRoad_ene!Y$19 -> 243.49836 | DA36: FEC.ktoe.EL.Tr.Road.Passenger.P2W
A37: =$A$7 -> Passenger cars | B37: =TrRoad_ene!B$21 -> 2753.7785 | C37: =TrRoad_ene!C$21 -> 2871.0518 | D37: =TrRoad_ene!D$21 -> 3015.7593 | E37: =TrRoad_ene!E$21 -> 3184.1351 | F37: =TrRoad_ene!F$21 -> 3282.7506 | G37: =TrRoad_ene!G$21 -> 3461.6524 | H37: =TrRoad_ene!H$21 -> 3576.0108 | I37: =TrRoad_ene!I$21 -> 3765.8208 | ... Y37: =TrRoad_ene!Y$21 -> 2582.937 | DA37: FEC.ktoe.EL.Tr.Road.Passenger.Car
A38: =$A$8 -> Motor coaches, buses and trolley buses | B38: =TrRoad_ene!B$33 -> 566.42158 | C38: =TrRoad_ene!C$33 -> 548.50324 | D38: =TrRoad_ene!D$33 -> 546.21122 | E38: =TrRoad_ene!E$33 -> 703.18712 | F38: =TrRoad_ene!F$33 -> 531.57872 | G38: =TrRoad_ene!G$33 -> 600.61744 | H38: =TrRoad_ene!H$33 -> 587.99505 | I38: =TrRoad_ene!I$33 -> 606.07808 | ... Y38: =TrRoad_ene!Y$33 -> 583.27235 | DA38: FEC.ktoe.EL.Tr.Road.Passenger.Bus
A39: =$A$9 -> Rail, metro and tram | B39: =B40+B41+B42 -> 46.185354 | C39: =C40+C41+C42 -> 47.378892 | D39: =D40+D41+D42 -> 47.158537 | E39: =E40+E41+E42 -> 46.517174 | F39: =F40+F41+F42 -> 45.753407 | G39: =G40+G41+G42 -> 42.320721 | H39: =H40+H41+H42 -> 44.980934 | I39: =I40+I41+I42 -> 42.567322 | ... Y39: =Y40+Y41+Y42 -> 18.280592 | DA39: FEC.ktoe.EL.Tr.Rail.Passenger
A40: =$A$10 -> Metro and tram, urban light rail | B40: =TrRail_ene!B$12 -> 6.3868449 | C40: =TrRail_ene!C$12 -> 7.0782011 | D40: =TrRail_ene!D$12 -> 7.1672254 | E40: =TrRail_ene!E$12 -> 7.5109964 | F40: =TrRail_ene!F$12 -> 7.9296353 | G40: =TrRail_ene!G$12 -> 3.9245083 | H40: =TrRail_ene!H$12 -> 6.5000834 | I40: =TrRail_ene!I$12 -> 7.7806674 | ... Y40: =TrRail_ene!Y$12 -> 7.1695184 | DA40: FEC.ktoe.EL.Tr.Rail.Passenger.MTU
A41: =$A$11 -> Conventional passenger trains | B41: =TrRail_ene!B$13 -> 39.798509 | C41: =TrRail_ene!C$13 -> 40.300691 | D41: =TrRail_ene!D$13 -> 39.991312 | E41: =TrRail_ene!E$13 -> 39.006177 | F41: =TrRail_ene!F$13 -> 37.823772 | G41: =TrRail_ene!G$13 -> 38.396213 | H41: =TrRail_ene!H$13 -> 38.480851 | I41: =TrRail_ene!I$13 -> 34.786655 | ... Y41: =TrRail_ene!Y$13 -> 11.111073 | DA41: FEC.ktoe.EL.Tr.Rail.Passenger.CPT
A42: =$A$12 -> High speed passenger trains | B42: =TrRail_ene!B$16 -> 0 | C42: =TrRail_ene!C$16 -> 0 | D42: =TrRail_ene!D$16 -> 0 | E42: =TrRail_ene!E$16 -> 0 | F42: =TrRail_ene!F$16 -> 0 | G42: =TrRail_ene!G$16 -> 0 | H42: =TrRail_ene!H$16 -> 0 | I42: =TrRail_ene!I$16 -> 0 | ... Y42: =TrRail_ene!Y$16 -> 0 | DA42: FEC.ktoe.EL.Tr.Rail.Passenger.HST
A43: =$A$13 -> Aviation | B43: =B44+B45+B46 -> 1324.9533 | C43: =C44+C45+C46 -> 1184.9345 | D43: =D44+D45+D46 -> 1148.2039 | E43: =E44+E45+E46 -> 1161.1073 | F43: =F44+F45+F46 -> 1218.7373 | G43: =G44+G45+G46 -> 1191.6539 | H43: =H44+H45+H46 -> 1305.0725 | I43: =I44+I45+I46 -> 1324.8765 | ... Y43: =Y44+Y45+Y46 -> 1477.1717 | DA43: FEC.ktoe.EL.Tr.Avia.Passenger
A44: =$A$14 -> Domestic | B44: =TrAvia_ene!B$7 -> 507.78469 | C44: =TrAvia_ene!C$7 -> 429.05997 | D44: =TrAvia_ene!D$7 -> 391.95348 | E44: =TrAvia_ene!E$7 -> 376.75398 | F44: =TrAvia_ene!F$7 -> 405.60303 | G44: =TrAvia_ene!G$7 -> 406.72328 | H44: =TrAvia_ene!H$7 -> 365.37877 | I44: =TrAvia_ene!I$7 -> 362.39888 | ... Y44: =TrAvia_ene!Y$7 -> 280.50088 | DA44: FEC.ktoe.EL.Tr.Avia.Passenger.Domestic
A45: =$A$15 -> International - Intra-EEAwCHUK | B45: =TrAvia_ene!B$8 -> 699.93473 | C45: =TrAvia_ene!C$8 -> 647.43141 | D45: =TrAvia_ene!D$8 -> 647.75839 | E45: =TrAvia_ene!E$8 -> 671.83919 | F45: =TrAvia_ene!F$8 -> 677.67943 | G45: =TrAvia_ene!G$8 -> 653.07512 | H45: =TrAvia_ene!H$8 -> 785.26199 | I45: =TrAvia_ene!I$8 -> 806.14344 | ... Y45: =TrAvia_ene!Y$8 -> 1025.95 | DA45: FEC.ktoe.EL.Tr.Avia.Passenger.IntraEEAwCHUK
A46: =$A$16 -> International - Extra-EEAwCHUK | B46: =TrAvia_ene!B$9 -> 117.23392 | C46: =TrAvia_ene!C$9 -> 108.44314 | D46: =TrAvia_ene!D$9 -> 108.49201 | E46: =TrAvia_ene!E$9 -> 112.51411 | F46: =TrAvia_ene!F$9 -> 135.45483 | G46: =TrAvia_ene!G$9 -> 131.85552 | H46: =TrAvia_ene!H$9 -> 154.43172 | I46: =TrAvia_ene!I$9 -> 156.33419 | ... Y46: =TrAvia_ene!Y$9 -> 170.72086 | DA46: FEC.ktoe.EL.Tr.Avia.Passenger.ExtraEEAwCHUK
A47: Freight transport | B47: =B48+B51+B52+B56 -> 2421.3994 | C47: =C48+C51+C52+C56 -> 2614.84 | D47: =D48+D51+D52+D56 -> 2586.5256 | E47: =E48+E51+E52+E56 -> 2582.721 | F47: =F48+F51+F52+F56 -> 2759.1469 | G47: =G48+G51+G52+G56 -> 2641.9145 | H47: =H48+H51+H52+H56 -> 2812.5109 | I47: =I48+I51+I52+I56 -> 2851.7204 | ... Y47: =Y48+Y51+Y52+Y56 -> 2429.5642
A48: =$A$18 -> Road transport | B48: =B49+B50 -> 1886.3425 | C48: =C49+C50 -> 1897.3589 | D48: =D49+D50 -> 1935.9436 | E48: =E49+E50 -> 1944.3509 | F48: =F49+F50 -> 2056.2066 | G48: =G49+G50 -> 1967.2668 | H48: =H49+H50 -> 2071.3611 | I48: =I49+I50 -> 2160.3198 | ... Y48: =Y49+Y50 -> 1778.7888 | DA48: FEC.ktoe.EL.Tr.Road.Freight
A49: =$A$19 -> Light commercial vehicles | B49: =TrRoad_ene!B$43 -> 797.28471 | C49: =TrRoad_ene!C$43 -> 789.62906 | D49: =TrRoad_ene!D$43 -> 805.56547 | E49: =TrRoad_ene!E$43 -> 825.06912 | F49: =TrRoad_ene!F$43 -> 808.42247 | G49: =TrRoad_ene!G$43 -> 808.48632 | H49: =TrRoad_ene!H$43 -> 809.25438 | I49: =TrRoad_ene!I$43 -> 855.01783 | ... Y49: =TrRoad_ene!Y$43 -> 697.83698 | DA49: FEC.ktoe.EL.Tr.Road.Freight.LCV
A50: =$A$20 -> Heavy goods vehicles | B50: =TrRoad_ene!B$52 -> 1089.0578 | C50: =TrRoad_ene!C$52 -> 1107.7298 | D50: =TrRoad_ene!D$52 -> 1130.3781 | E50: =TrRoad_ene!E$52 -> 1119.2818 | F50: =TrRoad_ene!F$52 -> 1247.7842 | G50: =TrRoad_ene!G$52 -> 1158.7805 | H50: =TrRoad_ene!H$52 -> 1262.1067 | I50: =TrRoad_ene!I$52 -> 1305.302 | ... Y50: =TrRoad_ene!Y$52 -> 1080.9518 | DA50: FEC.ktoe.EL.Tr.Road.Freight.HGV_All
A51: =$A$21 -> Rail transport | B51: =TrRail_ene!B$17 -> 3.3226427 | C51: =TrRail_ene!C$17 -> 2.9029649 | D51: =TrRail_ene!D$17 -> 2.7793818 | E51: =TrRail_ene!E$17 -> 3.6786989 | F51: =TrRail_ene!F$17 -> 4.7004194 | G51: =TrRail_ene!G$17 -> 3.4899408 | H51: =TrRail_ene!H$17 -> 3.8343712 | I51: =TrRail_ene!I$17 -> 4.8053347 | ... Y51: =TrRail_ene!Y$17 -> 1.105221 | DA51: FEC.ktoe.EL.Tr.Rail.Freight
A52: =$A$22 -> Aviation | B52: =B53+B54+B55 -> 33.898241 | C52: =C53+C54+C55 -> 36.996336 | D52: =D53+D54+D55 -> 35.802992 | E52: =E53+E54+E55 -> 30.282313 | F52: =F53+F54+F55 -> 20.060821 | G52: =G53+G54+G55 -> 19.719935 | H52: =H53+H54+H55 -> 23.223561 | I52: =I53+I54+I55 -> 20.21524 | ... Y52: =Y53+Y54+Y55 -> 7.6127178 | DA52: FEC.ktoe.EL.Tr.Avia.Freight
A53: Domestic | B53: =TrAvia_ene!B$11 -> 15.791749 | C53: =TrAvia_ene!C$11 -> 16.581127 | D53: =TrAvia_ene!D$11 -> 15.763629 | E53: =TrAvia_ene!E$11 -> 13.066397 | F53: =TrAvia_ene!F$11 -> 7.3997208 | G53: =TrAvia_ene!G$11 -> 7.2946034 | H53: =TrAvia_ene!H$11 -> 6.511426 | I53: =TrAvia_ene!I$11 -> 5.2208142 | ... Y53: =TrAvia_ene!Y$11 -> 0.85268789 | DA53: FEC.ktoe.EL.Tr.Avia.Freight.Domestic
A54: =$A$24 -> International - Intra-EEAwCHUK | B54: =TrAvia_ene!B$12 -> 16.556129 | C54: =TrAvia_ene!C$12 -> 18.923989 | D54: =TrAvia_ene!D$12 -> 18.526555 | E54: =TrAvia_ene!E$12 -> 15.546627 | F54: =TrAvia_ene!F$12 -> 11.440903 | G54: =TrAvia_ene!G$12 -> 11.231341 | H54: =TrAvia_ene!H$12 -> 15.41937 | I54: =TrAvia_ene!I$12 -> 13.922976 | ... Y54: =TrAvia_ene!Y$12 -> 5.590365 | DA54: FEC.ktoe.EL.Tr.Avia.Freight.IntraEEAwCHUK
A55: =$A$25 -> International - Extra-EEAwCHUK | B55: =TrAvia_ene!B$13 -> 1.5503638 | C55: =TrAvia_ene!C$13 -> 1.4912196 | D55: =TrAvia_ene!D$13 -> 1.5128083 | E55: =TrAvia_ene!E$13 -> 1.6692895 | F55: =TrAvia_ene!F$13 -> 1.2201974 | G55: =TrAvia_ene!G$13 -> 1.1939906 | H55: =TrAvia_ene!H$13 -> 1.2927652 | I55: =TrAvia_ene!I$13 -> 1.0714493 | ... Y55: =TrAvia_ene!Y$13 -> 1.1696649 | DA55: FEC.ktoe.EL.Tr.Avia.Freight.ExtraEEAwCHUK
A56: Domestic navigation | B56: =B57+B58 -> 497.83603 | C56: =C57+C58 -> 677.58186 | D56: =D57+D58 -> 611.99966 | E56: =E57+E58 -> 604.40911 | F56: =F57+F58 -> 678.17902 | G56: =G57+G58 -> 651.43783 | H56: =H57+H58 -> 714.09192 | I56: =I57+I58 -> 666.38005 | ... Y56: =Y57+Y58 -> 642.05744 | DA56: FEC.ktoe.EL.Tr.DNavi
A57: =$A$27 -> Domestic coastal shipping | B57: =TrNavi_ene!B4 -> 497.83603 | C57: =TrNavi_ene!C4 -> 677.58186 | D57: =TrNavi_ene!D4 -> 611.99966 | E57: =TrNavi_ene!E4 -> 604.40911 | F57: =TrNavi_ene!F4 -> 678.17902 | G57: =TrNavi_ene!G4 -> 651.43783 | H57: =TrNavi_ene!H4 -> 714.09192 | I57: =TrNavi_ene!I4 -> 666.38005 | ... Y57: =TrNavi_ene!Y4 -> 642.05744 | DA57: FEC.ktoe.EL.Tr.Dnavi.DCS
A58: =$A$28 -> Inland waterways | B58: =TrNavi_ene!B10 -> 0 | C58: =TrNavi_ene!C10 -> 0 | D58: =TrNavi_ene!D10 -> 0 | E58: =TrNavi_ene!E10 -> 0 | F58: =TrNavi_ene!F10 -> 0 | G58: =TrNavi_ene!G10 -> 0 | H58: =TrNavi_ene!H10 -> 0 | I58: =TrNavi_ene!I10 -> 0 | ... Y58: =TrNavi_ene!Y10 -> 0 | DA58: FEC.ktoe.EL.Tr.Dnavi.IWW
A59: International maritime bunkers | B59: =B60+B61 -> 3603.1527 | C59: =C60+C61 -> 3496.1546 | D59: =D60+D61 -> 3142.8872 | E59: =E60+E61 -> 3212.057 | F59: =F60+F61 -> 3244.239 | G59: =G60+G61 -> 2869.337 | H59: =H60+H61 -> 3096.9572 | I59: =I60+I61 -> 3227.7253 | ... Y59: =Y60+Y61 -> 2020.9736 | DA59: FEC.ktoe.EL.MBunk
A60: =$A$30 -> Intra-EEA | B60: =MBunk_ene!B$4 -> 2203.1936 | C60: =MBunk_ene!C$4 -> 1863.7342 | D60: =MBunk_ene!D$4 -> 1596.2332 | E60: =MBunk_ene!E$4 -> 1700.4677 | F60: =MBunk_ene!F$4 -> 1654.0196 | G60: =MBunk_ene!G$4 -> 1438.7041 | H60: =MBunk_ene!H$4 -> 1483.9515 | I60: =MBunk_ene!I$4 -> 1634.0298 | ... Y60: =MBunk_ene!Y$4 -> 940.19407 | DA60: FEC.ktoe.EL.MBunk.IntraEEA
A61: =$A$31 -> Extra-EEA | B61: =MBunk_ene!B$10 -> 1399.9591 | C61: =MBunk_ene!C$10 -> 1632.4204 | D61: =MBunk_ene!D$10 -> 1546.654 | E61: =MBunk_ene!E$10 -> 1511.5893 | F61: =MBunk_ene!F$10 -> 1590.2194 | G61: =MBunk_ene!G$10 -> 1430.6329 | H61: =MBunk_ene!H$10 -> 1613.0057 | I61: =MBunk_ene!I$10 -> 1593.6955 | ... Y61: =MBunk_ene!Y$10 -> 1080.7795 | DA61: FEC.ktoe.EL.MBunk.ExtraEEA
A63: CO2 emissions (kt of CO2)
A64: Passenger transport | B64: =B65+B69+B73 -> 14371.279 | C64: =C65+C69+C73 -> 14271.092 | D64: =D65+D69+D73 -> 14623.881 | E64: =E65+E69+E73 -> 15665.725 | F64: =F65+F69+F73 -> 15591.574 | G64: =G65+G69+G73 -> 16264.961 | H64: =H65+H69+H73 -> 16802.291 | I64: =I65+I69+I73 -> 17418.268 | ... Y64: =Y65+Y69+Y73 -> 14508.502
A65: =$A$5 -> Road transport | B65: =B66+B67+B68 -> 10264.41 | C65: =C66+C67+C68 -> 10584.278 | D65: =D66+D67+D68 -> 11047.784 | E65: =E66+E67+E68 -> 12053.241 | F65: =F66+F67+F68 -> 11808.491 | G65: =G66+G67+G68 -> 12560.38 | H65: =H66+H67+H68 -> 12754.388 | I65: =I66+I67+I68 -> 13324.803 | ... Y65: =Y66+Y67+Y68 -> 10049.838 | DA65: EMI.ktCO2.EL.Tr.Road.Passenger
A66: =$A$6 -> Powered two-wheelers | B66: =TrRoad_emi!B$19 -> 490.71143 | C66: =TrRoad_emi!C$19 -> 531.7836 | D66: =TrRoad_emi!D$19 -> 585.01951 | E66: =TrRoad_emi!E$19 -> 613.13938 | F66: =TrRoad_emi!F$19 -> 617.42172 | G66: =TrRoad_emi!G$19 -> 635.88752 | H66: =TrRoad_emi!H$19 -> 580.46136 | I66: =TrRoad_emi!I$19 -> 581.03628 | ... Y66: =TrRoad_emi!Y$19 -> 706.49889 | DA66: EMI.ktCO2.EL.Tr.Road.Passenger.P2W
A67: =$A$7 -> Passenger cars | B67: =TrRoad_emi!B$20 -> 8016.422 | C67: =TrRoad_emi!C$20 -> 8354.7033 | D67: =TrRoad_emi!D$20 -> 8774.3243 | E67: =TrRoad_emi!E$20 -> 9265.2904 | F67: =TrRoad_emi!F$20 -> 9548.6369 | G67: =TrRoad_emi!G$20 -> 10068.697 | H67: =TrRoad_emi!H$20 -> 10393.579 | I67: =TrRoad_emi!I$20 -> 10937.566 | ... Y67: =TrRoad_emi!Y$20 -> 7558.929 | DA67: EMI.ktCO2.EL.Tr.Road.Passenger.Car
A68: =$A$8 -> Motor coaches, buses and trolley buses | B68: =TrRoad_emi!B$27 -> 1757.277 | C68: =TrRoad_emi!C$27 -> 1697.791 | D68: =TrRoad_emi!D$27 -> 1688.4399 | E68: =TrRoad_emi!E$27 -> 2174.8116 | F68: =TrRoad_emi!F$27 -> 1642.4326 | G68: =TrRoad_emi!G$27 -> 1855.7957 | H68: =TrRoad_emi!H$27 -> 1780.3474 | I68: =TrRoad_emi!I$27 -> 1806.2003 | ... Y68: =TrRoad_emi!Y$27 -> 1784.41 | DA68: EMI.ktCO2.EL.Tr.Road.Passenger.Bus
A69: =$A$9 -> Rail, metro and tram | B69: =B70+B71+B72 -> 118.34895 | C69: =C70+C71+C72 -> 119.79467 | D69: =D70+D71+D72 -> 119.64885 | E69: =E70+E71+E72 -> 117.19146 | F69: =F70+F71+F72 -> 114.30628 | G69: =G70+G71+G72 -> 117.33414 | H69: =H70+H71+H72 -> 119.23104 | I69: =I70+I71+I72 -> 105.17759 | ... Y69: =Y70+Y71+Y72 -> 12.11257 | DA69: EMI.ktCO2.EL.Tr.Rail.Passenger
A70: =$A$10 -> Metro and tram, urban light rail | B70: =TrRail_emi!B$10 -> 0 | C70: =TrRail_emi!C$10 -> 0 | D70: =TrRail_emi!D$10 -> 0 | E70: =TrRail_emi!E$10 -> 0 | F70: =TrRail_emi!F$10 -> 0 | G70: =TrRail_emi!G$10 -> 0 | H70: =TrRail_emi!H$10 -> 0 | I70: =TrRail_emi!I$10 -> 0 | ... Y70: =TrRail_emi!Y$10 -> 0 | DA70: EMI.ktCO2.EL.Tr.Rail.Passenger.MTU
A71: =$A$11 -> Conventional passenger trains | B71: =TrRail_emi!B$11 -> 118.34895 | C71: =TrRail_emi!C$11 -> 119.79467 | D71: =TrRail_emi!D$11 -> 119.64885 | E71: =TrRail_emi!E$11 -> 117.19146 | F71: =TrRail_emi!F$11 -> 114.30628 | G71: =TrRail_emi!G$11 -> 117.33414 | H71: =TrRail_emi!H$11 -> 119.23104 | I71: =TrRail_emi!I$11 -> 105.17759 | ... Y71: =TrRail_emi!Y$11 -> 12.11257 | DA71: EMI.ktCO2.EL.Tr.Rail.Passenger.CPT
A72: =$A$12 -> High speed passenger trains | B72: =TrRail_emi!B$14 -> 0 | C72: =TrRail_emi!C$14 -> 0 | D72: =TrRail_emi!D$14 -> 0 | E72: =TrRail_emi!E$14 -> 0 | F72: =TrRail_emi!F$14 -> 0 | G72: =TrRail_emi!G$14 -> 0 | H72: =TrRail_emi!H$14 -> 0 | I72: =TrRail_emi!I$14 -> 0 | ... Y72: =TrRail_emi!Y$14 -> 0 | DA72: EMI.ktCO2.EL.Tr.Rail.Passenger.HST
A73: =$A$13 -> Aviation | B73: =B74+B75+B76 -> 3988.5193 | C73: =C74+C75+C76 -> 3567.0193 | D73: =D74+D75+D76 -> 3456.4487 | E73: =E74+E75+E76 -> 3495.2919 | F73: =F74+F75+F76 -> 3668.7761 | G73: =G74+G75+G76 -> 3587.2468 | H73: =H74+H75+H76 -> 3928.6717 | I73: =I74+I75+I76 -> 3988.2879 | ... Y73: =Y74+Y75+Y76 -> 4446.5513 | DA73: EMI.ktCO2.EL.Tr.Avia.Passenger
A74: =$A$14 -> Domestic | B74: =TrAvia_emi!B$7 -> 1528.5889 | C74: =TrAvia_emi!C$7 -> 1291.6032 | D74: =TrAvia_emi!D$7 -> 1179.9012 | E74: =TrAvia_emi!E$7 -> 1134.146 | F74: =TrAvia_emi!F$7 -> 1220.9905 | G74: =TrAvia_emi!G$7 -> 1224.3628 | H74: =TrAvia_emi!H$7 -> 1099.9031 | I74: =TrAvia_emi!I$7 -> 1090.9327 | ... Y74: =TrAvia_emi!Y$7 -> 844.20869 | DA74: EMI.ktCO2.EL.Tr.Avia.Passenger.Domestic
A75: =$A$15 -> International - Intra-EEAwCHUK | B75: =TrAvia_emi!B$8 -> 2107.02 | C75: =TrAvia_emi!C$8 -> 1948.9687 | D75: =TrAvia_emi!D$8 -> 1949.953 | E75: =TrAvia_emi!E$8 -> 2022.4437 | F75: =TrAvia_emi!F$8 -> 2040.0246 | G75: =TrAvia_emi!G$8 -> 1965.958 | H75: =TrAvia_emi!H$8 -> 2363.8814 | I75: =TrAvia_emi!I$8 -> 2426.741 | ... Y75: =TrAvia_emi!Y$8 -> 3088.421 | DA75: EMI.ktCO2.EL.Tr.Avia.Passenger.IntraEEAwCHUK
A76: =$A$16 -> International - Extra-EEAwCHUK | B76: =TrAvia_emi!B$9 -> 352.91036 | C76: =TrAvia_emi!C$9 -> 326.44739 | D76: =TrAvia_emi!D$9 -> 326.5945 | E76: =TrAvia_emi!E$9 -> 338.70225 | F76: =TrAvia_emi!F$9 -> 407.76091 | G76: =TrAvia_emi!G$9 -> 396.92589 | H76: =TrAvia_emi!H$9 -> 464.88722 | I76: =TrAvia_emi!I$9 -> 470.61426 | ... Y76: =TrAvia_emi!Y$9 -> 513.92165 | DA76: EMI.ktCO2.EL.Tr.Avia.Passenger.ExtraEEAwCHUK
A77: Freight transport | B77: =B78+B81+B82+B86+B92 -> 7405.6403 | C77: =C78+C81+C82+C86+C92 -> 8023.173 | D77: =D78+D81+D82+D86+D92 -> 7928.7487 | E77: =E78+E81+E82+E86+E92 -> 7921.6062 | F77: =F78+F81+F82+F86+F92 -> 8485.225 | G77: =G78+G81+G82+G86+G92 -> 8118.2654 | H77: =H78+H81+H82+H86+H92 -> 8564.7228 | I77: =I78+I81+I82+I86+I92 -> 8601.4843 | ... Y77: =Y78+Y81+Y82+Y86+Y92 -> 7522.3081
A78: =$A$18 -> Road transport | B78: =B79+B80 -> 5718.5336 | C78: =C79+C80 -> 5757.3403 | D78: =D79+D80 -> 5876.7587 | E78: =E79+E80 -> 5904.2604 | F78: =F79+F80 -> 6257.6996 | G78: =G79+G80 -> 5984.2891 | H78: =H79+H80 -> 6220.1314 | I78: =I79+I80 -> 6413.8628 | ... Y78: =Y79+Y80 -> 5462.4638 | DA78: EMI.ktCO2.EL.Tr.Road.Freight
A79: =$A$19 -> Light commercial vehicles | B79: =TrRoad_emi!B$34 -> 2339.8202 | C79: =TrRoad_emi!C$34 -> 2320.6986 | D79: =TrRoad_emi!D$34 -> 2369.8524 | E79: =TrRoad_emi!E$34 -> 2431.7795 | F79: =TrRoad_emi!F$34 -> 2386.5506 | G79: =TrRoad_emi!G$34 -> 2389.2668 | H79: =TrRoad_emi!H$34 -> 2382.9419 | I79: =TrRoad_emi!I$34 -> 2506.9362 | ... Y79: =TrRoad_emi!Y$34 -> 2108.8957 | DA79: EMI.ktCO2.EL.Tr.Road.Freight.LCV
A80: =$A$20 -> Heavy goods vehicles | B80: =TrRoad_emi!B$40 -> 3378.7134 | C80: =TrRoad_emi!C$40 -> 3436.6417 | D80: =TrRoad_emi!D$40 -> 3506.9063 | E80: =TrRoad_emi!E$40 -> 3472.4808 | F80: =TrRoad_emi!F$40 -> 3871.149 | G80: =TrRoad_emi!G$40 -> 3595.0223 | H80: =TrRoad_emi!H$40 -> 3837.1896 | I80: =TrRoad_emi!I$40 -> 3906.9267 | ... Y80: =TrRoad_emi!Y$40 -> 3353.5681 | DA80: EMI.ktCO2.EL.Tr.Road.Freight.HGV_All
A81: =$A$21 -> Rail transport | B81: =TrRail_emi!B$15 -> 9.1031132 | C81: =TrRail_emi!C$15 -> 7.6573885 | D81: =TrRail_emi!D$15 -> 7.8032127 | E81: =TrRail_emi!E$15 -> 10.260596 | F81: =TrRail_emi!F$15 -> 13.145776 | G81: =TrRail_emi!G$15 -> 10.117918 | H81: =TrRail_emi!H$15 -> 11.4072 | I81: =TrRail_emi!I$15 -> 12.71539 | ... Y81: =TrRail_emi!Y$15 -> 0.85490002 | DA81: EMI.ktCO2.EL.Tr.Rail.Freight
A82: =$A$22 -> Aviation | B82: =B83+B84+B85 -> 102.04419 | C82: =C83+C84+C85 -> 111.37041 | D82: =D83+D84+D85 -> 107.77808 | E82: =E83+E84+E85 -> 91.159125 | F82: =F83+F84+F85 -> 60.389274 | G82: =G83+G84+G85 -> 59.363102 | H82: =H83+H84+H85 -> 69.910099 | I82: =I83+I84+I85 -> 60.854123 | ... Y82: =Y83+Y84+Y85 -> 22.916033 | DA82: EMI.ktCO2.EL.Tr.Avia.Freight
A83: Domestic | B83: =TrAvia_emi!B$11 -> 47.538048 | C83: =TrAvia_emi!C$11 -> 49.91432 | D83: =TrAvia_emi!D$11 -> 47.453398 | E83: =TrAvia_emi!E$11 -> 39.333894 | F83: =TrAvia_emi!F$11 -> 22.275448 | G83: =TrAvia_emi!G$11 -> 21.959012 | H83: =TrAvia_emi!H$11 -> 19.601405 | I83: =TrAvia_emi!I$11 -> 15.716265 | ... Y83: =TrAvia_emi!Y$11 -> 2.5662897 | DA83: EMI.ktCO2.EL.Tr.Avia.Freight.Domestic
A84: =$A$24 -> International - Intra-EEAwCHUK | B84: =TrAvia_emi!B$12 -> 49.839066 | C84: =TrAvia_emi!C$12 -> 56.967059 | D84: =TrAvia_emi!D$12 -> 55.770659 | E84: =TrAvia_emi!E$12 -> 46.800154 | F84: =TrAvia_emi!F$12 -> 34.440655 | G84: =TrAvia_emi!G$12 -> 33.80981 | H84: =TrAvia_emi!H$12 -> 46.41707 | I84: =TrAvia_emi!I$12 -> 41.912464 | ... Y84: =TrAvia_emi!Y$12 -> 16.828696 | DA84: EMI.ktCO2.EL.Tr.Avia.Freight.IntraEEAwCHUK
A85: =$A$25 -> International - Extra-EEAwCHUK | B85: =TrAvia_emi!B$13 -> 4.6670743 | C85: =TrAvia_emi!C$13 -> 4.4890321 | D85: =TrAvia_emi!D$13 -> 4.5540206 | E85: =TrAvia_emi!E$13 -> 5.0250774 | F85: =TrAvia_emi!F$13 -> 3.6731715 | G85: =TrAvia_emi!G$13 -> 3.5942808 | H85: =TrAvia_emi!H$13 -> 3.8916231 | I85: =TrAvia_emi!I$13 -> 3.2253938 | ... Y85: =TrAvia_emi!Y$13 -> 3.5210466 | DA85: EMI.ktCO2.EL.Tr.Avia.Freight.ExtraEEAwCHUK
A86: Domestic navigation | B86: =B87+B88 -> 1575.9594 | C86: =C87+C88 -> 2146.8049 | D86: =D87+D88 -> 1936.4088 | E86: =E87+E88 -> 1915.9261 | F86: =F87+F88 -> 2153.9903 | G86: =G87+G88 -> 2064.4953 | H86: =H87+H88 -> 2263.2741 | I86: =I87+I88 -> 2114.052 | ... Y86: =Y87+Y88 -> 2036.0735 | DA86: EMI.ktCO2.EL.Tr.DNavi
A87: =$A$27 -> Domestic coastal shipping | B87: =TrNavi_emi!B$4 -> 1575.9594 | C87: =TrNavi_emi!C$4 -> 2146.8049 | D87: =TrNavi_emi!D$4 -> 1936.4088 | E87: =TrNavi_emi!E$4 -> 1915.9261 | F87: =TrNavi_emi!F$4 -> 2153.9903 | G87: =TrNavi_emi!G$4 -> 2064.4953 | H87: =TrNavi_emi!H$4 -> 2263.2741 | I87: =TrNavi_emi!I$4 -> 2114.052 | ... Y87: =TrNavi_emi!Y$4 -> 2036.0735 | DA87: EMI.ktCO2.EL.Tr.Dnavi.DCS
A88: =$A$28 -> Inland waterways | B88: =TrNavi_emi!B$5 -> 0 | C88: =TrNavi_emi!C$5 -> 0 | D88: =TrNavi_emi!D$5 -> 0 | E88: =TrNavi_emi!E$5 -> 0 | F88: =TrNavi_emi!F$5 -> 0 | G88: =TrNavi_emi!G$5 -> 0 | H88: =TrNavi_emi!H$5 -> 0 | I88: =TrNavi_emi!I$5 -> 0 | ... Y88: =TrNavi_emi!Y$5 -> 0 | DA88: EMI.ktCO2.EL.Tr.Dnavi.IWW
A89: International maritime bunkers | B89: =B90+B91 -> 11563.628 | C89: =C90+C91 -> 11236.309 | D89: =D90+D91 -> 10098.808 | E89: =E90+E91 -> 10331.326 | F89: =F90+F91 -> 10437.844 | G89: =G90+G91 -> 9240.0447 | H89: =H90+H91 -> 9975.3507 | I89: =I90+I91 -> 10391.931 | ... Y89: =Y90+Y91 -> 6480.9356 | DA89: EMI.ktCO2.EL.MBunk
A90: =$A$30 -> Intra-EEA | B90: =MBunk_emi!B$4 -> 7041.7615 | C90: =MBunk_emi!C$4 -> 5962.5288 | D90: =MBunk_emi!D$4 -> 5103.8847 | E90: =MBunk_emi!E$4 -> 5447.0118 | F90: =MBunk_emi!F$4 -> 5299.9386 | G90: =MBunk_emi!G$4 -> 4614.9346 | H90: =MBunk_emi!H$4 -> 4760.5968 | I90: =MBunk_emi!I$4 -> 5244.4406 | ... Y90: =MBunk_emi!Y$4 -> 2991.1237 | DA90: EMI.ktCO2.EL.MBunk.IntraEEA
A91: =$A$31 -> Extra-EEA | B91: =MBunk_emi!B$5 -> 4521.8665 | C91: =MBunk_emi!C$5 -> 5273.7803 | D91: =MBunk_emi!D$5 -> 4994.9235 | E91: =MBunk_emi!E$5 -> 4884.3146 | F91: =MBunk_emi!F$5 -> 5137.9053 | G91: =MBunk_emi!G$5 -> 4625.1102 | H91: =MBunk_emi!H$5 -> 5214.7539 | I91: =MBunk_emi!I$5 -> 5147.4906 | ... Y91: =MBunk_emi!Y$5 -> 3489.812 | DA91: EMI.ktCO2.EL.MBunk.ExtraEEA
A93: Indicators
A95: Market shares of activity
A96: Passenger transport (% of pkm) | B96: =IF(B4=0,0,B4/B$4) -> 1 | C96: =IF(C4=0,0,C4/C$4) -> 1 | D96: =IF(D4=0,0,D4/D$4) -> 1 | E96: =IF(E4=0,0,E4/E$4) -> 1 | F96: =IF(F4=0,0,F4/F$4) -> 1 | G96: =IF(G4=0,0,G4/G$4) -> 1 | H96: =IF(H4=0,0,H4/H$4) -> 1 | I96: =IF(I4=0,0,I4/I$4) -> 1 | ... Y96: =IF(Y4=0,0,Y4/Y$4) -> 1
A97: =$A$5 -> Road transport | B97: =IF(B5=0,0,B5/B$4) -> 0.70886686 | C97: =IF(C5=0,0,C5/C$4) -> 0.73335714 | D97: =IF(D5=0,0,D5/D$4) -> 0.74431409 | E97: =IF(E5=0,0,E5/E$4) -> 0.75101252 | F97: =IF(F5=0,0,F5/F$4) -> 0.74514581 | G97: =IF(G5=0,0,G5/G$4) -> 0.7486852 | H97: =IF(H5=0,0,H5/H$4) -> 0.74913055 | I97: =IF(I5=0,0,I5/I$4) -> 0.75316823 | ... Y97: =IF(Y5=0,0,Y5/Y$4) -> 0.68794542
A98: =$A$6 -> Powered two-wheelers | B98: =IF(B6=0,0,B6/B$4) -> 0.034862299 | C98: =IF(C6=0,0,C6/C$4) -> 0.035983963 | D98: =IF(D6=0,0,D6/D$4) -> 0.038556015 | E98: =IF(E6=0,0,E6/E$4) -> 0.03956718 | F98: =IF(F6=0,0,F6/F$4) -> 0.039292219 | G98: =IF(G6=0,0,G6/G$4) -> 0.038495155 | H98: =IF(H6=0,0,H6/H$4) -> 0.035032559 | I98: =IF(I6=0,0,I6/I$4) -> 0.034523799 | ... Y98: =IF(Y6=0,0,Y6/Y$4) -> 0.042047109
A99: =$A$7 -> Passenger cars | B99: =IF(B7=0,0,B7/B$4) -> 0.50132571 | C99: =IF(C7=0,0,C7/C$4) -> 0.52807768 | D99: =IF(D7=0,0,D7/D$4) -> 0.54058066 | E99: =IF(E7=0,0,E7/E$4) -> 0.55201476 | F99: =IF(F7=0,0,F7/F$4) -> 0.55579023 | G99: =IF(G7=0,0,G7/G$4) -> 0.5657559 | H99: =IF(H7=0,0,H7/H$4) -> 0.57485527 | I99: =IF(I7=0,0,I7/I$4) -> 0.58351471 | ... Y99: =IF(Y7=0,0,Y7/Y$4) -> 0.55073059
A100: =$A$8 -> Motor coaches, buses and trolley buses | B100: =IF(B8=0,0,B8/B$4) -> 0.17267886 | C100: =IF(C8=0,0,C8/C$4) -> 0.16929549 | D100: =IF(D8=0,0,D8/D$4) -> 0.16517742 | E100: =IF(E8=0,0,E8/E$4) -> 0.15943058 | F100: =IF(F8=0,0,F8/F$4) -> 0.15006336 | G100: =IF(G8=0,0,G8/G$4) -> 0.14443415 | H100: =IF(H8=0,0,H8/H$4) -> 0.13924272 | I100: =IF(I8=0,0,I8/I$4) -> 0.13512972 | ... Y100: =IF(Y8=0,0,Y8/Y$4) -> 0.095167719
A101: =$A$9 -> Rail, metro and tram | B101: =IF(B9=0,0,B9/B$4) -> 0.024477427 | C101: =IF(C9=0,0,C9/C$4) -> 0.023895515 | D101: =IF(D9=0,0,D9/D$4) -> 0.023920694 | E101: =IF(E9=0,0,E9/E$4) -> 0.021601209 | F101: =IF(F9=0,0,F9/F$4) -> 0.022009293 | G101: =IF(G9=0,0,G9/G$4) -> 0.022324062 | H101: =IF(H9=0,0,H9/H$4) -> 0.021467651 | I101: =IF(I9=0,0,I9/I$4) -> 0.021682178 | ... Y101: =IF(Y9=0,0,Y9/Y$4) -> 0.011089086
A102: =$A$10 -> Metro and tram, urban light rail | B102: =IF(B10=0,0,B10/B$4) -> 0.0094694856 | C102: =IF(C10=0,0,C10/C$4) -> 0.010328578 | D102: =IF(D10=0,0,D10/D$4) -> 0.010135887 | E102: =IF(E10=0,0,E10/E$4) -> 0.010168693 | F102: =IF(F10=0,0,F10/F$4) -> 0.010421067 | G102: =IF(G10=0,0,G10/G$4) -> 0.0099839276 | H102: =IF(H10=0,0,H10/H$4) -> 0.0099002852 | I102: =IF(I10=0,0,I10/I$4) -> 0.0098276161 | ... Y102: =IF(Y10=0,0,Y10/Y$4) -> 0.0077013427
A103: =$A$11 -> Conventional passenger trains | B103: =IF(B11=0,0,B11/B$4) -> 0.015007941 | C103: =IF(C11=0,0,C11/C$4) -> 0.013566937 | D103: =IF(D11=0,0,D11/D$4) -> 0.013784807 | E103: =IF(E11=0,0,E11/E$4) -> 0.011432516 | F103: =IF(F11=0,0,F11/F$4) -> 0.011588226 | G103: =IF(G11=0,0,G11/G$4) -> 0.012340135 | H103: =IF(H11=0,0,H11/H$4) -> 0.011567365 | I103: =IF(I11=0,0,I11/I$4) -> 0.011854562 | ... Y103: =IF(Y11=0,0,Y11/Y$4) -> 0.0033877435
A104: =$A$12 -> High speed passenger trains | B104: =IF(B12=0,0,B12/B$4) -> 0 | C104: =IF(C12=0,0,C12/C$4) -> 0 | D104: =IF(D12=0,0,D12/D$4) -> 0 | E104: =IF(E12=0,0,E12/E$4) -> 0 | F104: =IF(F12=0,0,F12/F$4) -> 0 | G104: =IF(G12=0,0,G12/G$4) -> 0 | H104: =IF(H12=0,0,H12/H$4) -> 0 | I104: =IF(I12=0,0,I12/I$4) -> 0 | ... Y104: =IF(Y12=0,0,Y12/Y$4) -> 0
A105: =$A$13 -> Aviation | B105: =IF(B13=0,0,B13/B$4) -> 0.26665571 | C105: =IF(C13=0,0,C13/C$4) -> 0.24274735 | D105: =IF(D13=0,0,D13/D$4) -> 0.23176521 | E105: =IF(E13=0,0,E13/E$4) -> 0.22738627 | F105: =IF(F13=0,0,F13/F$4) -> 0.2328449 | G105: =IF(G13=0,0,G13/G$4) -> 0.22899073 | H105: =IF(H13=0,0,H13/H$4) -> 0.2294018 | I105: =IF(I13=0,0,I13/I$4) -> 0.2251496 | ... Y105: =IF(Y13=0,0,Y13/Y$4) -> 0.3009655
...

Sheet TrRoad_act
A1: Road transport - EL - Greece | B1: 2000 | C1: 2001 | D1: 2002 | E1: 2003 | F1: 2004 | G1: 2005 | H1: 2006 | I1: 2007 | J1: 2008 | K1: 2009 | L1: 2010 | M1: 2011 | N1: 2012 | O1: 2013 | P1: 2014 | Q1: 2015 | R1: 2016 | S1: 2017 | T1: 2018 | U1: 2019 | V1: 2020 | W1: 2021 | X1: 2022 | Y1: 2023 | DA1: Code
A3: Transport activity
A4: Passenger transport (mio pkm) | B4: =B5+B6+B13 -> 89081.034 | C4: =C5+C6+C13 -> 94433.617 | D4: =D5+D6+D13 -> 99135.28 | E4: =E5+E6+E13 -> 103397.51 | F4: =F5+F6+F13 -> 107255.69 | G4: =G5+G6+G13 -> 112483.57 | H4: =H5+H6+H13 -> 117284.74 | I4: =I5+I6+I13 -> 122620.7 | ... Y4: =Y5+Y6+Y13 -> 136665.38 | DA4: Activity.Mpkm.EL.Tr.Road.Passenger
A5: Powered two-wheelers | B5: =IF(B32=0,0,B32*B142) -> 4381.0337 | C5: =IF(C32=0,0,C32*C142) -> 4633.6165 | D5: =IF(D32=0,0,D32*D142) -> 5135.2801 | E5: =IF(E32=0,0,E32*E142) -> 5447.5095 | F5: =IF(F32=0,0,F32*F142) -> 5655.6905 | G5: =IF(G32=0,0,G32*G142) -> 5783.5689 | H5: =IF(H32=0,0,H32*H142) -> 5484.7376 | I5: =IF(I32=0,0,I32*I142) -> 5620.6996 | ... Y5: =IF(Y32=0,0,Y32*Y142) -> 8352.9655 | DA5: Activity.Mpkm.EL.Tr.Road.Passenger.P2W
A6: Passenger cars | B6: =SUM(B7:B12) -> 63000 | C6: =SUM(C7:C12) -> 68000 | D6: =SUM(D7:D12) -> 72000 | E6: =SUM(E7:E12) -> 76000 | F6: =SUM(F7:F12) -> 80000 | G6: =SUM(G7:G12) -> 85000 | H6: =SUM(H7:H12) -> 90000 | I6: =SUM(I7:I12) -> 95000 | ... Y6: =SUM(Y7:Y12) -> 109406.66 | DA6: Activity.Mpkm.EL.Tr.Road.Passenger.Car
A7: Gasoline engine | B7: =IF(B34=0,0,B34*B144) -> 58222.639 | C7: =IF(C34=0,0,C34*C144) -> 63384.689 | D7: =IF(D34=0,0,D34*D144) -> 67409.486 | E7: =IF(E34=0,0,E34*E144) -> 71199.355 | F7: =IF(F34=0,0,F34*F144) -> 75688.653 | G7: =IF(G34=0,0,G34*G144) -> 80591.297 | H7: =IF(H34=0,0,H34*H144) -> 85105.089 | I7: =IF(I34=0,0,I34*I144) -> 89816.713 | ... Y7: =IF(Y34=0,0,Y34*Y144) -> 79197.938 | DA7: Activity.Mpkm.EL.Tr.Road.Passenger.Car.ICE.Gasoline
A8: Diesel oil engine | B8: =IF(B35=0,0,B35*B145) -> 4427.2261 | C8: =IF(C35=0,0,C35*C145) -> 4257.2566 | D8: =IF(D35=0,0,D35*D145) -> 4251.5994 | E8: =IF(E35=0,0,E35*E145) -> 4496.4378 | F8: =IF(F35=0,0,F35*F145) -> 4033.3308 | G8: =IF(G35=0,0,G35*G145) -> 4130.0931 | H8: =IF(H35=0,0,H35*H145) -> 4612.3063 | I8: =IF(I35=0,0,I35*I145) -> 4869.0237 | ... Y8: =IF(Y35=0,0,Y35*Y145) -> 22701.294 | DA8: Activity.Mpkm.EL.Tr.Road.Passenger.Car.ICE.Diesel
A9: LPG engine | B9: =IF(B36=0,0,B36*B146) -> 350.13451 | C9: =IF(C36=0,0,C36*C146) -> 338.53412 | D9: =IF(D36=0,0,D36*D146) -> 307.66601 | E9: =IF(E36=0,0,E36*E146) -> 270.17973 | F9: =IF(F36=0,0,F36*F146) -> 244.59316 | G9: =IF(G36=0,0,G36*G146) -> 241.89002 | H9: =IF(H36=0,0,H36*H146) -> 244.16002 | I9: =IF(I36=0,0,I36*I146) -> 270.78338 | ... Y9: =IF(Y36=0,0,Y36*Y146) -> 6534.7482 | DA9: Activity.Mpkm.EL.Tr.Road.Passenger.Car.ICE.LPG
A10: Natural gas engine | B10: =IF(B37=0,0,B37*B147) -> 0 | C10: =IF(C37=0,0,C37*C147) -> 19.520568 | D10: =IF(D37=0,0,D37*D147) -> 31.248291 | E10: =IF(E37=0,0,E37*E147) -> 34.027908 | F10: =IF(F37=0,0,F37*F147) -> 33.423417 | G10: =IF(G37=0,0,G37*G147) -> 36.719831 | H10: =IF(H37=0,0,H37*H147) -> 38.444493 | I10: =IF(I37=0,0,I37*I147) -> 43.48008 | ... Y10: =IF(Y37=0,0,Y37*Y147) -> 224.37957 | DA10: Activity.Mpkm.EL.Tr.Road.Passenger.Car.ICE.NGas
A11: Plug-in hybrid electric | B11: =IF(B38=0,0,B38*B148) -> 0 | C11: =IF(C38=0,0,C38*C148) -> 0 | D11: =IF(D38=0,0,D38*D148) -> 0 | E11: =IF(E38=0,0,E38*E148) -> 0 | F11: =IF(F38=0,0,F38*F148) -> 0 | G11: =IF(G38=0,0,G38*G148) -> 0 | H11: =IF(H38=0,0,H38*H148) -> 0 | I11: =IF(I38=0,0,I38*I148) -> 0 | ... Y11: =IF(Y38=0,0,Y38*Y148) -> 419.33999 | DA11: Activity.Mpkm.EL.Tr.Road.Passenger.Car.PHEV.Gasoline
A12: Battery electric vehicles | B12: =IF(B39=0,0,B39*B149) -> 0 | C12: =IF(C39=0,0,C39*C149) -> 0 | D12: =IF(D39=0,0,D39*D149) -> 0 | E12: =IF(E39=0,0,E39*E149) -> 0 | F12: =IF(F39=0,0,F39*F149) -> 0 | G12: =IF(G39=0,0,G39*G149) -> 0 | H12: =IF(H39=0,0,H39*H149) -> 0 | I12: =IF(I39=0,0,I39*I149) -> 0 | ... Y12: =IF(Y39=0,0,Y39*Y149) -> 328.95548 | DA12: Activity.Mpkm.EL.Tr.Road.Passenger.Car.BEV
A13: Motor coaches, buses and trolley buses | B13: =SUM(B14:B18) -> 21700 | C13: =SUM(C14:C18) -> 21800 | D13: =SUM(D14:D18) -> 22000 | E13: =SUM(E14:E18) -> 21950 | F13: =SUM(F14:F18) -> 21600 | G13: =SUM(G14:G18) -> 21700 | H13: =SUM(H14:H18) -> 21800 | I13: =SUM(I14:I18) -> 22000 | ... Y13: =SUM(Y14:Y18) -> 18905.763 | DA13: Activity.Mpkm.EL.Tr.Road.Passenger.Bus
A14: Gasoline engine | B14: =IF(B41=0,0,B41*B151) -> 0 | C14: =IF(C41=0,0,C41*C151) -> 0 | D14: =IF(D41=0,0,D41*D151) -> 0 | E14: =IF(E41=0,0,E41*E151) -> 0 | F14: =IF(F41=0,0,F41*F151) -> 0 | G14: =IF(G41=0,0,G41*G151) -> 0 | H14: =IF(H41=0,0,H41*H151) -> 0 | I14: =IF(I41=0,0,I41*I151) -> 0 | ... Y14: =IF(Y41=0,0,Y41*Y151) -> 0 | DA14: Activity.Mpkm.EL.Tr.Road.Passenger.Bus.ICE.Gasoline
A15: Diesel oil engine | B15: =IF(B42=0,0,B42*B152) -> 21700 | C15: =IF(C42=0,0,C42*C152) -> 21471.24 | D15: =IF(D42=0,0,D42*D152) -> 21494.764 | E15: =IF(E42=0,0,E42*E152) -> 21397.849 | F15: =IF(F42=0,0,F42*F152) -> 21054.883 | G15: =IF(G42=0,0,G42*G152) -> 21119.746 | H15: =IF(H42=0,0,H42*H152) -> 21199.287 | I15: =IF(I42=0,0,I42*I152) -> 21296.365 | ... Y15: =IF(Y42=0,0,Y42*Y152) -> 17338.69 | DA15: Activity.Mpkm.EL.Tr.Road.Passenger.Bus.ICE.Diesel
A16: LPG engine | B16: =IF(B43=0,0,B43*B153) -> 0 | C16: =IF(C43=0,0,C43*C153) -> 0 | D16: =IF(D43=0,0,D43*D153) -> 0 | E16: =IF(E43=0,0,E43*E153) -> 0 | F16: =IF(F43=0,0,F43*F153) -> 0 | G16: =IF(G43=0,0,G43*G153) -> 0 | H16: =IF(H43=0,0,H43*H153) -> 0 | I16: =IF(I43=0,0,I43*I153) -> 0 | ... Y16: =IF(Y43=0,0,Y43*Y153) -> 0 | DA16: Activity.Mpkm.EL.Tr.Road.Passenger.Bus.ICE.LPG
A17: Natural gas engine | B17: =IF(B44=0,0,B44*B154) -> 0 | C17: =IF(C44=0,0,C44*C154) -> 328.76025 | D17: =IF(D44=0,0,D44*D154) -> 505.23606 | E17: =IF(E44=0,0,E44*E154) -> 552.15108 | F17: =IF(F44=0,0,F44*F154) -> 545.11688 | G17: =IF(G44=0,0,G44*G154) -> 580.25443 | H17: =IF(H44=0,0,H44*H154) -> 600.71348 | I17: =IF(I44=0,0,I44*I154) -> 703.63451 | ... Y17: =IF(Y44=0,0,Y44*Y154) -> 1324.3913 | DA17: Activity.Mpkm.EL.Tr.Road.Passenger.Bus.ICE.NGas
A18: Battery electric vehicles | B18: =IF(B45=0,0,B45*B155) -> 0 | C18: =IF(C45=0,0,C45*C155) -> 0 | D18: =IF(D45=0,0,D45*D155) -> 0 | E18: =IF(E45=0,0,E45*E155) -> 0 | F18: =IF(F45=0,0,F45*F155) -> 0 | G18: =IF(G45=0,0,G45*G155) -> 0 | H18: =IF(H45=0,0,H45*H155) -> 0 | I18: =IF(I45=0,0,I45*I155) -> 0 | ... Y18: =IF(Y45=0,0,Y45*Y155) -> 242.68198 | DA18: Activity.Mpkm.EL.Tr.Road.Passenger.Bus.BEV
A19: Freight transport (mio tkm) | B19: =B20+B26 -> 25980.033 | C19: =C20+C26 -> 26665.249 | D19: =D20+D26 -> 27360.15 | E19: =E20+E26 -> 18787.848 | F19: =F20+F26 -> 35600.57 | G19: =G20+G26 -> 23589.425 | H19: =H20+H26 -> 30749.178 | I19: =I20+I26 -> 26102.111 | ... Y19: =Y20+Y26 -> 20302.752 | DA19: Activity.Mtkm.EL.Tr.Road.Freight
A20: Light commercial vehicles | B20: =SUM(B21:B25) -> 1312.1663 | C20: =SUM(C21:C25) -> 1378.8971 | D20: =SUM(D21:D25) -> 1468.7122 | E20: =SUM(E21:E25) -> 1591.2658 | F20: =SUM(F21:F25) -> 1624.682 | G20: =SUM(G21:G25) -> 1672.8259 | H20: =SUM(H21:H25) -> 1778.2383 | I20: =SUM(I21:I25) -> 1958.9205 | ... Y20: =SUM(Y21:Y25) -> 2172.7524 | DA20: Activity.Mtkm.EL.Tr.Road.Freight.LCV
A21: Gasoline engine | B21: =IF(B48=0,0,B48*B158) -> 951.9735 | C21: =IF(C48=0,0,C48*C158) -> 952.69999 | D21: =IF(D48=0,0,D48*D158) -> 981.78371 | E21: =IF(E48=0,0,E48*E158) -> 989.85028 | F21: =IF(F48=0,0,F48*F158) -> 958.16448 | G21: =IF(G48=0,0,G48*G158) -> 951.70708 | H21: =IF(H48=0,0,H48*H158) -> 916.85585 | I21: =IF(I48=0,0,I48*I158) -> 964.80998 | ... Y21: =IF(Y48=0,0,Y48*Y158) -> 637.39111 | DA21: Activity.Mtkm.EL.Tr.Road.Freight.LCV.ICE.Gasoline
A22: Diesel oil engine | B22: =IF(B49=0,0,B49*B159) -> 360.19285 | C22: =IF(C49=0,0,C49*C159) -> 426.19707 | D22: =IF(D49=0,0,D49*D159) -> 486.92853 | E22: =IF(E49=0,0,E49*E159) -> 601.41553 | F22: =IF(F49=0,0,F49*F159) -> 666.5175 | G22: =IF(G49=0,0,G49*G159) -> 721.1188 | H22: =IF(H49=0,0,H49*H159) -> 861.38242 | I22: =IF(I49=0,0,I49*I159) -> 994.11051 | ... Y22: =IF(Y49=0,0,Y49*Y159) -> 1535.3613 | DA22: Activity.Mtkm.EL.Tr.Road.Freight.LCV.ICE.Diesel
A23: LPG engine | B23: =IF(B50=0,0,B50*B160) -> 0 | C23: =IF(C50=0,0,C50*C160) -> 0 | D23: =IF(D50=0,0,D50*D160) -> 0 | E23: =IF(E50=0,0,E50*E160) -> 0 | F23: =IF(F50=0,0,F50*F160) -> 0 | G23: =IF(G50=0,0,G50*G160) -> 0 | H23: =IF(H50=0,0,H50*H160) -> 0 | I23: =IF(I50=0,0,I50*I160) -> 0 | ... Y23: =IF(Y50=0,0,Y50*Y160) -> 0 | DA23: Activity.Mtkm.EL.Tr.Road.Freight.LCV.ICE.LPG
A24: Natural gas engine | B24: =IF(B51=0,0,B51*B161) -> 0 | C24: =IF(C51=0,0,C51*C161) -> 0 | D24: =IF(D51=0,0,D51*D161) -> 0 | E24: =IF(E51=0,0,E51*E161) -> 0 | F24: =IF(F51=0,0,F51*F161) -> 0 | G24: =IF(G51=0,0,G51*G161) -> 0 | H24: =IF(H51=0,0,H51*H161) -> 0 | I24: =IF(I51=0,0,I51*I161) -> 0 | ... Y24: =IF(Y51=0,0,Y51*Y161) -> 0 | DA24: Activity.Mtkm.EL.Tr.Road.Freight.LCV.ICE.NGas
A25: Battery electric vehicles | B25: =IF(B52=0,0,B52*B162) -> 0 | C25: =IF(C52=0,0,C52*C162) -> 0 | D25: =IF(D52=0,0,D52*D162) -> 0 | E25: =IF(E52=0,0,E52*E162) -> 0 | F25: =IF(F52=0,0,F52*F162) -> 0 | G25: =IF(G52=0,0,G52*G162) -> 0 | H25: =IF(H52=0,0,H52*H162) -> 0 | I25: =IF(I52=0,0,I52*I162) -> 0 | ... Y25: =IF(Y52=0,0,Y52*Y162) -> 0 | DA25: Activity.Mtkm.EL.Tr.Road.Freight.LCV.BEV
A26: Heavy goods vehicles | B26: =SUM(B27:B28) -> 24667.867 | C26: =SUM(C27:C28) -> 25286.352 | D26: =SUM(D27:D28) -> 25891.438 | E26: =SUM(E27:E28) -> 17196.582 | F26: =SUM(F27:F28) -> 33975.888 | G26: =SUM(G27:G28) -> 21916.599 | H26: =SUM(H27:H28) -> 28970.94 | I26: =SUM(I27:I28) -> 24143.19 | ... Y26: =SUM(Y27:Y28) -> 18130 | DA26: Activity.Mtkm.EL.Tr.Road.Freight.HGV_All
A27: Domestic | B27: =IF(B54=0,0,B54*B164) -> 23000 | C27: =IF(C54=0,0,C54*C164) -> 23500 | D27: =IF(D54=0,0,D54*D164) -> 24000 | E27: =IF(E54=0,0,E54*E164) -> 15276 | F27: =IF(F54=0,0,F54*F164) -> 31745 | G27: =IF(G54=0,0,G54*G164) -> 19610 | H27: =IF(H54=0,0,H54*H164) -> 26137 | I27: =IF(I54=0,0,I54*I164) -> 21729 | ... Y27: =IF(Y54=0,0,Y54*Y164) -> 14815 | DA27: Activity.Mtkm.EL.Tr.Road.Freight.HGV_Domestic
A28: International | B28: =IF(B55=0,0,B55*B165) -> 1667.8668 | C28: =IF(C55=0,0,C55*C165) -> 1786.3522 | D28: =IF(D55=0,0,D55*D165) -> 1891.4382 | E28: =IF(E55=0,0,E55*E165) -> 1920.582 | F28: =IF(F55=0,0,F55*F165) -> 2230.8881 | G28: =IF(G55=0,0,G55*G165) -> 2306.5989 | H28: =IF(H55=0,0,H55*H165) -> 2833.9401 | I28: =IF(I55=0,0,I55*I165) -> 2414.1902 | ... Y28: =IF(Y55=0,0,Y55*Y165) -> 3315 | DA28: Activity.Mtkm.EL.Tr.Road.Freight.HGV_International
A30: Vehicle-km driven (mio km) | B30: =B31+B46 -> 45566.959 | C30: =C31+C46 -> 48959.551 | D30: =D31+D46 -> 52285.895 | E30: =E31+E46 -> 54506.972 | F30: =F31+F46 -> 58547.234 | G30: =G31+G46 -> 61244.741 | H30: =H31+H46 -> 64380.153 | I30: =I31+I46 -> 67812.466 | ... Y30: =Y31+Y46 -> 62915.165 | DA30: VehicleKm.Mkm.EL.Tr.Road
A31: Passenger transport | B31: =B32+B33+B40 -> 36663.158 | C31: =C32+C33+C40 -> 39786.56 | D31: =D32+D33+D40 -> 42665.197 | E31: =E32+E33+E40 -> 45413.141 | F31: =F32+F33+F40 -> 48106.778 | G31: =G32+G33+G40 -> 51334.636 | H31: =H32+H33+H40 -> 53809.31 | I31: =I32+I33+I40 -> 56572.845 | ... Y31: =Y32+Y33+Y40 -> 52081.771 | DA31: VehicleKm.Mkm.EL.Tr.Road.Passenger
A32: Powered two-wheelers | B32: 3793.2759 | C32: 4012.0493 | D32: 4447.191 | E32: 4715.6036 | F32: 4895.1587 | G32: 5010.378 | H32: 4750.1717 | I32: 4860.1236 | J32: 5192.5785 | K32: 5310.3364 | L32: 6339.8577 | M32: 6566.208 | N32: 6878.7175 | O32: 7013.3303 | P32: 7333.8246 | Q32: 7394.6574 | R32: 7616.3927 | S32: 7154.6617 | T32: 6693.6192 | U32: 7103.1961 | V32: 6356.5045 | W32: 6604.2703 | X32: 6684.0121 | Y32: 7254.065 | DA32: VehicleKm.Mkm.EL.Tr.Road.Passenger.P2W
A33: Passenger cars | B33: =SUM(B34:B39) -> 32090.08 | C33: =SUM(C34:C39) -> 34983.281 | D33: =SUM(D34:D39) -> 37411.533 | E33: =SUM(E34:E39) -> 39884.851 | F33: =SUM(F34:F39) -> 42403.894 | G33: =SUM(G34:G39) -> 45504.678 | H33: =SUM(H34:H39) -> 48213.203 | I33: =SUM(I34:I39) -> 50864.667 | ... Y33: =SUM(Y34:Y39) -> 44047.234 | DA33: VehicleKm.Mkm.EL.Tr.Road.Passenger.Car
A34: Gasoline engine | B34: 29682.526 | C34: 32633.903 | D34: 35051.89 | E34: 37393.651 | F34: 40144.358 | G34: 43171.197 | H34: 45621.207 | I34: 48121.077 | J34: 50761.019 | K34: 51040.713 | L34: 49974.778 | M34: 45642.459 | N34: 39555.496 | O34: 36177.92 | P34: 34431.955 | Q34: 34043.057 | R34: 33541.556 | S34: 33480.793 | T34: 33016.518 | U34: 32272.188 | V34: 29213.121 | W34: 29785.11 | X34: 30874.047 | Y34: 31899.249 | DA34: VehicleKm.Mkm.EL.Tr.Road.Passenger.Car.ICE.Gasoline
A35: Diesel oil engine | B35: 2223.692 | C35: 2159.4763 | D35: 2178.0945 | E35: 2326.6141 | F35: 2107.6162 | G35: 2179.7152 | H35: 2435.9218 | I35: 2570.1237 | J35: 2486.7528 | K35: 2824.9005 | L35: 2641.2969 | M35: 2355.1801 | N35: 2076.6194 | O35: 1840.7438 | P35: 2914.3851 | Q35: 2669.0865 | R35: 3529.199 | S35: 4460.2133 | T35: 5818.5479 | U35: 7368.7971 | V35: 7969.5596 | W35: 8344.5848 | X35: 8733.306 | Y35: 9008.4723 | DA35: VehicleKm.Mkm.EL.Tr.Road.Passenger.Car.ICE.Diesel
A36: LPG engine | B36: 183.86262 | C36: 179.54873 | D36: 164.80895 | E36: 146.17578 | F36: 133.65596 | G36: 133.50064 | H36: 134.84234 | I36: 149.46616 | J36: 150.78457 | K36: 219.99549 | L36: 556.76034 | M36: 1441.5717 | N36: 1019.609 | O36: 2507.0572 | P36: 2726.8745 | Q36: 3134.3403 | R36: 3509.3465 | S36: 3353.5799 | T36: 3227.9943 | U36: 3270.1061 | V36: 2679.5729 | W36: 2609.214 | X36: 2651.1656 | Y36: 2712.2644 | DA36: VehicleKm.Mkm.EL.Tr.Road.Passenger.Car.ICE.LPG
A37: Natural gas engine | B37: 0 | C37: 10.353146 | D37: 16.738924 | E37: 18.410174 | F37: 18.263957 | G37: 20.265908 | H37: 21.231755 | I37: 23.999998 | J37: 23.430224 | K37: 30.863833 | L37: 35.463295 | M37: 37.961896 | N37: 37.678807 | O37: 36.005767 | P37: 36.379097 | Q37: 40.561909 | R37: 41.983698 | S37: 40.524668 | T37: 41.295046 | U37: 45.096729 | V37: 60.146146 | W37: 69.196862 | X37: 78.177534 | Y37: 93.129329 | DA37: VehicleKm.Mkm.EL.Tr.Road.Passenger.Car.ICE.NGas
A38: Plug-in hybrid electric | B38: 0 | C38: 0 | D38: 0 | E38: 0 | F38: 0 | G38: 0 | H38: 0 | I38: 0 | J38: 0 | K38: 0 | L38: 0 | M38: 0 | N38: 0.0085854139 | O38: 0.0089061066 | P38: 0.18644739 | Q38: 0.35149608 | R38: 0.68123278 | S38: 1.7461265 | T38: 3.1186286 | U38: 4.8413904 | V38: 16.741966 | W38: 56.849041 | X38: 101.26613 | Y38: 168.82672 | DA38: VehicleKm.Mkm.EL.Tr.Road.Passenger.Car.PHEV.Gasoline
A39: Battery electric vehicles | B39: 0 | C39: 0 | D39: 0 | E39: 0 | F39: 0 | G39: 0 | H39: 0 | I39: 0 | J39: 0 | K39: 0 | L39: 0 | M39: 0 | N39: 0.013494354 | O39: 0.040611656 | P39: 0.6101369 | Q39: 1.1403493 | R39: 1.5356624 | S39: 1.9896346 | T39: 2.8889064 | U39: 5.7204411 | V39: 13.028206 | W39: 43.777667 | X39: 84.40013 | Y39: 165.2927 | DA39: VehicleKm.Mkm.EL.Tr.Road.Passenger.Car.BEV
A40: Motor coaches, buses and trolley buses | B40: =SUM(B41:B45) -> 779.80211 | C40: =SUM(C41:C45) -> 791.22962 | D40: =SUM(D41:D45) -> 806.47349 | E40: =SUM(E41:E45) -> 812.68701 | F40: =SUM(F41:F45) -> 807.72573 | G40: =SUM(G41:G45) -> 819.57985 | H40: =SUM(H41:H45) -> 845.93478 | I40: =SUM(I41:I45) -> 848.05479 | ... Y40: =SUM(Y41:Y45) -> 780.47211 | DA40: VehicleKm.Mkm.EL.Tr.Road.Passenger.Bus
A41: Gasoline engine | B41: 0 | C41: 0 | D41: 0 | E41: 0 | F41: 0 | G41: 0 | H41: 0 | I41: 0 | J41: 0 | K41: 0 | L41: 0 | M41: 0 | N41: 0 | O41: 0 | P41: 0 | Q41: 0 | R41: 0 | S41: 0 | T41: 0 | U41: 0 | V41: 0 | W41: 0 | X41: 0 | Y41: 0 | DA41: VehicleKm.Mkm.EL.Tr.Road.Passenger.Bus.ICE.Gasoline
A42: Diesel oil engine | B42: 779.80211 | C42: 779.29729 | D42: 787.95261 | E42: 792.24391 | F42: 787.34124 | G42: 797.66442 | H42: 822.62449 | I42: 820.93113 | J42: 799.84636 | K42: 781.67531 | L42: 788.02965 | M42: 796.89689 | N42: 791.10223 | O42: 774.52538 | P42: 774.11597 | Q42: 770.96462 | R42: 761.11557 | S42: 746.6147 | T42: 745.77207 | U42: 734.97243 | V42: 728.43401 | W42: 724.77118 | X42: 716.97243 | Y42: 715.77982 | DA42: VehicleKm.Mkm.EL.Tr.Road.Passenger.Bus.ICE.Diesel
A43: LPG engine | B43: 0 | C43: 0 | D43: 0 | E43: 0 | F43: 0 | G43: 0 | H43: 0 | I43: 0 | J43: 0 | K43: 0 | L43: 0 | M43: 0 | N43: 0 | O43: 0 | P43: 0 | Q43: 0 | R43: 0 | S43: 0 | T43: 0 | U43: 0 | V43: 0 | W43: 0 | X43: 0 | Y43: 0 | DA43: VehicleKm.Mkm.EL.Tr.Road.Passenger.Bus.ICE.LPG
A44: Natural gas engine | B44: 0 | C44: 11.932333 | D44: 18.520886 | E44: 20.443098 | F44: 20.384487 | G44: 21.91543 | H44: 23.310295 | I44: 27.123665 | J44: 27.596154 | K44: 25.861277 | L44: 24.997868 | M44: 24.613424 | N44: 24.414034 | O44: 23.062495 | P44: 23.546192 | Q44: 25.132813 | R44: 25.507753 | S44: 23.039606 | T44: 27.139979 | U44: 29.632091 | V44: 32.994226 | W44: 36.892497 | X44: 46.772426 | Y44: 54.673828 | DA44: VehicleKm.Mkm.EL.Tr.Road.Passenger.Bus.ICE.NGas
A45: Battery electric vehicles | B45: 0 | C45: 0 | D45: 0 | E45: 0 | F45: 0 | G45: 0 | H45: 0 | I45: 0 | J45: 0 | K45: 0 | L45: 0 | M45: 0 | N45: 0 | O45: 16.936876 | P45: 16.47683 | Q45: 16.478452 | R45: 16.423848 | S45: 16.408196 | T45: 16.401993 | U45: 16.436771 | V45: 16.311258 | W45: 16.338053 | X45: 16.20246 | Y45: 10.018454 | DA45: VehicleKm.Mkm.EL.Tr.Road.Passenger.Bus.BEV
A46: Freight transport | B46: =B47+B53 -> 8903.8003 | C46: =C47+C53 -> 9172.9903 | D46: =D47+D53 -> 9620.6982 | E46: =E47+E53 -> 9093.8305 | F46: =F47+F53 -> 10440.456 | G46: =G47+G53 -> 9910.1047 | H46: =H47+H53 -> 10570.843 | I46: =I47+I53 -> 11239.621 | ... Y46: =Y47+Y53 -> 10833.394 | DA46: VehicleKm.Mkm.EL.Tr.Road.Freight
A47: Light commercial vehicles | B47: =SUM(B48:B52) -> 6215.2023 | C47: =SUM(C48:C52) -> 6420.0684 | D47: =SUM(D48:D52) -> 6805.3609 | E47: =SUM(E48:E52) -> 7251.0921 | F47: =SUM(F48:F52) -> 7306.0285 | G47: =SUM(G48:G52) -> 7497.3406 | H47: =SUM(H48:H52) -> 7775.695 | I47: =SUM(I48:I52) -> 8508.5872 | ... Y47: =SUM(Y48:Y52) -> 8836.8239 | DA47: VehicleKm.Mkm.EL.Tr.Road.Freight.LCV
A48: Gasoline engine | B48: 5091.4994 | C48: 5076.1073 | D48: 5254.1748 | E48: 5325.6861 | F48: 5158.9174 | G48: 5161.5282 | H48: 4972.6404 | I48: 5261.0581 | J48: 5283.9953 | K48: 4466.4376 | L48: 4241.6866 | M48: 3554.9698 | N48: 2879.9668 | O48: 2887.8708 | P48: 2887.7565 | Q48: 3026.9901 | R48: 3163.4462 | S48: 2996.7838 | T48: 3356.4979 | U48: 3474.2427 | V48: 3170.5756 | W48: 3572.4034 | X48: 3611.3242 | Y48: 3651.1523 | DA48: VehicleKm.Mkm.EL.Tr.Road.Freight.LCV.ICE.Gasoline
A49: Diesel oil engine | B49: 1123.7029 | C49: 1343.9612 | D49: 1551.1861 | E49: 1925.406 | F49: 2147.1111 | G49: 2335.8124 | H49: 2803.0545 | I49: 3247.5291 | J49: 3242.1039 | K49: 3758.1384 | L49: 4186.2284 | M49: 3760.5076 | N49: 3158.1148 | O49: 4248.3201 | P49: 4315.6448 | Q49: 5802.3817 | R49: 6366.7452 | S49: 5428.8527 | T49: 5049.2222 | U49: 5093.8558 | V49: 4289.0703 | W49: 4649.4609 | X49: 4917.7655 | Y49: 5185.6716 | DA49: VehicleKm.Mkm.EL.Tr.Road.Freight.LCV.ICE.Diesel
A50: LPG engine | B50: 0 | C50: 0 | D50: 0 | E50: 0 | F50: 0 | G50: 0 | H50: 0 | I50: 0 | J50: 0 | K50: 0 | L50: 0 | M50: 0 | N50: 0 | O50: 0 | P50: 0 | Q50: 0 | R50: 0 | S50: 0 | T50: 0 | U50: 0 | V50: 0 | W50: 0 | X50: 0 | Y50: 0 | DA50: VehicleKm.Mkm.EL.Tr.Road.Freight.LCV.ICE.LPG
A51: Natural gas engine | B51: 0 | C51: 0 | D51: 0 | E51: 0 | F51: 0 | G51: 0 | H51: 0 | I51: 0 | J51: 0 | K51: 0 | L51: 0 | M51: 0 | N51: 0 | O51: 0 | P51: 0 | Q51: 0 | R51: 0 | S51: 0 | T51: 0 | U51: 0 | V51: 0 | W51: 0 | X51: 0 | Y51: 0 | DA51: VehicleKm.Mkm.EL.Tr.Road.Freight.LCV.ICE.NGas
A52: Battery electric vehicles | B52: 0 | C52: 0 | D52: 0 | E52: 0 | F52: 0 | G52: 0 | H52: 0 | I52: 0 | J52: 0 | K52: 0 | L52: 0 | M52: 0 | N52: 0 | O52: 0 | P52: 0 | Q52: 0 | R52: 0 | S52: 0 | T52: 0 | U52: 0 | V52: 0 | W52: 0 | X52: 0 | Y52: 0 | DA52: VehicleKm.Mkm.EL.Tr.Road.Freight.LCV.BEV
A53: Heavy goods vehicles | B53: =SUM(B54:B55) -> 2688.598 | C53: =SUM(C54:C55) -> 2752.9218 | D53: =SUM(D54:D55) -> 2815.3373 | E53: =SUM(E54:E55) -> 1842.7384 | F53: =SUM(F54:F55) -> 3134.4273 | G53: =SUM(G54:G55) -> 2412.7641 | H53: =SUM(H54:H55) -> 2795.1477 | I53: =SUM(I54:I55) -> 2731.034 | ... Y53: =SUM(Y54:Y55) -> 1996.5698 | DA53: VehicleKm.Mkm.EL.Tr.Road.Freight.HGV_All
A54: Domestic | B54: 2571.6156 | C54: 2627.5203 | D54: 2683.425 | E54: 1708 | F54: 2975 | G54: 2248 | H54: 2594 | I54: 2560 | J54: 2809 | K54: 2806 | L54: 2863 | M54: 1995 | N54: 1899 | O54: 1615 | P54: 1836 | Q54: 1922 | R54: 1957 | S54: 1838 | T54: 1868 | U54: 1991 | V54: 1746 | W54: 1962 | X54: 1939 | Y54: 1757 | DA54: VehicleKm.Mkm.EL.Tr.Road.Freight.HGV_Domestic
A55: International | B55: 116.98235 | C55: 125.40153 | D55: 131.9123 | E55: 134.73842 | F55: 159.42729 | G55: 164.76408 | H55: 201.14774 | I55: 171.03403 | J55: 150.85109 | K55: 134.55245 | L55: 168.53059 | M55: 136.26399 | N55: 152.18526 | O55: 175.02089 | P55: 170.55054 | Q55: 187.76284 | R55: 202.098 | S55: 268.34283 | T55: 252.99626 | U55: 115.70158 | V55: 169.31287 | W55: 230.16732 | X55: 241.11309 | Y55: 239.56979 | DA55: VehicleKm.Mkm.EL.Tr.Road.Freight.HGV_International
A57: Stock of vehicles - total (vehicles) | B57: =B58+B73 -> 5268820 | C57: =C58+C73 -> 5579631 | D57: =D58+D73 -> 5865430 | E57: =E58+E73 -> 6147878 | F57: =F58+F73 -> 6350636 | G57: =G58+G73 -> 6616258 | H57: =H58+H73 -> 6867302 | I57: =I58+I73 -> 7248728 | ... Y57: =Y58+Y73 -> 8337852 | DA57: Stock.number.EL.Tr.Road
A58: Passenger transport | B58: =B59+B60+B67 -> 4363885 | C58: =C59+C60+C67 -> 4646727 | D58: =D59+D60+D67 -> 4909642 | E58: =E59+E60+E67 -> 5177925 | F58: =F59+F60+F67 -> 5353129 | G58: =G59+G60+G67 -> 5660696 | H58: =H59+H60+H67 -> 5880388 | I58: =I59+I60+I67 -> 6224689 | ... Y58: =Y59+Y60+Y67 -> 7686604 | DA58: Stock.number.EL.Tr.Road.Passenger
A59: Powered two-wheelers | B59: 781361 | C59: 853366 | D59: 910555 | E59: 969895 | F59: 1042605 | G59: 1124172 | H59: 1205816 | I59: 1298688 | J59: 1388607 | K59: 1448851 | L59: 1499133 | M59: 1534902 | N59: 1556435 | O59: 1568596 | P59: 1592929 | Q59: 1619621 | R59: 1653528 | S59: 1656657 | T59: 1583491 | U59: 1609923 | V59: 1637608 | W59: 1675804 | X59: 1714317 | Y59: 1782000 | DA59: Stock.number.EL.Tr.Road.Passenger.P2W
A60: Passenger cars | B60: =SUM(B61:B66) -> 3555065 | C60: =SUM(C61:C66) -> 3765843 | D60: =SUM(D61:D66) -> 3971437 | E60: =SUM(E61:E66) -> 4180532 | F60: =SUM(F61:F66) -> 4283372 | G60: =SUM(G61:G66) -> 4509326 | H60: =SUM(H61:H66) -> 4647265 | I60: =SUM(I61:I66) -> 4898530 | ... Y60: =SUM(Y61:Y66) -> 5877759 | DA60: Stock.number.EL.Tr.Road.Passenger.Car
A61: Gasoline engine | B61: 3437712 | C61: 3653075 | D61: 3859218 | E61: 4063433 | F61: 4178193 | G61: 4402095 | H61: 4529645 | I61: 4774152 | J61: 4901231 | K61: 4987108 | L61: 5033499 | M61: 4976132 | N61: 4981221 | O61: 4854223 | P61: 4768091 | Q61: 4758743 | R61: 4749369 | S61: 4785438 | T61: 4777454 | U61: 4838018 | V61: 4875129 | W61: 4974935 | X61: 5083242 | Y61: 5214723 | DA61: Stock.number.EL.Tr.Road.Passenger.Car.ICE.Gasoline
A62: Diesel oil engine | B62: 106853 | C62: 102368 | D62: 101882 | E62: 107397 | F62: 96144 | G62: 98124 | H62: 108335 | I62: 114198 | J62: 112326 | K62: 129911 | L62: 128461 | M62: 119803 | N62: 112106 | O62: 104563 | P62: 160840 | Q62: 156270 | R62: 195332 | S62: 234406 | T62: 288311 | U62: 348852 | V62: 422140 | W62: 424972 | X62: 427600 | Y62: 430695 | DA62: Stock.number.EL.Tr.Road.Passenger.Car.ICE.Diesel
A63: LPG engine | B63: 10500 | C63: 9740 | D63: 9263 | E63: 8513 | F63: 7846 | G63: 7779 | H63: 7883 | I63: 8565 | J63: 8784 | K63: 12767 | L63: 32340 | M63: 81770 | N63: 61379 | O63: 143786 | P63: 157464 | Q63: 184678 | R63: 212380 | S63: 212999 | T63: 213649 | U63: 215785 | V63: 187943 | W63: 189822 | X63: 191720 | Y63: 193637 | DA63: Stock.number.EL.Tr.Road.Passenger.Car.ICE.LPG
A64: Natural gas engine | B64: 0 | C64: 660 | D64: 1074 | E64: 1189 | F64: 1189 | G64: 1328 | H64: 1402 | I64: 1615 | J64: 1603 | K64: 2174 | L64: 2573 | M64: 2728 | N64: 2682 | O64: 2517 | P64: 2500 | Q64: 2760 | R64: 2780 | S64: 2730 | T64: 2700 | U64: 2900 | V64: 3829 | W64: 4360 | X64: 4875 | Y64: 5746 | DA64: Stock.number.EL.Tr.Road.Passenger.Car.ICE.NGas
A65: Plug-in hybrid electric | B65: 0 | C65: 0 | D65: 0 | E65: 0 | F65: 0 | G65: 0 | H65: 0 | I65: 0 | J65: 0 | K65: 0 | L65: 0 | M65: 0 | N65: 1 | O65: 1 | P65: 21 | Q65: 40 | R65: 81 | S65: 207 | T65: 366 | U65: 570 | V65: 2031 | W65: 6823 | X65: 12269 | Y65: 20643 | DA65: Stock.number.EL.Tr.Road.Passenger.Car.PHEV.Gasoline
A66: Battery electric vehicles | B66: 0 | C66: 0 | D66: 0 | E66: 0 | F66: 0 | G66: 0 | H66: 0 | I66: 0 | J66: 0 | K66: 0 | L66: 0 | M66: 0 | N66: 1 | O66: 3 | P66: 45 | Q66: 84 | R66: 114 | S66: 148 | T66: 215 | U66: 426 | V66: 1104 | W66: 3280 | X66: 6306 | Y66: 12315 | DA66: Stock.number.EL.Tr.Road.Passenger.Car.BEV
A67: Motor coaches, buses and trolley buses | B67: =SUM(B68:B72) -> 27459 | C67: =SUM(C68:C72) -> 27518 | D67: =SUM(D68:D72) -> 27650 | E67: =SUM(E68:E72) -> 27498 | F67: =SUM(F68:F72) -> 27152 | G67: =SUM(G68:G72) -> 27198 | H67: =SUM(H68:H72) -> 27307 | I67: =SUM(I68:I72) -> 27471 | ... Y67: =SUM(Y68:Y72) -> 26845 | DA67: Stock.number.EL.Tr.Road.Passenger.Bus
A68: Gasoline engine | B68: 0 | C68: 0 | D68: 0 | E68: 0 | F68: 0 | G68: 0 | H68: 0 | I68: 0 | J68: 0 | K68: 0 | L68: 0 | M68: 0 | N68: 0 | O68: 0 | P68: 0 | Q68: 0 | R68: 0 | S68: 0 | T68: 0 | U68: 0 | V68: 0 | W68: 0 | X68: 0 | Y68: 0 | DA68: Stock.number.EL.Tr.Road.Passenger.Bus.ICE.Gasoline
A69: Diesel oil engine | B69: 27459 | C69: 27208 | D69: 27176 | E69: 26982 | F69: 26641 | G69: 26656 | H69: 26747 | I69: 26817 | J69: 26870 | K69: 27030 | L69: 27042 | M69: 26873 | N69: 26718 | O69: 26210 | P69: 26108 | Q69: 25965 | R69: 25905 | S69: 25893 | T69: 25702 | U69: 25717 | V69: 25686 | W69: 25630 | X69: 25354 | Y69: 25224 | DA69: Stock.number.EL.Tr.Road.Passenger.Bus.ICE.Diesel
A70: LPG engine | B70: 0 | C70: 0 | D70: 0 | E70: 0 | F70: 0 | G70: 0 | H70: 0 | I70: 0 | J70: 0 | K70: 0 | L70: 0 | M70: 0 | N70: 0 | O70: 0 | P70: 0 | Q70: 0 | R70: 0 | S70: 0 | T70: 0 | U70: 0 | V70: 0 | W70: 0 | X70: 0 | Y70: 0 | DA70: Stock.number.EL.Tr.Road.Passenger.Bus.ICE.LPG
A71: Natural gas engine | B71: 0 | C71: 310 | D71: 474 | E71: 516 | F71: 511 | G71: 542 | H71: 560 | I71: 654 | J71: 685 | K71: 662 | L71: 635 | M71: 614 | N71: 610 | O71: 573 | P71: 583 | Q71: 621 | R71: 637 | S71: 587 | T71: 686 | U71: 760 | V71: 852 | W71: 954 | X71: 1205 | Y71: 1404 | DA71: Stock.number.EL.Tr.Road.Passenger.Bus.ICE.NGas
A72: Battery electric vehicles | B72: 0 | C72: 0 | D72: 0 | E72: 0 | F72: 0 | G72: 0 | H72: 0 | I72: 0 | J72: 0 | K72: 0 | L72: 0 | M72: 0 | N72: 0 | O72: 366 | P72: 356 | Q72: 356 | R72: 355 | S72: 355 | T72: 355 | U72: 356 | V72: 355 | W72: 354 | X72: 351 | Y72: 217 | DA72: Stock.number.EL.Tr.Road.Passenger.Bus.BEV
A73: Freight transport | B73: =B74+B80 -> 904935 | C73: =C74+C80 -> 932904 | D73: =D74+D80 -> 955788 | E73: =E74+E80 -> 969953 | F73: =F74+F80 -> 997507 | G73: =G74+G80 -> 955562 | H73: =H74+H80 -> 986914 | I73: =I74+I80 -> 1024039 | ... Y73: =Y74+Y80 -> 651248 | DA73: Stock.number.EL.Tr.Road.Freight
A74: Light commercial vehicles | B74: =SUM(B75:B79) -> 715958 | C74: =SUM(C75:C79) -> 737909 | D74: =SUM(D75:D79) -> 755661 | E74: =SUM(E75:E79) -> 770572 | F74: =SUM(F75:F79) -> 759291 | G74: =SUM(G75:G79) -> 746123 | H74: =SUM(H75:H79) -> 750835 | I74: =SUM(I75:I79) -> 792377 | ... Y74: =SUM(Y75:Y79) -> 595209 | DA74: Stock.number.EL.Tr.Road.Freight.LCV
A75: Gasoline engine | B75: 626942 | C75: 637006 | D75: 644981 | E75: 636548 | F75: 614401 | G75: 592774 | H75: 571009 | I75: 588034 | J75: 607112 | K75: 555544 | L75: 525065 | M75: 464236 | N75: 419779 | O75: 375521 | P75: 349371 | Q75: 342531 | R75: 360247 | S75: 323508 | T75: 318454 | U75: 318644 | V75: 318837 | W75: 319027 | X75: 318988 | Y75: 319004 | DA75: Stock.number.EL.Tr.Road.Freight.LCV.ICE.Gasoline
A76: Diesel oil engine | B76: 89016 | C76: 100903 | D76: 110680 | E76: 134024 | F76: 144890 | G76: 153349 | H76: 179826 | I76: 204343 | J76: 205825 | K76: 237545 | L76: 274977 | M76: 269690 | N76: 256419 | O76: 281529 | P76: 284291 | Q76: 333043 | R76: 358277 | S76: 314667 | T76: 297819 | U76: 282920 | V76: 268021 | W76: 253122 | X76: 264811 | Y76: 276205 | DA76: Stock.number.EL.Tr.Road.Freight.LCV.ICE.Diesel
A77: LPG engine | B77: 0 | C77: 0 | D77: 0 | E77: 0 | F77: 0 | G77: 0 | H77: 0 | I77: 0 | J77: 0 | K77: 0 | L77: 0 | M77: 0 | N77: 0 | O77: 0 | P77: 0 | Q77: 0 | R77: 0 | S77: 0 | T77: 0 | U77: 0 | V77: 0 | W77: 0 | X77: 0 | Y77: 0 | DA77: Stock.number.EL.Tr.Road.Freight.LCV.ICE.LPG
A78: Natural gas engine | B78: 0 | C78: 0 | D78: 0 | E78: 0 | F78: 0 | G78: 0 | H78: 0 | I78: 0 | J78: 0 | K78: 0 | L78: 0 | M78: 0 | N78: 0 | O78: 0 | P78: 0 | Q78: 0 | R78: 0 | S78: 0 | T78: 0 | U78: 0 | V78: 0 | W78: 0 | X78: 0 | Y78: 0 | DA78: Stock.number.EL.Tr.Road.Freight.LCV.ICE.NGas
A79: Battery electric vehicles | B79: 0 | C79: 0 | D79: 0 | E79: 0 | F79: 0 | G79: 0 | H79: 0 | I79: 0 | J79: 0 | K79: 0 | L79: 0 | M79: 0 | N79: 0 | O79: 0 | P79: 0 | Q79: 0 | R79: 0 | S79: 0 | T79: 0 | U79: 0 | V79: 0 | W79: 0 | X79: 0 | Y79: 0 | DA79: Stock.number.EL.Tr.Road.Freight.LCV.BEV
A80: Heavy goods vehicles | B80: =SUM(B81:B82) -> 188977 | C80: =SUM(C81:C82) -> 194995 | D80: =SUM(D81:D82) -> 200127 | E80: =SUM(E81:E82) -> 199381 | F80: =SUM(F81:F82) -> 238216 | G80: =SUM(G81:G82) -> 209439 | H80: =SUM(H81:H82) -> 236079 | I80: =SUM(I81:I82) -> 231662 | ... Y80: =SUM(Y81:Y82) -> 56039 | DA80: Stock.number.EL.Tr.Road.Freight.HGV_All
A81: Domestic | B81: 187601 | C81: 193520 | D81: 198575 | E81: 197796 | F81: 236340 | G81: 207501 | H81: 233713 | I81: 229650 | J81: 243541 | K81: 226885 | L81: 209223 | M81: 191810 | N81: 173761 | O81: 156561 | P81: 140983 | Q81: 126665 | R81: 113839 | S81: 101480 | T81: 86366 | U81: 81260 | V81: 72990 | W81: 68338 | X81: 60427 | Y81: 53221 | DA81: Stock.number.EL.Tr.Road.Freight.HGV_Domestic
A82: International | B82: 1376 | C82: 1475 | D82: 1552 | E82: 1585 | F82: 1876 | G82: 1938 | H82: 2366 | I82: 2012 | J82: 1775 | K82: 1583 | L82: 1983 | M82: 1603 | N82: 1790 | O82: 2059 | P82: 2006 | Q82: 2209 | R82: 2378 | S82: 3157 | T82: 2976 | U82: 1361 | V82: 1992 | W82: 2708 | X82: 2837 | Y82: 2818 | DA82: Stock.number.EL.Tr.Road.Freight.HGV_International
A84: Stock of vehicles - in use (vehicles) | B84: =B85+B100 -> 5268820 | C84: =C85+C100 -> 5579631 | D84: =D85+D100 -> 5865430 | E84: =E85+E100 -> 6147878 | F84: =F85+F100 -> 6350636 | G84: =G85+G100 -> 6616258 | H84: =H85+H100 -> 6867302 | I84: =I85+I100 -> 7248728 | ... Y84: =Y85+Y100 -> 8337852
A85: Passenger transport | B85: =B86+B87+B94 -> 4363885 | C85: =C86+C87+C94 -> 4646727 | D85: =D86+D87+D94 -> 4909642 | E85: =E86+E87+E94 -> 5177925 | F85: =F86+F87+F94 -> 5353129 | G85: =G86+G87+G94 -> 5660696 | H85: =H86+H87+H94 -> 5880388 | I85: =I86+I87+I94 -> 6224689 | ... Y85: =Y86+Y87+Y94 -> 7686604
A86: Powered two-wheelers | B86: 781361 | C86: 853366 | D86: 910555 | E86: 969895 | F86: 1042605 | G86: 1124172 | H86: 1205816 | I86: 1298688 | J86: 1388607 | K86: 1448851 | L86: 1499133 | M86: 1534902 | N86: 1556435 | O86: 1568596 | P86: 1592929 | Q86: 1619621 | R86: 1653528 | S86: 1656657 | T86: 1583491 | U86: 1609923 | V86: 1637608 | W86: 1675804 | X86: 1714317 | Y86: 1782000
A87: Passenger cars | B87: =SUM(B88:B93) -> 3555065 | C87: =SUM(C88:C93) -> 3765843 | D87: =SUM(D88:D93) -> 3971437 | E87: =SUM(E88:E93) -> 4180532 | F87: =SUM(F88:F93) -> 4283372 | G87: =SUM(G88:G93) -> 4509326 | H87: =SUM(H88:H93) -> 4647265 | I87: =SUM(I88:I93) -> 4898530 | ... Y87: =SUM(Y88:Y93) -> 5877759
A88: Gasoline engine | B88: 3437712 | C88: 3653075 | D88: 3859218 | E88: 4063433 | F88: 4178193 | G88: 4402095 | H88: 4529645 | I88: 4774152 | J88: 4901231 | K88: 4987108 | L88: 5033499 | M88: 4976132 | N88: 4981221 | O88: 4854223 | P88: 4768091 | Q88: 4758743 | R88: 4749369 | S88: 4785438 | T88: 4777454 | U88: 4838018 | V88: 4875129 | W88: 4974935 | X88: 5083242 | Y88: 5214723
A89: Diesel oil engine | B89: 106853 | C89: 102368 | D89: 101882 | E89: 107397 | F89: 96144 | G89: 98124 | H89: 108335 | I89: 114198 | J89: 112326 | K89: 129911 | L89: 128461 | M89: 119803 | N89: 112106 | O89: 104563 | P89: 160840 | Q89: 156270 | R89: 195332 | S89: 234406 | T89: 288311 | U89: 348852 | V89: 422140 | W89: 424972 | X89: 427600 | Y89: 430695
A90: LPG engine | B90: 10500 | C90: 9740 | D90: 9263 | E90: 8513 | F90: 7846 | G90: 7779 | H90: 7883 | I90: 8565 | J90: 8784 | K90: 12767 | L90: 32340 | M90: 81770 | N90: 61379 | O90: 143786 | P90: 157464 | Q90: 184678 | R90: 212380 | S90: 212999 | T90: 213649 | U90: 215785 | V90: 187943 | W90: 189822 | X90: 191720 | Y90: 193637
A91: Natural gas engine | B91: 0 | C91: 660 | D91: 1074 | E91: 1189 | F91: 1189 | G91: 1328 | H91: 1402 | I91: 1615 | J91: 1603 | K91: 2174 | L91: 2573 | M91: 2728 | N91: 2682 | O91: 2517 | P91: 2500 | Q91: 2760 | R91: 2780 | S91: 2730 | T91: 2700 | U91: 2900 | V91: 3829 | W91: 4360 | X91: 4875 | Y91: 5746
A92: Plug-in hybrid electric | B92: 0 | C92: 0 | D92: 0 | E92: 0 | F92: 0 | G92: 0 | H92: 0 | I92: 0 | J92: 0 | K92: 0 | L92: 0 | M92: 0 | N92: 1 | O92: 1 | P92: 21 | Q92: 40 | R92: 81 | S92: 207 | T92: 366 | U92: 570 | V92: 2031 | W92: 6823 | X92: 12269 | Y92: 20643
A93: Battery electric vehicles | B93: 0 | C93: 0 | D93: 0 | E93: 0 | F93: 0 | G93: 0 | H93: 0 | I93: 0 | J93: 0 | K93: 0 | L93: 0 | M93: 0 | N93: 1 | O93: 3 | P93: 45 | Q93: 84 | R93: 114 | S93: 148 | T93: 215 | U93: 426 | V93: 1104 | W93: 3280 | X93: 6306 | Y93: 12315
A94: Motor coaches, buses and trolley buses | B94: =SUM(B95:B99) -> 27459 | C94: =SUM(C95:C99) -> 27518 | D94: =SUM(D95:D99) -> 27650 | E94: =SUM(E95:E99) -> 27498 | F94: =SUM(F95:F99) -> 27152 | G94: =SUM(G95:G99) -> 27198 | H94: =SUM(H95:H99) -> 27307 | I94: =SUM(I95:I99) -> 27471 | ... Y94: =SUM(Y95:Y99) -> 26845
A95: Gasoline engine | B95: 0 | C95: 0 | D95: 0 | E95: 0 | F95: 0 | G95: 0 | H95: 0 | I95: 0 | J95: 0 | K95: 0 | L95: 0 | M95: 0 | N95: 0 | O95: 0 | P95: 0 | Q95: 0 | R95: 0 | S95: 0 | T95: 0 | U95: 0 | V95: 0 | W95: 0 | X95: 0 | Y95: 0
A96: Diesel oil engine | B96: 27459 | C96: 27208 | D96: 27176 | E96: 26982 | F96: 26641 | G96: 26656 | H96: 26747 | I96: 26817 | J96: 26870 | K96: 27030 | L96: 27042 | M96: 26873 | N96: 26718 | O96: 26210 | P96: 26108 | Q96: 25965 | R96: 25905 | S96: 25893 | T96: 25702 | U96: 25717 | V96: 25686 | W96: 25630 | X96: 25354 | Y96: 25224
A97: LPG engine | B97: 0 | C97: 0 | D97: 0 | E97: 0 | F97: 0 | G97: 0 | H97: 0 | I97: 0 | J97: 0 | K97: 0 | L97: 0 | M97: 0 | N97: 0 | O97: 0 | P97: 0 | Q97: 0 | R97: 0 | S97: 0 | T97: 0 | U97: 0 | V97: 0 | W97: 0 | X97: 0 | Y97: 0
A98: Natural gas engine | B98: 0 | C98: 310 | D98: 474 | E98: 516 | F98: 511 | G98: 542 | H98: 560 | I98: 654 | J98: 685 | K98: 662 | L98: 635 | M98: 614 | N98: 610 | O98: 573 | P98: 583 | Q98: 621 | R98: 637 | S98: 587 | T98: 686 | U98: 760 | V98: 852 | W98: 954 | X98: 1205 | Y98: 1404
A99: Battery electric vehicles | B99: 0 | C99: 0 | D99: 0 | E99: 0 | F99: 0 | G99: 0 | H99: 0 | I99: 0 | J99: 0 | K99: 0 | L99: 0 | M99: 0 | N99: 0 | O99: 366 | P99: 356 | Q99: 356 | R99: 355 | S99: 355 | T99: 355 | U99: 356 | V99: 355 | W99: 354 | X99: 351 | Y99: 217
A100: Freight transport | B100: =B101+B107 -> 904935 | C100: =C101+C107 -> 932904 | D100: =D101+D107 -> 955788 | E100: =E101+E107 -> 969953 | F100: =F101+F107 -> 997507 | G100: =G101+G107 -> 955562 | H100: =H101+H107 -> 986914 | I100: =I101+I107 -> 1024039 | ... Y100: =Y101+Y107 -> 651248
A101: Light commercial vehicles | B101: =SUM(B102:B106) -> 715958 | C101: =SUM(C102:C106) -> 737909 | D101: =SUM(D102:D106) -> 755661 | E101: =SUM(E102:E106) -> 770572 | F101: =SUM(F102:F106) -> 759291 | G101: =SUM(G102:G106) -> 746123 | H101: =SUM(H102:H106) -> 750835 | I101: =SUM(I102:I106) -> 792377 | ... Y101: =SUM(Y102:Y106) -> 595209
A102: Gasoline engine | B102: 626942 | C102: 637006 | D102: 644981 | E102: 636548 | F102: 614401 | G102: 592774 | H102: 571009 | I102: 588034 | J102: 607112 | K102: 555544 | L102: 525065 | M102: 464236 | N102: 419779 | O102: 375521 | P102: 349371 | Q102: 342531 | R102: 360247 | S102: 323508 | T102: 318454 | U102: 318644 | V102: 318837 | W102: 319027 | X102: 318988 | Y102: 319004
A103: Diesel oil engine | B103: 89016 | C103: 100903 | D103: 110680 | E103: 134024 | F103: 144890 | G103: 153349 | H103: 179826 | I103: 204343 | J103: 205825 | K103: 237545 | L103: 274977 | M103: 269690 | N103: 256419 | O103: 281529 | P103: 284291 | Q103: 333043 | R103: 358277 | S103: 314667 | T103: 297819 | U103: 282920 | V103: 268021 | W103: 253122 | X103: 264811 | Y103: 276205
A104: LPG engine | B104: 0 | C104: 0 | D104: 0 | E104: 0 | F104: 0 | G104: 0 | H104: 0 | I104: 0 | J104: 0 | K104: 0 | L104: 0 | M104: 0 | N104: 0 | O104: 0 | P104: 0 | Q104: 0 | R104: 0 | S104: 0 | T104: 0 | U104: 0 | V104: 0 | W104: 0 | X104: 0 | Y104: 0
...

Sheet TrRoad_ene
A1: Road transport / energy consumption - EL - Greece | B1: 2000 | C1: 2001 | D1: 2002 | E1: 2003 | F1: 2004 | G1: 2005 | H1: 2006 | I1: 2007 | J1: 2008 | K1: 2009 | L1: 2010 | M1: 2011 | N1: 2012 | O1: 2013 | P1: 2014 | Q1: 2015 | R1: 2016 | S1: 2017 | T1: 2018 | U1: 2019 | V1: 2020 | W1: 2021 | X1: 2022 | Y1: 2023 | DA1: Code
A3: Energy consumption (ktoe)
A4: by fuel (EUROSTAT DATA) | B4: =B5+B9+B10+B15 -> 5375.6687 | C4: =C5+C9+C10+C15 -> 5500.1958 | D4: =D5+D9+D10+D15 -> 5699.5439 | E4: =E5+E9+E10+E15 -> 6042.9947 | F4: =F5+F9+F10+F15 -> 6083.3334 | G4: =G5+G9+G10+G15 -> 6248.6985 | H4: =H5+H9+H10+H15 -> 6435.4258 | I4: =I5+I9+I10+I15 -> 6732.4758 | ... Y4: =Y5+Y9+Y10+Y15 -> 5188.4966 | DA4: FEC.ktoe.EL.ES.Tr.Road
A5: Liquids | B5: =SUM(B6:B8) -> 5375.6687 | C5: =SUM(C6:C8) -> 5494.0909 | D5: =SUM(D6:D8) -> 5689.8921 | E5: =SUM(E6:E8) -> 6032.3541 | F5: =SUM(F6:F8) -> 6072.7358 | G5: =SUM(G6:G8) -> 6236.8324 | H5: =SUM(H6:H8) -> 6377.8447 | I5: =SUM(I6:I8) -> 6635.0673 | ... Y5: =SUM(Y6:Y8) -> 5154.3125
A6: Liquified petroleum gas (LPG) | B6: 16.946088 | C6: 18.075838 | D6: 16.946088 | E6: 13.556922 | F6: 12.427171 | G6: 12.427171 | H6: 12.427171 | I6: 13.556922 | J6: 13.556922 | K6: 18.67773 | L6: 46.145056 | M6: 196.66569 | N6: 84.599226 | O6: 204.35658 | P6: 221.9356 | Q6: 257.09372 | R6: 261.48848 | S6: 245.90903 | T6: 235.5693 | U6: 240.3288 | V6: 193.71685 | W6: 188.56836 | X6: 190.69218 | Y6: 193.29493 | DA6: FEC.ktoe.EL.ES.Tr.Road.LPG
A7: Gasoline (without biofuels) | B7: 3417.622 | C7: 3529.7793 | D7: 3695.8991 | E7: 3862.0187 | F7: 3946.6657 | G7: 4113.8435 | H7: 4159.3413 | I7: 4346.6227 | J7: 4265.15 | K7: 4247.8265 | L7: 3867.3928 | M7: 3497.4683 | N7: 3035.0626 | O7: 2777.5867 | P7: 2643.0687 | Q7: 2573.7078 | R7: 2536.9255 | S7: 2450.7542 | T7: 2402.9058 | U7: 2345.5232 | V7: 1880.6179 | W7: 2010.8193 | X7: 2143.2807 | Y7: 2239.5998 | DA7: FEC.ktoe.EL.ES.Tr.Road.Gasoline
A8: Gas/Diesel oil (without biofuels) | B8: 1941.1006 | C8: 1946.2358 | D8: 1977.0469 | E8: 2156.7784 | F8: 2113.6429 | G8: 2110.5617 | H8: 2206.0763 | I8: 2274.8877 | J8: 2212.2384 | K8: 2774.6776 | L8: 2433.8206 | M8: 2124.5056 | N8: 1623.9037 | O8: 1844.6355 | P8: 1924.0613 | Q8: 1990.1978 | R8: 2128.5756 | S8: 2118.9013 | T8: 2192.2353 | U8: 2362.0694 | V8: 2222.4401 | W8: 2344.3752 | X8: 2632.1973 | Y8: 2721.4177 | DA8: FEC.ktoe.EL.ES.Tr.Road.Diesel
A9: Natural gas | B9: 0 | C9: 6.1049011 | D9: 9.6518487 | E9: 10.640585 | F9: 10.597678 | G9: 11.866036 | H9: 12.510834 | I9: 14.337833 | J9: 14.187532 | K9: 14.724764 | L9: 14.144282 | M9: 14.939811 | N9: 14.724764 | O9: 13.413672 | P9: 13.757524 | Q9: 15.111694 | R9: 18.959587 | S9: 12.790198 | T9: 15.191488 | U9: 17.890972 | V9: 18.126053 | W9: 21.036371 | X9: 25.130009 | Y9: 25.785469 | DA9: FEC.ktoe.EL.ES.Tr.Road.NG
A10: Renewable energies and wastes | B10: =SUM(B11:B13) -> 0 | C10: =SUM(C11:C13) -> 0 | D10: =SUM(D11:D13) -> 0 | E10: =SUM(E11:E13) -> 0 | F10: =SUM(F11:F13) -> 0 | G10: =SUM(G11:G13) -> 0 | H10: =SUM(H11:H13) -> 45.070249 | I10: =SUM(I11:I13) -> 83.070593 | ... Y10: =SUM(Y11:Y13) -> 0
A11: Biogas | B11: 0 | C11: 0 | D11: 0 | E11: 0 | F11: 0 | G11: 0 | H11: 0 | I11: 0 | J11: 0 | K11: 0 | L11: 0 | M11: 0 | N11: 0 | O11: 0 | P11: 0 | Q11: 0 | R11: 0 | S11: 0 | T11: 0 | U11: 0 | V11: 0 | W11: 0 | X11: 0 | Y11: 0 | DA11: FEC.ktoe.EL.ES.Tr.Road.Biogas
A12: Biogasoline | B12: 0 | C12: 0 | D12: 0 | E12: 0 | F12: 0 | G12: 0 | H12: 0 | I12: 0 | J12: 0 | K12: 0 | L12: 0 | M12: 0 | N12: 0 | O12: 0 | P12: 0 | Q12: 0 | R12: 0 | S12: 0 | T12: 0 | U12: 25.154342 | V12: 62.666638 | W12: 67.851505 | X12: 0 | Y12: 0 | DA12: FEC.ktoe.EL.ES.Tr.Road.Biogasoline
A13: Biodiesel and other biofuels | B13: 0 | C13: 0 | D13: 0 | E13: 0 | F13: 0 | G13: 0 | H13: 45.070249 | I13: 83.070593 | J13: 67.163457 | K13: 76.000774 | L13: 124.60593 | M13: 103.39639 | N13: 103.39639 | O13: 120.41651 | P13: 130.96397 | Q13: 138.87455 | R13: 146.78512 | S13: 163.68745 | T13: 156.83164 | U13: 160.55219 | V13: 136.50138 | W13: 148.29338 | X13: 0 | Y13: 0 | DA13: FEC.ktoe.EL.ES.Tr.Road.Biodiesel
A14: Hydrogen | B14: 0 | C14: 0 | D14: 0 | E14: 0 | F14: 0 | G14: 0 | H14: 0 | I14: 0 | J14: 0 | K14: 0 | L14: 0 | M14: 0 | N14: 0 | O14: 0 | P14: 0 | Q14: 0 | R14: 0 | S14: 0 | T14: 0 | U14: 0 | V14: 0 | W14: 0 | X14: 0 | Y14: 0 | DA14: FEC.ktoe.EL.ES.Tr.Road.OthLiqBio
A15: Electricity | B15: 0 | C15: 0 | D15: 0 | E15: 0 | F15: 0 | G15: 0 | H15: 0 | I15: 0 | J15: 0 | K15: 0 | L15: 0 | M15: 0 | N15: 0.0002391019 | O15: 4.8967137 | P15: 4.7724182 | Q15: 4.7837036 | R15: 4.7793917 | S15: 4.8006393 | T15: 4.8411826 | U15: 4.9346373 | V15: 5.2332948 | W15: 6.4208047 | X15: 7.7772915 | Y15: 8.3986215 | DA15: FEC.ktoe.EL.ES.Tr.Road.Elec
A17: Total energy consumption (ktoe) | B17: =B18+B42 -> 5375.6687 | C17: =C18+C42 -> 5500.1958 | D17: =D18+D42 -> 5699.5439 | E17: =E18+E42 -> 6042.9947 | F17: =F18+F42 -> 6083.3334 | G17: =G18+G42 -> 6248.6985 | H17: =H18+H42 -> 6435.4258 | I17: =I18+I42 -> 6732.4758 | ... Y17: =Y18+Y42 -> 5188.4966 | DA17: FEC.ktoe.EL.Tr.Road
A18: Passenger transport | B18: =B19+B21+B33 -> 3489.3262 | C18: =C19+C21+C33 -> 3602.8369 | D18: =D19+D21+D33 -> 3763.6004 | E18: =E19+E21+E33 -> 4098.6438 | F18: =F19+F21+F33 -> 4027.1268 | G18: =G19+G21+G33 -> 4281.4317 | H18: =H19+H21+H33 -> 4364.0647 | I18: =I19+I21+I33 -> 4572.156 | ... Y18: =Y19+Y21+Y33 -> 3409.7077 | DA18: FEC.ktoe.EL.Tr.Road.Passenger
A19: Powered two-wheelers (Gasoline) | B19: 169.12614 | C19: 183.28186 | D19: 201.62988 | E19: 211.32154 | F19: 212.79747 | G19: 219.1618 | H19: 200.05889 | I19: 200.25704 | J19: 214.65444 | K19: 220.15019 | L19: 260.32986 | M19: 266.29533 | N19: 273.80395 | O19: 274.02632 | P19: 275.64602 | Q19: 274.08171 | R19: 279.00707 | S19: 260.45705 | T19: 239.40439 | U19: 250.8445 | V19: 222.00304 | W19: 228.38899 | X19: 229.78835 | Y19: 243.49836 | DA19: FEC.ktoe.EL.Tr.Road.Passenger.P2W
A20: of which biofuels | B20: 0 | C20: 0 | D20: 0 | E20: 0 | F20: 0 | G20: 0 | H20: 0 | I20: 0 | J20: 0 | K20: 0 | L20: 0 | M20: 0 | N20: 0 | O20: 0 | P20: 0 | Q20: 0 | R20: 0 | S20: 0 | T20: 0 | U20: 2.661614 | V20: 7.1591082 | W20: 7.4550218 | X20: 0 | Y20: 0 | DA20: FEC.ktoe.EL.Tr.Road.Passenger.P2W.Total.Total.Biogasoline
A21: Passenger cars | B21: =B22+B24+B26+B27+B29+B32 -> 2753.7785 | C21: =C22+C24+C26+C27+C29+C32 -> 2871.0518 | D21: =D22+D24+D26+D27+D29+D32 -> 3015.7593 | E21: =E22+E24+E26+E27+E29+E32 -> 3184.1351 | F21: =F22+F24+F26+F27+F29+F32 -> 3282.7506 | G21: =G22+G24+G26+G27+G29+G32 -> 3461.6524 | H21: =H22+H24+H26+H27+H29+H32 -> 3576.0108 | I21: =I22+I24+I26+I27+I29+I32 -> 3765.8208 | ... Y21: =Y22+Y24+Y26+Y27+Y29+Y32 -> 2582.937 | DA21: FEC.ktoe.EL.Tr.Road.Passenger.Car
A22: Gasoline engine | B22: 2583.2559 | C22: 2704.2933 | D22: 2850.6339 | E22: 3014.1211 | F22: 3129.2175 | G22: 3302.561 | H22: 3401.5808 | I22: 3576.5342 | J22: 3496.5192 | K22: 3567.6404 | L22: 3179.8784 | M22: 2881.5764 | N22: 2476.655 | O22: 2222.8212 | P22: 2093.3449 | Q22: 2020.7321 | R22: 1974.5081 | S22: 1922.5091 | T22: 1867.2005 | U22: 1824.5522 | V22: 1458.3232 | W22: 1562.0861 | X22: 1629.2112 | Y22: 1714.8819 | DA22: FEC.ktoe.EL.Tr.Road.Passenger.Car.ICE.Gasoline
A23: of which biofuels | B23: 0 | C23: 0 | D23: 0 | E23: 0 | F23: 0 | G23: 0 | H23: 0 | I23: 0 | J23: 0 | K23: 0 | L23: 0 | M23: 0 | N23: 0 | O23: 0 | P23: 0 | Q23: 0 | R23: 0 | S23: 0 | T23: 0 | U23: 19.359617 | V23: 47.027706 | W23: 50.989262 | X23: 0 | Y23: 0 | DA23: FEC.ktoe.EL.Tr.Road.Passenger.Car.ICE.Gasoline.Biogasoline
A24: Diesel oil engine | B24: 153.57647 | C24: 147.74715 | D24: 146.66951 | E24: 154.79899 | F24: 139.46123 | G24: 144.84454 | H24: 160.10202 | I24: 173.59791 | J24: 159.18598 | K24: 195.02964 | L24: 182.83616 | M24: 169.38619 | N24: 169.57178 | O24: 99.699838 | P24: 125.88877 | Q24: 240.91364 | R24: 295.48778 | S24: 363.7771 | T24: 418.84668 | U24: 499.54825 | V24: 423.71997 | W24: 514.78356 | X24: 578.25656 | Y24: 662.60489 | DA24: FEC.ktoe.EL.Tr.Road.Passenger.Car.ICE.Diesel
A25: of which biofuels | B25: 0 | C25: 0 | D25: 0 | E25: 0 | F25: 0 | G25: 0 | H25: 3.2054058 | I25: 6.1158339 | J25: 4.6904763 | K25: 5.1996059 | L25: 8.9048761 | M25: 7.8611718 | N25: 10.150587 | O25: 6.1095108 | P25: 8.0227205 | Q25: 15.714249 | R25: 19.062125 | S25: 26.086935 | T25: 27.963619 | U25: 31.793737 | V25: 24.518777 | W25: 30.625408 | X25: 0 | Y25: 0 | DA25: FEC.ktoe.EL.Tr.Road.Passenger.Car.ICE.Diesel.BioDiesel_OthLiqBio
A26: LPG engine | B26: 16.946088 | C26: 18.075838 | D26: 16.946088 | E26: 13.556922 | F26: 12.427171 | G26: 12.427171 | H26: 12.427171 | I26: 13.556922 | J26: 13.556922 | K26: 18.67773 | L26: 46.145056 | M26: 196.66569 | N26: 84.599226 | O26: 204.35658 | P26: 221.9356 | Q26: 257.09372 | R26: 261.48848 | S26: 245.90903 | T26: 235.5693 | U26: 240.3288 | V26: 193.71685 | W26: 188.56836 | X26: 190.69218 | Y26: 193.29493 | DA26: FEC.ktoe.EL.Tr.Road.Passenger.Car.ICE.LPG
A27: Natural gas engine | B27: 0 | C27: 0.93552166 | D27: 1.5097886 | E27: 1.6581136 | F27: 1.6447264 | G27: 1.8197051 | H27: 1.9007537 | I27: 2.1317791 | J27: 2.0772887 | K27: 2.6221375 | L27: 2.9373222 | M27: 3.0722075 | N27: 3.0277847 | O27: 2.8755759 | P27: 2.8922259 | Q27: 2.9866043 | R27: 2.9921164 | S27: 2.8317174 | T27: 2.8162809 | U27: 2.9240947 | V27: 3.4233187 | W27: 3.5339692 | X27: 3.9095897 | Y27: 4.5833392 | DA27: FEC.ktoe.EL.Tr.Road.Passenger.Car.ICE.NGas
A28: of which biogas | B28: 0 | C28: 0 | D28: 0 | E28: 0 | F28: 0 | G28: 0 | H28: 0 | I28: 0 | J28: 0 | K28: 0 | L28: 0 | M28: 0 | N28: 0 | O28: 0 | P28: 0 | Q28: 0 | R28: 0 | S28: 0 | T28: 0 | U28: 0 | V28: 0 | W28: 0 | X28: 0 | Y28: 0 | DA28: FEC.ktoe.EL.Tr.Road.Passenger.Car.ICE.NGas.Biogas
A29: Plug-in hybrid electric (gasoline and electricity) | B29: 0 | C29: 0 | D29: 0 | E29: 0 | F29: 0 | G29: 0 | H29: 0 | I29: 0 | J29: 0 | K29: 0 | L29: 0 | M29: 0 | N29: 0.00020916406 | O29: 0.00013369625 | P29: 0.0036204274 | Q29: 0.0077439888 | R29: 0.020438865 | S29: 0.055998793 | T29: 0.10647751 | U29: 0.17142814 | V29: 0.51946676 | W29: 1.7231894 | X29: 3.050364 | Y29: 4.9409949 | DA29: FEC.ktoe.EL.Tr.Road.Passenger.Car.PHEV.Gasoline
A30: of which biofuels | B30: 0 | C30: 0 | D30: 0 | E30: 0 | F30: 0 | G30: 0 | H30: 0 | I30: 0 | J30: 0 | K30: 0 | L30: 0 | M30: 0 | N30: 0 | O30: 0 | P30: 0 | Q30: 0 | R30: 0 | S30: 0 | T30: 0 | U30: 0.0010470958 | V30: 0.0078939176 | W30: 0.025138142 | X30: 0 | Y30: 0 | DA30: FEC.ktoe.EL.Tr.Road.Passenger.Car.PHEV.Gasoline.Biogasoline
A31: of which electricity | B31: 0 | C31: 0 | D31: 0 | E31: 0 | F31: 0 | G31: 0 | H31: 0 | I31: 0 | J31: 0 | K31: 0 | L31: 0 | M31: 0 | N31: 8.4778905e-05 | O31: 9.4327981e-05 | P31: 0.0019856609 | Q31: 0.0038651831 | R31: 0.010226675 | S31: 0.025308433 | T31: 0.047282861 | U31: 0.072744324 | V31: 0.27467737 | W31: 0.95306765 | X31: 1.6977897 | Y31: 2.8124599 | DA31: FEC.ktoe.EL.Tr.Road.Passenger.Car.PHEV.Gasoline.Elec
A32: Battery electric vehicles | B32: 0 | C32: 0 | D32: 0 | E32: 0 | F32: 0 | G32: 0 | H32: 0 | I32: 0 | J32: 0 | K32: 0 | L32: 0 | M32: 0 | N32: 0.00015432299 | O32: 0.00048613637 | P32: 0.0072899376 | Q32: 0.01432654 | R32: 0.019439074 | S32: 0.024924191 | T32: 0.037003599 | U32: 0.083774291 | V32: 0.20880629 | W32: 0.70244247 | X32: 1.3489124 | Y32: 2.6310273 | DA32: FEC.ktoe.EL.Tr.Road.Passenger.Car.BEV
A33: Motor coaches, buses and trolley buses | B33: =B34+B36+B38+B39+B41 -> 566.42158 | C33: =C34+C36+C38+C39+C41 -> 548.50324 | D33: =D34+D36+D38+D39+D41 -> 546.21122 | E33: =E34+E36+E38+E39+E41 -> 703.18712 | F33: =F34+F36+F38+F39+F41 -> 531.57872 | G33: =G34+G36+G38+G39+G41 -> 600.61744 | H33: =H34+H36+H38+H39+H41 -> 587.99505 | I33: =I34+I36+I38+I39+I41 -> 606.07808 | ... Y33: =Y34+Y36+Y38+Y39+Y41 -> 583.27235 | DA33: FEC.ktoe.EL.Tr.Road.Passenger.Bus
A34: Gasoline engine | B34: 0 | C34: 0 | D34: 0 | E34: 0 | F34: 0 | G34: 0 | H34: 0 | I34: 0 | J34: 0 | K34: 0 | L34: 0 | M34: 0 | N34: 0 | O34: 0 | P34: 0 | Q34: 0 | R34: 0 | S34: 0 | T34: 0 | U34: 0 | V34: 0 | W34: 0 | X34: 0 | Y34: 0 | DA34: FEC.ktoe.EL.Tr.Road.Passenger.Bus.ICE.Gasoline
A35: of which biofuels | B35: 0 | C35: 0 | D35: 0 | E35: 0 | F35: 0 | G35: 0 | H35: 0 | I35: 0 | J35: 0 | K35: 0 | L35: 0 | M35: 0 | N35: 0 | O35: 0 | P35: 0 | Q35: 0 | R35: 0 | S35: 0 | T35: 0 | U35: 0 | V35: 0 | W35: 0 | X35: 0 | Y35: 0 | DA35: FEC.ktoe.EL.Tr.Road.Passenger.Bus.ICE.Gasoline.Biogasoline
A36: Diesel oil engine | B36: 566.42158 | C36: 543.33386 | D36: 538.06916 | E36: 694.20465 | F36: 522.62577 | G36: 590.57111 | H36: 577.38497 | I36: 593.87203 | J36: 543.07792 | K36: 646.26014 | L36: 566.22636 | M36: 603.08122 | N36: 494.55975 | O36: 558.05457 | P36: 539.11773 | Q36: 515.01556 | R36: 518.24764 | S36: 527.80317 | T36: 532.94325 | U36: 547.26937 | V36: 537.34973 | W36: 524.88355 | X36: 537.74445 | Y36: 559.11509 | DA36: FEC.ktoe.EL.Tr.Road.Passenger.Bus.ICE.Diesel
A37: of which biofuels | B37: 0 | C37: 0 | D37: 0 | E37: 0 | F37: 0 | G37: 0 | H37: 11.559836 | I37: 20.922042 | J37: 16.002001 | K37: 17.229678 | L37: 27.577562 | M37: 27.988853 | N37: 29.604405 | O37: 34.197051 | P37: 34.357241 | Q37: 33.593294 | R37: 33.432521 | S37: 37.849461 | T37: 35.58109 | U37: 34.830947 | V37: 31.094022 | W37: 31.226275 | X37: 0 | Y37: 0 | DA37: FEC.ktoe.EL.Tr.Road.Passenger.Bus.ICE.Diesel.BioDiesel_OthLiqBio
A38: LPG engine | B38: 0 | C38: 0 | D38: 0 | E38: 0 | F38: 0 | G38: 0 | H38: 0 | I38: 0 | J38: 0 | K38: 0 | L38: 0 | M38: 0 | N38: 0 | O38: 0 | P38: 0 | Q38: 0 | R38: 0 | S38: 0 | T38: 0 | U38: 0 | V38: 0 | W38: 0 | X38: 0 | Y38: 0 | DA38: FEC.ktoe.EL.Tr.Road.Passenger.Bus.ICE.LPG
A39: Natural gas engine | B39: 0 | C39: 5.1693795 | D39: 8.14206 | E39: 8.9824711 | F39: 8.952952 | G39: 10.046331 | H39: 10.61008 | I39: 12.206054 | J39: 12.110244 | K39: 12.102626 | L39: 11.20696 | M39: 11.867603 | N39: 11.696979 | O39: 10.538096 | P39: 10.865298 | Q39: 12.12509 | R39: 15.967471 | S39: 9.9584804 | T39: 12.375207 | U39: 14.966877 | V39: 14.702735 | W39: 17.502402 | X39: 21.220419 | Y39: 21.202129 | DA39: FEC.ktoe.EL.Tr.Road.Passenger.Bus.ICE.NGas
A40: of which biogas | B40: 0 | C40: 0 | D40: 0 | E40: 0 | F40: 0 | G40: 0 | H40: 0 | I40: 0 | J40: 0 | K40: 0 | L40: 0 | M40: 0 | N40: 0 | O40: 0 | P40: 0 | Q40: 0 | R40: 0 | S40: 0 | T40: 0 | U40: 0 | V40: 0 | W40: 0 | X40: 0 | Y40: 0 | DA40: FEC.ktoe.EL.Tr.Road.Passenger.Bus.ICE.NGas.Biogas
A41: Battery electric vehicles | B41: 0 | C41: 0 | D41: 0 | E41: 0 | F41: 0 | G41: 0 | H41: 0 | I41: 0 | J41: 0 | K41: 0 | L41: 0 | M41: 0 | N41: 0 | O41: 4.8961332 | P41: 4.7631426 | Q41: 4.7655119 | R41: 4.749726 | S41: 4.7504066 | T41: 4.7568961 | U41: 4.7781187 | V41: 4.7498112 | W41: 4.7652946 | X41: 4.7305894 | Y41: 2.9551343 | DA41: FEC.ktoe.EL.Tr.Road.Passenger.Bus.BEV
A42: Freight transport | B42: =B43+B52 -> 1886.3425 | C42: =C43+C52 -> 1897.3589 | D42: =D43+D52 -> 1935.9436 | E42: =E43+E52 -> 1944.3509 | F42: =F43+F52 -> 2056.2066 | G42: =G43+G52 -> 1967.2668 | H42: =H43+H52 -> 2071.3611 | I42: =I43+I52 -> 2160.3198 | ... Y42: =Y43+Y52 -> 1778.7888 | DA42: FEC.ktoe.EL.Tr.Road.Freight
A43: Light commercial vehicles | B43: =B44+B46+B48+B49+B51 -> 797.28471 | C43: =C44+C46+C48+C49+C51 -> 789.62906 | D43: =D44+D46+D48+D49+D51 -> 805.56547 | E43: =E44+E46+E48+E49+E51 -> 825.06912 | F43: =F44+F46+F48+F49+F51 -> 808.42247 | G43: =G44+G46+G48+G49+G51 -> 808.48632 | H43: =H44+H46+H48+H49+H51 -> 809.25438 | I43: =I44+I46+I48+I49+I51 -> 855.01783 | ... Y43: =Y44+Y46+Y48+Y49+Y51 -> 697.83698 | DA43: FEC.ktoe.EL.Tr.Road.Freight.LCV
A44: Gasoline engine | B44: 665.23996 | C44: 642.20409 | D44: 643.63529 | E44: 636.57612 | F44: 604.65072 | G44: 592.12069 | H44: 557.70154 | I44: 569.83143 | J44: 553.97627 | K44: 460.03588 | L44: 427.18449 | M44: 349.5965 | N44: 284.60355 | O44: 280.73909 | P44: 274.07613 | Q44: 278.89016 | R44: 283.40019 | S44: 267.75738 | T44: 296.24165 | U44: 295.18217 | V44: 262.71347 | W44: 287.42565 | X44: 282.92851 | Y44: 279.09108 | DA44: FEC.ktoe.EL.Tr.Road.Freight.LCV.ICE.Gasoline
A45: of which biofuels | B45: 0 | C45: 0 | D45: 0 | E45: 0 | F45: 0 | G45: 0 | H45: 0 | I45: 0 | J45: 0 | K45: 0 | L45: 0 | M45: 0 | N45: 0 | O45: 0 | P45: 0 | Q45: 0 | R45: 0 | S45: 0 | T45: 0 | U45: 3.1320638 | V45: 8.4719296 | W45: 9.3820831 | X45: 0 | Y45: 0 | DA45: FEC.ktoe.EL.Tr.Road.Freight.LCV.ICE.Gasoline.Biogasoline
A46: Diesel oil engine | B46: 132.04475 | C46: 147.42497 | D46: 161.93018 | E46: 188.493 | F46: 203.77175 | G46: 216.36563 | H46: 251.55283 | I46: 285.1864 | J46: 280.78886 | K46: 320.81606 | L46: 357.82397 | M46: 318.69339 | N46: 265.78268 | O46: 357.81758 | P46: 363.22009 | Q46: 484.52079 | R46: 525.53249 | S46: 446.55648 | T46: 413.97944 | U46: 416.26603 | V46: 350.30864 | W46: 379.22192 | X46: 400.27673 | Y46: 418.7459 | DA46: FEC.ktoe.EL.Tr.Road.Freight.LCV.ICE.Diesel
A47: of which biofuels | B47: 0 | C47: 0 | D47: 0 | E47: 0 | F47: 0 | G47: 0 | H47: 5.0363442 | I47: 10.047083 | J47: 8.2735522 | K47: 8.5531463 | L47: 17.427505 | M47: 14.790483 | N47: 15.909783 | O47: 21.926719 | P47: 23.147524 | Q47: 31.60419 | R47: 33.902472 | S47: 32.023154 | T47: 27.638665 | U47: 26.493242 | V47: 20.270792 | W47: 22.5606 | X47: 0 | Y47: 0 | DA47: FEC.ktoe.EL.Tr.Road.Freight.LCV.ICE.Diesel.BioDiesel_OthLiqBio
A48: LPG engine | B48: 0 | C48: 0 | D48: 0 | E48: 0 | F48: 0 | G48: 0 | H48: 0 | I48: 0 | J48: 0 | K48: 0 | L48: 0 | M48: 0 | N48: 0 | O48: 0 | P48: 0 | Q48: 0 | R48: 0 | S48: 0 | T48: 0 | U48: 0 | V48: 0 | W48: 0 | X48: 0 | Y48: 0 | DA48: FEC.ktoe.EL.Tr.Road.Freight.LCV.ICE.LPG
A49: Natural gas engine | B49: 0 | C49: 0 | D49: 0 | E49: 0 | F49: 0 | G49: 0 | H49: 0 | I49: 0 | J49: 0 | K49: 0 | L49: 0 | M49: 0 | N49: 0 | O49: 0 | P49: 0 | Q49: 0 | R49: 0 | S49: 0 | T49: 0 | U49: 0 | V49: 0 | W49: 0 | X49: 0 | Y49: 0 | DA49: FEC.ktoe.EL.Tr.Road.Freight.LCV.ICE.NGas
A50: of which biogas | B50: 0 | C50: 0 | D50: 0 | E50: 0 | F50: 0 | G50: 0 | H50: 0 | I50: 0 | J50: 0 | K50: 0 | L50: 0 | M50: 0 | N50: 0 | O50: 0 | P50: 0 | Q50: 0 | R50: 0 | S50: 0 | T50: 0 | U50: 0 | V50: 0 | W50: 0 | X50: 0 | Y50: 0 | DA50: FEC.ktoe.EL.Tr.Road.Freight.LCV.ICE.NGas.Biogas
A51: Battery electric vehicles | B51: 0 | C51: 0 | D51: 0 | E51: 0 | F51: 0 | G51: 0 | H51: 0 | I51: 0 | J51: 0 | K51: 0 | L51: 0 | M51: 0 | N51: 0 | O51: 0 | P51: 0 | Q51: 0 | R51: 0 | S51: 0 | T51: 0 | U51: 0 | V51: 0 | W51: 0 | X51: 0 | Y51: 0 | DA51: FEC.ktoe.EL.Tr.Road.Freight.LCV.BEV
A52: Heavy goods vehicles (diesel oil incl. biofuels) | B52: =B53+B55 -> 1089.0578 | C52: =C53+C55 -> 1107.7298 | D52: =D53+D55 -> 1130.3781 | E52: =E53+E55 -> 1119.2818 | F52: =F53+F55 -> 1247.7842 | G52: =G53+G55 -> 1158.7805 | H52: =H53+H55 -> 1262.1067 | I52: =I53+I55 -> 1305.302 | ... Y52: =Y53+Y55 -> 1080.9518 | DA52: FEC.ktoe.EL.Tr.Road.Freight.HGV_All
A53: Domestic | B53: 994.60511 | C53: 1010.0032 | D53: 1029.0647 | E53: 929.15589 | F53: 1130.6092 | G53: 997.51889 | H53: 1091.6228 | I53: 1132.339 | J53: 1154.9008 | K53: 1457.7271 | L53: 1268.6976 | M53: 969.27871 | N53: 703.80762 | O53: 776.54686 | P53: 856.88915 | Q53: 759.0292 | R53: 790.91347 | S53: 760.21527 | T53: 794.25016 | U53: 915.43796 | V53: 857.31059 | W53: 869.89832 | X53: 888.42158 | Y53: 839.68154 | DA53: FEC.ktoe.EL.Tr.Road.Freight.HGV_Domestic
A54: of which biofuels | B54: 0 | C54: 0 | D54: 0 | E54: 0 | F54: 0 | G54: 0 | H54: 21.855402 | I54: 39.89217 | J54: 34.029598 | K54: 38.863869 | L54: 61.790811 | M54: 44.983989 | N54: 42.130008 | O54: 47.586049 | P54: 54.608383 | Q54: 49.50975 | R54: 51.022386 | S54: 54.516039 | T54: 53.026822 | U54: 58.263028 | V54: 49.608724 | W54: 51.75183 | X54: 0 | Y54: 0 | DA54: FEC.ktoe.EL.Tr.Road.Freight.HGV_Domestic.Total.Total.BioDiesel_OthLiqBio
A55: International | B55: 94.452694 | C55: 97.726621 | D55: 101.3134 | E55: 190.12588 | F55: 117.17495 | G55: 161.26157 | H55: 170.48387 | I55: 172.96296 | J55: 141.44833 | K55: 230.84535 | L55: 182.84239 | M55: 167.46248 | N55: 93.578268 | O55: 172.93318 | P55: 169.90954 | Q55: 129.59313 | R55: 145.17933 | S55: 184.23672 | T55: 189.04745 | U55: 144.09998 | V55: 190.25252 | W55: 203.88127 | X55: 227.49802 | Y55: 241.2703 | DA55: FEC.ktoe.EL.Tr.Road.Freight.HGV_International
A56: of which biofuels | B56: 0 | C56: 0 | D56: 0 | E56: 0 | F56: 0 | G56: 0 | H56: 3.4132609 | I56: 6.0934648 | J56: 4.1678295 | K56: 6.1544739 | L56: 8.9051795 | M56: 7.7718927 | N56: 5.6016062 | O56: 10.59718 | P56: 10.828104 | Q56: 8.4530654 | R56: 9.3656211 | S56: 13.211858 | T56: 12.621446 | U56: 9.1712396 | V56: 11.009061 | W56: 12.129267 | X56: 0 | Y56: 0 | DA56: FEC.ktoe.EL.Tr.Road.Freight.HGV_International.Total.Total.BioDiesel_OthLiqBio
A58: Indicators
A60: Vehicle-efficiency - effective (kgoe/100 km) | B60: =IF(B17=0,0,B17/TrRoad_act!B30*100) -> 11.797295 | C60: =IF(C17=0,0,C17/TrRoad_act!C30*100) -> 11.234163 | D60: =IF(D17=0,0,D17/TrRoad_act!D30*100) -> 10.900729 | E60: =IF(E17=0,0,E17/TrRoad_act!E30*100) -> 11.086645 | F60: =IF(F17=0,0,F17/TrRoad_act!F30*100) -> 10.390471 | G60: =IF(G17=0,0,G17/TrRoad_act!G30*100) -> 10.202833 | H60: =IF(H17=0,0,H17/TrRoad_act!H30*100) -> 9.9959779 | I60: =IF(I17=0,0,I17/TrRoad_act!I30*100) -> 9.9280798 | ... Y60: =IF(Y17=0,0,Y17/TrRoad_act!Y30*100) -> 8.2468139 | DA60: Eff.kgoe_per_100km.EL.Tr.Road
A61: Passenger transport | B61: =IF(B18=0,0,B18/TrRoad_act!B31*100) -> 9.5172547 | C61: =IF(C18=0,0,C18/TrRoad_act!C31*100) -> 9.055412 | D61: =IF(D18=0,0,D18/TrRoad_act!D31*100) -> 8.8212422 | E61: =IF(E18=0,0,E18/TrRoad_act!E31*100) -> 9.0252373 | F61: =IF(F18=0,0,F18/TrRoad_act!F31*100) -> 8.3712254 | G61: =IF(G18=0,0,G18/TrRoad_act!G31*100) -> 8.3402396 | H61: =IF(H18=0,0,H18/TrRoad_act!H31*100) -> 8.110241 | I61: =IF(I18=0,0,I18/TrRoad_act!I31*100) -> 8.0818915 | ... Y61: =IF(Y18=0,0,Y18/TrRoad_act!Y31*100) -> 6.5468352 | DA61: Eff.kgoe_per_100km.EL.Tr.Road.Passenger
A62: Powered two-wheelers | B62: =IF(B19=0,0,B19/TrRoad_act!B32*100) -> 4.4585772 | C62: =IF(C19=0,0,C19/TrRoad_act!C32*100) -> 4.5682854 | D62: =IF(D19=0,0,D19/TrRoad_act!D32*100) -> 4.5338705 | E62: =IF(E19=0,0,E19/TrRoad_act!E32*100) -> 4.4813253 | F62: =IF(F19=0,0,F19/TrRoad_act!F32*100) -> 4.3471005 | G62: =IF(G19=0,0,G19/TrRoad_act!G32*100) -> 4.3741569 | H62: =IF(H19=0,0,H19/TrRoad_act!H32*100) -> 4.2116139 | I62: =IF(I19=0,0,I19/TrRoad_act!I32*100) -> 4.1204105 | ... Y62: =IF(Y19=0,0,Y19/TrRoad_act!Y32*100) -> 3.356716 | DA62: Eff.kgoe_per_100km.EL.Tr.Road.Passenger.P2W
A63: Passenger cars | B63: =IF(B21=0,0,B21/TrRoad_act!B33*100) -> 8.581401 | C63: =IF(C21=0,0,C21/TrRoad_act!C33*100) -> 8.2069255 | D63: =IF(D21=0,0,D21/TrRoad_act!D33*100) -> 8.0610418 | E63: =IF(E21=0,0,E21/TrRoad_act!E33*100) -> 7.9833196 | F63: =IF(F21=0,0,F21/TrRoad_act!F33*100) -> 7.7416254 | G63: =IF(G21=0,0,G21/TrRoad_act!G33*100) -> 7.6072451 | H63: =IF(H21=0,0,H21/TrRoad_act!H33*100) -> 7.4170778 | I63: =IF(I21=0,0,I21/TrRoad_act!I33*100) -> 7.4036086 | ... Y63: =IF(Y21=0,0,Y21/TrRoad_act!Y33*100) -> 5.8640164 | DA63: Eff.kgoe_per_100km.EL.Tr.Road.Passenger.Car
A64: Gasoline engine | B64: =IF(B22=0,0,B22/TrRoad_act!B34*100) -> 8.7029518 | C64: =IF(C22=0,0,C22/TrRoad_act!C34*100) -> 8.2867603 | D64: =IF(D22=0,0,D22/TrRoad_act!D34*100) -> 8.132611 | E64: =IF(E22=0,0,E22/TrRoad_act!E34*100) -> 8.0605158 | F64: =IF(F22=0,0,F22/TrRoad_act!F34*100) -> 7.7949124 | G64: =IF(G22=0,0,G22/TrRoad_act!G34*100) -> 7.6499177 | H64: =IF(H22=0,0,H22/TrRoad_act!H34*100) -> 7.4561394 | I64: =IF(I22=0,0,I22/TrRoad_act!I34*100) -> 7.4323653 | ... Y64: =IF(Y22=0,0,Y22/TrRoad_act!Y34*100) -> 5.3759318 | DA64: Eff.kgoe_per_100km.EL.Tr.Road.Passenger.Car.ICE.Gasoline
A65: Diesel oil engine | B65: =IF(B24=0,0,B24/TrRoad_act!B35*100) -> 6.9063732 | C65: =IF(C24=0,0,C24/TrRoad_act!C35*100) -> 6.8418045 | D65: =IF(D24=0,0,D24/TrRoad_act!D35*100) -> 6.7338449 | E65: =IF(E24=0,0,E24/TrRoad_act!E35*100) -> 6.6534018 | F65: =IF(F24=0,0,F24/TrRoad_act!F35*100) -> 6.6170123 | G65: =IF(G24=0,0,G24/TrRoad_act!G35*100) -> 6.6451131 | H65: =IF(H24=0,0,H24/TrRoad_act!H35*100) -> 6.5725437 | I65: =IF(I24=0,0,I24/TrRoad_act!I35*100) -> 6.7544574 | ... Y65: =IF(Y24=0,0,Y24/TrRoad_act!Y35*100) -> 7.3553525 | DA65: Eff.kgoe_per_100km.EL.Tr.Road.Passenger.Car.ICE.Diesel
A66: LPG engine | B66: =IF(B26=0,0,B26/TrRoad_act!B36*100) -> 9.216712 | C66: =IF(C26=0,0,C26/TrRoad_act!C36*100) -> 10.067372 | D66: =IF(D26=0,0,D26/TrRoad_act!D36*100) -> 10.282262 | E66: =IF(E26=0,0,E26/TrRoad_act!E36*100) -> 9.274397 | F66: =IF(F26=0,0,F26/TrRoad_act!F36*100) -> 9.2978805 | G66: =IF(G26=0,0,G26/TrRoad_act!G36*100) -> 9.3086979 | H66: =IF(H26=0,0,H26/TrRoad_act!H36*100) -> 9.2160746 | I66: =IF(I26=0,0,I26/TrRoad_act!I36*100) -> 9.0702283 | ... Y66: =IF(Y26=0,0,Y26/TrRoad_act!Y36*100) -> 7.1266992 | DA66: Eff.kgoe_per_100km.EL.Tr.Road.Passenger.Car.ICE.LPG
A67: Natural gas engine | B67: =IF(B27=0,0,B27/TrRoad_act!B37*100) -> 0 | C67: =IF(C27=0,0,C27/TrRoad_act!C37*100) -> 9.03611 | D67: =IF(D27=0,0,D27/TrRoad_act!D37*100) -> 9.0196275 | E67: =IF(E27=0,0,E27/TrRoad_act!E37*100) -> 9.006507 | F67: =IF(F27=0,0,F27/TrRoad_act!F37*100) -> 9.0053127 | G67: =IF(G27=0,0,G27/TrRoad_act!G37*100) -> 8.9791443 | H67: =IF(H27=0,0,H27/TrRoad_act!H37*100) -> 8.9524101 | I67: =IF(I27=0,0,I27/TrRoad_act!I37*100) -> 8.8824136 | ... Y67: =IF(Y27=0,0,Y27/TrRoad_act!Y37*100) -> 4.9214778 | DA67: Eff.kgoe_per_100km.EL.Tr.Road.Passenger.Car.ICE.NGas
A68: Plug-in hybrid electric | B68: =IF(B29=0,0,B29/TrRoad_act!B38*100) -> 0 | C68: =IF(C29=0,0,C29/TrRoad_act!C38*100) -> 0 | D68: =IF(D29=0,0,D29/TrRoad_act!D38*100) -> 0 | E68: =IF(E29=0,0,E29/TrRoad_act!E38*100) -> 0 | F68: =IF(F29=0,0,F29/TrRoad_act!F38*100) -> 0 | G68: =IF(G29=0,0,G29/TrRoad_act!G38*100) -> 0 | H68: =IF(H29=0,0,H29/TrRoad_act!H38*100) -> 0 | I68: =IF(I29=0,0,I29/TrRoad_act!I38*100) -> 0 | ... Y68: =IF(Y29=0,0,Y29/TrRoad_act!Y38*100) -> 2.9266665 | DA68: Eff.kgoe_per_100km.EL.Tr.Road.Passenger.Car.PHEV.Gasoline
A69: Battery electric vehicles | B69: =IF(B32=0,0,B32/TrRoad_act!B39*100) -> 0 | C69: =IF(C32=0,0,C32/TrRoad_act!C39*100) -> 0 | D69: =IF(D32=0,0,D32/TrRoad_act!D39*100) -> 0 | E69: =IF(E32=0,0,E32/TrRoad_act!E39*100) -> 0 | F69: =IF(F32=0,0,F32/TrRoad_act!F39*100) -> 0 | G69: =IF(G32=0,0,G32/TrRoad_act!G39*100) -> 0 | H69: =IF(H32=0,0,H32/TrRoad_act!H39*100) -> 0 | I69: =IF(I32=0,0,I32/TrRoad_act!I39*100) -> 0 | ... Y69: =IF(Y32=0,0,Y32/TrRoad_act!Y39*100) -> 1.5917383 | DA69: Eff.kgoe_per_100km.EL.Tr.Road.Passenger.Car.BEV
A70: Motor coaches, buses and trolley buses | B70: =IF(B33=0,0,B33/TrRoad_act!B40*100) -> 72.63658 | C70: =IF(C33=0,0,C33/TrRoad_act!C40*100) -> 69.32289 | D70: =IF(D33=0,0,D33/TrRoad_act!D40*100) -> 67.728354 | E70: =IF(E33=0,0,E33/TrRoad_act!E40*100) -> 86.526193 | F70: =IF(F33=0,0,F33/TrRoad_act!F40*100) -> 65.811785 | G70: =IF(G33=0,0,G33/TrRoad_act!G40*100) -> 73.283578 | H70: =IF(H33=0,0,H33/TrRoad_act!H40*100) -> 69.508319 | I70: =IF(I33=0,0,I33/TrRoad_act!I40*100) -> 71.466854 | ... Y70: =IF(Y33=0,0,Y33/TrRoad_act!Y40*100) -> 74.733273 | DA70: Eff.kgoe_per_100km.EL.Tr.Road.Passenger.Bus
A71: Gasoline engine | B71: =IF(B34=0,0,B34/TrRoad_act!B41*100) -> 0 | C71: =IF(C34=0,0,C34/TrRoad_act!C41*100) -> 0 | D71: =IF(D34=0,0,D34/TrRoad_act!D41*100) -> 0 | E71: =IF(E34=0,0,E34/TrRoad_act!E41*100) -> 0 | F71: =IF(F34=0,0,F34/TrRoad_act!F41*100) -> 0 | G71: =IF(G34=0,0,G34/TrRoad_act!G41*100) -> 0 | H71: =IF(H34=0,0,H34/TrRoad_act!H41*100) -> 0 | I71: =IF(I34=0,0,I34/TrRoad_act!I41*100) -> 0 | ... Y71: =IF(Y34=0,0,Y34/TrRoad_act!Y41*100) -> 0 | DA71: Eff.kgoe_per_100km.EL.Tr.Road.Passenger.Bus.ICE.Gasoline
A72: Diesel oil engine | B72: =IF(B36=0,0,B36/TrRoad_act!B42*100) -> 72.63658 | C72: =IF(C36=0,0,C36/TrRoad_act!C42*100) -> 69.721 | D72: =IF(D36=0,0,D36/TrRoad_act!D42*100) -> 68.286995 | E72: =IF(E36=0,0,E36/TrRoad_act!E42*100) -> 87.625117 | F72: =IF(F36=0,0,F36/TrRoad_act!F42*100) -> 66.378558 | G72: =IF(G36=0,0,G36/TrRoad_act!G42*100) -> 74.03754 | H72: =IF(H36=0,0,H36/TrRoad_act!H42*100) -> 70.188157 | I72: =IF(I36=0,0,I36/TrRoad_act!I42*100) -> 72.341273 | ... Y72: =IF(Y36=0,0,Y36/TrRoad_act!Y42*100) -> 78.11272 | DA72: Eff.kgoe_per_100km.EL.Tr.Road.Passenger.Bus.ICE.Diesel
A73: LPG engine | B73: =IF(B38=0,0,B38/TrRoad_act!B43*100) -> 0 | C73: =IF(C38=0,0,C38/TrRoad_act!C43*100) -> 0 | D73: =IF(D38=0,0,D38/TrRoad_act!D43*100) -> 0 | E73: =IF(E38=0,0,E38/TrRoad_act!E43*100) -> 0 | F73: =IF(F38=0,0,F38/TrRoad_act!F43*100) -> 0 | G73: =IF(G38=0,0,G38/TrRoad_act!G43*100) -> 0 | H73: =IF(H38=0,0,H38/TrRoad_act!H43*100) -> 0 | I73: =IF(I38=0,0,I38/TrRoad_act!I43*100) -> 0 | ... Y73: =IF(Y38=0,0,Y38/TrRoad_act!Y43*100) -> 0 | DA73: Eff.kgoe_per_100km.EL.Tr.Road.Passenger.Bus.ICE.LPG
A74: Natural gas engine | B74: =IF(B39=0,0,B39/TrRoad_act!B44*100) -> 0 | C74: =IF(C39=0,0,C39/TrRoad_act!C44*100) -> 43.322455 | D74: =IF(D39=0,0,D39/TrRoad_act!D44*100) -> 43.961505 | E74: =IF(E39=0,0,E39/TrRoad_act!E44*100) -> 43.938893 | F74: =IF(F39=0,0,F39/TrRoad_act!F44*100) -> 43.920418 | G74: =IF(G39=0,0,G39/TrRoad_act!G44*100) -> 45.841358 | H74: =IF(H39=0,0,H39/TrRoad_act!H44*100) -> 45.516715 | I74: =IF(I39=0,0,I39/TrRoad_act!I44*100) -> 45.001493 | ... Y74: =IF(Y39=0,0,Y39/TrRoad_act!Y44*100) -> 38.779303 | DA74: Eff.kgoe_per_100km.EL.Tr.Road.Passenger.Bus.ICE.NGas
A75: Battery electric vehicles | B75: =IF(B41=0,0,B41/TrRoad_act!B45*100) -> 0 | C75: =IF(C41=0,0,C41/TrRoad_act!C45*100) -> 0 | D75: =IF(D41=0,0,D41/TrRoad_act!D45*100) -> 0 | E75: =IF(E41=0,0,E41/TrRoad_act!E45*100) -> 0 | F75: =IF(F41=0,0,F41/TrRoad_act!F45*100) -> 0 | G75: =IF(G41=0,0,G41/TrRoad_act!G45*100) -> 0 | H75: =IF(H41=0,0,H41/TrRoad_act!H45*100) -> 0 | I75: =IF(I41=0,0,I41/TrRoad_act!I45*100) -> 0 | ... Y75: =IF(Y41=0,0,Y41/TrRoad_act!Y45*100) -> 29.496909 | DA75: Eff.kgoe_per_100km.EL.Tr.Road.Passenger.Bus.BEV
A76: Freight transport | B76: =IF(B42=0,0,B42/TrRoad_act!B46*100) -> 21.185813 | C76: =IF(C42=0,0,C42/TrRoad_act!C46*100) -> 20.684191 | D76: =IF(D42=0,0,D42/TrRoad_act!D46*100) -> 20.122693 | E76: =IF(E42=0,0,E42/TrRoad_act!E46*100) -> 21.380989 | F76: =IF(F42=0,0,F42/TrRoad_act!F46*100) -> 19.694606 | G76: =IF(G42=0,0,G42/TrRoad_act!G46*100) -> 19.85112 | H76: =IF(H42=0,0,H42/TrRoad_act!H46*100) -> 19.595042 | I76: =IF(I42=0,0,I42/TrRoad_act!I46*100) -> 19.220575 | ... Y76: =IF(Y42=0,0,Y42/TrRoad_act!Y46*100) -> 16.419498 | DA76: Eff.kgoe_per_100km.EL.Tr.Road.Freight
A77: Light commercial vehicles | B77: =IF(B43=0,0,B43/TrRoad_act!B47*100) -> 12.827977 | C77: =IF(C43=0,0,C43/TrRoad_act!C47*100) -> 12.299387 | D77: =IF(D43=0,0,D43/TrRoad_act!D47*100) -> 11.837219 | E77: =IF(E43=0,0,E43/TrRoad_act!E47*100) -> 11.37855 | F77: =IF(F43=0,0,F43/TrRoad_act!F47*100) -> 11.065143 | G77: =IF(G43=0,0,G43/TrRoad_act!G47*100) -> 10.783641 | H77: =IF(H43=0,0,H43/TrRoad_act!H47*100) -> 10.407486 | I77: =IF(I43=0,0,I43/TrRoad_act!I47*100) -> 10.048881 | ... Y77: =IF(Y43=0,0,Y43/TrRoad_act!Y47*100) -> 7.8969208 | DA77: Eff.kgoe_per_100km.EL.Tr.Road.Freight.LCV
A78: Gasoline engine | B78: =IF(B44=0,0,B44/TrRoad_act!B48*100) -> 13.065698 | C78: =IF(C44=0,0,C44/TrRoad_act!C48*100) -> 12.651507 | D78: =IF(D44=0,0,D44/TrRoad_act!D48*100) -> 12.249979 | E78: =IF(E44=0,0,E44/TrRoad_act!E48*100) -> 11.952941 | F78: =IF(F44=0,0,F44/TrRoad_act!F48*100) -> 11.720496 | G78: =IF(G44=0,0,G44/TrRoad_act!G48*100) -> 11.47181 | H78: =IF(H44=0,0,H44/TrRoad_act!H48*100) -> 11.215401 | I78: =IF(I44=0,0,I44/TrRoad_act!I48*100) -> 10.831119 | ... Y78: =IF(Y44=0,0,Y44/TrRoad_act!Y48*100) -> 7.6439179 | DA78: Eff.kgoe_per_100km.EL.Tr.Road.Freight.LCV.ICE.Gasoline
A79: Diesel oil engine | B79: =IF(B46=0,0,B46/TrRoad_act!B49*100) -> 11.75086 | C79: =IF(C46=0,0,C46/TrRoad_act!C49*100) -> 10.969437 | D79: =IF(D46=0,0,D46/TrRoad_act!D49*100) -> 10.43912 | E79: =IF(E46=0,0,E46/TrRoad_act!E49*100) -> 9.7897797 | F79: =IF(F46=0,0,F46/TrRoad_act!F49*100) -> 9.4905083 | G79: =IF(G46=0,0,G46/TrRoad_act!G49*100) -> 9.2629713 | H79: =IF(H46=0,0,H46/TrRoad_act!H49*100) -> 8.9742396 | I79: =IF(I46=0,0,I46/TrRoad_act!I49*100) -> 8.7816425 | ... Y79: =IF(Y46=0,0,Y46/TrRoad_act!Y49*100) -> 8.0750562 | DA79: Eff.kgoe_per_100km.EL.Tr.Road.Freight.LCV.ICE.Diesel
A80: LPG engine | B80: =IF(B48=0,0,B48/TrRoad_act!B50*100) -> 0 | C80: =IF(C48=0,0,C48/TrRoad_act!C50*100) -> 0 | D80: =IF(D48=0,0,D48/TrRoad_act!D50*100) -> 0 | E80: =IF(E48=0,0,E48/TrRoad_act!E50*100) -> 0 | F80: =IF(F48=0,0,F48/TrRoad_act!F50*100) -> 0 | G80: =IF(G48=0,0,G48/TrRoad_act!G50*100) -> 0 | H80: =IF(H48=0,0,H48/TrRoad_act!H50*100) -> 0 | I80: =IF(I48=0,0,I48/TrRoad_act!I50*100) -> 0 | ... Y80: =IF(Y48=0,0,Y48/TrRoad_act!Y50*100) -> 0 | DA80: Eff.kgoe_per_100km.EL.Tr.Road.Freight.LCV.ICE.LPG
A81: Natural gas engine | B81: =IF(B49=0,0,B49/TrRoad_act!B51*100) -> 0 | C81: =IF(C49=0,0,C49/TrRoad_act!C51*100) -> 0 | D81: =IF(D49=0,0,D49/TrRoad_act!D51*100) -> 0 | E81: =IF(E49=0,0,E49/TrRoad_act!E51*100) -> 0 | F81: =IF(F49=0,0,F49/TrRoad_act!F51*100) -> 0 | G81: =IF(G49=0,0,G49/TrRoad_act!G51*100) -> 0 | H81: =IF(H49=0,0,H49/TrRoad_act!H51*100) -> 0 | I81: =IF(I49=0,0,I49/TrRoad_act!I51*100) -> 0 | ... Y81: =IF(Y49=0,0,Y49/TrRoad_act!Y51*100) -> 0 | DA81: Eff.kgoe_per_100km.EL.Tr.Road.Freight.LCV.ICE.NGas
A82: Battery electric vehicles | B82: =IF(B51=0,0,B51/TrRoad_act!B52*100) -> 0 | C82: =IF(C51=0,0,C51/TrRoad_act!C52*100) -> 0 | D82: =IF(D51=0,0,D51/TrRoad_act!D52*100) -> 0 | E82: =IF(E51=0,0,E51/TrRoad_act!E52*100) -> 0 | F82: =IF(F51=0,0,F51/TrRoad_act!F52*100) -> 0 | G82: =IF(G51=0,0,G51/TrRoad_act!G52*100) -> 0 | H82: =IF(H51=0,0,H51/TrRoad_act!H52*100) -> 0 | I82: =IF(I51=0,0,I51/TrRoad_act!I52*100) -> 0 | ... Y82: =IF(Y51=0,0,Y51/TrRoad_act!Y52*100) -> 0 | DA82: Eff.kgoe_per_100km.EL.Tr.Road.Freight.LCV.BEV
A83: Heavy goods vehicles | B83: =IF(B52=0,0,B52/TrRoad_act!B53*100) -> 40.506532 | C83: =IF(C52=0,0,C52/TrRoad_act!C53*100) -> 40.238331 | D83: =IF(D52=0,0,D52/TrRoad_act!D53*100) -> 40.150717 | E83: =IF(E52=0,0,E52/TrRoad_act!E53*100) -> 60.740133 | F83: =IF(F52=0,0,F52/TrRoad_act!F53*100) -> 39.809 | G83: =IF(G52=0,0,G52/TrRoad_act!G53*100) -> 48.027093 | H83: =IF(H52=0,0,H52/TrRoad_act!H53*100) -> 45.153488 | I83: =IF(I52=0,0,I52/TrRoad_act!I53*100) -> 47.795156 | ... Y83: =IF(Y52=0,0,Y52/TrRoad_act!Y53*100) -> 54.140448 | DA83: Eff.kgoe_per_100km.EL.Tr.Road.Freight.HGV_All
A84: Domestic | B84: =IF(B53=0,0,B53/TrRoad_act!B54*100) -> 38.676275 | C84: =IF(C53=0,0,C53/TrRoad_act!C54*100) -> 38.439405 | D84: =IF(D53=0,0,D53/TrRoad_act!D54*100) -> 38.348927 | E84: =IF(E53=0,0,E53/TrRoad_act!E54*100) -> 54.400228 | F84: =IF(F53=0,0,F53/TrRoad_act!F54*100) -> 38.003671 | G84: =IF(G53=0,0,G53/TrRoad_act!G54*100) -> 44.373616 | H84: =IF(H53=0,0,H53/TrRoad_act!H54*100) -> 42.082607 | I84: =IF(I53=0,0,I53/TrRoad_act!I54*100) -> 44.231992 | ... Y84: =IF(Y53=0,0,Y53/TrRoad_act!Y54*100) -> 47.79064 | DA84: Eff.kgoe_per_100km.EL.Tr.Road.Freight.HGV_Domestic
A85: International | B85: =IF(B55=0,0,B55/TrRoad_act!B55*100) -> 80.740976 | C85: =IF(C55=0,0,C55/TrRoad_act!C55*100) -> 77.930962 | D85: =IF(D55=0,0,D55/TrRoad_act!D55*100) -> 76.803604 | E85: =IF(E55=0,0,E55/TrRoad_act!E55*100) -> 141.1074 | F85: =IF(F55=0,0,F55/TrRoad_act!F55*100) -> 73.497421 | G85: =IF(G55=0,0,G55/TrRoad_act!G55*100) -> 97.874226 | H85: =IF(H55=0,0,H55/TrRoad_act!H55*100) -> 84.755548 | I85: =IF(I55=0,0,I55/TrRoad_act!I55*100) -> 101.1278 | ... Y85: =IF(Y55=0,0,Y55/TrRoad_act!Y55*100) -> 100.70982 | DA85: Eff.kgoe_per_100km.EL.Tr.Road.Freight.HGV_International
A87: Energy intensity over activity
A88: Passenger transport (kgoe / kpkm) | B88: =IF(TrRoad_act!B4=0,0,B18/TrRoad_act!B4*1000) -> 39.170248 | C88: =IF(TrRoad_act!C4=0,0,C18/TrRoad_act!C4*1000) -> 38.152059 | D88: =IF(TrRoad_act!D4=0,0,D18/TrRoad_act!D4*1000) -> 37.964288 | E88: =IF(TrRoad_act!E4=0,0,E18/TrRoad_act!E4*1000) -> 39.639676 | F88: =IF(TrRoad_act!F4=0,0,F18/TrRoad_act!F4*1000) -> 37.546976 | G88: =IF(TrRoad_act!G4=0,0,G18/TrRoad_act!G4*1000) -> 38.06273 | H88: =IF(TrRoad_act!H4=0,0,H18/TrRoad_act!H4*1000) -> 37.209144 | I88: =IF(TrRoad_act!I4=0,0,I18/TrRoad_act!I4*1000) -> 37.286983 | ... Y88: =IF(TrRoad_act!Y4=0,0,Y18/TrRoad_act!Y4*1000) -> 24.949315 | DA88: Eff.kgoe_per_kpkm.EL.Tr.Road.Passenger
A89: Powered two-wheelers | B89: =IF(TrRoad_act!B5=0,0,B19/TrRoad_act!B5*1000) -> 38.604162 | C89: =IF(TrRoad_act!C5=0,0,C19/TrRoad_act!C5*1000) -> 39.554819 | D89: =IF(TrRoad_act!D5=0,0,D19/TrRoad_act!D5*1000) -> 39.263658 | E89: =IF(TrRoad_act!E5=0,0,E19/TrRoad_act!E5*1000) -> 38.792321 | F89: =IF(TrRoad_act!F5=0,0,F19/TrRoad_act!F5*1000) -> 37.625373 | G89: =IF(TrRoad_act!G5=0,0,G19/TrRoad_act!G5*1000) -> 37.893868 | H89: =IF(TrRoad_act!H5=0,0,H19/TrRoad_act!H5*1000) -> 36.475563 | I89: =IF(TrRoad_act!I5=0,0,I19/TrRoad_act!I5*1000) -> 35.62849 | ... Y89: =IF(TrRoad_act!Y5=0,0,Y19/TrRoad_act!Y5*1000) -> 29.151127 | DA89: Eff.kgoe_per_kpkm.EL.Tr.Road.Passenger.P2W
A90: Passenger cars | B90: =IF(TrRoad_act!B6=0,0,B21/TrRoad_act!B6*1000) -> 43.710769 | C90: =IF(TrRoad_act!C6=0,0,C21/TrRoad_act!C6*1000) -> 42.221351 | D90: =IF(TrRoad_act!D6=0,0,D21/TrRoad_act!D6*1000) -> 41.885545 | E90: =IF(TrRoad_act!E6=0,0,E21/TrRoad_act!E6*1000) -> 41.896515 | F90: =IF(TrRoad_act!F6=0,0,F21/TrRoad_act!F6*1000) -> 41.034383 | G90: =IF(TrRoad_act!G6=0,0,G21/TrRoad_act!G6*1000) -> 40.725323 | H90: =IF(TrRoad_act!H6=0,0,H21/TrRoad_act!H6*1000) -> 39.733453 | I90: =IF(TrRoad_act!I6=0,0,I21/TrRoad_act!I6*1000) -> 39.640219 | ... Y90: =IF(TrRoad_act!Y6=0,0,Y21/TrRoad_act!Y6*1000) -> 23.608591 | DA90: Eff.kgoe_per_kpkm.EL.Tr.Road.Passenger.Car
A91: Gasoline engine | B91: =IF(TrRoad_act!B7=0,0,B22/TrRoad_act!B7*1000) -> 44.368581 | C91: =IF(TrRoad_act!C7=0,0,C22/TrRoad_act!C7*1000) -> 42.664773 | D91: =IF(TrRoad_act!D7=0,0,D22/TrRoad_act!D7*1000) -> 42.288319 | E91: =IF(TrRoad_act!E7=0,0,E22/TrRoad_act!E7*1000) -> 42.333545 | F91: =IF(TrRoad_act!F7=0,0,F22/TrRoad_act!F7*1000) -> 41.343285 | G91: =IF(TrRoad_act!G7=0,0,G22/TrRoad_act!G7*1000) -> 40.979127 | H91: =IF(TrRoad_act!H7=0,0,H22/TrRoad_act!H7*1000) -> 39.969182 | I91: =IF(TrRoad_act!I7=0,0,I22/TrRoad_act!I7*1000) -> 39.820364 | ... Y91: =IF(TrRoad_act!Y7=0,0,Y22/TrRoad_act!Y7*1000) -> 21.653112 | DA91: Eff.kgoe_per_kpkm.EL.Tr.Road.Passenger.Car.ICE.Gasoline
A92: Diesel oil engine | B92: =IF(TrRoad_act!B8=0,0,B24/TrRoad_act!B8*1000) -> 34.689095 | C92: =IF(TrRoad_act!C8=0,0,C24/TrRoad_act!C8*1000) -> 34.704779 | D92: =IF(TrRoad_act!D8=0,0,D24/TrRoad_act!D8*1000) -> 34.49749 | E92: =IF(TrRoad_act!E8=0,0,E24/TrRoad_act!E8*1000) -> 34.427027 | F92: =IF(TrRoad_act!F8=0,0,F24/TrRoad_act!F8*1000) -> 34.577185 | G92: =IF(TrRoad_act!G8=0,0,G24/TrRoad_act!G8*1000) -> 35.070526 | H92: =IF(TrRoad_act!H8=0,0,H24/TrRoad_act!H8*1000) -> 34.711924 | I92: =IF(TrRoad_act!I8=0,0,I24/TrRoad_act!I8*1000) -> 35.653536 | ... Y92: =IF(TrRoad_act!Y8=0,0,Y24/TrRoad_act!Y8*1000) -> 29.187979 | DA92: Eff.kgoe_per_kpkm.EL.Tr.Road.Passenger.Car.ICE.Diesel
A93: LPG engine | B93: =IF(TrRoad_act!B9=0,0,B26/TrRoad_act!B9*1000) -> 48.398794 | C93: =IF(TrRoad_act!C9=0,0,C26/TrRoad_act!C9*1000) -> 53.394435 | D93: =IF(TrRoad_act!D9=0,0,D26/TrRoad_act!D9*1000) -> 55.079493 | E93: =IF(TrRoad_act!E9=0,0,E26/TrRoad_act!E9*1000) -> 50.17742 | F93: =IF(TrRoad_act!F9=0,0,F26/TrRoad_act!F9*1000) -> 50.807518 | G93: =IF(TrRoad_act!G9=0,0,G26/TrRoad_act!G9*1000) -> 51.375295 | H93: =IF(TrRoad_act!H9=0,0,H26/TrRoad_act!H9*1000) -> 50.89765 | I93: =IF(TrRoad_act!I9=0,0,I26/TrRoad_act!I9*1000) -> 50.06556 | ... Y93: =IF(TrRoad_act!Y9=0,0,Y26/TrRoad_act!Y9*1000) -> 29.579552 | DA93: Eff.kgoe_per_kpkm.EL.Tr.Road.Passenger.Car.ICE.LPG
A94: Natural gas engine | B94: =IF(TrRoad_act!B10=0,0,B27/TrRoad_act!B10*1000) -> 0 | C94: =IF(TrRoad_act!C10=0,0,C27/TrRoad_act!C10*1000) -> 47.924921 | D94: =IF(TrRoad_act!D10=0,0,D27/TrRoad_act!D10*1000) -> 48.315878 | E94: =IF(TrRoad_act!E10=0,0,E27/TrRoad_act!E10*1000) -> 48.72805 | F94: =IF(TrRoad_act!F10=0,0,F27/TrRoad_act!F10*1000) -> 49.208804 | G94: =IF(TrRoad_act!G10=0,0,G27/TrRoad_act!G10*1000) -> 49.556467 | H94: =IF(TrRoad_act!H10=0,0,H27/TrRoad_act!H10*1000) -> 49.441508 | I94: =IF(TrRoad_act!I10=0,0,I27/TrRoad_act!I10*1000) -> 49.028867 | ... Y94: =IF(TrRoad_act!Y10=0,0,Y27/TrRoad_act!Y10*1000) -> 20.426723 | DA94: Eff.kgoe_per_kpkm.EL.Tr.Road.Passenger.Car.ICE.NGas
A95: Plug-in hybrid electric | B95: =IF(TrRoad_act!B11=0,0,B29/TrRoad_act!B11*1000) -> 0 | C95: =IF(TrRoad_act!C11=0,0,C29/TrRoad_act!C11*1000) -> 0 | D95: =IF(TrRoad_act!D11=0,0,D29/TrRoad_act!D11*1000) -> 0 | E95: =IF(TrRoad_act!E11=0,0,E29/TrRoad_act!E11*1000) -> 0 | F95: =IF(TrRoad_act!F11=0,0,F29/TrRoad_act!F11*1000) -> 0 | G95: =IF(TrRoad_act!G11=0,0,G29/TrRoad_act!G11*1000) -> 0 | H95: =IF(TrRoad_act!H11=0,0,H29/TrRoad_act!H11*1000) -> 0 | I95: =IF(TrRoad_act!I11=0,0,I29/TrRoad_act!I11*1000) -> 0 | ... Y95: =IF(TrRoad_act!Y11=0,0,Y29/TrRoad_act!Y11*1000) -> 11.78279 | DA95: Eff.kgoe_per_kpkm.EL.Tr.Road.Passenger.Car.PHEV.Gasoline
A96: Battery electric vehicles | B96: =IF(TrRoad_act!B12=0,0,B32/TrRoad_act!B12*1000) -> 0 | C96: =IF(TrRoad_act!C12=0,0,C32/TrRoad_act!C12*1000) -> 0 | D96: =IF(TrRoad_act!D12=0,0,D32/TrRoad_act!D12*1000) -> 0 | E96: =IF(TrRoad_act!E12=0,0,E32/TrRoad_act!E12*1000) -> 0 | F96: =IF(TrRoad_act!F12=0,0,F32/TrRoad_act!F12*1000) -> 0 | G96: =IF(TrRoad_act!G12=0,0,G32/TrRoad_act!G12*1000) -> 0 | H96: =IF(TrRoad_act!H12=0,0,H32/TrRoad_act!H12*1000) -> 0 | I96: =IF(TrRoad_act!I12=0,0,I32/TrRoad_act!I12*1000) -> 0 | ... Y96: =IF(TrRoad_act!Y12=0,0,Y32/TrRoad_act!Y12*1000) -> 7.9981258 | DA96: Eff.kgoe_per_kpkm.EL.Tr.Road.Passenger.Car.BEV
A97: Motor coaches, buses and trolley buses | B97: =IF(TrRoad_act!B13=0,0,B33/TrRoad_act!B13*1000) -> 26.102377 | C97: =IF(TrRoad_act!C13=0,0,C33/TrRoad_act!C13*1000) -> 25.160699 | D97: =IF(TrRoad_act!D13=0,0,D33/TrRoad_act!D13*1000) -> 24.827783 | E97: =IF(TrRoad_act!E13=0,0,E33/TrRoad_act!E13*1000) -> 32.03586 | F97: =IF(TrRoad_act!F13=0,0,F33/TrRoad_act!F13*1000) -> 24.610126 | G97: =IF(TrRoad_act!G13=0,0,G33/TrRoad_act!G13*1000) -> 27.678223 | H97: =IF(TrRoad_act!H13=0,0,H33/TrRoad_act!H13*1000) -> 26.97225 | I97: =IF(TrRoad_act!I13=0,0,I33/TrRoad_act!I13*1000) -> 27.549004 | ... Y97: =IF(TrRoad_act!Y13=0,0,Y33/TrRoad_act!Y13*1000) -> 30.851564 | DA97: Eff.kgoe_per_kpkm.EL.Tr.Road.Passenger.Bus
A98: Gasoline engine | B98: =IF(TrRoad_act!B14=0,0,B34/TrRoad_act!B14*1000) -> 0 | C98: =IF(TrRoad_act!C14=0,0,C34/TrRoad_act!C14*1000) -> 0 | D98: =IF(TrRoad_act!D14=0,0,D34/TrRoad_act!D14*1000) -> 0 | E98: =IF(TrRoad_act!E14=0,0,E34/TrRoad_act!E14*1000) -> 0 | F98: =IF(TrRoad_act!F14=0,0,F34/TrRoad_act!F14*1000) -> 0 | G98: =IF(TrRoad_act!G14=0,0,G34/TrRoad_act!G14*1000) -> 0 | H98: =IF(TrRoad_act!H14=0,0,H34/TrRoad_act!H14*1000) -> 0 | I98: =IF(TrRoad_act!I14=0,0,I34/TrRoad_act!I14*1000) -> 0 | ... Y98: =IF(TrRoad_act!Y14=0,0,Y34/TrRoad_act!Y14*1000) -> 0 | DA98: Eff.kgoe_per_kpkm.EL.Tr.Road.Passenger.Bus.ICE.Gasoline
A99: Diesel oil engine | B99: =IF(TrRoad_act!B15=0,0,B36/TrRoad_act!B15*1000) -> 26.102377 | C99: =IF(TrRoad_act!C15=0,0,C36/TrRoad_act!C15*1000) -> 25.305193 | D99: =IF(TrRoad_act!D15=0,0,D36/TrRoad_act!D15*1000) -> 25.032569 | E99: =IF(TrRoad_act!E15=0,0,E36/TrRoad_act!E15*1000) -> 32.442731 | F99: =IF(TrRoad_act!F15=0,0,F36/TrRoad_act!F15*1000) -> 24.822069 | G99: =IF(TrRoad_act!G15=0,0,G36/TrRoad_act!G15*1000) -> 27.962984 | H99: =IF(TrRoad_act!H15=0,0,H36/TrRoad_act!H15*1000) -> 27.236057 | I99: =IF(TrRoad_act!I15=0,0,I36/TrRoad_act!I15*1000) -> 27.886074 | ... Y99: =IF(TrRoad_act!Y15=0,0,Y36/TrRoad_act!Y15*1000) -> 32.246675 | DA99: Eff.kgoe_per_kpkm.EL.Tr.Road.Passenger.Bus.ICE.Diesel
A100: LPG engine | B100: =IF(TrRoad_act!B16=0,0,B38/TrRoad_act!B16*1000) -> 0 | C100: =IF(TrRoad_act!C16=0,0,C38/TrRoad_act!C16*1000) -> 0 | D100: =IF(TrRoad_act!D16=0,0,D38/TrRoad_act!D16*1000) -> 0 | E100: =IF(TrRoad_act!E16=0,0,E38/TrRoad_act!E16*1000) -> 0 | F100: =IF(TrRoad_act!F16=0,0,F38/TrRoad_act!F16*1000) -> 0 | G100: =IF(TrRoad_act!G16=0,0,G38/TrRoad_act!G16*1000) -> 0 | H100: =IF(TrRoad_act!H16=0,0,H38/TrRoad_act!H16*1000) -> 0 | I100: =IF(TrRoad_act!I16=0,0,I38/TrRoad_act!I16*1000) -> 0 | ... Y100: =IF(TrRoad_act!Y16=0,0,Y38/TrRoad_act!Y16*1000) -> 0 | DA100: Eff.kgoe_per_kpkm.EL.Tr.Road.Passenger.Bus.ICE.LPG
A101: Natural gas engine | B101: =IF(TrRoad_act!B17=0,0,B39/TrRoad_act!B17*1000) -> 0 | C101: =IF(TrRoad_act!C17=0,0,C39/TrRoad_act!C17*1000) -> 15.723858 | D101: =IF(TrRoad_act!D17=0,0,D39/TrRoad_act!D17*1000) -> 16.115358 | E101: =IF(TrRoad_act!E17=0,0,E39/TrRoad_act!E17*1000) -> 16.26814 | F101: =IF(TrRoad_act!F17=0,0,F39/TrRoad_act!F17*1000) -> 16.423913 | G101: =IF(TrRoad_act!G17=0,0,G39/TrRoad_act!G17*1000) -> 17.313665 | H101: =IF(TrRoad_act!H17=0,0,H39/TrRoad_act!H17*1000) -> 17.662464 | I101: =IF(TrRoad_act!I17=0,0,I39/TrRoad_act!I17*1000) -> 17.347151 | ... Y101: =IF(TrRoad_act!Y17=0,0,Y39/TrRoad_act!Y17*1000) -> 16.008962 | DA101: Eff.kgoe_per_kpkm.EL.Tr.Road.Passenger.Bus.ICE.NGas
A102: Battery electric vehicles | B102: =IF(TrRoad_act!B18=0,0,B41/TrRoad_act!B18*1000) -> 0 | C102: =IF(TrRoad_act!C18=0,0,C41/TrRoad_act!C18*1000) -> 0 | D102: =IF(TrRoad_act!D18=0,0,D41/TrRoad_act!D18*1000) -> 0 | E102: =IF(TrRoad_act!E18=0,0,E41/TrRoad_act!E18*1000) -> 0 | F102: =IF(TrRoad_act!F18=0,0,F41/TrRoad_act!F18*1000) -> 0 | G102: =IF(TrRoad_act!G18=0,0,G41/TrRoad_act!G18*1000) -> 0 | H102: =IF(TrRoad_act!H18=0,0,H41/TrRoad_act!H18*1000) -> 0 | I102: =IF(TrRoad_act!I18=0,0,I41/TrRoad_act!I18*1000) -> 0 | ... Y102: =IF(TrRoad_act!Y18=0,0,Y41/TrRoad_act!Y18*1000) -> 12.176983 | DA102: Eff.kgoe_per_kpkm.EL.Tr.Road.Passenger.Bus.BEV
A103: Freight transport (kgoe / ktkm) | B103: =IF(TrRoad_act!B19=0,0,B42/TrRoad_act!B19*1000) -> 72.607395 | C103: =IF(TrRoad_act!C19=0,0,C42/TrRoad_act!C19*1000) -> 71.154739 | D103: =IF(TrRoad_act!D19=0,0,D42/TrRoad_act!D19*1000) -> 70.757782 | E103: =IF(TrRoad_act!E19=0,0,E42/TrRoad_act!E19*1000) -> 103.48982 | F103: =IF(TrRoad_act!F19=0,0,F42/TrRoad_act!F19*1000) -> 57.757688 | G103: =IF(TrRoad_act!G19=0,0,G42/TrRoad_act!G19*1000) -> 83.396132 | H103: =IF(TrRoad_act!H19=0,0,H42/TrRoad_act!H19*1000) -> 67.363135 | I103: =IF(TrRoad_act!I19=0,0,I42/TrRoad_act!I19*1000) -> 82.76418 | ... Y103: =IF(TrRoad_act!Y19=0,0,Y42/TrRoad_act!Y19*1000) -> 87.613186 | DA103: Eff.kgoe_per_ktkm.EL.Tr.Road.Freight
A104: Light commercial vehicles | B104: =IF(TrRoad_act!B20=0,0,B43/TrRoad_act!B20*1000) -> 607.60949 | C104: =IF(TrRoad_act!C20=0,0,C43/TrRoad_act!C20*1000) -> 572.65265 | D104: =IF(TrRoad_act!D20=0,0,D43/TrRoad_act!D20*1000) -> 548.48421 | E104: =IF(TrRoad_act!E20=0,0,E43/TrRoad_act!E20*1000) -> 518.49862 | F104: =IF(TrRoad_act!F20=0,0,F43/TrRoad_act!F20*1000) -> 497.58813 | G104: =IF(TrRoad_act!G20=0,0,G43/TrRoad_act!G20*1000) -> 483.30572 | H104: =IF(TrRoad_act!H20=0,0,H43/TrRoad_act!H20*1000) -> 455.08771 | I104: =IF(TrRoad_act!I20=0,0,I43/TrRoad_act!I20*1000) -> 436.47399 | ... Y104: =IF(TrRoad_act!Y20=0,0,Y43/TrRoad_act!Y20*1000) -> 321.17649 | DA104: Eff.kgoe_per_ktkm.EL.Tr.Road.Freight.LCV
A105: Gasoline engine | B105: =IF(TrRoad_act!B21=0,0,B44/TrRoad_act!B21*1000) -> 698.80093 | C105: =IF(TrRoad_act!C21=0,0,C44/TrRoad_act!C21*1000) -> 674.08848 | D105: =IF(TrRoad_act!D21=0,0,D44/TrRoad_act!D21*1000) -> 655.57748 | E105: =IF(TrRoad_act!E21=0,0,E44/TrRoad_act!E21*1000) -> 643.10344 | F105: =IF(TrRoad_act!F21=0,0,F44/TrRoad_act!F21*1000) -> 631.05107 | G105: =IF(TrRoad_act!G21=0,0,G44/TrRoad_act!G21*1000) -> 622.16695 | H105: =IF(TrRoad_act!H21=0,0,H44/TrRoad_act!H21*1000) -> 608.27615 | I105: =IF(TrRoad_act!I21=0,0,I44/TrRoad_act!I21*1000) -> 590.6152 | ... Y105: =IF(TrRoad_act!Y21=0,0,Y44/TrRoad_act!Y21*1000) -> 437.86472 | DA105: Eff.kgoe_per_ktkm.EL.Tr.Road.Freight.LCV.ICE.Gasoline
...

Sheet TrRoad_emi
A1: Road transport / CO2 emissions - EL - Greece | B1: 2000 | C1: 2001 | D1: 2002 | E1: 2003 | F1: 2004 | G1: 2005 | H1: 2006 | I1: 2007 | J1: 2008 | K1: 2009 | L1: 2010 | M1: 2011 | N1: 2012 | O1: 2013 | P1: 2014 | Q1: 2015 | R1: 2016 | S1: 2017 | T1: 2018 | U1: 2019 | V1: 2020 | W1: 2021 | X1: 2022 | Y1: 2023 | DA1: Code
A3: CO2 emissions (kt CO2)
A4: by fuel | B4: =B5+B9+B10+B15 -> 15982.944 | C4: =C5+C9+C10+C15 -> 16341.618 | D4: =D5+D9+D10+D15 -> 16924.542 | E4: =E5+E9+E10+E15 -> 17957.502 | F4: =F5+F9+F10+F15 -> 18066.191 | G4: =G5+G9+G10+G15 -> 18544.669 | H4: =H5+H9+H10+H15 -> 18974.52 | I4: =I5+I9+I10+I15 -> 19738.666 | ... Y4: =Y5+Y9+Y10+Y15 -> 15512.302 | DA4: EMI.ktCO2.EL.ES.Tr.Road
A5: Liquids | B5: =SUM(B6:B8) -> 15982.944 | C5: =SUM(C6:C8) -> 16327.279 | D5: =SUM(D6:D8) -> 16901.872 | E5: =SUM(E6:E8) -> 17932.509 | F5: =SUM(F6:F8) -> 18041.299 | G5: =SUM(G6:G8) -> 18516.799 | H5: =SUM(H6:H8) -> 18945.134 | I5: =SUM(I6:I8) -> 19704.989 | ... Y5: =SUM(Y6:Y8) -> 15451.737
A6: Liquified petroleum gas (LPG) | B6: 44.769374 | C6: 47.75403 | D6: 44.769374 | E6: 35.815636 | F6: 32.83098 | G6: 32.83098 | H6: 32.83098 | I6: 35.815636 | J6: 35.815636 | K6: 49.34415 | L6: 121.90928 | M6: 519.56535 | N6: 223.50023 | O6: 539.88368 | P6: 586.32517 | Q6: 679.2084 | R6: 690.81877 | S6: 649.65988 | T6: 622.34366 | U6: 634.91765 | V6: 511.7749 | W6: 498.17324 | X6: 503.78409 | Y6: 510.66022 | DA6: EMI.ktCO2.EL.ES.Tr.Road.LPG
A7: Gasoline (without biofuels) | B7: 9916.0676 | C7: 10241.487 | D7: 10723.475 | E7: 11205.464 | F7: 11451.063 | G7: 11936.121 | H7: 12068.131 | I7: 12611.519 | J7: 12375.13 | K7: 12324.866 | L7: 11221.056 | M7: 10147.738 | N7: 8806.0897 | O7: 8059.0355 | P7: 7668.738 | Q7: 7467.4907 | R7: 7360.7687 | S7: 7110.7466 | T7: 6971.9212 | U7: 6805.424 | V7: 5456.5312 | W7: 5834.2966 | X7: 6218.6272 | Y7: 6498.0923 | DA7: EMI.ktCO2.EL.ES.Tr.Road.Gasoline
A8: Gas/Diesel oil (without biofuels) | B8: 6022.107 | C8: 6038.0384 | D8: 6133.6276 | E8: 6691.2299 | F8: 6557.4055 | G8: 6547.8464 | H8: 6844.1725 | I8: 7057.6544 | J8: 6863.2901 | K8: 8608.2118 | L8: 7550.7306 | M8: 6591.1061 | N8: 5038.0294 | O8: 5722.9639 | P8: 5969.244 | Q8: 6174.427 | R8: 6603.7329 | S8: 6573.7192 | T8: 6801.2223 | U8: 7328.1332 | V8: 6894.9476 | W8: 7273.2643 | X8: 8166.1785 | Y8: 8442.9844 | DA8: EMI.ktCO2.EL.ES.Tr.Road.Diesel
A9: Natural gas | B9: 0 | C9: 14.33916 | D9: 22.670212 | E9: 24.99255 | F9: 24.891772 | G9: 27.870884 | H9: 29.385382 | I9: 33.676628 | J9: 33.323602 | K9: 34.585448 | L9: 33.222016 | M9: 35.09055 | N9: 34.585448 | O9: 31.505962 | P9: 32.3136 | Q9: 35.494268 | R9: 44.53218 | S9: 30.04155 | T9: 35.681687 | U9: 42.022221 | V9: 42.57438 | W9: 49.41012 | X9: 59.025234 | Y9: 60.564775 | DA9: EMI.ktCO2.EL.ES.Tr.Road.NG
A10: Renewable energies and wastes | B10: =SUM(B11:B14) -> 0 | C10: =SUM(C11:C14) -> 0 | D10: =SUM(D11:D14) -> 0 | E10: =SUM(E11:E14) -> 0 | F10: =SUM(F11:F14) -> 0 | G10: =SUM(G11:G14) -> 0 | H10: =SUM(H11:H14) -> 0 | I10: =SUM(I11:I14) -> 0 | ... Y10: =SUM(Y11:Y14) -> 0
A11: Biogas | B11: 0 | C11: 0 | D11: 0 | E11: 0 | F11: 0 | G11: 0 | H11: 0 | I11: 0 | J11: 0 | K11: 0 | L11: 0 | M11: 0 | N11: 0 | O11: 0 | P11: 0 | Q11: 0 | R11: 0 | S11: 0 | T11: 0 | U11: 0 | V11: 0 | W11: 0 | X11: 0 | Y11: 0 | DA11: EMI.ktCO2.EL.ES.Tr.Road.Biogas
A12: Biogasoline | B12: 0 | C12: 0 | D12: 0 | E12: 0 | F12: 0 | G12: 0 | H12: 0 | I12: 0 | J12: 0 | K12: 0 | L12: 0 | M12: 0 | N12: 0 | O12: 0 | P12: 0 | Q12: 0 | R12: 0 | S12: 0 | T12: 0 | U12: 0 | V12: 0 | W12: 0 | X12: 0 | Y12: 0 | DA12: EMI.ktCO2.EL.ES.Tr.Road.Biogasoline
A13: Biodiesel | B13: 0 | C13: 0 | D13: 0 | E13: 0 | F13: 0 | G13: 0 | H13: 0 | I13: 0 | J13: 0 | K13: 0 | L13: 0 | M13: 0 | N13: 0 | O13: 0 | P13: 0 | Q13: 0 | R13: 0 | S13: 0 | T13: 0 | U13: 0 | V13: 0 | W13: 0 | X13: 0 | Y13: 0 | DA13: EMI.ktCO2.EL.ES.Tr.Road.Biodiesel
A14: Other biofuels | B14: 0 | C14: 0 | D14: 0 | E14: 0 | F14: 0 | G14: 0 | H14: 0 | I14: 0 | J14: 0 | K14: 0 | L14: 0 | M14: 0 | N14: 0 | O14: 0 | P14: 0 | Q14: 0 | R14: 0 | S14: 0 | T14: 0 | U14: 0 | V14: 0 | W14: 0 | X14: 0 | Y14: 0 | DA14: EMI.ktCO2.EL.ES.Tr.Road.OthLiqBio
A15: Electricity | B15: 0 | C15: 0 | D15: 0 | E15: 0 | F15: 0 | G15: 0 | H15: 0 | I15: 0 | J15: 0 | K15: 0 | L15: 0 | M15: 0 | N15: 0 | O15: 0 | P15: 0 | Q15: 0 | R15: 0 | S15: 0 | T15: 0 | U15: 0 | V15: 0 | W15: 0 | X15: 0 | Y15: 0 | DA15: EMI.ktCO2.EL.ES.Tr.Road.Elec
A17: Split of CO2 emissions (kt CO2) | B17: =SUM(B18,B33) -> 15982.944 | C17: =SUM(C18,C33) -> 16341.618 | D17: =SUM(D18,D33) -> 16924.542 | E17: =SUM(E18,E33) -> 17957.502 | F17: =SUM(F18,F33) -> 18066.191 | G17: =SUM(G18,G33) -> 18544.669 | H17: =SUM(H18,H33) -> 18974.52 | I17: =SUM(I18,I33) -> 19738.666 | ... Y17: =SUM(Y18,Y33) -> 15512.302 | DA17: EMI.ktCO2.EL.Tr.Road
A18: Passenger transport | B18: =SUM(B19,B20,B27) -> 10264.41 | C18: =SUM(C19,C20,C27) -> 10584.278 | D18: =SUM(D19,D20,D27) -> 11047.784 | E18: =SUM(E19,E20,E27) -> 12053.241 | F18: =SUM(F19,F20,F27) -> 11808.491 | G18: =SUM(G19,G20,G27) -> 12560.38 | H18: =SUM(H19,H20,H27) -> 12754.388 | I18: =SUM(I19,I20,I27) -> 13324.803 | ... Y18: =SUM(Y19,Y20,Y27) -> 10049.838 | DA18: EMI.ktCO2.EL.Tr.Road.Passenger
A19: Powered two-wheelers | B19: 490.71143 | C19: 531.7836 | D19: 585.01951 | E19: 613.13938 | F19: 617.42172 | G19: 635.88752 | H19: 580.46136 | I19: 581.03628 | J19: 622.80963 | K19: 638.75528 | L19: 755.3347 | M19: 772.64322 | N19: 794.42912 | O19: 795.07433 | P19: 799.7738 | Q19: 795.23504 | R19: 809.52574 | S19: 755.70373 | T19: 694.62088 | U19: 720.09084 | V19: 623.36035 | W19: 641.02938 | X19: 666.72002 | Y19: 706.49889 | DA19: EMI.ktCO2.EL.Tr.Road.Passenger.P2W
A20: Passenger cars | B20: =SUM(B21:B26) -> 8016.422 | C20: =SUM(C21:C26) -> 8354.7033 | D20: =SUM(D21:D26) -> 8774.3243 | E20: =SUM(E21:E26) -> 9265.2904 | F20: =SUM(F21:F26) -> 9548.6369 | G20: =SUM(G21:G26) -> 10068.697 | H20: =SUM(H21:H26) -> 10393.579 | I20: =SUM(I21:I26) -> 10937.566 | ... Y20: =SUM(Y21:Y26) -> 7558.929 | DA20: EMI.ktCO2.EL.Tr.Road.Passenger.Car
A21: Gasoline engine | B21: 7495.1941 | C21: 7846.3784 | D21: 8270.9785 | E21: 8745.3289 | F21: 9079.2756 | G21: 9582.2236 | H21: 9869.5249 | I21: 10377.144 | J21: 10144.984 | K21: 10351.339 | L21: 9226.2659 | M21: 8360.7569 | N21: 7185.8965 | O21: 6449.41 | P21: 6073.7406 | Q21: 5863.0579 | R21: 5728.9412 | S21: 5578.0685 | T21: 5417.5969 | U21: 5237.6804 | V21: 4094.8127 | W21: 4384.3755 | X21: 4727.0791 | Y21: 4975.6481 | DA21: EMI.ktCO2.EL.Tr.Road.Passenger.Car.ICE.Gasoline
A22: Diesel oil engine | B22: 476.45852 | C22: 458.37353 | D22: 455.03023 | E22: 480.25128 | F22: 432.66713 | G22: 449.36842 | H22: 486.75902 | I22: 519.59954 | J22: 479.30975 | K22: 588.93228 | L22: 539.6077 | M22: 501.11825 | N22: 494.59129 | O22: 290.36309 | P22: 365.66985 | Q22: 698.66282 | R22: 857.58813 | S22: 1047.6563 | T22: 1212.6812 | U22: 1451.1713 | V22: 1238.4907 | W22: 1502.0677 | X22: 1793.994 | Y22: 2055.6796 | DA22: EMI.ktCO2.EL.Tr.Road.Passenger.Car.ICE.Diesel
A23: LPG engine | B23: 44.769374 | C23: 47.75403 | D23: 44.769374 | E23: 35.815636 | F23: 32.83098 | G23: 32.83098 | H23: 32.83098 | I23: 35.815636 | J23: 35.815636 | K23: 49.34415 | L23: 121.90928 | M23: 519.56535 | N23: 223.50023 | O23: 539.88368 | P23: 586.32517 | Q23: 679.2084 | R23: 690.81877 | S23: 649.65988 | T23: 622.34366 | U23: 634.91765 | V23: 511.7749 | W23: 498.17324 | X23: 503.78409 | Y23: 510.66022 | DA23: EMI.ktCO2.EL.Tr.Road.Passenger.Car.ICE.LPG
A24: Natural gas engine | B24: 0 | C24: 2.1973484 | D24: 3.5461837 | E24: 3.8945686 | F24: 3.8631248 | G24: 4.2741139 | H24: 4.4644805 | I24: 5.0071116 | J24: 4.8791249 | K24: 6.158863 | L24: 6.8991671 | M24: 7.215985 | N24: 7.1116449 | O24: 6.7541378 | P24: 6.7932452 | Q24: 7.0149207 | R24: 7.0278675 | S24: 6.651123 | T24: 6.6148658 | U24: 6.8680983 | V24: 8.0406733 | W24: 8.3005684 | X24: 9.1828239 | Y24: 10.765323 | DA24: EMI.ktCO2.EL.Tr.Road.Passenger.Car.ICE.NGas
A25: Plug-in hybrid electric | B25: 0 | C25: 0 | D25: 0 | E25: 0 | F25: 0 | G25: 0 | H25: 0 | I25: 0 | J25: 0 | K25: 0 | L25: 0 | M25: 0 | N25: 0.0003608976 | O25: 0.00011422515 | P25: 0.0047431972 | Q25: 0.01125417 | R25: 0.029630184 | S25: 0.089046618 | T25: 0.17175057 | U25: 0.28328831 | V25: 0.68734193 | W25: 2.1615346 | X25: 3.9244303 | Y25: 6.175843 | DA25: EMI.ktCO2.EL.Tr.Road.Passenger.Car.PHEV.Gasoline
A26: Battery electric vehicles | B26: 0 | C26: 0 | D26: 0 | E26: 0 | F26: 0 | G26: 0 | H26: 0 | I26: 0 | J26: 0 | K26: 0 | L26: 0 | M26: 0 | N26: 0 | O26: 0 | P26: 0 | Q26: 0 | R26: 0 | S26: 0 | T26: 0 | U26: 0 | V26: 0 | W26: 0 | X26: 0 | Y26: 0 | DA26: EMI.ktCO2.EL.Tr.Road.Passenger.Car.BEV
A27: Motor coaches, buses and trolley buses | B27: =SUM(B28:B32) -> 1757.277 | C27: =SUM(C28:C32) -> 1697.791 | D27: =SUM(D28:D32) -> 1688.4399 | E27: =SUM(E28:E32) -> 2174.8116 | F27: =SUM(F28:F32) -> 1642.4326 | G27: =SUM(G28:G32) -> 1855.7957 | H27: =SUM(H28:H32) -> 1780.3474 | I27: =SUM(I28:I32) -> 1806.2003 | ... Y27: =SUM(Y28:Y32) -> 1784.41 | DA27: EMI.ktCO2.EL.Tr.Road.Passenger.Bus
A28: Gasoline engine | B28: 0 | C28: 0 | D28: 0 | E28: 0 | F28: 0 | G28: 0 | H28: 0 | I28: 0 | J28: 0 | K28: 0 | L28: 0 | M28: 0 | N28: 0 | O28: 0 | P28: 0 | Q28: 0 | R28: 0 | S28: 0 | T28: 0 | U28: 0 | V28: 0 | W28: 0 | X28: 0 | Y28: 0 | DA28: EMI.ktCO2.EL.Tr.Road.Passenger.Bus.ICE.Gasoline
A29: Diesel oil engine | B29: 1757.277 | C29: 1685.6492 | D29: 1669.3159 | E29: 2153.7136 | F29: 1621.404 | G29: 1832.1989 | H29: 1755.4265 | I29: 1777.5308 | J29: 1635.2102 | K29: 1951.5159 | L29: 1671.1142 | M29: 1784.1774 | N29: 1442.4862 | O29: 1625.2629 | P29: 1565.9784 | Q29: 1493.5735 | R29: 1504.0995 | S29: 1520.0416 | T29: 1543.0235 | U29: 1589.7996 | V29: 1570.619 | W29: 1531.538 | X29: 1668.3085 | Y29: 1734.6106 | DA29: EMI.ktCO2.EL.Tr.Road.Passenger.Bus.ICE.Diesel
A30: LPG engine | B30: 0 | C30: 0 | D30: 0 | E30: 0 | F30: 0 | G30: 0 | H30: 0 | I30: 0 | J30: 0 | K30: 0 | L30: 0 | M30: 0 | N30: 0 | O30: 0 | P30: 0 | Q30: 0 | R30: 0 | S30: 0 | T30: 0 | U30: 0 | V30: 0 | W30: 0 | X30: 0 | Y30: 0 | DA30: EMI.ktCO2.EL.Tr.Road.Passenger.Bus.ICE.LPG
A31: Natural gas engine | B31: 0 | C31: 12.141812 | D31: 19.124028 | E31: 21.097981 | F31: 21.028647 | G31: 23.59677 | H31: 24.920901 | I31: 28.669516 | J31: 28.444477 | K31: 28.426585 | L31: 26.322849 | M31: 27.874565 | N31: 27.473803 | O31: 24.751824 | P31: 25.520355 | Q31: 28.479347 | R31: 37.504312 | S31: 23.390427 | T31: 29.066821 | U31: 35.154123 | V31: 34.533707 | W31: 41.109551 | X31: 49.84241 | Y31: 49.799451 | DA31: EMI.ktCO2.EL.Tr.Road.Passenger.Bus.ICE.NGas
A32: Battery electric vehicles | B32: 0 | C32: 0 | D32: 0 | E32: 0 | F32: 0 | G32: 0 | H32: 0 | I32: 0 | J32: 0 | K32: 0 | L32: 0 | M32: 0 | N32: 0 | O32: 0 | P32: 0 | Q32: 0 | R32: 0 | S32: 0 | T32: 0 | U32: 0 | V32: 0 | W32: 0 | X32: 0 | Y32: 0 | DA32: EMI.ktCO2.EL.Tr.Road.Passenger.Bus.BEV
A33: Freight transport | B33: =B34+B40 -> 5718.5336 | C33: =C34+C40 -> 5757.3403 | D33: =D34+D40 -> 5876.7587 | E33: =E34+E40 -> 5904.2604 | F33: =F34+F40 -> 6257.6996 | G33: =G34+G40 -> 5984.2891 | H33: =H34+H40 -> 6220.1314 | I33: =I34+I40 -> 6413.8628 | ... Y33: =Y34+Y40 -> 5462.4638 | DA33: EMI.ktCO2.EL.Tr.Road.Freight
A34: Light commercial vehicles | B34: =SUM(B35:B39) -> 2339.8202 | C34: =SUM(C35:C39) -> 2320.6986 | D34: =SUM(D35:D39) -> 2369.8524 | E34: =SUM(E35:E39) -> 2431.7795 | F34: =SUM(F35:F39) -> 2386.5506 | G34: =SUM(G35:G39) -> 2389.2668 | H34: =SUM(H35:H39) -> 2382.9419 | I34: =SUM(I35:I39) -> 2506.9362 | ... Y34: =SUM(Y35:Y39) -> 2108.8957 | DA34: EMI.ktCO2.EL.Tr.Road.Freight.LCV
A35: Gasoline engine | B35: 1930.1621 | C35: 1863.3246 | D35: 1867.4772 | E35: 1846.9953 | F35: 1754.3653 | G35: 1718.01 | H35: 1618.1445 | I35: 1653.3388 | J35: 1607.3358 | K35: 1334.7722 | L35: 1239.4555 | M35: 1014.3376 | N35: 825.76366 | O35: 814.55111 | P35: 795.21884 | Q35: 809.18652 | R35: 822.27216 | S35: 776.88528 | T35: 859.5316 | U35: 847.36948 | V35: 737.67079 | W35: 806.73017 | X35: 820.90365 | Y35: 809.76949 | DA35: EMI.ktCO2.EL.Tr.Road.Freight.LCV.ICE.Gasoline
A36: Diesel oil engine | B36: 409.65812 | C36: 457.37401 | D36: 502.37525 | E36: 584.78424 | F36: 632.18532 | G36: 671.25679 | H36: 764.79738 | I36: 853.59738 | J36: 845.45662 | K36: 968.77034 | L36: 1056.0524 | M36: 942.83409 | N36: 775.21036 | O36: 1042.0981 | P36: 1055.0475 | Q36: 1405.137 | R36: 1525.2422 | S36: 1286.056 | T36: 1198.5891 | U36: 1209.2392 | V36: 1023.9168 | W36: 1106.5174 | X36: 1241.826 | Y36: 1299.1262 | DA36: EMI.ktCO2.EL.Tr.Road.Freight.LCV.ICE.Diesel
A37: LPG engine | B37: 0 | C37: 0 | D37: 0 | E37: 0 | F37: 0 | G37: 0 | H37: 0 | I37: 0 | J37: 0 | K37: 0 | L37: 0 | M37: 0 | N37: 0 | O37: 0 | P37: 0 | Q37: 0 | R37: 0 | S37: 0 | T37: 0 | U37: 0 | V37: 0 | W37: 0 | X37: 0 | Y37: 0 | DA37: EMI.ktCO2.EL.Tr.Road.Freight.LCV.ICE.LPG
A38: Natural gas engine | B38: 0 | C38: 0 | D38: 0 | E38: 0 | F38: 0 | G38: 0 | H38: 0 | I38: 0 | J38: 0 | K38: 0 | L38: 0 | M38: 0 | N38: 0 | O38: 0 | P38: 0 | Q38: 0 | R38: 0 | S38: 0 | T38: 0 | U38: 0 | V38: 0 | W38: 0 | X38: 0 | Y38: 0 | DA38: EMI.ktCO2.EL.Tr.Road.Freight.LCV.ICE.NGas
A39: Battery electric vehicles | B39: 0 | C39: 0 | D39: 0 | E39: 0 | F39: 0 | G39: 0 | H39: 0 | I39: 0 | J39: 0 | K39: 0 | L39: 0 | M39: 0 | N39: 0 | O39: 0 | P39: 0 | Q39: 0 | R39: 0 | S39: 0 | T39: 0 | U39: 0 | V39: 0 | W39: 0 | X39: 0 | Y39: 0 | DA39: EMI.ktCO2.EL.Tr.Road.Freight.LCV.BEV
A40: Heavy goods vehicles | B40: =SUM(B41:B42) -> 3378.7134 | C40: =SUM(C41:C42) -> 3436.6417 | D40: =SUM(D41:D42) -> 3506.9063 | E40: =SUM(E41:E42) -> 3472.4808 | F40: =SUM(F41:F42) -> 3871.149 | G40: =SUM(G41:G42) -> 3595.0223 | H40: =SUM(H41:H42) -> 3837.1896 | I40: =SUM(I41:I42) -> 3906.9267 | ... Y40: =SUM(Y41:Y42) -> 3353.5681 | DA40: EMI.ktCO2.EL.Tr.Road.Freight.HGV_All
A41: Domestic | B41: 3085.6816 | C41: 3133.4528 | D41: 3192.5897 | E41: 2882.6307 | F41: 3507.6233 | G41: 3094.7214 | H41: 3318.8666 | I41: 3389.2276 | J41: 3477.4119 | K41: 4401.9081 | L41: 3744.3303 | M41: 2867.5493 | N41: 2052.8011 | O41: 2261.5939 | P41: 2489.0109 | Q41: 2201.2265 | R41: 2295.452 | S41: 2189.3746 | T41: 2299.5819 | U41: 2659.3173 | V41: 2505.8323 | W41: 2538.2437 | X41: 2756.2558 | Y41: 2605.0459 | DA41: EMI.ktCO2.EL.Tr.Road.Freight.HGV_Domestic
A42: International | B42: 293.03181 | C42: 303.1889 | D42: 314.3166 | E42: 589.85012 | F42: 363.52577 | G42: 500.30092 | H42: 518.32299 | I42: 517.69906 | J42: 425.90159 | K42: 697.08521 | L42: 539.62608 | M42: 495.42707 | N42: 272.94045 | O42: 503.64587 | P42: 493.53724 | Q42: 375.82722 | R42: 421.35101 | S42: 530.59074 | T42: 547.34657 | U42: 418.60572 | V42: 556.0889 | W42: 594.89752 | X42: 705.79414 | Y42: 748.52213 | DA42: EMI.ktCO2.EL.Tr.Road.Freight.HGV_International
A44: Indicators
A46: Emission factors (kt CO2 / ktoe)
A47: by fuel | B47: =IF(B4=0,0,B4/TrRoad_ene!B4) -> 2.9732011 | C47: =IF(C4=0,0,C4/TrRoad_ene!C4) -> 2.9710975 | D47: =IF(D4=0,0,D4/TrRoad_ene!D4) -> 2.9694556 | E47: =IF(E4=0,0,E4/TrRoad_ene!E4) -> 2.971623 | F47: =IF(F4=0,0,F4/TrRoad_ene!F4) -> 2.9697847 | G47: =IF(G4=0,0,G4/TrRoad_ene!G4) -> 2.9677651 | H47: =IF(H4=0,0,H4/TrRoad_ene!H4) -> 2.9484482 | I47: =IF(I4=0,0,I4/TrRoad_ene!I4) -> 2.9318584 | ... Y47: =IF(Y4=0,0,Y4/TrRoad_ene!Y4) -> 2.9897489
A48: Gasoline (incl. biofuels) | B48: =IF(B7=0,0,(B7+B12)/(TrRoad_ene!B7+TrRoad_ene!B12)) -> 2.9014524 | C48: =IF(C7=0,0,(C7+C12)/(TrRoad_ene!C7+TrRoad_ene!C12)) -> 2.9014524 | D48: =IF(D7=0,0,(D7+D12)/(TrRoad_ene!D7+TrRoad_ene!D12)) -> 2.9014524 | E48: =IF(E7=0,0,(E7+E12)/(TrRoad_ene!E7+TrRoad_ene!E12)) -> 2.9014524 | F48: =IF(F7=0,0,(F7+F12)/(TrRoad_ene!F7+TrRoad_ene!F12)) -> 2.9014524 | G48: =IF(G7=0,0,(G7+G12)/(TrRoad_ene!G7+TrRoad_ene!G12)) -> 2.9014524 | H48: =IF(H7=0,0,(H7+H12)/(TrRoad_ene!H7+TrRoad_ene!H12)) -> 2.9014524 | I48: =IF(I7=0,0,(I7+I12)/(TrRoad_ene!I7+TrRoad_ene!I12)) -> 2.9014524 | ... Y48: =IF(Y7=0,0,(Y7+Y12)/(TrRoad_ene!Y7+TrRoad_ene!Y12)) -> 2.9014524
A49: Diesel oil (incl. biofuels) | B49: =IF(B8=0,0,(B8+B13+B14)/(TrRoad_ene!B8+TrRoad_ene!B13+TrRoad_ene!B14)) -> 3.1024188 | C49: =IF(C8=0,0,(C8+C13+C14)/(TrRoad_ene!C8+TrRoad_ene!C13+TrRoad_ene!C14)) -> 3.1024188 | D49: =IF(D8=0,0,(D8+D13+D14)/(TrRoad_ene!D8+TrRoad_ene!D13+TrRoad_ene!D14)) -> 3.1024188 | E49: =IF(E8=0,0,(E8+E13+E14)/(TrRoad_ene!E8+TrRoad_ene!E13+TrRoad_ene!E14)) -> 3.1024188 | F49: =IF(F8=0,0,(F8+F13+F14)/(TrRoad_ene!F8+TrRoad_ene!F13+TrRoad_ene!F14)) -> 3.1024188 | G49: =IF(G8=0,0,(G8+G13+G14)/(TrRoad_ene!G8+TrRoad_ene!G13+TrRoad_ene!G14)) -> 3.1024188 | H49: =IF(H8=0,0,(H8+H13+H14)/(TrRoad_ene!H8+TrRoad_ene!H13+TrRoad_ene!H14)) -> 3.0403052 | I49: =IF(I8=0,0,(I8+I13+I14)/(TrRoad_ene!I8+TrRoad_ene!I13+TrRoad_ene!I14)) -> 2.993121 | ... Y49: =IF(Y8=0,0,(Y8+Y13+Y14)/(TrRoad_ene!Y8+TrRoad_ene!Y13+TrRoad_ene!Y14)) -> 3.1024213
A50: LPG | B50: =IF(B6=0,0,B6/TrRoad_ene!B6) -> 2.6418708 | C50: =IF(C6=0,0,C6/TrRoad_ene!C6) -> 2.6418708 | D50: =IF(D6=0,0,D6/TrRoad_ene!D6) -> 2.6418708 | E50: =IF(E6=0,0,E6/TrRoad_ene!E6) -> 2.6418708 | F50: =IF(F6=0,0,F6/TrRoad_ene!F6) -> 2.6418708 | G50: =IF(G6=0,0,G6/TrRoad_ene!G6) -> 2.6418708 | H50: =IF(H6=0,0,H6/TrRoad_ene!H6) -> 2.6418708 | I50: =IF(I6=0,0,I6/TrRoad_ene!I6) -> 2.6418708 | ... Y50: =IF(Y6=0,0,Y6/TrRoad_ene!Y6) -> 2.6418708
A51: Natural gas (incl. biogas) | B51: =IF(B9=0,0,(B9+B11)/(TrRoad_ene!B9+TrRoad_ene!B11)) -> 0 | C51: =IF(C9=0,0,(C9+C11)/(TrRoad_ene!C9+TrRoad_ene!C11)) -> 2.3487948 | D51: =IF(D9=0,0,(D9+D11)/(TrRoad_ene!D9+TrRoad_ene!D11)) -> 2.3487948 | E51: =IF(E9=0,0,(E9+E11)/(TrRoad_ene!E9+TrRoad_ene!E11)) -> 2.3487948 | F51: =IF(F9=0,0,(F9+F11)/(TrRoad_ene!F9+TrRoad_ene!F11)) -> 2.3487948 | G51: =IF(G9=0,0,(G9+G11)/(TrRoad_ene!G9+TrRoad_ene!G11)) -> 2.3487948 | H51: =IF(H9=0,0,(H9+H11)/(TrRoad_ene!H9+TrRoad_ene!H11)) -> 2.3487948 | I51: =IF(I9=0,0,(I9+I11)/(TrRoad_ene!I9+TrRoad_ene!I11)) -> 2.3487948 | ... Y51: =IF(Y9=0,0,(Y9+Y11)/(TrRoad_ene!Y9+TrRoad_ene!Y11)) -> 2.3487948
A52: Electricity | B52: =IF(B15=0,0,B15/TrRoad_ene!B15) -> 0 | C52: =IF(C15=0,0,C15/TrRoad_ene!C15) -> 0 | D52: =IF(D15=0,0,D15/TrRoad_ene!D15) -> 0 | E52: =IF(E15=0,0,E15/TrRoad_ene!E15) -> 0 | F52: =IF(F15=0,0,F15/TrRoad_ene!F15) -> 0 | G52: =IF(G15=0,0,G15/TrRoad_ene!G15) -> 0 | H52: =IF(H15=0,0,H15/TrRoad_ene!H15) -> 0 | I52: =IF(I15=0,0,I15/TrRoad_ene!I15) -> 0 | ... Y52: =IF(Y15=0,0,Y15/TrRoad_ene!Y15) -> 0
A54: Emission intensity (g of CO2 / km) | B54: =IF(TrRoad_act!B30=0,0,B17/TrRoad_act!B30*1000 ) -> 350.75731 | C54: =IF(TrRoad_act!C30=0,0,C17/TrRoad_act!C30*1000 ) -> 333.77795 | D54: =IF(TrRoad_act!D30=0,0,D17/TrRoad_act!D30*1000 ) -> 323.69231 | E54: =IF(TrRoad_act!E30=0,0,E17/TrRoad_act!E30*1000 ) -> 329.4533 | F54: =IF(TrRoad_act!F30=0,0,F17/TrRoad_act!F30*1000 ) -> 308.57463 | G54: =IF(TrRoad_act!G30=0,0,G17/TrRoad_act!G30*1000 ) -> 302.79611 | H54: =IF(TrRoad_act!H30=0,0,H17/TrRoad_act!H30*1000 ) -> 294.72623 | I54: =IF(TrRoad_act!I30=0,0,I17/TrRoad_act!I30*1000 ) -> 291.07724 | ... Y54: =IF(TrRoad_act!Y30=0,0,Y17/TrRoad_act!Y30*1000 ) -> 246.55902 | DA54: EMIint.gCO2_per_km.EL.Tr.Road
A55: Passenger transport | B55: =IF(TrRoad_act!B31=0,0,B18/TrRoad_act!B31*1000 ) -> 279.96525 | C55: =IF(TrRoad_act!C31=0,0,C18/TrRoad_act!C31*1000 ) -> 266.02646 | D55: =IF(TrRoad_act!D31=0,0,D18/TrRoad_act!D31*1000 ) -> 258.94135 | E55: =IF(TrRoad_act!E31=0,0,E18/TrRoad_act!E31*1000 ) -> 265.41307 | F55: =IF(TrRoad_act!F31=0,0,F18/TrRoad_act!F31*1000 ) -> 245.46419 | G55: =IF(TrRoad_act!G31=0,0,G18/TrRoad_act!G31*1000 ) -> 244.67652 | H55: =IF(TrRoad_act!H31=0,0,H18/TrRoad_act!H31*1000 ) -> 237.02939 | I55: =IF(TrRoad_act!I31=0,0,I18/TrRoad_act!I31*1000 ) -> 235.53354 | ... Y55: =IF(TrRoad_act!Y31=0,0,Y18/TrRoad_act!Y31*1000 ) -> 192.96268 | DA55: EMIint.gCO2_per_km.EL.Tr.Road.Passenger
A56: Powered two-wheelers | B56: =IF(TrRoad_act!B32=0,0,B19/TrRoad_act!B32*1000 ) -> 129.3635 | C56: =IF(TrRoad_act!C32=0,0,C19/TrRoad_act!C32*1000 ) -> 132.54663 | D56: =IF(TrRoad_act!D32=0,0,D19/TrRoad_act!D32*1000 ) -> 131.5481 | E56: =IF(TrRoad_act!E32=0,0,E19/TrRoad_act!E32*1000 ) -> 130.02352 | F56: =IF(TrRoad_act!F32=0,0,F19/TrRoad_act!F32*1000 ) -> 126.12905 | G56: =IF(TrRoad_act!G32=0,0,G19/TrRoad_act!G32*1000 ) -> 126.91408 | H56: =IF(TrRoad_act!H32=0,0,H19/TrRoad_act!H32*1000 ) -> 122.19797 | I56: =IF(TrRoad_act!I32=0,0,I19/TrRoad_act!I32*1000 ) -> 119.55175 | ... Y56: =IF(TrRoad_act!Y32=0,0,Y19/TrRoad_act!Y32*1000 ) -> 97.393516 | DA56: EMIint.gCO2_per_km.EL.Tr.Road.Passenger.P2W
A57: Passenger cars | B57: =IF(TrRoad_act!B33=0,0,B20/TrRoad_act!B33*1000 ) -> 249.80997 | C57: =IF(TrRoad_act!C33=0,0,C20/TrRoad_act!C33*1000 ) -> 238.81989 | D57: =IF(TrRoad_act!D33=0,0,D20/TrRoad_act!D33*1000 ) -> 234.53528 | E57: =IF(TrRoad_act!E33=0,0,E20/TrRoad_act!E33*1000 ) -> 232.30099 | F57: =IF(TrRoad_act!F33=0,0,F20/TrRoad_act!F33*1000 ) -> 225.18302 | G57: =IF(TrRoad_act!G33=0,0,G20/TrRoad_act!G33*1000 ) -> 221.26729 | H57: =IF(TrRoad_act!H33=0,0,H20/TrRoad_act!H33*1000 ) -> 215.57537 | I57: =IF(TrRoad_act!I33=0,0,I20/TrRoad_act!I33*1000 ) -> 215.03269 | ... Y57: =IF(TrRoad_act!Y33=0,0,Y20/TrRoad_act!Y33*1000 ) -> 171.60962 | DA57: EMIint.gCO2_per_km.EL.Tr.Road.Passenger.Car
A58: Gasoline engine | B58: =IF(TrRoad_act!B34=0,0,B21/TrRoad_act!B34*1000 ) -> 252.512 | C58: =IF(TrRoad_act!C34=0,0,C21/TrRoad_act!C34*1000 ) -> 240.43641 | D58: =IF(TrRoad_act!D34=0,0,D21/TrRoad_act!D34*1000 ) -> 235.96384 | E58: =IF(TrRoad_act!E34=0,0,E21/TrRoad_act!E34*1000 ) -> 233.87203 | F58: =IF(TrRoad_act!F34=0,0,F21/TrRoad_act!F34*1000 ) -> 226.16567 | G58: =IF(TrRoad_act!G34=0,0,G21/TrRoad_act!G34*1000 ) -> 221.95872 | H58: =IF(TrRoad_act!H34=0,0,H21/TrRoad_act!H34*1000 ) -> 216.33634 | I58: =IF(TrRoad_act!I34=0,0,I21/TrRoad_act!I34*1000 ) -> 215.64654 | ... Y58: =IF(TrRoad_act!Y34=0,0,Y21/TrRoad_act!Y34*1000 ) -> 155.9801 | DA58: EMIint.gCO2_per_km.EL.Tr.Road.Passenger.Car.ICE.Gasoline
A59: Diesel oil engine | B59: =IF(TrRoad_act!B35=0,0,B22/TrRoad_act!B35*1000 ) -> 214.26462 | C59: =IF(TrRoad_act!C35=0,0,C22/TrRoad_act!C35*1000 ) -> 212.26143 | D59: =IF(TrRoad_act!D35=0,0,D22/TrRoad_act!D35*1000 ) -> 208.91207 | E59: =IF(TrRoad_act!E35=0,0,E22/TrRoad_act!E35*1000 ) -> 206.41639 | F59: =IF(TrRoad_act!F35=0,0,F22/TrRoad_act!F35*1000 ) -> 205.28743 | G59: =IF(TrRoad_act!G35=0,0,G22/TrRoad_act!G35*1000 ) -> 206.15924 | H59: =IF(TrRoad_act!H35=0,0,H22/TrRoad_act!H35*1000 ) -> 199.82539 | I59: =IF(TrRoad_act!I35=0,0,I22/TrRoad_act!I35*1000 ) -> 202.16908 | ... Y59: =IF(TrRoad_act!Y35=0,0,Y22/TrRoad_act!Y35*1000 ) -> 228.19402 | DA59: EMIint.gCO2_per_km.EL.Tr.Road.Passenger.Car.ICE.Diesel
A60: LPG engine | B60: =IF(TrRoad_act!B36=0,0,B23/TrRoad_act!B36*1000 ) -> 243.49362 | C60: =IF(TrRoad_act!C36=0,0,C23/TrRoad_act!C36*1000 ) -> 265.96695 | D60: =IF(TrRoad_act!D36=0,0,D23/TrRoad_act!D36*1000 ) -> 271.64408 | E60: =IF(TrRoad_act!E36=0,0,E23/TrRoad_act!E36*1000 ) -> 245.01759 | F60: =IF(TrRoad_act!F36=0,0,F23/TrRoad_act!F36*1000 ) -> 245.63799 | G60: =IF(TrRoad_act!G36=0,0,G23/TrRoad_act!G36*1000 ) -> 245.92377 | H60: =IF(TrRoad_act!H36=0,0,H23/TrRoad_act!H36*1000 ) -> 243.47678 | I60: =IF(TrRoad_act!I36=0,0,I23/TrRoad_act!I36*1000 ) -> 239.62371 | ... Y60: =IF(TrRoad_act!Y36=0,0,Y23/TrRoad_act!Y36*1000 ) -> 188.27819 | DA60: EMIint.gCO2_per_km.EL.Tr.Road.Passenger.Car.ICE.LPG
A61: Natural gas engine | B61: =IF(TrRoad_act!B37=0,0,B24/TrRoad_act!B37*1000 ) -> 0 | C61: =IF(TrRoad_act!C37=0,0,C24/TrRoad_act!C37*1000 ) -> 212.23968 | D61: =IF(TrRoad_act!D37=0,0,D24/TrRoad_act!D37*1000 ) -> 211.85254 | E61: =IF(TrRoad_act!E37=0,0,E24/TrRoad_act!E37*1000 ) -> 211.54437 | F61: =IF(TrRoad_act!F37=0,0,F24/TrRoad_act!F37*1000 ) -> 211.51632 | G61: =IF(TrRoad_act!G37=0,0,G24/TrRoad_act!G37*1000 ) -> 210.90167 | H61: =IF(TrRoad_act!H37=0,0,H24/TrRoad_act!H37*1000 ) -> 210.27374 | I61: =IF(TrRoad_act!I37=0,0,I24/TrRoad_act!I37*1000 ) -> 208.62967 | ... Y61: =IF(TrRoad_act!Y37=0,0,Y24/TrRoad_act!Y37*1000 ) -> 115.59541 | DA61: EMIint.gCO2_per_km.EL.Tr.Road.Passenger.Car.ICE.NGas
A62: Plug-in hybrid electric | B62: =IF(TrRoad_act!B38=0,0,B25/TrRoad_act!B38*1000 ) -> 0 | C62: =IF(TrRoad_act!C38=0,0,C25/TrRoad_act!C38*1000 ) -> 0 | D62: =IF(TrRoad_act!D38=0,0,D25/TrRoad_act!D38*1000 ) -> 0 | E62: =IF(TrRoad_act!E38=0,0,E25/TrRoad_act!E38*1000 ) -> 0 | F62: =IF(TrRoad_act!F38=0,0,F25/TrRoad_act!F38*1000 ) -> 0 | G62: =IF(TrRoad_act!G38=0,0,G25/TrRoad_act!G38*1000 ) -> 0 | H62: =IF(TrRoad_act!H38=0,0,H25/TrRoad_act!H38*1000 ) -> 0 | I62: =IF(TrRoad_act!I38=0,0,I25/TrRoad_act!I38*1000 ) -> 0 | ... Y62: =IF(TrRoad_act!Y38=0,0,Y25/TrRoad_act!Y38*1000 ) -> 36.580958 | DA62: EMIint.gCO2_per_km.EL.Tr.Road.Passenger.Car.PHEV.Gasoline
A63: Battery electric vehicles | B63: =IF(TrRoad_act!B39=0,0,B26/TrRoad_act!B39*1000 ) -> 0 | C63: =IF(TrRoad_act!C39=0,0,C26/TrRoad_act!C39*1000 ) -> 0 | D63: =IF(TrRoad_act!D39=0,0,D26/TrRoad_act!D39*1000 ) -> 0 | E63: =IF(TrRoad_act!E39=0,0,E26/TrRoad_act!E39*1000 ) -> 0 | F63: =IF(TrRoad_act!F39=0,0,F26/TrRoad_act!F39*1000 ) -> 0 | G63: =IF(TrRoad_act!G39=0,0,G26/TrRoad_act!G39*1000 ) -> 0 | H63: =IF(TrRoad_act!H39=0,0,H26/TrRoad_act!H39*1000 ) -> 0 | I63: =IF(TrRoad_act!I39=0,0,I26/TrRoad_act!I39*1000 ) -> 0 | ... Y63: =IF(TrRoad_act!Y39=0,0,Y26/TrRoad_act!Y39*1000 ) -> 0 | DA63: EMIint.gCO2_per_km.EL.Tr.Road.Passenger.Car.BEV
A64: Motor coaches, buses and trolley buses | B64: =IF(TrRoad_act!B40=0,0,B27/TrRoad_act!B40*1000 ) -> 2253.4909 | C64: =IF(TrRoad_act!C40=0,0,C27/TrRoad_act!C40*1000 ) -> 2145.7627 | D64: =IF(TrRoad_act!D40=0,0,D27/TrRoad_act!D40*1000 ) -> 2093.6087 | E64: =IF(TrRoad_act!E40=0,0,E27/TrRoad_act!E40*1000 ) -> 2676.0752 | F64: =IF(TrRoad_act!F40=0,0,F27/TrRoad_act!F40*1000 ) -> 2033.4039 | G64: =IF(TrRoad_act!G40=0,0,G27/TrRoad_act!G40*1000 ) -> 2264.3257 | H64: =IF(TrRoad_act!H40=0,0,H27/TrRoad_act!H40*1000 ) -> 2104.5918 | I64: =IF(TrRoad_act!I40=0,0,I27/TrRoad_act!I40*1000 ) -> 2129.8156 | ... Y64: =IF(TrRoad_act!Y40=0,0,Y27/TrRoad_act!Y40*1000 ) -> 2286.3213 | DA64: EMIint.gCO2_per_km.EL.Tr.Road.Passenger.Bus
A65: Gasoline engine | B65: =IF(TrRoad_act!B41=0,0,B28/TrRoad_act!B41*1000 ) -> 0 | C65: =IF(TrRoad_act!C41=0,0,C28/TrRoad_act!C41*1000 ) -> 0 | D65: =IF(TrRoad_act!D41=0,0,D28/TrRoad_act!D41*1000 ) -> 0 | E65: =IF(TrRoad_act!E41=0,0,E28/TrRoad_act!E41*1000 ) -> 0 | F65: =IF(TrRoad_act!F41=0,0,F28/TrRoad_act!F41*1000 ) -> 0 | G65: =IF(TrRoad_act!G41=0,0,G28/TrRoad_act!G41*1000 ) -> 0 | H65: =IF(TrRoad_act!H41=0,0,H28/TrRoad_act!H41*1000 ) -> 0 | I65: =IF(TrRoad_act!I41=0,0,I28/TrRoad_act!I41*1000 ) -> 0 | ... Y65: =IF(TrRoad_act!Y41=0,0,Y28/TrRoad_act!Y41*1000 ) -> 0 | DA65: EMIint.gCO2_per_km.EL.Tr.Road.Passenger.Bus.ICE.Gasoline
... A79: International | B79: =IF(TrRoad_act!B55=0,0,B42/TrRoad_act!B55*1000 ) -> 2504.9232 | C79: =IF(TrRoad_act!C55=0,0,C42/TrRoad_act!C55*1000 ) -> 2417.7448 | D79: =IF(TrRoad_act!D55=0,0,D42/TrRoad_act!D55*1000 ) -> 2382.7694 | E79: =IF(TrRoad_act!E55=0,0,E42/TrRoad_act!E55*1000 ) -> 4377.7426 | F79: =IF(TrRoad_act!F55=0,0,F42/TrRoad_act!F55*1000 ) -> 2280.1978 | G79: =IF(TrRoad_act!G55=0,0,G42/TrRoad_act!G55*1000 ) -> 3036.4684 | H79: =IF(TrRoad_act!H55=0,0,H42/TrRoad_act!H55*1000 ) -> 2576.8273 | I79: =IF(TrRoad_act!I55=0,0,I42/TrRoad_act!I55*1000 ) -> 3026.8775 | ... Y79: =IF(TrRoad_act!Y55=0,0,Y42/TrRoad_act!Y55*1000 ) -> 3124.4428 | DA79: EMIint.gCO2_per_km.EL.Tr.Road.Freight.HGV_International
A81: Emission intensity over activity
A82: Passenger transport (g of CO2 / pkm) | B82: =IF(TrRoad_act!B4=0,0,B18/TrRoad_act!B4*1000) -> 115.22554 | C82: =IF(TrRoad_act!C4=0,0,C18/TrRoad_act!C4*1000) -> 112.08167 | D82: =IF(TrRoad_act!D4=0,0,D18/TrRoad_act!D4*1000) -> 111.44149 | E82: =IF(TrRoad_act!E4=0,0,E18/TrRoad_act!E4*1000) -> 116.57187 | F82: =IF(TrRoad_act!F4=0,0,F18/TrRoad_act!F4*1000) -> 110.09664 | G82: =IF(TrRoad_act!G4=0,0,G18/TrRoad_act!G4*1000) -> 111.66413 | H82: =IF(TrRoad_act!H4=0,0,H18/TrRoad_act!H4*1000) -> 108.74721 | I82: =IF(TrRoad_act!I4=0,0,I18/TrRoad_act!I4*1000) -> 108.66683 | ... Y82: =IF(TrRoad_act!Y4=0,0,Y18/TrRoad_act!Y4*1000) -> 73.53609 | DA82: EMIint.gCO2_per_pkm.EL.Tr.Road.Passenger
A83: Powered two-wheelers | B83: =IF(TrRoad_act!B5=0,0,B19/TrRoad_act!B5*1000) -> 112.00814 | C83: =IF(TrRoad_act!C5=0,0,C19/TrRoad_act!C5*1000) -> 114.76642 | D83: =IF(TrRoad_act!D5=0,0,D19/TrRoad_act!D5*1000) -> 113.92163 | E83: =IF(TrRoad_act!E5=0,0,E19/TrRoad_act!E5*1000) -> 112.55407 | F83: =IF(TrRoad_act!F5=0,0,F19/TrRoad_act!F5*1000) -> 109.16823 | G83: =IF(TrRoad_act!G5=0,0,G19/TrRoad_act!G5*1000) -> 109.94725 | H83: =IF(TrRoad_act!H5=0,0,H19/TrRoad_act!H5*1000) -> 105.83211 | I83: =IF(TrRoad_act!I5=0,0,I19/TrRoad_act!I5*1000) -> 103.37437 | ... Y83: =IF(TrRoad_act!Y5=0,0,Y19/TrRoad_act!Y5*1000) -> 84.580606 | DA83: EMIint.gCO2_per_pkm.EL.Tr.Road.Passenger.P2W
A84: Passenger cars | B84: =IF(TrRoad_act!B6=0,0,B20/TrRoad_act!B6*1000) -> 127.24479 | C84: =IF(TrRoad_act!C6=0,0,C20/TrRoad_act!C6*1000) -> 122.86328 | D84: =IF(TrRoad_act!D6=0,0,D20/TrRoad_act!D6*1000) -> 121.86562 | E84: =IF(TrRoad_act!E6=0,0,E20/TrRoad_act!E6*1000) -> 121.91172 | F84: =IF(TrRoad_act!F6=0,0,F20/TrRoad_act!F6*1000) -> 119.35796 | G84: =IF(TrRoad_act!G6=0,0,G20/TrRoad_act!G6*1000) -> 118.45526 | H84: =IF(TrRoad_act!H6=0,0,H20/TrRoad_act!H6*1000) -> 115.48422 | I84: =IF(TrRoad_act!I6=0,0,I20/TrRoad_act!I6*1000) -> 115.13227 | ... Y84: =IF(TrRoad_act!Y6=0,0,Y20/TrRoad_act!Y6*1000) -> 69.090212 | DA84: EMIint.gCO2_per_pkm.EL.Tr.Road.Passenger.Car
A85: Gasoline engine | B85: =IF(TrRoad_act!B7=0,0,B21/TrRoad_act!B7*1000) -> 128.73333 | C85: =IF(TrRoad_act!C7=0,0,C21/TrRoad_act!C7*1000) -> 123.78981 | D85: =IF(TrRoad_act!D7=0,0,D21/TrRoad_act!D7*1000) -> 122.69755 | E85: =IF(TrRoad_act!E7=0,0,E21/TrRoad_act!E7*1000) -> 122.82877 | F85: =IF(TrRoad_act!F7=0,0,F21/TrRoad_act!F7*1000) -> 119.95557 | G85: =IF(TrRoad_act!G7=0,0,G21/TrRoad_act!G7*1000) -> 118.89899 | H85: =IF(TrRoad_act!H7=0,0,H21/TrRoad_act!H7*1000) -> 115.96868 | I85: =IF(TrRoad_act!I7=0,0,I21/TrRoad_act!I7*1000) -> 115.53689 | ... Y85: =IF(TrRoad_act!Y7=0,0,Y21/TrRoad_act!Y7*1000) -> 62.825475 | DA85: EMIint.gCO2_per_pkm.EL.Tr.Road.Passenger.Car.ICE.Gasoline
A86: Diesel oil engine | B86: =IF(TrRoad_act!B8=0,0,B22/TrRoad_act!B8*1000) -> 107.6201 | C86: =IF(TrRoad_act!C8=0,0,C22/TrRoad_act!C8*1000) -> 107.66876 | D86: =IF(TrRoad_act!D8=0,0,D22/TrRoad_act!D8*1000) -> 107.02566 | E86: =IF(TrRoad_act!E8=0,0,E22/TrRoad_act!E8*1000) -> 106.80706 | F86: =IF(TrRoad_act!F8=0,0,F22/TrRoad_act!F8*1000) -> 107.27291 | G86: =IF(TrRoad_act!G8=0,0,G22/TrRoad_act!G8*1000) -> 108.80346 | H86: =IF(TrRoad_act!H8=0,0,H22/TrRoad_act!H8*1000) -> 105.53484 | I86: =IF(TrRoad_act!I8=0,0,I22/TrRoad_act!I8*1000) -> 106.71534 | ... Y86: =IF(TrRoad_act!Y8=0,0,Y22/TrRoad_act!Y8*1000) -> 90.553409 | DA86: EMIint.gCO2_per_pkm.EL.Tr.Road.Passenger.Car.ICE.Diesel
A87: LPG engine | B87: =IF(TrRoad_act!B9=0,0,B23/TrRoad_act!B9*1000) -> 127.86336 | C87: =IF(TrRoad_act!C9=0,0,C23/TrRoad_act!C9*1000) -> 141.0612 | D87: =IF(TrRoad_act!D9=0,0,D23/TrRoad_act!D9*1000) -> 145.5129 | E87: =IF(TrRoad_act!E9=0,0,E23/TrRoad_act!E9*1000) -> 132.56226 | F87: =IF(TrRoad_act!F9=0,0,F23/TrRoad_act!F9*1000) -> 134.2269 | G87: =IF(TrRoad_act!G9=0,0,G23/TrRoad_act!G9*1000) -> 135.72689 | H87: =IF(TrRoad_act!H9=0,0,H23/TrRoad_act!H9*1000) -> 134.46501 | I87: =IF(TrRoad_act!I9=0,0,I23/TrRoad_act!I9*1000) -> 132.26674 | ... Y87: =IF(TrRoad_act!Y9=0,0,Y23/TrRoad_act!Y9*1000) -> 78.145355 | DA87: EMIint.gCO2_per_pkm.EL.Tr.Road.Passenger.Car.ICE.LPG
A88: Natural gas engine | B88: =IF(TrRoad_act!B10=0,0,B24/TrRoad_act!B10*1000) -> 0 | C88: =IF(TrRoad_act!C10=0,0,C24/TrRoad_act!C10*1000) -> 112.5658 | D88: =IF(TrRoad_act!D10=0,0,D24/TrRoad_act!D10*1000) -> 113.48408 | E88: =IF(TrRoad_act!E10=0,0,E24/TrRoad_act!E10*1000) -> 114.45219 | F88: =IF(TrRoad_act!F10=0,0,F24/TrRoad_act!F10*1000) -> 115.58138 | G88: =IF(TrRoad_act!G10=0,0,G24/TrRoad_act!G10*1000) -> 116.39797 | H88: =IF(TrRoad_act!H10=0,0,H24/TrRoad_act!H10*1000) -> 116.12796 | I88: =IF(TrRoad_act!I10=0,0,I24/TrRoad_act!I10*1000) -> 115.15875 | ... Y88: =IF(TrRoad_act!Y10=0,0,Y24/TrRoad_act!Y10*1000) -> 47.97818 | DA88: EMIint.gCO2_per_pkm.EL.Tr.Road.Passenger.Car.ICE.NGas
A89: Plug-in hybrid electric | B89: =IF(TrRoad_act!B11=0,0,B25/TrRoad_act!B11*1000) -> 0 | C89: =IF(TrRoad_act!C11=0,0,C25/TrRoad_act!C11*1000) -> 0 | D89: =IF(TrRoad_act!D11=0,0,D25/TrRoad_act!D11*1000) -> 0 | E89: =IF(TrRoad_act!E11=0,0,E25/TrRoad_act!E11*1000) -> 0 | F89: =IF(TrRoad_act!F11=0,0,F25/TrRoad_act!F11*1000) -> 0 | G89: =IF(TrRoad_act!G11=0,0,G25/TrRoad_act!G11*1000) -> 0 | H89: =IF(TrRoad_act!H11=0,0,H25/TrRoad_act!H11*1000) -> 0 | I89: =IF(TrRoad_act!I11=0,0,I25/TrRoad_act!I11*1000) -> 0 | ... Y89: =IF(TrRoad_act!Y11=0,0,Y25/TrRoad_act!Y11*1000) -> 14.727532 | DA89: EMIint.gCO2_per_pkm.EL.Tr.Road.Passenger.Car.PHEV.Gasoline
A90: Battery electric vehicles | B90: =IF(TrRoad_act!B12=0,0,B26/TrRoad_act!B12*1000) -> 0 | C90: =IF(TrRoad_act!C12=0,0,C26/TrRoad_act!C12*1000) -> 0 | D90: =IF(TrRoad_act!D12=0,0,D26/TrRoad_act!D12*1000) -> 0 | E90: =IF(TrRoad_act!E12=0,0,E26/TrRoad_act!E12*1000) -> 0 | F90: =IF(TrRoad_act!F12=0,0,F26/TrRoad_act!F12*1000) -> 0 | G90: =IF(TrRoad_act!G12=0,0,G26/TrRoad_act!G12*1000) -> 0 | H90: =IF(TrRoad_act!H12=0,0,H26/TrRoad_act!H12*1000) -> 0 | I90: =IF(TrRoad_act!I12=0,0,I26/TrRoad_act!I12*1000) -> 0 | ... Y90: =IF(TrRoad_act!Y12=0,0,Y26/TrRoad_act!Y12*1000) -> 0 | DA90: EMIint.gCO2_per_pkm.EL.Tr.Road.Passenger.Car.BEV
A91: Motor coaches, buses and trolley buses | B91: =IF(TrRoad_act!B13=0,0,B27/TrRoad_act!B13*1000) -> 80.980505 | C91: =IF(TrRoad_act!C13=0,0,C27/TrRoad_act!C13*1000) -> 77.880321 | D91: =IF(TrRoad_act!D13=0,0,D27/TrRoad_act!D13*1000) -> 76.747269 | E91: =IF(TrRoad_act!E13=0,0,E27/TrRoad_act!E13*1000) -> 99.080253 | F91: =IF(TrRoad_act!F13=0,0,F27/TrRoad_act!F13*1000) -> 76.038548 | G91: =IF(TrRoad_act!G13=0,0,G27/TrRoad_act!G13*1000) -> 85.520539 | H91: =IF(TrRoad_act!H13=0,0,H27/TrRoad_act!H13*1000) -> 81.667313 | I91: =IF(TrRoad_act!I13=0,0,I27/TrRoad_act!I13*1000) -> 82.100015 | ... Y91: =IF(TrRoad_act!Y13=0,0,Y27/TrRoad_act!Y13*1000) -> 94.384451 | DA91: EMIint.gCO2_per_pkm.EL.Tr.Road.Passenger.Bus
A92: Gasoline engine | B92: =IF(TrRoad_act!B14=0,0,B28/TrRoad_act!B14*1000) -> 0 | C92: =IF(TrRoad_act!C14=0,0,C28/TrRoad_act!C14*1000) -> 0 | D92: =IF(TrRoad_act!D14=0,0,D28/TrRoad_act!D14*1000) -> 0 | E92: =IF(TrRoad_act!E14=0,0,E28/TrRoad_act!E14*1000) -> 0 | F92: =IF(TrRoad_act!F14=0,0,F28/TrRoad_act!F14*1000) -> 0 | G92: =IF(TrRoad_act!G14=0,0,G28/TrRoad_act!G14*1000) -> 0 | H92: =IF(TrRoad_act!H14=0,0,H28/TrRoad_act!H14*1000) -> 0 | I92: =IF(TrRoad_act!I14=0,0,I28/TrRoad_act!I14*1000) -> 0 | ... Y92: =IF(TrRoad_act!Y14=0,0,Y28/TrRoad_act!Y14*1000) -> 0 | DA92: EMIint.gCO2_per_pkm.EL.Tr.Road.Passenger.Bus.ICE.Gasoline
A93: Diesel oil engine | B93: =IF(TrRoad_act!B15=0,0,B29/TrRoad_act!B15*1000) -> 80.980505 | C93: =IF(TrRoad_act!C15=0,0,C29/TrRoad_act!C15*1000) -> 78.507305 | D93: =IF(TrRoad_act!D15=0,0,D29/TrRoad_act!D15*1000) -> 77.661512 | E93: =IF(TrRoad_act!E15=0,0,E29/TrRoad_act!E15*1000) -> 100.65094 | F93: =IF(TrRoad_act!F15=0,0,F29/TrRoad_act!F15*1000) -> 77.008454 | G93: =IF(TrRoad_act!G15=0,0,G29/TrRoad_act!G15*1000) -> 86.752888 | H93: =IF(TrRoad_act!H15=0,0,H29/TrRoad_act!H15*1000) -> 82.805925 | I93: =IF(TrRoad_act!I15=0,0,I29/TrRoad_act!I15*1000) -> 83.466393 | ... Y93: =IF(TrRoad_act!Y15=0,0,Y29/TrRoad_act!Y15*1000) -> 100.04277 | DA93: EMIint.gCO2_per_pkm.EL.Tr.Road.Passenger.Bus.ICE.Diesel
... A106: International | B106: =IF(TrRoad_act!B28=0,0,B42/TrRoad_act!B28*1000) -> 175.69258 | C106: =IF(TrRoad_act!C28=0,0,C42/TrRoad_act!C28*1000) -> 169.72516 | D106: =IF(TrRoad_act!D28=0,0,D42/TrRoad_act!D28*1000) -> 166.17863 | E106: =IF(TrRoad_act!E28=0,0,E42/TrRoad_act!E28*1000) -> 307.12051 | F106: =IF(TrRoad_act!F28=0,0,F42/TrRoad_act!F28*1000) -> 162.95114 | G106: =IF(TrRoad_act!G28=0,0,G42/TrRoad_act!G28*1000) -> 216.89984 | H106: =IF(TrRoad_act!H28=0,0,H42/TrRoad_act!H28*1000) -> 182.89836 | I106: =IF(TrRoad_act!I28=0,0,I42/TrRoad_act!I28*1000) -> 214.44005 | ... Y106: =IF(TrRoad_act!Y28=0,0,Y42/TrRoad_act!Y28*1000) -> 225.79853 | DA106: EMIint.gCO2_per_tkm.EL.Tr.Road.Freight.HGV_International
A108: CO2 emissions per vehicle annum (kg of CO2 / vehicle)
A109: Passenger transport
A110: Powered two-wheelers | B110: =IF(B19=0,0,1000000*B19/TrRoad_act!B59) -> 628.02141 | C110: =IF(C19=0,0,1000000*C19/TrRoad_act!C59) -> 623.16005 | D110: =IF(D19=0,0,1000000*D19/TrRoad_act!D59) -> 642.48673 | E110: =IF(E19=0,0,1000000*E19/TrRoad_act!E59) -> 632.17089 | F110: =IF(F19=0,0,1000000*F19/TrRoad_act!F59) -> 592.1914 | G110: =IF(G19=0,0,1000000*G19/TrRoad_act!G59) -> 565.64967 | H110: =IF(H19=0,0,1000000*H19/TrRoad_act!H59) -> 481.38469 | I110: =IF(I19=0,0,1000000*I19/TrRoad_act!I59) -> 447.40252 | ... Y110: =IF(Y19=0,0,1000000*Y19/TrRoad_act!Y59) -> 396.46402 | DA110: EMI_per_vehicle.kgCO2.EL.Tr.Road.Passenger.P2W
A111: Passenger cars | B111: =IF(B20=0,0,1000000*B20/TrRoad_act!B60) -> 2254.9298 | C111: =IF(C20=0,0,1000000*C20/TrRoad_act!C60) -> 2218.548 | D111: =IF(D20=0,0,1000000*D20/TrRoad_act!D60) -> 2209.3575 | E111: =IF(E20=0,0,1000000*E20/TrRoad_act!E60) -> 2216.2946 | F111: =IF(F20=0,0,1000000*F20/TrRoad_act!F60) -> 2229.2336 | G111: =IF(G20=0,0,1000000*G20/TrRoad_act!G60) -> 2232.8608 | H111: =IF(H20=0,0,1000000*H20/TrRoad_act!H60) -> 2236.4938 | I111: =IF(I20=0,0,1000000*I20/TrRoad_act!I60) -> 2232.8262 | ... Y111: =IF(Y20=0,0,1000000*Y20/TrRoad_act!Y60) -> 1286.0223 | DA111: EMI_per_vehicle.kgCO2.EL.Tr.Road.Passenger.Car
A112: Gasoline engine | B112: =IF(B21=0,0,1000000*B21/TrRoad_act!B61) -> 2180.2856 | C112: =IF(C21=0,0,1000000*C21/TrRoad_act!C61) -> 2147.8832 | D112: =IF(D21=0,0,1000000*D21/TrRoad_act!D61) -> 2143.1747 | E112: =IF(E21=0,0,1000000*E21/TrRoad_act!E61) -> 2152.2021 | F112: =IF(F21=0,0,1000000*F21/TrRoad_act!F61) -> 2173.0149 | G112: =IF(G21=0,0,1000000*G21/TrRoad_act!G61) -> 2176.7417 | H112: =IF(H21=0,0,1000000*H21/TrRoad_act!H61) -> 2178.8738 | I112: =IF(I21=0,0,1000000*I21/TrRoad_act!I61) -> 2173.6098 | ... Y112: =IF(Y21=0,0,1000000*Y21/TrRoad_act!Y61) -> 954.15386 | DA112: EMI_per_vehicle.kgCO2.EL.Tr.Road.Passenger.Car.ICE.Gasoline
A113: Diesel oil engine | B113: =IF(B22=0,0,1000000*B22/TrRoad_act!B62) -> 4459.0093 | C113: =IF(C22=0,0,1000000*C22/TrRoad_act!C62) -> 4477.7033 | D113: =IF(D22=0,0,1000000*D22/TrRoad_act!D62) -> 4466.2476 | E113: =IF(E22=0,0,1000000*E22/TrRoad_act!E62) -> 4471.7383 | F113: =IF(F22=0,0,1000000*F22/TrRoad_act!F62) -> 4500.1989 | G113: =IF(G22=0,0,1000000*G22/TrRoad_act!G62) -> 4579.5974 | H113: =IF(H22=0,0,1000000*H22/TrRoad_act!H62) -> 4493.0911 | I113: =IF(I22=0,0,1000000*I22/TrRoad_act!I62) -> 4549.9881 | ... Y113: =IF(Y22=0,0,1000000*Y22/TrRoad_act!Y62) -> 4772.9357 | DA113: EMI_per_vehicle.kgCO2.EL.Tr.Road.Passenger.Car.ICE.Diesel
A114: LPG engine | B114: =IF(B23=0,0,1000000*B23/TrRoad_act!B63) -> 4263.7499 | C114: =IF(C23=0,0,1000000*C23/TrRoad_act!C63) -> 4902.8778 | D114: =IF(D23=0,0,1000000*D23/TrRoad_act!D63) -> 4833.1398 | E114: =IF(E23=0,0,1000000*E23/TrRoad_act!E63) -> 4207.1697 | F114: =IF(F23=0,0,1000000*F23/TrRoad_act!F63) -> 4184.4227 | G114: =IF(G23=0,0,1000000*G23/TrRoad_act!G63) -> 4220.4628 | H114: =IF(H23=0,0,1000000*H23/TrRoad_act!H63) -> 4164.7825 | I114: =IF(I23=0,0,1000000*I23/TrRoad_act!I63) -> 4181.6271 | ... Y114: =IF(Y23=0,0,1000000*Y23/TrRoad_act!Y63) -> 2637.2038 | DA114: EMI_per_vehicle.kgCO2.EL.Tr.Road.Passenger.Car.ICE.LPG
A115: Natural gas engine | B115: =IF(B24=0,0,1000000*B24/TrRoad_act!B64) -> 0 | C115: =IF(C24=0,0,1000000*C24/TrRoad_act!C64) -> 3329.3158 | D115: =IF(D24=0,0,1000000*D24/TrRoad_act!D64) -> 3301.847 | E115: =IF(E24=0,0,1000000*E24/TrRoad_act!E64) -> 3275.4993 | F115: =IF(F24=0,0,1000000*F24/TrRoad_act!F64) -> 3249.0537 | G115: =IF(G24=0,0,1000000*G24/TrRoad_act!G64) -> 3218.4593 | H115: =IF(H24=0,0,1000000*H24/TrRoad_act!H64) -> 3184.3655 | I115: =IF(I24=0,0,1000000*I24/TrRoad_act!I64) -> 3100.3787 | ... Y115: =IF(Y24=0,0,1000000*Y24/TrRoad_act!Y64) -> 1873.5335 | DA115: EMI_per_vehicle.kgCO2.EL.Tr.Road.Passenger.Car.ICE.NGas
A116: Plug-in hybrid electric | B116: =IF(B25=0,0,1000000*B25/TrRoad_act!B65) -> 0 | C116: =IF(C25=0,0,1000000*C25/TrRoad_act!C65) -> 0 | D116: =IF(D25=0,0,1000000*D25/TrRoad_act!D65) -> 0 | E116: =IF(E25=0,0,1000000*E25/TrRoad_act!E65) -> 0 | F116: =IF(F25=0,0,1000000*F25/TrRoad_act!F65) -> 0 | G116: =IF(G25=0,0,1000000*G25/TrRoad_act!G65) -> 0 | H116: =IF(H25=0,0,1000000*H25/TrRoad_act!H65) -> 0 | I116: =IF(I25=0,0,1000000*I25/TrRoad_act!I65) -> 0 | ... Y116: =IF(Y25=0,0,1000000*Y25/TrRoad_act!Y65) -> 299.17372 | DA116: EMI_per_vehicle.kgCO2.EL.Tr.Road.Passenger.Car.PHEV.Gasoline
A117: Battery electric vehicles | B117: =IF(B26=0,0,1000000*B26/TrRoad_act!B66) -> 0 | C117: =IF(C26=0,0,1000000*C26/TrRoad_act!C66) -> 0 | D117: =IF(D26=0,0,1000000*D26/TrRoad_act!D66) -> 0 | E117: =IF(E26=0,0,1000000*E26/TrRoad_act!E66) -> 0 | F117: =IF(F26=0,0,1000000*F26/TrRoad_act!F66) -> 0 | G117: =IF(G26=0,0,1000000*G26/TrRoad_act!G66) -> 0 | H117: =IF(H26=0,0,1000000*H26/TrRoad_act!H66) -> 0 | I117: =IF(I26=0,0,1000000*I26/TrRoad_act!I66) -> 0 | ... Y117: =IF(Y26=0,0,1000000*Y26/TrRoad_act!Y66) -> 0 | DA117: EMI_per_vehicle.kgCO2.EL.Tr.Road.Passenger.Car.BEV
A118: Motor coaches, buses and trolley buses | B118: =IF(B27=0,0,1000000*B27/TrRoad_act!B67) -> 63996.393 | C118: =IF(C27=0,0,1000000*C27/TrRoad_act!C67) -> 61697.47 | D118: =IF(D27=0,0,1000000*D27/TrRoad_act!D67) -> 61064.734 | E118: =IF(E27=0,0,1000000*E27/TrRoad_act!E67) -> 79089.808 | F118: =IF(F27=0,0,1000000*F27/TrRoad_act!F67) -> 60490.301 | G118: =IF(G27=0,0,1000000*G27/TrRoad_act!G67) -> 68232.8 | H118: =IF(H27=0,0,1000000*H27/TrRoad_act!H67) -> 65197.474 | I118: =IF(I27=0,0,1000000*I27/TrRoad_act!I67) -> 65749.347 | ... Y118: =IF(Y27=0,0,1000000*Y27/TrRoad_act!Y67) -> 66470.853 | DA118: EMI_per_vehicle.kgCO2.EL.Tr.Road.Passenger.Bus
A119: Gasoline engine | B119: =IF(B28=0,0,1000000*B28/TrRoad_act!B68) -> 0 | C119: =IF(C28=0,0,1000000*C28/TrRoad_act!C68) -> 0 | D119: =IF(D28=0,0,1000000*D28/TrRoad_act!D68) -> 0 | E119: =IF(E28=0,0,1000000*E28/TrRoad_act!E68) -> 0 | F119: =IF(F28=0,0,1000000*F28/TrRoad_act!F68) -> 0 | G119: =IF(G28=0,0,1000000*G28/TrRoad_act!G68) -> 0 | H119: =IF(H28=0,0,1000000*H28/TrRoad_act!H68) -> 0 | I119: =IF(I28=0,0,1000000*I28/TrRoad_act!I68) -> 0 | ... Y119: =IF(Y28=0,0,1000000*Y28/TrRoad_act!Y68) -> 0 | DA119: EMI_per_vehicle.kgCO2.EL.Tr.Road.Passenger.Bus.ICE.Gasoline
A120: Diesel oil engine | B120: =IF(B29=0,0,1000000*B29/TrRoad_act!B69) -> 63996.393 | C120: =IF(C29=0,0,1000000*C29/TrRoad_act!C69) -> 61954.174 | D120: =IF(D29=0,0,1000000*D29/TrRoad_act!D69) -> 61426.107 | E120: =IF(E29=0,0,1000000*E29/TrRoad_act!E69) -> 79820.383 | F120: =IF(F29=0,0,1000000*F29/TrRoad_act!F69) -> 60861.229 | G120: =IF(G29=0,0,1000000*G29/TrRoad_act!G69) -> 68734.953 | H120: =IF(H29=0,0,1000000*H29/TrRoad_act!H69) -> 65630.782 | I120: =IF(I29=0,0,1000000*I29/TrRoad_act!I69) -> 66283.731 | ... Y120: =IF(Y29=0,0,1000000*Y29/TrRoad_act!Y69) -> 68768.26 | DA120: EMI_per_vehicle.kgCO2.EL.Tr.Road.Passenger.Bus.ICE.Diesel
A121: LPG engine | B121: =IF(B30=0,0,1000000*B30/TrRoad_act!B70) -> 0 | C121: =IF(C30=0,0,1000000*C30/TrRoad_act!C70) -> 0 | D121: =IF(D30=0,0,1000000*D30/TrRoad_act!D70) -> 0 | E121: =IF(E30=0,0,1000000*E30/TrRoad_act!E70) -> 0 | F121: =IF(F30=0,0,1000000*F30/TrRoad_act!F70) -> 0 | G121: =IF(G30=0,0,1000000*G30/TrRoad_act!G70) -> 0 | H121: =IF(H30=0,0,1000000*H30/TrRoad_act!H70) -> 0 | I121: =IF(I30=0,0,1000000*I30/TrRoad_act!I70) -> 0 | ... Y121: =IF(Y30=0,0,1000000*Y30/TrRoad_act!Y70) -> 0 | DA121: EMI_per_vehicle.kgCO2.EL.Tr.Road.Passenger.Bus.ICE.LPG
... A123: Battery electric vehicles | B123: =IF(B32=0,0,1000000*B32/TrRoad_act!B72) -> 0 | C123: =IF(C32=0,0,1000000*C32/TrRoad_act!C72) -> 0 | D123: =IF(D32=0,0,1000000*D32/TrRoad_act!D72) -> 0 | E123: =IF(E32=0,0,1000000*E32/TrRoad_act!E72) -> 0 | F123: =IF(F32=0,0,1000000*F32/TrRoad_act!F72) -> 0 | G123: =IF(G32=0,0,1000000*G32/TrRoad_act!G72) -> 0 | H123: =IF(H32=0,0,1000000*H32/TrRoad_act!H72) -> 0 | I123: =IF(I32=0,0,1000000*I32/TrRoad_act!I72) -> 0 | ... Y123: =IF(Y32=0,0,1000000*Y32/TrRoad_act!Y72) -> 0 | DA123: EMI_per_vehicle.kgCO2.EL.Tr.Road.Passenger.Bus.BEV
A124: Freight transport
A125: Light commercial vehicles | B125: =IF(B34=0,0,1000000*B34/TrRoad_act!B74) -> 3268.097 | C125: =IF(C34=0,0,1000000*C34/TrRoad_act!C74) -> 3144.9658 | D125: =IF(D34=0,0,1000000*D34/TrRoad_act!D74) -> 3136.1317 | E125: =IF(E34=0,0,1000000*E34/TrRoad_act!E74) -> 3155.8109 | F125: =IF(F34=0,0,1000000*F34/TrRoad_act!F74) -> 3143.1304 | G125: =IF(G34=0,0,1000000*G34/TrRoad_act!G74) -> 3202.2425 | H125: =IF(H34=0,0,1000000*H34/TrRoad_act!H74) -> 3173.7224 | I125: =IF(I34=0,0,1000000*I34/TrRoad_act!I74) -> 3163.8174 | ... Y125: =IF(Y34=0,0,1000000*Y34/TrRoad_act!Y74) -> 3543.118 | DA125: EMI_per_vehicle.kgCO2.EL.Tr.Road.Freight.LCV
A126: Gasoline engine | B126: =IF(B35=0,0,1000000*B35/TrRoad_act!B75) -> 3078.6932 | C126: =IF(C35=0,0,1000000*C35/TrRoad_act!C75) -> 2925.1288 | D126: =IF(D35=0,0,1000000*D35/TrRoad_act!D75) -> 2895.3987 | E126: =IF(E35=0,0,1000000*E35/TrRoad_act!E75) -> 2901.5806 | F126: =IF(F35=0,0,1000000*F35/TrRoad_act!F75) -> 2855.4076 | G126: =IF(G35=0,0,1000000*G35/TrRoad_act!G75) -> 2898.2547 | H126: =IF(H35=0,0,1000000*H35/TrRoad_act!H75) -> 2833.8336 | I126: =IF(I35=0,0,1000000*I35/TrRoad_act!I75) -> 2811.6381 | ... Y126: =IF(Y35=0,0,1000000*Y35/TrRoad_act!Y75) -> 2538.4305 | DA126: EMI_per_vehicle.kgCO2.EL.Tr.Road.Freight.LCV.ICE.Gasoline
A127: Diesel oil engine | B127: =IF(B36=0,0,1000000*B36/TrRoad_act!B76) -> 4602.0728 | C127: =IF(C36=0,0,1000000*C36/TrRoad_act!C76) -> 4532.8088 | D127: =IF(D36=0,0,1000000*D36/TrRoad_act!D76) -> 4538.9885 | E127: =IF(E36=0,0,1000000*E36/TrRoad_act!E76) -> 4363.28 | F127: =IF(F36=0,0,1000000*F36/TrRoad_act!F76) -> 4363.2088 | G127: =IF(G36=0,0,1000000*G36/TrRoad_act!G76) -> 4377.3145 | H127: =IF(H36=0,0,1000000*H36/TrRoad_act!H76) -> 4252.9856 | I127: =IF(I36=0,0,1000000*I36/TrRoad_act!I76) -> 4177.2773 | ... Y127: =IF(Y36=0,0,1000000*Y36/TrRoad_act!Y76) -> 4703.4855 | DA127: EMI_per_vehicle.kgCO2.EL.Tr.Road.Freight.LCV.ICE.Diesel
A128: LPG engine | B128: =IF(B37=0,0,1000000*B37/TrRoad_act!B77) -> 0 | C128: =IF(C37=0,0,1000000*C37/TrRoad_act!C77) -> 0 | D128: =IF(D37=0,0,1000000*D37/TrRoad_act!D77) -> 0 | E128: =IF(E37=0,0,1000000*E37/TrRoad_act!E77) -> 0 | F128: =IF(F37=0,0,1000000*F37/TrRoad_act!F77) -> 0 | G128: =IF(G37=0,0,1000000*G37/TrRoad_act!G77) -> 0 | H128: =IF(H37=0,0,1000000*H37/TrRoad_act!H77) -> 0 | I128: =IF(I37=0,0,1000000*I37/TrRoad_act!I77) -> 0 | ... Y128: =IF(Y37=0,0,1000000*Y37/TrRoad_act!Y77) -> 0 | DA128: EMI_per_vehicle.kgCO2.EL.Tr.Road.Freight.LCV.ICE.LPG
A129: Natural gas engine | B129: =IF(B38=0,0,1000000*B38/TrRoad_act!B78) -> 0 | C129: =IF(C38=0,0,1000000*C38/TrRoad_act!C78) -> 0 | D129: =IF(D38=0,0,1000000*D38/TrRoad_act!D78) -> 0 | E129: =IF(E38=0,0,1000000*E38/TrRoad_act!E78) -> 0 | F129: =IF(F38=0,0,1000000*F38/TrRoad_act!F78) -> 0 | G129: =IF(G38=0,0,1000000*G38/TrRoad_act!G78) -> 0 | H129: =IF(H38=0,0,1000000*H38/TrRoad_act!H78) -> 0 | I129: =IF(I38=0,0,1000000*I38/TrRoad_act!I78) -> 0 | ... Y129: =IF(Y38=0,0,1000000*Y38/TrRoad_act!Y78) -> 0 | DA129: EMI_per_vehicle.kgCO2.EL.Tr.Road.Freight.LCV.ICE.NGas
A130: Battery electric vehicles | B130: =IF(B39=0,0,1000000*B39/TrRoad_act!B79) -> 0 | C130: =IF(C39=0,0,1000000*C39/TrRoad_act!C79) -> 0 | D130: =IF(D39=0,0,1000000*D39/TrRoad_act!D79) -> 0 | E130: =IF(E39=0,0,1000000*E39/TrRoad_act!E79) -> 0 | F130: =IF(F39=0,0,1000000*F39/TrRoad_act!F79) -> 0 | G130: =IF(G39=0,0,1000000*G39/TrRoad_act!G79) -> 0 | H130: =IF(H39=0,0,1000000*H39/TrRoad_act!H79) -> 0 | I130: =IF(I39=0,0,1000000*I39/TrRoad_act!I79) -> 0 | ... Y130: =IF(Y39=0,0,1000000*Y39/TrRoad_act!Y79) -> 0 | DA130: EMI_per_vehicle.kgCO2.EL.Tr.Road.Freight.LCV.BEV
A131: Heavy goods vehicles | B131: =IF(B40=0,0,1000000*B40/TrRoad_act!B80) -> 17878.966 | C131: =IF(C40=0,0,1000000*C40/TrRoad_act!C80) -> 17624.256 | D131: =IF(D40=0,0,1000000*D40/TrRoad_act!D80) -> 17523.404 | E131: =IF(E40=0,0,1000000*E40/TrRoad_act!E80) -> 17416.308 | F131: =IF(F40=0,0,1000000*F40/TrRoad_act!F80) -> 16250.584 | G131: =IF(G40=0,0,1000000*G40/TrRoad_act!G80) -> 17165.009 | H131: =IF(H40=0,0,1000000*H40/TrRoad_act!H80) -> 16253.837 | I131: =IF(I40=0,0,1000000*I40/TrRoad_act!I80) -> 16864.771 | ... Y131: =IF(Y40=0,0,1000000*Y40/TrRoad_act!Y80) -> 59843.467 | DA131: EMI_per_vehicle.kgCO2.EL.Tr.Road.Freight.HGV_All
A132: Domestic | B132: =IF(B41=0,0,1000000*B41/TrRoad_act!B81) -> 16448.108 | C132: =IF(C41=0,0,1000000*C41/TrRoad_act!C81) -> 16191.881 | D132: =IF(D41=0,0,1000000*D41/TrRoad_act!D81) -> 16077.5 | E132: =IF(E41=0,0,1000000*E41/TrRoad_act!E81) -> 14573.756 | F132: =IF(F41=0,0,1000000*F41/TrRoad_act!F81) -> 14841.429 | G132: =IF(G41=0,0,1000000*G41/TrRoad_act!G81) -> 14914.248 | H132: =IF(H41=0,0,1000000*H41/TrRoad_act!H81) -> 14200.607 | I132: =IF(I41=0,0,1000000*I41/TrRoad_act!I81) -> 14758.23 | ... Y132: =IF(Y41=0,0,1000000*Y41/TrRoad_act!Y81) -> 48947.707 | DA132: EMI_per_vehicle.kgCO2.EL.Tr.Road.Freight.HGV_Domestic
A133: International | B133: =IF(B42=0,0,1000000*B42/TrRoad_act!B82) -> 212959.17 | C133: =IF(C42=0,0,1000000*C42/TrRoad_act!C82) -> 205551.8 | D133: =IF(D42=0,0,1000000*D42/TrRoad_act!D82) -> 202523.58 | E133: =IF(E42=0,0,1000000*E42/TrRoad_act!E82) -> 372145.18 | F133: =IF(F42=0,0,1000000*F42/TrRoad_act!F82) -> 193777.06 | G133: =IF(G42=0,0,1000000*G42/TrRoad_act!G82) -> 258153.21 | H133: =IF(H42=0,0,1000000*H42/TrRoad_act!H82) -> 219071.42 | I133: =IF(I42=0,0,1000000*I42/TrRoad_act!I82) -> 257305.7 | ... Y133: =IF(Y42=0,0,1000000*Y42/TrRoad_act!Y82) -> 265621.76 | DA133: EMI_per_vehicle.kgCO2.EL.Tr.Road.Freight.HGV_International
...

Sheet TrRoad_tech
A1: Road transport / technologies - EL - Greece | B1: 2000 | C1: 2001 | D1: 2002 | E1: 2003 | F1: 2004 | G1: 2005 | H1: 2006 | I1: 2007 | J1: 2008 | K1: 2009 | L1: 2010 | M1: 2011 | N1: 2012 | O1: 2013 | P1: 2014 | Q1: 2015 | R1: 2016 | S1: 2017 | T1: 2018 | U1: 2019 | V1: 2020 | W1: 2021 | X1: 2022 | Y1: 2023 | DA1: Code
A3: Stock of vehicles - total (vehicles) | B3: =TrRoad_act!B57 -> 5268820 | C3: =TrRoad_act!C57 -> 5579631 | D3: =TrRoad_act!D57 -> 5865430 | E3: =TrRoad_act!E57 -> 6147878 | F3: =TrRoad_act!F57 -> 6350636 | G3: =TrRoad_act!G57 -> 6616258 | H3: =TrRoad_act!H57 -> 6867302 | I3: =TrRoad_act!I57 -> 7248728 | ... Y3: =TrRoad_act!Y57 -> 8337852 | DA3: Stock.number.EL.Tr.Road
A4: Passenger transport | B4: =TrRoad_act!B58 -> 4363885 | C4: =TrRoad_act!C58 -> 4646727 | D4: =TrRoad_act!D58 -> 4909642 | E4: =TrRoad_act!E58 -> 5177925 | F4: =TrRoad_act!F58 -> 5353129 | G4: =TrRoad_act!G58 -> 5660696 | H4: =TrRoad_act!H58 -> 5880388 | I4: =TrRoad_act!I58 -> 6224689 | ... Y4: =TrRoad_act!Y58 -> 7686604 | DA4: Stock.number.EL.Tr.Road.Passenger
A5: Powered two-wheelers | B5: =TrRoad_act!B59 -> 781361 | C5: =TrRoad_act!C59 -> 853366 | D5: =TrRoad_act!D59 -> 910555 | E5: =TrRoad_act!E59 -> 969895 | F5: =TrRoad_act!F59 -> 1042605 | G5: =TrRoad_act!G59 -> 1124172 | H5: =TrRoad_act!H59 -> 1205816 | I5: =TrRoad_act!I59 -> 1298688 | ... Y5: =TrRoad_act!Y59 -> 1782000 | DA5: Stock.number.EL.Tr.Road.Passenger.P2W
A6: Passenger cars | B6: =TrRoad_act!B60 -> 3555065 | C6: =TrRoad_act!C60 -> 3765843 | D6: =TrRoad_act!D60 -> 3971437 | E6: =TrRoad_act!E60 -> 4180532 | F6: =TrRoad_act!F60 -> 4283372 | G6: =TrRoad_act!G60 -> 4509326 | H6: =TrRoad_act!H60 -> 4647265 | I6: =TrRoad_act!I60 -> 4898530 | ... Y6: =TrRoad_act!Y60 -> 5877759 | DA6: Stock.number.EL.Tr.Road.Passenger.Car
A7: Gasoline engine | B7: =TrRoad_act!B61 -> 3437712 | C7: =TrRoad_act!C61 -> 3653075 | D7: =TrRoad_act!D61 -> 3859218 | E7: =TrRoad_act!E61 -> 4063433 | F7: =TrRoad_act!F61 -> 4178193 | G7: =TrRoad_act!G61 -> 4402095 | H7: =TrRoad_act!H61 -> 4529645 | I7: =TrRoad_act!I61 -> 4774152 | ... Y7: =TrRoad_act!Y61 -> 5214723 | DA7: Stock.number.EL.Tr.Road.Passenger.Car.ICE.Gasoline
A8: Diesel oil engine | B8: =TrRoad_act!B62 -> 106853 | C8: =TrRoad_act!C62 -> 102368 | D8: =TrRoad_act!D62 -> 101882 | E8: =TrRoad_act!E62 -> 107397 | F8: =TrRoad_act!F62 -> 96144 | G8: =TrRoad_act!G62 -> 98124 | H8: =TrRoad_act!H62 -> 108335 | I8: =TrRoad_act!I62 -> 114198 | ... Y8: =TrRoad_act!Y62 -> 430695 | DA8: Stock.number.EL.Tr.Road.Passenger.Car.ICE.Diesel
A9: LPG engine | B9: =TrRoad_act!B63 -> 10500 | C9: =TrRoad_act!C63 -> 9740 | D9: =TrRoad_act!D63 -> 9263 | E9: =TrRoad_act!E63 -> 8513 | F9: =TrRoad_act!F63 -> 7846 | G9: =TrRoad_act!G63 -> 7779 | H9: =TrRoad_act!H63 -> 7883 | I9: =TrRoad_act!I63 -> 8565 | ... Y9: =TrRoad_act!Y63 -> 193637 | DA9: Stock.number.EL.Tr.Road.Passenger.Car.ICE.LPG
A10: Natural gas engine | B10: =TrRoad_act!B64 -> 0 | C10: =TrRoad_act!C64 -> 660 | D10: =TrRoad_act!D64 -> 1074 | E10: =TrRoad_act!E64 -> 1189 | F10: =TrRoad_act!F64 -> 1189 | G10: =TrRoad_act!G64 -> 1328 | H10: =TrRoad_act!H64 -> 1402 | I10: =TrRoad_act!I64 -> 1615 | ... Y10: =TrRoad_act!Y64 -> 5746 | DA10: Stock.number.EL.Tr.Road.Passenger.Car.ICE.NGas
A11: Plug-in hybrid electric | B11: =TrRoad_act!B65 -> 0 | C11: =TrRoad_act!C65 -> 0 | D11: =TrRoad_act!D65 -> 0 | E11: =TrRoad_act!E65 -> 0 | F11: =TrRoad_act!F65 -> 0 | G11: =TrRoad_act!G65 -> 0 | H11: =TrRoad_act!H65 -> 0 | I11: =TrRoad_act!I65 -> 0 | ... Y11: =TrRoad_act!Y65 -> 20643 | DA11: Stock.number.EL.Tr.Road.Passenger.Car.PHEV.Gasoline
A12: Battery electric vehicles | B12: =TrRoad_act!B66 -> 0 | C12: =TrRoad_act!C66 -> 0 | D12: =TrRoad_act!D66 -> 0 | E12: =TrRoad_act!E66 -> 0 | F12: =TrRoad_act!F66 -> 0 | G12: =TrRoad_act!G66 -> 0 | H12: =TrRoad_act!H66 -> 0 | I12: =TrRoad_act!I66 -> 0 | ... Y12: =TrRoad_act!Y66 -> 12315 | DA12: Stock.number.EL.Tr.Road.Passenger.Car.BEV
A13: Motor coaches, buses and trolley buses | B13: =TrRoad_act!B67 -> 27459 | C13: =TrRoad_act!C67 -> 27518 | D13: =TrRoad_act!D67 -> 27650 | E13: =TrRoad_act!E67 -> 27498 | F13: =TrRoad_act!F67 -> 27152 | G13: =TrRoad_act!G67 -> 27198 | H13: =TrRoad_act!H67 -> 27307 | I13: =TrRoad_act!I67 -> 27471 | ... Y13: =TrRoad_act!Y67 -> 26845 | DA13: Stock.number.EL.Tr.Road.Passenger.Bus
A14: Gasoline engine | B14: =TrRoad_act!B68 -> 0 | C14: =TrRoad_act!C68 -> 0 | D14: =TrRoad_act!D68 -> 0 | E14: =TrRoad_act!E68 -> 0 | F14: =TrRoad_act!F68 -> 0 | G14: =TrRoad_act!G68 -> 0 | H14: =TrRoad_act!H68 -> 0 | I14: =TrRoad_act!I68 -> 0 | ... Y14: =TrRoad_act!Y68 -> 0 | DA14: Stock.number.EL.Tr.Road.Passenger.Bus.ICE.Gasoline
... A28: International | B28: =TrRoad_act!B82 -> 1376 | C28: =TrRoad_act!C82 -> 1475 | D28: =TrRoad_act!D82 -> 1552 | E28: =TrRoad_act!E82 -> 1585 | F28: =TrRoad_act!F82 -> 1876 | G28: =TrRoad_act!G82 -> 1938 | H28: =TrRoad_act!H82 -> 2366 | I28: =TrRoad_act!I82 -> 2012 | ... Y28: =TrRoad_act!Y82 -> 2818 | DA28: Stock.number.EL.Tr.Road.Freight.HGV_International
A30: New vehicle-registrations | B30: =TrRoad_act!B111 -> 394315 | C30: =TrRoad_act!C111 -> 614037 | D30: =TrRoad_act!D111 -> 517561 | E30: =TrRoad_act!E111 -> 540722 | F30: =TrRoad_act!F111 -> 501660 | G30: =TrRoad_act!G111 -> 600661 | H30: =TrRoad_act!H111 -> 586535 | I30: =TrRoad_act!I111 -> 753597 | ... Y30: =TrRoad_act!Y111 -> 742621 | DA30: StockNew.number.EL.Tr.Road
A31: Passenger transport | B31: =TrRoad_act!B112 -> 394177 | C31: =TrRoad_act!C112 -> 536588 | D31: =TrRoad_act!D112 -> 438179 | E31: =TrRoad_act!E112 -> 465927 | F31: =TrRoad_act!F112 -> 405043 | G31: =TrRoad_act!G112 -> 550148 | H31: =TrRoad_act!H112 -> 489198 | I31: =TrRoad_act!I112 -> 638985 | ... Y31: =TrRoad_act!Y112 -> 675293 | DA31: StockNew.number.EL.Tr.Road.Passenger
A32: Powered two-wheelers | B32: =TrRoad_act!B113 -> 89659 | C32: =TrRoad_act!C113 -> 117215 | D32: =TrRoad_act!D113 -> 97985 | E32: =TrRoad_act!E113 -> 102197 | F32: =TrRoad_act!F113 -> 122161 | G32: =TrRoad_act!G113 -> 136088 | H32: =TrRoad_act!H113 -> 137910 | I32: =TrRoad_act!I113 -> 155343 | ... Y32: =TrRoad_act!Y113 -> 130757 | DA32: StockNew.number.EL.Tr.Road.Passenger.P2W
A33: Passenger cars | B33: =TrRoad_act!B114 -> 302605 | C33: =TrRoad_act!C114 -> 417069 | D33: =TrRoad_act!D114 -> 337740 | E33: =TrRoad_act!E114 -> 361325 | F33: =TrRoad_act!F114 -> 281026 | G33: =TrRoad_act!G114 -> 411633 | H33: =TrRoad_act!H114 -> 348835 | I33: =TrRoad_act!I114 -> 481191 | ... Y33: =TrRoad_act!Y114 -> 542376 | DA33: StockNew.number.EL.Tr.Road.Passenger.Car
A34: Gasoline engine | B34: =TrRoad_act!B115 -> 300456 | C34: =TrRoad_act!C115 -> 415608 | D34: =TrRoad_act!D115 -> 333584 | E34: =TrRoad_act!E115 -> 350929 | F34: =TrRoad_act!F115 -> 281015 | G34: =TrRoad_act!G115 -> 409497 | H34: =TrRoad_act!H115 -> 332050 | I34: =TrRoad_act!I115 -> 467255 | ... Y34: =TrRoad_act!Y115 -> 500719 | DA34: StockNew.number.EL.Tr.Road.Passenger.Car.ICE.Gasoline
A35: Diesel oil engine | B35: =TrRoad_act!B116 -> 2149 | C35: =TrRoad_act!C116 -> 801 | D35: =TrRoad_act!D116 -> 3741 | E35: =TrRoad_act!E116 -> 10275 | F35: =TrRoad_act!F116 -> 0 | G35: =TrRoad_act!G116 -> 1980 | H35: =TrRoad_act!H116 -> 16155 | I35: =TrRoad_act!I116 -> 12399 | ... Y35: =TrRoad_act!Y116 -> 21474 | DA35: StockNew.number.EL.Tr.Road.Passenger.Car.ICE.Diesel
A36: LPG engine | B36: =TrRoad_act!B117 -> 0 | C36: =TrRoad_act!C117 -> 0 | D36: =TrRoad_act!D117 -> 0 | E36: =TrRoad_act!E117 -> 0 | F36: =TrRoad_act!F117 -> 0 | G36: =TrRoad_act!G117 -> 0 | H36: =TrRoad_act!H117 -> 532 | I36: =TrRoad_act!I117 -> 1294 | ... Y36: =TrRoad_act!Y117 -> 3936 | DA36: StockNew.number.EL.Tr.Road.Passenger.Car.ICE.LPG
A37: Natural gas engine | B37: =TrRoad_act!B118 -> 0 | C37: =TrRoad_act!C118 -> 660 | D37: =TrRoad_act!D118 -> 415 | E37: =TrRoad_act!E118 -> 121 | F37: =TrRoad_act!F118 -> 11 | G37: =TrRoad_act!G118 -> 156 | H37: =TrRoad_act!H118 -> 98 | I37: =TrRoad_act!I118 -> 243 | ... Y37: =TrRoad_act!Y118 -> 1016 | DA37: StockNew.number.EL.Tr.Road.Passenger.Car.ICE.NGas
A38: Plug-in hybrid electric | B38: =TrRoad_act!B119 -> 0 | C38: =TrRoad_act!C119 -> 0 | D38: =TrRoad_act!D119 -> 0 | E38: =TrRoad_act!E119 -> 0 | F38: =TrRoad_act!F119 -> 0 | G38: =TrRoad_act!G119 -> 0 | H38: =TrRoad_act!H119 -> 0 | I38: =TrRoad_act!I119 -> 0 | ... Y38: =TrRoad_act!Y119 -> 8754 | DA38: StockNew.number.EL.Tr.Road.Passenger.Car.PHEV.Gasoline
A39: Battery electric vehicles | B39: =TrRoad_act!B120 -> 0 | C39: =TrRoad_act!C120 -> 0 | D39: =TrRoad_act!D120 -> 0 | E39: =TrRoad_act!E120 -> 0 | F39: =TrRoad_act!F120 -> 0 | G39: =TrRoad_act!G120 -> 0 | H39: =TrRoad_act!H120 -> 0 | I39: =TrRoad_act!I120 -> 0 | ... Y39: =TrRoad_act!Y120 -> 6477 | DA39: StockNew.number.EL.Tr.Road.Passenger.Car.BEV
A40: Motor coaches, buses and trolley buses | B40: =TrRoad_act!B121 -> 1913 | C40: =TrRoad_act!C121 -> 2304 | D40: =TrRoad_act!D121 -> 2454 | E40: =TrRoad_act!E121 -> 2405 | F40: =TrRoad_act!F121 -> 1856 | G40: =TrRoad_act!G121 -> 2427 | H40: =TrRoad_act!H121 -> 2453 | I40: =TrRoad_act!I121 -> 2451 | ... Y40: =TrRoad_act!Y121 -> 2160 | DA40: StockNew.number.EL.Tr.Road.Passenger.Bus
A41: Gasoline engine | B41: =TrRoad_act!B122 -> 0 | C41: =TrRoad_act!C122 -> 0 | D41: =TrRoad_act!D122 -> 0 | E41: =TrRoad_act!E122 -> 0 | F41: =TrRoad_act!F122 -> 0 | G41: =TrRoad_act!G122 -> 0 | H41: =TrRoad_act!H122 -> 0 | I41: =TrRoad_act!I122 -> 0 | ... Y41: =TrRoad_act!Y122 -> 0 | DA41: StockNew.number.EL.Tr.Road.Passenger.Bus.ICE.Gasoline
... A55: International | B55: =TrRoad_act!B136 -> 138 | C55: =TrRoad_act!C136 -> 160 | D55: =TrRoad_act!D136 -> 151 | E55: =TrRoad_act!E136 -> 120 | F55: =TrRoad_act!F136 -> 389 | G55: =TrRoad_act!G136 -> 175 | H55: =TrRoad_act!H136 -> 554 | I55: =TrRoad_act!I136 -> 0 | ... Y55: =TrRoad_act!Y136 -> 98 | DA55: StockNew.number.EL.Tr.Road.Freight.HGV_International
B57: 2020
A58: Year of registration: | B58: <=2000 | C58: 2001 | D58: 2002 | E58: 2003 | F58: 2004 | G58: 2005 | H58: 2006 | I58: 2007 | J58: 2008 | K58: 2009 | L58: 2010 | M58: 2011 | N58: 2012 | O58: 2013 | P58: 2014 | Q58: 2015 | R58: 2016 | S58: 2017 | T58: 2018 | U58: 2019 | V58: 2020 | W58: 2021 | X58: 2021 | Y58: 2021
A59: Age structure in 2021 | B59: =B60+B75 -> 63607 | C59: =C60+C75 -> 116306 | D59: =D60+D75 -> 117101 | E59: =E60+E75 -> 146816 | F59: =F60+F75 -> 168221 | G59: =G60+G75 -> 241109 | H59: =H60+H75 -> 249925 | I59: =I60+I75 -> 364460 | ... Y59: =Y60+Y75 -> 742621 | DA59: StockVin.number.EL.Tr.Road
A60: Passenger transport | B60: =B61+B62+B69 -> 63413 | C60: =C61+C62+C69 -> 115693 | D60: =D61+D62+D69 -> 116193 | E60: =E61+E62+E69 -> 146173 | F60: =F61+F62+F69 -> 162108 | G60: =G61+G62+G69 -> 240728 | H60: =H61+H62+H69 -> 244082 | I60: =I61+I62+I69 -> 351944 | ... Y60: =Y61+Y62+Y69 -> 675293 | DA60: StockVin.number.EL.Tr.Road.Passenger
A61: Powered two-wheelers | B61: 12272 | C61: 53283 | D61: 50981 | E61: 59603 | F61: 76943 | G61: 91606 | H61: 98522 | I61: 117021 | J61: 120935 | K61: 93423 | L61: 86063 | M61: 71863 | N61: 56490 | O61: 46079 | P61: 63342 | Q61: 68041 | R61: 79314 | S61: 39722 | T61: 46300 | U61: 69976 | V61: 72493 | W61: 87861 | X61: 89110 | Y61: 130757 | DA61: StockVin.number.EL.Tr.Road.Passenger.P2W
A62: Passenger cars | B62: =SUM(B63:B68) -> 51141 | C62: =SUM(C63:C68) -> 62380 | D62: =SUM(D63:D68) -> 65190 | E62: =SUM(E63:E68) -> 86562 | F62: =SUM(F63:F68) -> 85165 | G62: =SUM(G63:G68) -> 148878 | H62: =SUM(H63:H68) -> 144830 | I62: =SUM(I63:I68) -> 233953 | ... Y62: =SUM(Y63:Y68) -> 542376 | DA62: StockVin.number.EL.Tr.Road.Passenger.Car
A63: Gasoline engine | B63: 51141 | C63: 62380 | D63: 65190 | E63: 86562 | F63: 85165 | G63: 148878 | H63: 141762 | I63: 229786 | J63: 204429 | K63: 212368 | L63: 216446 | M63: 167657 | N63: 237567 | O63: 148402 | P63: 197272 | Q63: 279041 | R63: 174871 | S63: 238541 | T63: 213983 | U63: 297434 | V63: 287294 | W63: 482575 | X63: 485260 | Y63: 500719 | DA63: StockVin.number.EL.Tr.Road.Passenger.Car.ICE.Gasoline
A64: Diesel oil engine | B64: 0 | C64: 0 | D64: 0 | E64: 0 | F64: 0 | G64: 0 | H64: 3068 | I64: 4167 | J64: 2098 | K64: 12418 | L64: 3481 | M64: 0 | N64: 0 | O64: 0 | P64: 53712 | Q64: 2959 | R64: 39844 | S64: 41728 | T64: 57998 | U64: 66455 | V64: 81022 | W64: 20272 | X64: 19999 | Y64: 21474 | DA64: StockVin.number.EL.Tr.Road.Passenger.Car.ICE.Diesel
A65: LPG engine | B65: 0 | C65: 0 | D65: 0 | E65: 0 | F65: 0 | G65: 0 | H65: 0 | I65: 0 | J65: 0 | K65: 0 | L65: 0 | M65: 32487 | N65: 0 | O65: 72251 | P65: 14748 | Q65: 28052 | R65: 30802 | S65: 1400 | T65: 2113 | U65: 3709 | V65: 71 | W65: 1984 | X65: 2084 | Y65: 3936 | DA65: StockVin.number.EL.Tr.Road.Passenger.Car.ICE.LPG
A66: Natural gas engine | B66: 0 | C66: 0 | D66: 0 | E66: 0 | F66: 0 | G66: 0 | H66: 0 | I66: 0 | J66: 0 | K66: 0 | L66: 116 | M66: 133 | N66: 25 | O66: 0 | P66: 17 | Q66: 347 | R66: 144 | S66: 89 | T66: 120 | U66: 358 | V66: 1353 | W66: 1349 | X66: 679 | Y66: 1016 | DA66: StockVin.number.EL.Tr.Road.Passenger.Car.ICE.NGas
A67: Plug-in hybrid electric | B67: 0 | C67: 0 | D67: 0 | E67: 0 | F67: 0 | G67: 0 | H67: 0 | I67: 0 | J67: 0 | K67: 0 | L67: 0 | M67: 0 | N67: 0 | O67: 0 | P67: 0 | Q67: 0 | R67: 0 | S67: 0 | T67: 81 | U67: 243 | V67: 1371 | W67: 4744 | X67: 5450 | Y67: 8754 | DA67: StockVin.number.EL.Tr.Road.Passenger.Car.PHEV.Gasoline
A68: Battery electric vehicles | B68: 0 | C68: 0 | D68: 0 | E68: 0 | F68: 0 | G68: 0 | H68: 0 | I68: 0 | J68: 0 | K68: 0 | L68: 0 | M68: 0 | N68: 0 | O68: 0 | P68: 0 | Q68: 0 | R68: 0 | S68: 0 | T68: 0 | U68: 24 | V68: 627 | W68: 2159 | X68: 3028 | Y68: 6477 | DA68: StockVin.number.EL.Tr.Road.Passenger.Car.BEV
A69: Motor coaches, buses and trolley buses | B69: =SUM(B70:B74) -> 0 | C69: =SUM(C70:C74) -> 30 | D69: =SUM(D70:D74) -> 22 | E69: =SUM(E70:E74) -> 8 | F69: =SUM(F70:F74) -> 0 | G69: =SUM(G70:G74) -> 244 | H69: =SUM(H70:H74) -> 730 | I69: =SUM(I70:I74) -> 970 | ... Y69: =SUM(Y70:Y74) -> 2160 | DA69: StockVin.number.EL.Tr.Road.Passenger.Bus
A70: Gasoline engine | B70: 0 | C70: 0 | D70: 0 | E70: 0 | F70: 0 | G70: 0 | H70: 0 | I70: 0 | J70: 0 | K70: 0 | L70: 0 | M70: 0 | N70: 0 | O70: 0 | P70: 0 | Q70: 0 | R70: 0 | S70: 0 | T70: 0 | U70: 0 | V70: 0 | W70: 0 | X70: 0 | Y70: 0 | DA70: StockVin.number.EL.Tr.Road.Passenger.Bus.ICE.Gasoline
A71: Diesel oil engine | B71: 0 | C71: 0 | D71: 0 | E71: 0 | F71: 0 | G71: 234 | H71: 721 | I71: 930 | J71: 1111 | K71: 1332 | L71: 1367 | M71: 1324 | N71: 1389 | O71: 1122 | P71: 1505 | Q71: 1495 | R71: 1249 | S71: 1418 | T71: 1342 | U71: 1628 | V71: 1645 | W71: 1669 | X71: 1840 | Y71: 1903 | DA71: StockVin.number.EL.Tr.Road.Passenger.Bus.ICE.Diesel
A72: LPG engine | B72: 0 | C72: 0 | D72: 0 | E72: 0 | F72: 0 | G72: 0 | H72: 0 | I72: 0 | J72: 0 | K72: 0 | L72: 0 | M72: 0 | N72: 0 | O72: 0 | P72: 0 | Q72: 0 | R72: 0 | S72: 0 | T72: 0 | U72: 0 | V72: 0 | W72: 0 | X72: 0 | Y72: 0 | DA72: StockVin.number.EL.Tr.Road.Passenger.Bus.ICE.LPG
A73: Natural gas engine | B73: 0 | C73: 30 | D73: 22 | E73: 8 | F73: 0 | G73: 10 | H73: 9 | I73: 40 | J73: 21 | K73: 0 | L73: 0 | M73: 6 | N73: 20 | O73: 0 | P73: 39 | Q73: 66 | R73: 52 | S73: 0 | T73: 131 | U73: 115 | V73: 137 | W73: 149 | X73: 299 | Y73: 250 | DA73: StockVin.number.EL.Tr.Road.Passenger.Bus.ICE.NGas
A74: Battery electric vehicles | B74: 0 | C74: 0 | D74: 0 | E74: 0 | F74: 0 | G74: 0 | H74: 0 | I74: 0 | J74: 0 | K74: 0 | L74: 0 | M74: 0 | N74: 0 | O74: 192 | P74: 0 | Q74: 1 | R74: 0 | S74: 2 | T74: 3 | U74: 4 | V74: 3 | W74: 3 | X74: 2 | Y74: 7 | DA74: StockVin.number.EL.Tr.Road.Passenger.Bus.BEV
A75: Freight transport | B75: =B76+B82 -> 194 | C75: =C76+C82 -> 613 | D75: =D76+D82 -> 908 | E75: =E76+E82 -> 643 | F75: =F76+F82 -> 6113 | G75: =G76+G82 -> 381 | H75: =H76+H82 -> 5843 | I75: =I76+I82 -> 12516 | ... Y75: =Y76+Y82 -> 67328 | DA75: StockVin.number.EL.Tr.Road.Freight
A76: Light commercial vehicles | B76: =SUM(B77:B81) -> 0 | C76: =SUM(C77:C81) -> 0 | D76: =SUM(D77:D81) -> 0 | E76: =SUM(E77:E81) -> 0 | F76: =SUM(F77:F81) -> 0 | G76: =SUM(G77:G81) -> 0 | H76: =SUM(H77:H81) -> 0 | I76: =SUM(I77:I81) -> 10631 | ... Y76: =SUM(Y77:Y81) -> 64853 | DA76: StockVin.number.EL.Tr.Road.Freight.LCV
A77: Gasoline engine | B77: 0 | C77: 0 | D77: 0 | E77: 0 | F77: 0 | G77: 0 | H77: 0 | I77: 10631 | J77: 25119 | K77: 1811 | L77: 12867 | M77: 0 | N77: 133 | O77: 72 | P77: 15050 | Q77: 30714 | R77: 52483 | S77: 59 | T77: 26347 | U77: 31490 | V77: 27703 | W77: 27503 | X77: 29235 | Y77: 27787 | DA77: StockVin.number.EL.Tr.Road.Freight.LCV.ICE.Gasoline
A78: Diesel oil engine | B78: 0 | C78: 0 | D78: 0 | E78: 0 | F78: 0 | G78: 0 | H78: 0 | I78: 0 | J78: 0 | K78: 14791 | L78: 27436 | M78: 5272 | N78: 1508 | O78: 30598 | P78: 16013 | Q78: 57048 | R78: 39745 | S78: 5880 | T78: 6260 | U78: 7083 | V78: 6191 | W78: 9429 | X78: 11885 | Y78: 37066 | DA78: StockVin.number.EL.Tr.Road.Freight.LCV.ICE.Diesel
A79: LPG engine | B79: 0 | C79: 0 | D79: 0 | E79: 0 | F79: 0 | G79: 0 | H79: 0 | I79: 0 | J79: 0 | K79: 0 | L79: 0 | M79: 0 | N79: 0 | O79: 0 | P79: 0 | Q79: 0 | R79: 0 | S79: 0 | T79: 0 | U79: 0 | V79: 0 | W79: 0 | X79: 0 | Y79: 0 | DA79: StockVin.number.EL.Tr.Road.Freight.LCV.ICE.LPG
A80: Natural gas engine | B80: 0 | C80: 0 | D80: 0 | E80: 0 | F80: 0 | G80: 0 | H80: 0 | I80: 0 | J80: 0 | K80: 0 | L80: 0 | M80: 0 | N80: 0 | O80: 0 | P80: 0 | Q80: 0 | R80: 0 | S80: 0 | T80: 0 | U80: 0 | V80: 0 | W80: 0 | X80: 0 | Y80: 0 | DA80: StockVin.number.EL.Tr.Road.Freight.LCV.ICE.NGas
A81: Battery electric vehicles | B81: 0 | C81: 0 | D81: 0 | E81: 0 | F81: 0 | G81: 0 | H81: 0 | I81: 0 | J81: 0 | K81: 0 | L81: 0 | M81: 0 | N81: 0 | O81: 0 | P81: 0 | Q81: 0 | R81: 0 | S81: 0 | T81: 0 | U81: 0 | V81: 0 | W81: 0 | X81: 0 | Y81: 0 | DA81: StockVin.number.EL.Tr.Road.Freight.LCV.BEV
A82: Heavy goods vehicles | B82: =SUM(B83:B84) -> 194 | C82: =SUM(C83:C84) -> 613 | D82: =SUM(D83:D84) -> 908 | E82: =SUM(E83:E84) -> 643 | F82: =SUM(F83:F84) -> 6113 | G82: =SUM(G83:G84) -> 381 | H82: =SUM(H83:H84) -> 5843 | I82: =SUM(I83:I84) -> 1885 | ... Y82: =SUM(Y83:Y84) -> 2475 | DA82: StockVin.number.EL.Tr.Road.Freight.HGV_All
A83: Domestic | B83: 194 | C83: 613 | D83: 908 | E83: 643 | F83: 6113 | G83: 381 | H83: 5843 | I83: 1885 | J83: 9322 | K83: 948 | L83: 1041 | M83: 1109 | N83: 1154 | O83: 1165 | P83: 1196 | Q83: 2045 | R83: 2088 | S83: 2185 | T83: 2170 | U83: 2346 | V83: 2334 | W83: 2620 | X83: 2541 | Y83: 2377 | DA83: StockVin.number.EL.Tr.Road.Freight.HGV_Domestic
A84: International | B84: 0 | C84: 0 | D84: 0 | E84: 0 | F84: 0 | G84: 0 | H84: 0 | I84: 0 | J84: 0 | K84: 0 | L84: 0 | M84: 0 | N84: 0 | O84: 21 | P84: 42 | Q84: 212 | R84: 201 | S84: 610 | T84: 0 | U84: 0 | V84: 654 | W84: 760 | X84: 220 | Y84: 98 | DA84: StockVin.number.EL.Tr.Road.Freight.HGV_International
A86: Indicators
A88: Test cycle efficiency of total stock (kgoe/100 km)
A89: Passenger transport
A90: Powered two-wheelers | B90: 4.1347622 | C90: 4.0673089 | D90: 4.016128 | E90: 3.9643185 | F90: 3.9100812 | G90: 3.8523143 | H90: 3.7933525 | I90: 3.7302096 | J90: 3.657493 | K90: 3.5930639 | L90: 3.5315259 | M90: 3.4733954 | N90: 3.4388254 | O90: 3.3928771 | P90: 3.3491401 | Q90: 3.2847512 | R90: 3.2296517 | S90: 3.2000793 | T90: 3.1134719 | U90: 3.0585622 | V90: 3.0028511 | W90: 2.9524637 | X90: 2.8893033 | Y90: 2.8053538 | DA90: Eff_test_stock.kgoe_per_100km.EL.Tr.Road.Passenger.P2W
A91: Passenger cars | B91: 8.1192477 | C91: 7.9501985 | D91: 7.8829115 | E91: 7.816856 | F91: 7.7658059 | G91: 7.7000786 | H91: 7.643453 | I91: 7.5719325 | J91: 7.5049249 | K91: 7.434726 | L91: 7.3568658 | M91: 7.2771166 | N91: 7.1856601 | O91: 7.102227 | P91: 7.0191048 | Q91: 6.8794601 | R91: 6.7844348 | S91: 6.6716816 | T91: 6.5514229 | U91: 6.4011803 | V91: 6.2353235 | W91: 6.0208354 | X91: 5.796094 | Y91: 5.5842097 | DA91: Eff_test_stock.kgoe_per_100km.EL.Tr.Road.Passenger.Car
A92: Gasoline engine | B92: 8.1214517 | C92: 7.8994543 | D92: 7.8184233 | E92: 7.7403369 | F92: 7.6824452 | G92: 7.6092636 | H92: 7.5505996 | I92: 7.4761343 | J92: 7.4062115 | K92: 7.3360871 | L92: 7.2508181 | M92: 7.1651277 | N92: 7.0807743 | O92: 6.9921236 | P92: 6.9167355 | Q92: 6.7634917 | R92: 6.6778804 | S92: 6.5541739 | T92: 6.4273377 | U92: 6.2632299 | V92: 6.0982998 | W92: 5.8463259 | X92: 5.617189 | Y92: 5.4206888 | DA92: Eff_test_stock.kgoe_per_100km.EL.Tr.Road.Passenger.Car.ICE.Gasoline
A93: Diesel oil engine | B93: 8.0552568 | C93: 8.0193776 | D93: 7.9737006 | E93: 7.8646543 | F93: 7.8479161 | G93: 7.8281994 | H93: 7.6925592 | I93: 7.6004064 | J93: 7.5419956 | K93: 7.3217947 | L93: 7.2411851 | M93: 7.211001 | N93: 7.184455 | O93: 7.1474018 | P93: 6.0936584 | Q93: 5.9927851 | R93: 5.5211992 | S93: 5.2503058 | T93: 5.0373213 | U93: 4.8770932 | V93: 4.7313744 | W93: 4.6577945 | X93: 4.5698916 | Y93: 4.4905557 | DA93: Eff_test_stock.kgoe_per_100km.EL.Tr.Road.Passenger.Car.ICE.Diesel
A94: LPG engine | B94: 8.0488404 | C94: 8.0488404 | D94: 8.0488404 | E94: 8.0488404 | F94: 8.0488404 | G94: 8.0488404 | H94: 8.0302213 | I94: 8.0455596 | J94: 8.0796666 | K94: 8.1122658 | L94: 7.9444354 | M94: 7.920208 | N94: 7.8995433 | O94: 7.6521136 | P94: 7.5972658 | Q94: 7.4742037 | R94: 7.1068569 | S94: 7.0881019 | T94: 7.0630899 | U94: 7.0046477 | V94: 6.9111499 | W94: 6.878537 | X94: 6.8429284 | Y94: 6.7744458 | DA94: Eff_test_stock.kgoe_per_100km.EL.Tr.Road.Passenger.Car.ICE.LPG
A95: Natural gas engine | B95: 0 | C95: 8.7823963 | D95: 8.7614098 | E95: 8.7461801 | F95: 8.7445887 | G95: 8.7113403 | H95: 8.6792277 | I95: 8.5947836 | J95: 8.5761544 | K95: 8.1770652 | L95: 7.9475224 | M95: 7.752935 | N95: 7.6935074 | O95: 7.6402259 | P95: 7.6046603 | Q95: 7.0159884 | R95: 6.7746959 | S95: 6.6335239 | T95: 6.459772 | U95: 6.105451 | V95: 5.2817762 | W95: 4.6815316 | X95: 4.5730779 | Y95: 4.4911916 | DA95: Eff_test_stock.kgoe_per_100km.EL.Tr.Road.Passenger.Car.ICE.NGas
A96: Plug-in hybrid electric | B96: 0 | C96: 0 | D96: 0 | E96: 0 | F96: 0 | G96: 0 | H96: 0 | I96: 0 | J96: 0 | K96: 0 | L96: 0 | M96: 0 | N96: 2.5169353 | O96: 1.4750417 | P96: 1.9487941 | Q96: 2.2208449 | R96: 3.0041871 | S96: 3.2442699 | T96: 3.4471269 | U96: 3.5308175 | V96: 3.2049573 | W96: 2.976844 | X96: 2.8974106 | Y96: 2.7471166 | DA96: Eff_test_stock.kgoe_per_100km.EL.Tr.Road.Passenger.Car.PHEV.Gasoline
A97: Battery electric vehicles | B97: 0 | C97: 0 | D97: 0 | E97: 0 | F97: 0 | G97: 0 | H97: 0 | I97: 0 | J97: 0 | K97: 0 | L97: 0 | M97: 0 | N97: 1.0732538 | O97: 1.1175653 | P97: 1.1097392 | Q97: 1.1632878 | R97: 1.1683011 | S97: 1.1532591 | T97: 1.175449 | U97: 1.3391156 | V97: 1.4617103 | W97: 1.4610135 | X97: 1.4542117 | Y97: 1.4471211 | DA97: Eff_test_stock.kgoe_per_100km.EL.Tr.Road.Passenger.Car.BEV
A98: Motor coaches, buses and trolley buses | B98: 58.147289 | C98: 56.56824 | D98: 55.661236 | E98: 54.776317 | F98: 54.074536 | G98: 53.205351 | H98: 52.345196 | I98: 51.493534 | J98: 50.689896 | K98: 49.917622 | L98: 49.058876 | M98: 48.221262 | N98: 47.396704 | O98: 46.878811 | P98: 46.275883 | Q98: 45.956718 | R98: 45.672517 | S98: 45.334748 | T98: 44.981867 | U98: 44.41143 | V98: 43.744436 | W98: 42.980527 | X98: 41.96964 | Y98: 40.962961 | DA98: Eff_test_stock.kgoe_per_100km.EL.Tr.Road.Passenger.Bus
A99: Gasoline engine | B99: 0 | C99: 0 | D99: 0 | E99: 0 | F99: 0 | G99: 0 | H99: 0 | I99: 0 | J99: 0 | K99: 0 | L99: 0 | M99: 0 | N99: 0 | O99: 0 | P99: 0 | Q99: 0 | R99: 0 | S99: 0 | T99: 0 | U99: 0 | V99: 0 | W99: 0 | X99: 0 | Y99: 0 | DA99: Eff_test_stock.kgoe_per_100km.EL.Tr.Road.Passenger.Bus.ICE.Gasoline
A100: Diesel oil engine | B100: 58.147289 | C100: 55.925665 | D100: 54.760606 | E100: 53.639787 | F100: 52.810293 | G100: 51.88507 | H100: 51.046538 | I100: 50.321567 | J100: 49.652431 | K100: 49.012293 | L100: 48.372317 | M100: 47.783824 | N100: 47.235812 | O100: 46.990363 | P100: 46.526221 | Q100: 46.183683 | R100: 45.869462 | S100: 45.462743 | T100: 45.064582 | U100: 44.424449 | V100: 43.680444 | W100: 42.826715 | X100: 41.748836 | Y100: 40.553619 | DA100: Eff_test_stock.kgoe_per_100km.EL.Tr.Road.Passenger.Bus.ICE.Diesel
A101: LPG engine | B101: 0 | C101: 0 | D101: 0 | E101: 0 | F101: 0 | G101: 0 | H101: 0 | I101: 0 | J101: 0 | K101: 0 | L101: 0 | M101: 0 | N101: 0 | O101: 0 | P101: 0 | Q101: 0 | R101: 0 | S101: 0 | T101: 0 | U101: 0 | V101: 0 | W101: 0 | X101: 0 | Y101: 0 | DA101: Eff_test_stock.kgoe_per_100km.EL.Tr.Road.Passenger.Bus.ICE.LPG
... A103: Battery electric vehicles | B103: 0 | C103: 0 | D103: 0 | E103: 0 | F103: 0 | G103: 0 | H103: 0 | I103: 0 | J103: 0 | K103: 0 | L103: 0 | M103: 0 | N103: 0 | O103: 23.016023 | P103: 23.016023 | Q103: 23.02254 | R103: 23.022559 | S103: 23.038028 | T103: 23.061078 | U103: 23.089653 | V103: 23.108726 | W103: 23.123975 | X103: 23.131546 | Y103: 23.2143 | DA103: Eff_test_stock.kgoe_per_100km.EL.Tr.Road.Passenger.Bus.BEV
A104: Freight transport
A105: Light commercial vehicles | B105: 11.729293 | C105: 11.395836 | D105: 11.079637 | E105: 10.759209 | F105: 10.527715 | G105: 10.292975 | H105: 9.9723345 | I105: 9.6022182 | J105: 9.3075694 | K105: 9.0237019 | L105: 8.7581571 | M105: 8.4957586 | N105: 8.4794285 | O105: 8.2691068 | P105: 8.0683644 | Q105: 7.7688614 | R105: 7.5595475 | S105: 7.499866 | T105: 7.3911669 | U105: 7.1995719 | V105: 7.038999 | W105: 6.8455267 | X105: 6.6626385 | Y105: 6.4488508 | DA105: Eff_test_stock.kgoe_per_100km.EL.Tr.Road.Freight.LCV
