Workbook

Sheet cover
B6: JRC-IDEES-2023 - Integrated Database of the European Energy System
C10: Italy
C15: Energy related CO2 Emission balances
L28: Prepared by JRC C.6
L30: 45967.477
L31: v2023-1.00
B33: Legal Notice
B35: The information made available is property of the Joint Research Centre of the European Commission.
B36: Neither the European Commission nor any person acting on behalf of the Commission is responsible for the use which might be made of this information.
B38: Use conditions
B39: This work is licensed under
B40: CC BY 4.0

Sheet index
A1: Italy | B1: IT | C1: 2000 | D1: 2001 | E1: 2002 | F1: 2003 | G1: 2004 | H1: 2005 | I1: 2006 | J1: 2007 | K1: 2008 | L1: 2009 | M1: 2010 | N1: 2011 | O1: 2012 | P1: 2013 | Q1: 2014 | R1: 2015 | S1: 2016 | T1: 2017 | U1: 2018 | V1: 2019 | W1: 2020 | X1: 2021 | Y1: 2022 | Z1: 2023
B2: Click on the link to jump to the sheet
A3: Total | B3: kt CO2
A4: Gross available energy | B4: =HYPERLINK("#"&CELL("address",GAE!$Z$2),"GAE") -> GAE | C4: =GAE!C$2 -> 432023.33 | D4: =GAE!D$2 -> 428717.76 | E4: =GAE!E$2 -> 437805.97 | F4: =GAE!F$2 -> 456370.52 | G4: =GAE!G$2 -> 465893.95 | H4: =GAE!H$2 -> 468920.93 | I4: =GAE!I$2 -> 463897.26 | J4: =GAE!J$2 -> 457109.79 | ... Z4: =GAE!Z$2 -> 303015.24
A5: International maritime bunkers | B5: =HYPERLINK("#"&CELL("address",INTMARB!$Z$2),"INTMARB") -> INTMARB | C5: =INTMARB!C$2 -> 5302.0072 | D5: =INTMARB!D$2 -> 5663.6933 | E5: =INTMARB!E$2 -> 6167.7424 | F5: =INTMARB!F$2 -> 6728.1277 | G5: =INTMARB!G$2 -> 7059.5124 | H5: =INTMARB!H$2 -> 7235.3515 | I5: =INTMARB!I$2 -> 7523.0197 | J5: =INTMARB!J$2 -> 7766.7203 | ... Z5: =INTMARB!Z$2 -> 7279.2246
A6: International Intra-EEA maritime bunkers | B6: =HYPERLINK("#"&CELL("address",INTMARB_IN!$Z$2),"INTMARB_IN") -> INTMARB_IN | C6: =INTMARB_IN!C$2 -> 2011.6218 | D6: =INTMARB_IN!D$2 -> 2106.6567 | E6: =INTMARB_IN!E$2 -> 2379.4569 | F6: =INTMARB_IN!F$2 -> 2558.3046 | G6: =INTMARB_IN!G$2 -> 2585.5886 | H6: =INTMARB_IN!H$2 -> 2596.5087 | I6: =INTMARB_IN!I$2 -> 2682.0915 | J6: =INTMARB_IN!J$2 -> 2723.9802 | ... Z6: =INTMARB_IN!Z$2 -> 3078.3091
A7: International Extra-EEA maritime bunkers | B7: =HYPERLINK("#"&CELL("address",INTMARB_EX!$Z$2),"INTMARB_EX") -> INTMARB_EX | C7: =INTMARB_EX!C$2 -> 3290.3855 | D7: =INTMARB_EX!D$2 -> 3557.0366 | E7: =INTMARB_EX!E$2 -> 3788.2855 | F7: =INTMARB_EX!F$2 -> 4169.8231 | G7: =INTMARB_EX!G$2 -> 4473.9239 | H7: =INTMARB_EX!H$2 -> 4638.8428 | I7: =INTMARB_EX!I$2 -> 4840.9282 | J7: =INTMARB_EX!J$2 -> 5042.7401 | ... Z7: =INTMARB_EX!Z$2 -> 4200.9155
A8: Gross inland consumption | B8: =HYPERLINK("#"&CELL("address",GIC!$Z$2),"GIC") -> GIC | C8: =GIC!C$2 -> 426721.33 | D8: =GIC!D$2 -> 423054.07 | E8: =GIC!E$2 -> 431638.23 | F8: =GIC!F$2 -> 449642.39 | G8: =GIC!G$2 -> 458834.43 | H8: =GIC!H$2 -> 461685.58 | I8: =GIC!I$2 -> 456374.24 | J8: =GIC!J$2 -> 449343.07 | ... Z8: =GIC!Z$2 -> 295736.02
A9: International aviation | B9: =HYPERLINK("#"&CELL("address",INTAVI!$Z$2),"INTAVI") -> INTAVI | C9: =INTAVI!C$2 -> 8511.4502 | D9: =INTAVI!D$2 -> 7763.2587 | E9: =INTAVI!E$2 -> 7763.2587 | F9: =INTAVI!F$2 -> 8730.9608 | G9: =INTAVI!G$2 -> 8659.8517 | H9: =INTAVI!H$2 -> 9021.5806 | I9: =INTAVI!I$2 -> 9667.746 | J9: =INTAVI!J$2 -> 10270.627 | ... Z9: =INTAVI!Z$2 -> 10836.863
A10: International Intra-EEAwUK passenger aviation | B10: =HYPERLINK("#"&CELL("address",INTAVI_PA_IN!$Z$2),"INTAVI_PA_IN") -> INTAVI_PA_IN | C10: =INTAVI_PA_IN!C$2 -> 3755.8679 | D10: =INTAVI_PA_IN!D$2 -> 3558.9639 | E10: =INTAVI_PA_IN!E$2 -> 3427.2959 | F10: =INTAVI_PA_IN!F$2 -> 4002.7529 | G10: =INTAVI_PA_IN!G$2 -> 3725.9206 | H10: =INTAVI_PA_IN!H$2 -> 3913.484 | I10: =INTAVI_PA_IN!I$2 -> 4193.5825 | J10: =INTAVI_PA_IN!J$2 -> 4547.7053 | ... Z10: =INTAVI_PA_IN!Z$2 -> 4898.4986
A11: International Extra-EEAwUK passenger aviation | B11: =HYPERLINK("#"&CELL("address",INTAVI_PA_EX!$Z$2),"INTAVI_PA_EX") -> INTAVI_PA_EX | C11: =INTAVI_PA_EX!C$2 -> 4268.3548 | D11: =INTAVI_PA_EX!D$2 -> 4044.5859 | E11: =INTAVI_PA_EX!E$2 -> 3895.0087 | F11: =INTAVI_PA_EX!F$2 -> 4241.4343 | G11: =INTAVI_PA_EX!G$2 -> 4446.8667 | H11: =INTAVI_PA_EX!H$2 -> 4553.9979 | I11: =INTAVI_PA_EX!I$2 -> 4832.3833 | J11: =INTAVI_PA_EX!J$2 -> 5018.254 | ... Z11: =INTAVI_PA_EX!Z$2 -> 5276.6911
A12: International Intra-EEAwUK freight aviation | B12: =HYPERLINK("#"&CELL("address",INTAVI_FR_IN!$Z$2),"INTAVI_FR_IN") -> INTAVI_FR_IN | C12: =INTAVI_FR_IN!C$2 -> 61.330758 | D12: =INTAVI_FR_IN!D$2 -> 28.878858 | E12: =INTAVI_FR_IN!E$2 -> 107.27787 | F12: =INTAVI_FR_IN!F$2 -> 115.08348 | G12: =INTAVI_FR_IN!G$2 -> 124.1235 | H12: =INTAVI_FR_IN!H$2 -> 127.81482 | I12: =INTAVI_FR_IN!I$2 -> 140.01849 | J12: =INTAVI_FR_IN!J$2 -> 149.59702 | ... Z12: =INTAVI_FR_IN!Z$2 -> 123.28284
A13: International Extra-EEAwUK freight aviation | B13: =HYPERLINK("#"&CELL("address",INTAVI_FR_EX!$Z$2),"INTAVI_FR_EX") -> INTAVI_FR_EX | C13: =INTAVI_FR_EX!C$2 -> 425.8967 | D13: =INTAVI_FR_EX!D$2 -> 130.83006 | E13: =INTAVI_FR_EX!E$2 -> 333.67621 | F13: =INTAVI_FR_EX!F$2 -> 371.69016 | G13: =INTAVI_FR_EX!G$2 -> 362.94095 | H13: =INTAVI_FR_EX!H$2 -> 426.2839 | I13: =INTAVI_FR_EX!I$2 -> 501.76161 | J13: =INTAVI_FR_EX!J$2 -> 555.071 | ... Z13: =INTAVI_FR_EX!Z$2 -> 538.39059
A14: Total energy supply | B14: =HYPERLINK("#"&CELL("address",NRGSUP!$Z$2),"NRGSUP") -> NRGSUP | C14: =NRGSUP!C$2 -> 418209.88 | D14: =NRGSUP!D$2 -> 415290.81 | E14: =NRGSUP!E$2 -> 423874.97 | F14: =NRGSUP!F$2 -> 440911.43 | G14: =NRGSUP!G$2 -> 450174.58 | H14: =NRGSUP!H$2 -> 452664 | I14: =NRGSUP!I$2 -> 446706.5 | J14: =NRGSUP!J$2 -> 439072.44 | ... Z14: =NRGSUP!Z$2 -> 284899.16
A15: Electricity & heat generation | B15: =HYPERLINK("#"&CELL("address",TI_EHG_E!$Z$2),"TI_EHG_E") -> TI_EHG_E | C15: =TI_EHG_E!C$2 -> 136417.47 | D15: =TI_EHG_E!D$2 -> 133145.62 | E15: =TI_EHG_E!E$2 -> 141929.66 | F15: =TI_EHG_E!F$2 -> 149151.72 | G15: =TI_EHG_E!G$2 -> 163240.27 | H15: =TI_EHG_E!H$2 -> 159813.46 | I15: =TI_EHG_E!I$2 -> 165380.31 | J15: =TI_EHG_E!J$2 -> 162624.3 | ... Z15: =TI_EHG_E!Z$2 -> 73629.41
A16: Electricity only | B16: =HYPERLINK("#"&CELL("address",TI_EHG_E_E!$Z$2),"TI_EHG_E_E") -> TI_EHG_E_E | C16: =TI_EHG_E_E!C$2 -> 106948.5 | D16: =TI_EHG_E_E!D$2 -> 103262.53 | E16: =TI_EHG_E_E!E$2 -> 105471.09 | F16: =TI_EHG_E_E!F$2 -> 96523.441 | G16: =TI_EHG_E_E!G$2 -> 107114.17 | H16: =TI_EHG_E_E!H$2 -> 100820.14 | I16: =TI_EHG_E_E!I$2 -> 101415.57 | J16: =TI_EHG_E_E!J$2 -> 94978.992 | ... Z16: =TI_EHG_E_E!Z$2 -> 31674.138
A17: CHP | B17: =HYPERLINK("#"&CELL("address",TI_EHG_CHP_E!$Z$2),"TI_EHG_CHP_E") -> TI_EHG_CHP_E | C17: =TI_EHG_CHP_E!C$2 -> 29468.963 | D17: =TI_EHG_CHP_E!D$2 -> 29883.087 | E17: =TI_EHG_CHP_E!E$2 -> 36458.57 | F17: =TI_EHG_CHP_E!F$2 -> 52628.284 | G17: =TI_EHG_CHP_E!G$2 -> 56126.097 | H17: =TI_EHG_CHP_E!H$2 -> 58993.322 | I17: =TI_EHG_CHP_E!I$2 -> 63964.743 | J17: =TI_EHG_CHP_E!J$2 -> 67645.313 | ... Z17: =TI_EHG_CHP_E!Z$2 -> 41400.071
A18: Heat only | B18: =HYPERLINK("#"&CELL("address",TI_EHG_H_E!$Z$2),"TI_EHG_H_E") -> TI_EHG_H_E | C18: =TI_EHG_H_E!C$2 -> 0 | D18: =TI_EHG_H_E!D$2 -> 0 | E18: =TI_EHG_H_E!E$2 -> 0 | F18: =TI_EHG_H_E!F$2 -> 0 | G18: =TI_EHG_H_E!G$2 -> 0 | H18: =TI_EHG_H_E!H$2 -> 0 | I18: =TI_EHG_H_E!I$2 -> 0 | J18: =TI_EHG_H_E!J$2 -> 0 | ... Z18: =TI_EHG_H_E!Z$2 -> 555.20122
A19: Energy sector | B19: =HYPERLINK("#"&CELL("address",NRG_E!$Z$2),"NRG_E") -> NRG_E | C19: =NRG_E!C$2 -> 17240.168 | D19: =NRG_E!D$2 -> 16726.107 | E19: =NRG_E!E$2 -> 17555.066 | F19: =NRG_E!F$2 -> 16560.227 | G19: =NRG_E!G$2 -> 16805.485 | H19: =NRG_E!H$2 -> 19057.949 | I19: =NRG_E!I$2 -> 16292.081 | J19: =NRG_E!J$2 -> 17355.427 | ... Z19: =NRG_E!Z$2 -> 14383.507
A20: Coal mines | B20: =HYPERLINK("#"&CELL("address",NRG_CM_E!$Z$2),"NRG_CM_E") -> NRG_CM_E | C20: =NRG_CM_E!C$2 -> 0 | D20: =NRG_CM_E!D$2 -> 0 | E20: =NRG_CM_E!E$2 -> 0 | F20: =NRG_CM_E!F$2 -> 0 | G20: =NRG_CM_E!G$2 -> 0 | H20: =NRG_CM_E!H$2 -> 0 | I20: =NRG_CM_E!I$2 -> 0 | J20: =NRG_CM_E!J$2 -> 0 | ... Z20: =NRG_CM_E!Z$2 -> 0
A21: Oil & natural gas extraction plants | B21: =HYPERLINK("#"&CELL("address",NRG_OIL_NG_E!$Z$2),"NRG_OIL_NG_E") -> NRG_OIL_NG_E | C21: =NRG_OIL_NG_E!C$2 -> 915.93909 | D21: =NRG_OIL_NG_E!D$2 -> 597.39768 | E21: =NRG_OIL_NG_E!E$2 -> 793.95525 | F21: =NRG_OIL_NG_E!F$2 -> 794.2077 | G21: =NRG_OIL_NG_E!G$2 -> 697.92327 | H21: =NRG_OIL_NG_E!H$2 -> 692.26839 | I21: =NRG_OIL_NG_E!I$2 -> 731.0952 | J21: =NRG_OIL_NG_E!J$2 -> 657.3798 | ... Z21: =NRG_OIL_NG_E!Z$2 -> 596.11692
A22: Patent fuel plants | B22: =HYPERLINK("#"&CELL("address",NRG_PF_E!$Z$2),"NRG_PF_E") -> NRG_PF_E | C22: =NRG_PF_E!C$2 -> 0 | D22: =NRG_PF_E!D$2 -> 0 | E22: =NRG_PF_E!E$2 -> 0 | F22: =NRG_PF_E!F$2 -> 0 | G22: =NRG_PF_E!G$2 -> 0 | H22: =NRG_PF_E!H$2 -> 0 | I22: =NRG_PF_E!I$2 -> 0 | J22: =NRG_PF_E!J$2 -> 0 | ... Z22: =NRG_PF_E!Z$2 -> 0
A23: Coke ovens | B23: =HYPERLINK("#"&CELL("address",NRG_CO_E!$Z$2),"NRG_CO_E") -> NRG_CO_E | C23: =NRG_CO_E!C$2 -> 1031.4754 | D23: =NRG_CO_E!D$2 -> 462.80833 | E23: =NRG_CO_E!E$2 -> 490.88928 | F23: =NRG_CO_E!F$2 -> 353.35663 | G23: =NRG_CO_E!G$2 -> 217.67667 | H23: =NRG_CO_E!H$2 -> 1042.955 | I23: =NRG_CO_E!I$2 -> 226.38536 | J23: =NRG_CO_E!J$2 -> 216.2464 | ... Z23: =NRG_CO_E!Z$2 -> 168.19502
A24: BKB & PB plants | B24: =HYPERLINK("#"&CELL("address",NRG_BKBPB_E!$Z$2),"NRG_BKBPB_E") -> NRG_BKBPB_E | C24: =NRG_BKBPB_E!C$2 -> 0 | D24: =NRG_BKBPB_E!D$2 -> 0 | E24: =NRG_BKBPB_E!E$2 -> 0 | F24: =NRG_BKBPB_E!F$2 -> 0 | G24: =NRG_BKBPB_E!G$2 -> 0 | H24: =NRG_BKBPB_E!H$2 -> 0 | I24: =NRG_BKBPB_E!I$2 -> 0 | J24: =NRG_BKBPB_E!J$2 -> 0 | ... Z24: =NRG_BKBPB_E!Z$2 -> 0
A25: Gas works | B25: =HYPERLINK("#"&CELL("address",NRG_GW_E!$Z$2),"NRG_GW_E") -> NRG_GW_E | C25: =NRG_GW_E!C$2 -> 0 | D25: =NRG_GW_E!D$2 -> 0 | E25: =NRG_GW_E!E$2 -> 0 | F25: =NRG_GW_E!F$2 -> 0 | G25: =NRG_GW_E!G$2 -> 0 | H25: =NRG_GW_E!H$2 -> 0 | I25: =NRG_GW_E!I$2 -> 0 | J25: =NRG_GW_E!J$2 -> 0 | ... Z25: =NRG_GW_E!Z$2 -> 0
A26: Blast furnaces | B26: =HYPERLINK("#"&CELL("address",NRG_BF_E!$Z$2),"NRG_BF_E") -> NRG_BF_E | C26: =NRG_BF_E!C$2 -> 879.4139 | D26: =NRG_BF_E!D$2 -> 227.73802 | E26: =NRG_BF_E!E$2 -> 42.7572 | F26: =NRG_BF_E!F$2 -> 12.62736 | G26: =NRG_BF_E!G$2 -> 0 | H26: =NRG_BF_E!H$2 -> 0 | I26: =NRG_BF_E!I$2 -> 0 | J26: =NRG_BF_E!J$2 -> 0 | ... Z26: =NRG_BF_E!Z$2 -> 0
A27: Petroleum refineries (oil refineries) | B27: =HYPERLINK("#"&CELL("address",NRG_PR_E!$Z$2),"NRG_PR_E") -> NRG_PR_E | C27: =NRG_PR_E!C$2 -> 14413.34 | D27: =NRG_PR_E!D$2 -> 15438.163 | E27: =NRG_PR_E!E$2 -> 16227.464 | F27: =NRG_PR_E!F$2 -> 15400.035 | G27: =NRG_PR_E!G$2 -> 15889.885 | H27: =NRG_PR_E!H$2 -> 17322.725 | I27: =NRG_PR_E!I$2 -> 15334.6 | J27: =NRG_PR_E!J$2 -> 16366.38 | ... Z27: =NRG_PR_E!Z$2 -> 13339.822
A28: Nuclear industry | B28: =HYPERLINK("#"&CELL("address",NRG_NI_E!$Z$2),"NRG_NI_E") -> NRG_NI_E | C28: =NRG_NI_E!C$2 -> 0 | D28: =NRG_NI_E!D$2 -> 0 | E28: =NRG_NI_E!E$2 -> 0 | F28: =NRG_NI_E!F$2 -> 0 | G28: =NRG_NI_E!G$2 -> 0 | H28: =NRG_NI_E!H$2 -> 0 | I28: =NRG_NI_E!I$2 -> 0 | J28: =NRG_NI_E!J$2 -> 0 | ... Z28: =NRG_NI_E!Z$2 -> 0
A29: Coal liquefaction plants | B29: =HYPERLINK("#"&CELL("address",NRG_CL_E!$Z$2),"NRG_CL_E") -> NRG_CL_E | C29: =NRG_CL_E!C$2 -> 0 | D29: =NRG_CL_E!D$2 -> 0 | E29: =NRG_CL_E!E$2 -> 0 | F29: =NRG_CL_E!F$2 -> 0 | G29: =NRG_CL_E!G$2 -> 0 | H29: =NRG_CL_E!H$2 -> 0 | I29: =NRG_CL_E!I$2 -> 0 | J29: =NRG_CL_E!J$2 -> 0 | ... Z29: =NRG_CL_E!Z$2 -> 0
A30: Liquefaction & regasification plants (LNG) | B30: =HYPERLINK("#"&CELL("address",NRG_LNG_E!$Z$2),"NRG_LNG_E") -> NRG_LNG_E | C30: =NRG_LNG_E!C$2 -> 0 | D30: =NRG_LNG_E!D$2 -> 0 | E30: =NRG_LNG_E!E$2 -> 0 | F30: =NRG_LNG_E!F$2 -> 0 | G30: =NRG_LNG_E!G$2 -> 0 | H30: =NRG_LNG_E!H$2 -> 0 | I30: =NRG_LNG_E!I$2 -> 0 | J30: =NRG_LNG_E!J$2 -> 115.42014 | ... Z30: =NRG_LNG_E!Z$2 -> 279.37288
A31: Gasification plants for biogas | B31: =HYPERLINK("#"&CELL("address",NRG_BIOG_E!$Z$2),"NRG_BIOG_E") -> NRG_BIOG_E | C31: =NRG_BIOG_E!C$2 -> 0 | D31: =NRG_BIOG_E!D$2 -> 0 | E31: =NRG_BIOG_E!E$2 -> 0 | F31: =NRG_BIOG_E!F$2 -> 0 | G31: =NRG_BIOG_E!G$2 -> 0 | H31: =NRG_BIOG_E!H$2 -> 0 | I31: =NRG_BIOG_E!I$2 -> 0 | J31: =NRG_BIOG_E!J$2 -> 0 | ... Z31: =NRG_BIOG_E!Z$2 -> 0
A32: Gas-to-liquids (GTL) plants | B32: =HYPERLINK("#"&CELL("address",NRG_GTL_E!$Z$2),"NRG_GTL_E") -> NRG_GTL_E | C32: =NRG_GTL_E!C$2 -> 0 | D32: =NRG_GTL_E!D$2 -> 0 | E32: =NRG_GTL_E!E$2 -> 0 | F32: =NRG_GTL_E!F$2 -> 0 | G32: =NRG_GTL_E!G$2 -> 0 | H32: =NRG_GTL_E!H$2 -> 0 | I32: =NRG_GTL_E!I$2 -> 0 | J32: =NRG_GTL_E!J$2 -> 0 | ... Z32: =NRG_GTL_E!Z$2 -> 0
A33: Charcoal production plants | B33: =HYPERLINK("#"&CELL("address",NRG_CPP_E!$Z$2),"NRG_CPP_E") -> NRG_CPP_E | C33: =NRG_CPP_E!C$2 -> 0 | D33: =NRG_CPP_E!D$2 -> 0 | E33: =NRG_CPP_E!E$2 -> 0 | F33: =NRG_CPP_E!F$2 -> 0 | G33: =NRG_CPP_E!G$2 -> 0 | H33: =NRG_CPP_E!H$2 -> 0 | I33: =NRG_CPP_E!I$2 -> 0 | J33: =NRG_CPP_E!J$2 -> 0 | ... Z33: =NRG_CPP_E!Z$2 -> 0
A34: Not elsewhere specified (energy) | B34: =HYPERLINK("#"&CELL("address",NRG_NSP_E!$Z$2),"NRG_NSP_E") -> NRG_NSP_E | C34: =NRG_NSP_E!C$2 -> 0 | D34: =NRG_NSP_E!D$2 -> 0 | E34: =NRG_NSP_E!E$2 -> 0 | F34: =NRG_NSP_E!F$2 -> 0 | G34: =NRG_NSP_E!G$2 -> 0 | H34: =NRG_NSP_E!H$2 -> 0 | I34: =NRG_NSP_E!I$2 -> 0 | J34: =NRG_NSP_E!J$2 -> 0 | ... Z34: =NRG_NSP_E!Z$2 -> 0
A35: Final energy consumption | B35: =HYPERLINK("#"&CELL("address",FC_E!$Z$2),"FC_E") -> FC_E | C35: =FC_E!C$2 -> 264552.24 | D35: =FC_E!D$2 -> 265419.08 | E35: =FC_E!E$2 -> 264390.25 | F35: =FC_E!F$2 -> 275199.48 | G35: =FC_E!G$2 -> 270128.83 | H35: =FC_E!H$2 -> 273792.59 | I35: =FC_E!I$2 -> 265034.1 | J35: =FC_E!J$2 -> 259092.71 | ... Z35: =FC_E!Z$2 -> 196886.24
A36: Industry sector | B36: =HYPERLINK("#"&CELL("address",FC_IND_E!$Z$2),"FC_IND_E") -> FC_IND_E | C36: =FC_IND_E!C$2 -> 70359.932 | D36: =FC_IND_E!D$2 -> 65336.564 | E36: =FC_IND_E!E$2 -> 66057.577 | F36: =FC_IND_E!F$2 -> 70892.321 | G36: =FC_IND_E!G$2 -> 61726.62 | H36: =FC_IND_E!H$2 -> 61571.163 | I36: =FC_IND_E!I$2 -> 57311.679 | J36: =FC_IND_E!J$2 -> 57622.839 | ... Z36: =FC_IND_E!Z$2 -> 35609.081
A37: Iron & steel | B37: =HYPERLINK("#"&CELL("address",FC_IND_IS_E!$Z$2),"FC_IND_IS_E") -> FC_IND_IS_E | C37: =FC_IND_IS_E!C$2 -> 10548.563 | D37: =FC_IND_IS_E!D$2 -> 8619.665 | E37: =FC_IND_IS_E!E$2 -> 8309.9771 | F37: =FC_IND_IS_E!F$2 -> 8561.2169 | G37: =FC_IND_IS_E!G$2 -> 8444.931 | H37: =FC_IND_IS_E!H$2 -> 9490.8985 | I37: =FC_IND_IS_E!I$2 -> 9126.5748 | J37: =FC_IND_IS_E!J$2 -> 8819.8578 | ... Z37: =FC_IND_IS_E!Z$2 -> 4897.5806
A38: Iron & steel - Integrated steelworks | B38: =HYPERLINK("#"&CELL("address",FC_IND_IS_BF_E!$Z$2),"FC_IND_IS_BF_E") -> FC_IND_IS_BF_E | C38: =FC_IND_IS_BF_E!C$2 -> 8192.3943 | D38: =FC_IND_IS_BF_E!D$2 -> 6600.6069 | E38: =FC_IND_IS_BF_E!E$2 -> 6233.6177 | F38: =FC_IND_IS_BF_E!F$2 -> 6467.2211 | G38: =FC_IND_IS_BF_E!G$2 -> 6447.9016 | H38: =FC_IND_IS_BF_E!H$2 -> 7499.3893 | I38: =FC_IND_IS_BF_E!I$2 -> 7079.5542 | J38: =FC_IND_IS_BF_E!J$2 -> 6823.6432 | ... Z38: =FC_IND_IS_BF_E!Z$2 -> 2311.3749
A39: Iron & steel - Electric arc | B39: =HYPERLINK("#"&CELL("address",FC_IND_IS_EA_E!$Z$2),"FC_IND_IS_EA_E") -> FC_IND_IS_EA_E | C39: =FC_IND_IS_EA_E!C$2 -> 2356.1682 | D39: =FC_IND_IS_EA_E!D$2 -> 2019.0581 | E39: =FC_IND_IS_EA_E!E$2 -> 2076.3595 | F39: =FC_IND_IS_EA_E!F$2 -> 2093.9958 | G39: =FC_IND_IS_EA_E!G$2 -> 1997.0294 | H39: =FC_IND_IS_EA_E!H$2 -> 1991.5092 | I39: =FC_IND_IS_EA_E!I$2 -> 2047.0206 | J39: =FC_IND_IS_EA_E!J$2 -> 1996.2146 | ... Z39: =FC_IND_IS_EA_E!Z$2 -> 2586.2056
A40: Non-ferrous metals | B40: =HYPERLINK("#"&CELL("address",FC_IND_NFM_E!$Z$2),"FC_IND_NFM_E") -> FC_IND_NFM_E | C40: =FC_IND_NFM_E!C$2 -> 1258.3573 | D40: =FC_IND_NFM_E!D$2 -> 1250.328 | E40: =FC_IND_NFM_E!E$2 -> 1183.0284 | F40: =FC_IND_NFM_E!F$2 -> 1234.2989 | G40: =FC_IND_NFM_E!G$2 -> 1222.8591 | H40: =FC_IND_NFM_E!H$2 -> 1191.3817 | I40: =FC_IND_NFM_E!I$2 -> 1225.9038 | J40: =FC_IND_NFM_E!J$2 -> 1171.7967 | ... Z40: =FC_IND_NFM_E!Z$2 -> 1059.6325
A41: Alumina production | B41: =HYPERLINK("#"&CELL("address",FC_IND_NFM_AM_E!$Z$2),"FC_IND_NFM_AM_E") -> FC_IND_NFM_AM_E | C41: =FC_IND_NFM_AM_E!C$2 -> 668.36982 | D41: =FC_IND_NFM_AM_E!D$2 -> 397.39397 | E41: =FC_IND_NFM_AM_E!E$2 -> 682.71537 | F41: =FC_IND_NFM_AM_E!F$2 -> 748.77419 | G41: =FC_IND_NFM_AM_E!G$2 -> 755.47136 | H41: =FC_IND_NFM_AM_E!H$2 -> 695.08337 | I41: =FC_IND_NFM_AM_E!I$2 -> 706.4681 | J41: =FC_IND_NFM_AM_E!J$2 -> 668.632 | ... Z41: =FC_IND_NFM_AM_E!Z$2 -> 0
A42: Aluminium production - Primary | B42: =HYPERLINK("#"&CELL("address",FC_IND_NFM_PA_E!$Z$2),"FC_IND_NFM_PA_E") -> FC_IND_NFM_PA_E | C42: =FC_IND_NFM_PA_E!C$2 -> 53.801014 | D42: =FC_IND_NFM_PA_E!D$2 -> 66.467897 | E42: =FC_IND_NFM_PA_E!E$2 -> 49.06509 | F42: =FC_IND_NFM_PA_E!F$2 -> 51.827319 | G42: =FC_IND_NFM_PA_E!G$2 -> 51.046476 | H42: =FC_IND_NFM_PA_E!H$2 -> 45.505782 | I42: =FC_IND_NFM_PA_E!I$2 -> 46.040198 | J42: =FC_IND_NFM_PA_E!J$2 -> 41.816178 | ... Z42: =FC_IND_NFM_PA_E!Z$2 -> 0
A43: Aluminium production - Secondary | B43: =HYPERLINK("#"&CELL("address",FC_IND_NFM_SA_E!$Z$2),"FC_IND_NFM_SA_E") -> FC_IND_NFM_SA_E | C43: =FC_IND_NFM_SA_E!C$2 -> 143.63881 | D43: =FC_IND_NFM_SA_E!D$2 -> 147.73044 | E43: =FC_IND_NFM_SA_E!E$2 -> 123.09732 | F43: =FC_IND_NFM_SA_E!F$2 -> 131.46712 | G43: =FC_IND_NFM_SA_E!G$2 -> 131.56766 | H43: =FC_IND_NFM_SA_E!H$2 -> 189.21599 | I43: =FC_IND_NFM_SA_E!I$2 -> 217.63698 | J43: =FC_IND_NFM_SA_E!J$2 -> 214.71547 | ... Z43: =FC_IND_NFM_SA_E!Z$2 -> 183.24159
A44: Other non-ferrous metals | B44: =HYPERLINK("#"&CELL("address",FC_IND_NFM_OM_E!$Z$2),"FC_IND_NFM_OM_E") -> FC_IND_NFM_OM_E | C44: =FC_IND_NFM_OM_E!C$2 -> 392.54765 | D44: =FC_IND_NFM_OM_E!D$2 -> 638.73568 | E44: =FC_IND_NFM_OM_E!E$2 -> 328.1506 | F44: =FC_IND_NFM_OM_E!F$2 -> 302.23023 | G44: =FC_IND_NFM_OM_E!G$2 -> 284.77361 | H44: =FC_IND_NFM_OM_E!H$2 -> 261.57653 | I44: =FC_IND_NFM_OM_E!I$2 -> 255.75854 | J44: =FC_IND_NFM_OM_E!J$2 -> 246.63306 | ... Z44: =FC_IND_NFM_OM_E!Z$2 -> 876.39095
A45: Chemical & petrochemical | B45: =HYPERLINK("#"&CELL("address",FC_IND_CPC_E!$Z$2),"FC_IND_CPC_E") -> FC_IND_CPC_E | C45: =FC_IND_CPC_E!C$2 -> 11057.699 | D45: =FC_IND_CPC_E!D$2 -> 8800.9277 | E45: =FC_IND_CPC_E!E$2 -> 8908.4873 | F45: =FC_IND_CPC_E!F$2 -> 10248.719 | G45: =FC_IND_CPC_E!G$2 -> 6927.0083 | H45: =FC_IND_CPC_E!H$2 -> 6669.9257 | I45: =FC_IND_CPC_E!I$2 -> 6226.794 | J45: =FC_IND_CPC_E!J$2 -> 7719.182 | ... Z45: =FC_IND_CPC_E!Z$2 -> 5609.3309
A46: Basic chemicals | B46: =HYPERLINK("#"&CELL("address",FC_IND_CPC_BC_E!$Z$2),"FC_IND_CPC_BC_E") -> FC_IND_CPC_BC_E | C46: =FC_IND_CPC_BC_E!C$2 -> 3925.7918 | D46: =FC_IND_CPC_BC_E!D$2 -> 3106.1417 | E46: =FC_IND_CPC_BC_E!E$2 -> 3121.1955 | F46: =FC_IND_CPC_BC_E!F$2 -> 3273.609 | G46: =FC_IND_CPC_BC_E!G$2 -> 2163.1712 | H46: =FC_IND_CPC_BC_E!H$2 -> 2374.516 | I46: =FC_IND_CPC_BC_E!I$2 -> 2247.1697 | J46: =FC_IND_CPC_BC_E!J$2 -> 2773.7705 | ... Z46: =FC_IND_CPC_BC_E!Z$2 -> 2567.3909
A47: Other chemicals | B47: =HYPERLINK("#"&CELL("address",FC_IND_CPC_OC_E!$Z$2),"FC_IND_CPC_OC_E") -> FC_IND_CPC_OC_E | C47: =FC_IND_CPC_OC_E!C$2 -> 4096.8881 | D47: =FC_IND_CPC_OC_E!D$2 -> 2763.7941 | E47: =FC_IND_CPC_OC_E!E$2 -> 2705.229 | F47: =FC_IND_CPC_OC_E!F$2 -> 3809.3071 | G47: =FC_IND_CPC_OC_E!G$2 -> 2617.098 | H47: =FC_IND_CPC_OC_E!H$2 -> 2316.2155 | I47: =FC_IND_CPC_OC_E!I$2 -> 2094.8321 | J47: =FC_IND_CPC_OC_E!J$2 -> 2890.5943 | ... Z47: =FC_IND_CPC_OC_E!Z$2 -> 1620.864
A48: Basic pharmaceutical products | B48: =HYPERLINK("#"&CELL("address",FC_IND_CPC_PH_E!$Z$2),"FC_IND_CPC_PH_E") -> FC_IND_CPC_PH_E | C48: =FC_IND_CPC_PH_E!C$2 -> 3035.0188 | D48: =FC_IND_CPC_PH_E!D$2 -> 2930.9919 | E48: =FC_IND_CPC_PH_E!E$2 -> 3082.0628 | F48: =FC_IND_CPC_PH_E!F$2 -> 3165.8024 | G48: =FC_IND_CPC_PH_E!G$2 -> 2146.7391 | H48: =FC_IND_CPC_PH_E!H$2 -> 1979.1942 | I48: =FC_IND_CPC_PH_E!I$2 -> 1884.7922 | J48: =FC_IND_CPC_PH_E!J$2 -> 2054.8172 | ... Z48: =FC_IND_CPC_PH_E!Z$2 -> 1421.076
A49: Non-metallic minerals | B49: =HYPERLINK("#"&CELL("address",FC_IND_NMM_E!$Z$2),"FC_IND_NMM_E") -> FC_IND_NMM_E | C49: =FC_IND_NMM_E!C$2 -> 20701.913 | D49: =FC_IND_NMM_E!D$2 -> 19103.286 | E49: =FC_IND_NMM_E!E$2 -> 19274.831 | F49: =FC_IND_NMM_E!F$2 -> 22198.328 | G49: =FC_IND_NMM_E!G$2 -> 22833.514 | H49: =FC_IND_NMM_E!H$2 -> 23352.132 | I49: =FC_IND_NMM_E!I$2 -> 20705.618 | J49: =FC_IND_NMM_E!J$2 -> 21048.486 | ... Z49: =FC_IND_NMM_E!Z$2 -> 10319.678
A50: Cement | B50: =HYPERLINK("#"&CELL("address",FC_IND_NMM_CM_E!$Z$2),"FC_IND_NMM_CM_E") -> FC_IND_NMM_CM_E | C50: =FC_IND_NMM_CM_E!C$2 -> 8982.074 | D50: =FC_IND_NMM_CM_E!D$2 -> 8687.8886 | E50: =FC_IND_NMM_CM_E!E$2 -> 9184.2697 | F50: =FC_IND_NMM_CM_E!F$2 -> 9834.9765 | G50: =FC_IND_NMM_CM_E!G$2 -> 9773.2143 | H50: =FC_IND_NMM_CM_E!H$2 -> 9695.3843 | I50: =FC_IND_NMM_CM_E!I$2 -> 9644.066 | J50: =FC_IND_NMM_CM_E!J$2 -> 9694.7657 | ... Z50: =FC_IND_NMM_CM_E!Z$2 -> 3915.1717
A51: Ceramics & other non-metallic minerals | B51: =HYPERLINK("#"&CELL("address",FC_IND_NMM_CR_E!$Z$2),"FC_IND_NMM_CR_E") -> FC_IND_NMM_CR_E | C51: =FC_IND_NMM_CR_E!C$2 -> 9778.1336 | D51: =FC_IND_NMM_CR_E!D$2 -> 8616.2202 | E51: =FC_IND_NMM_CR_E!E$2 -> 8374.2608 | F51: =FC_IND_NMM_CR_E!F$2 -> 10463.473 | G51: =FC_IND_NMM_CR_E!G$2 -> 11113.48 | H51: =FC_IND_NMM_CR_E!H$2 -> 11448.662 | I51: =FC_IND_NMM_CR_E!I$2 -> 9351.1372 | J51: =FC_IND_NMM_CR_E!J$2 -> 9507.5688 | ... Z51: =FC_IND_NMM_CR_E!Z$2 -> 4700.5933
A52: Glass | B52: =HYPERLINK("#"&CELL("address",FC_IND_NMM_GL_E!$Z$2),"FC_IND_NMM_GL_E") -> FC_IND_NMM_GL_E | C52: =FC_IND_NMM_GL_E!C$2 -> 1941.7055 | D52: =FC_IND_NMM_GL_E!D$2 -> 1799.1776 | E52: =FC_IND_NMM_GL_E!E$2 -> 1716.3 | F52: =FC_IND_NMM_GL_E!F$2 -> 1899.8789 | G52: =FC_IND_NMM_GL_E!G$2 -> 1946.8199 | H52: =FC_IND_NMM_GL_E!H$2 -> 2208.0854 | I52: =FC_IND_NMM_GL_E!I$2 -> 1710.4148 | J52: =FC_IND_NMM_GL_E!J$2 -> 1846.1516 | ... Z52: =FC_IND_NMM_GL_E!Z$2 -> 1703.9128
A53: Paper, pulp & printing | B53: =HYPERLINK("#"&CELL("address",FC_IND_PPP_E!$Z$2),"FC_IND_PPP_E") -> FC_IND_PPP_E | C53: =FC_IND_PPP_E!C$2 -> 4296.5991 | D53: =FC_IND_PPP_E!D$2 -> 4384.8775 | E53: =FC_IND_PPP_E!E$2 -> 4429.1664 | F53: =FC_IND_PPP_E!F$2 -> 4559.2607 | G53: =FC_IND_PPP_E!G$2 -> 3075.7241 | H53: =FC_IND_PPP_E!H$2 -> 2700.2425 | I53: =FC_IND_PPP_E!I$2 -> 2745.0426 | J53: =FC_IND_PPP_E!J$2 -> 2878.8746 | ... Z53: =FC_IND_PPP_E!Z$2 -> 3542.1609
A54: Pulp | B54: =HYPERLINK("#"&CELL("address",FC_IND_PPP_PU_E!$Z$2),"FC_IND_PPP_PU_E") -> FC_IND_PPP_PU_E | C54: =FC_IND_PPP_PU_E!C$2 -> 146.51024 | D54: =FC_IND_PPP_PU_E!D$2 -> 146.63728 | E54: =FC_IND_PPP_PU_E!E$2 -> 153.42296 | F54: =FC_IND_PPP_PU_E!F$2 -> 165.08531 | G54: =FC_IND_PPP_PU_E!G$2 -> 114.48122 | H54: =FC_IND_PPP_PU_E!H$2 -> 99.811129 | I54: =FC_IND_PPP_PU_E!I$2 -> 100.01526 | J54: =FC_IND_PPP_PU_E!J$2 -> 103.74436 | ... Z54: =FC_IND_PPP_PU_E!Z$2 -> 78.973835
A55: Paper | B55: =HYPERLINK("#"&CELL("address",FC_IND_PPP_PA_E!$Z$2),"FC_IND_PPP_PA_E") -> FC_IND_PPP_PA_E | C55: =FC_IND_PPP_PA_E!C$2 -> 3998.2321 | D55: =FC_IND_PPP_PA_E!D$2 -> 4085.3104 | E55: =FC_IND_PPP_PA_E!E$2 -> 4123.6685 | F55: =FC_IND_PPP_PA_E!F$2 -> 4237.3001 | G55: =FC_IND_PPP_PA_E!G$2 -> 2810.4287 | H55: =FC_IND_PPP_PA_E!H$2 -> 2489.7927 | I55: =FC_IND_PPP_PA_E!I$2 -> 2524.7965 | J55: =FC_IND_PPP_PA_E!J$2 -> 2628.1582 | ... Z55: =FC_IND_PPP_PA_E!Z$2 -> 3325.1422
A56: Printing and reproduction of recorded media | B56: =HYPERLINK("#"&CELL("address",FC_IND_PPP_PR_E!$Z$2),"FC_IND_PPP_PR_E") -> FC_IND_PPP_PR_E | C56: =FC_IND_PPP_PR_E!C$2 -> 151.85675 | D56: =FC_IND_PPP_PR_E!D$2 -> 152.92984 | E56: =FC_IND_PPP_PR_E!E$2 -> 152.07491 | F56: =FC_IND_PPP_PR_E!F$2 -> 156.87526 | G56: =FC_IND_PPP_PR_E!G$2 -> 150.81418 | H56: =FC_IND_PPP_PR_E!H$2 -> 110.63862 | I56: =FC_IND_PPP_PR_E!I$2 -> 120.23087 | J56: =FC_IND_PPP_PR_E!J$2 -> 146.97197 | ... Z56: =FC_IND_PPP_PR_E!Z$2 -> 138.04486
A57: Food, beverages & tobacco | B57: =HYPERLINK("#"&CELL("address",FC_IND_FBT_E!$Z$2),"FC_IND_FBT_E") -> FC_IND_FBT_E | C57: =FC_IND_FBT_E!C$2 -> 6390.2126 | D57: =FC_IND_FBT_E!D$2 -> 6531.1312 | E57: =FC_IND_FBT_E!E$2 -> 6913.3204 | F57: =FC_IND_FBT_E!F$2 -> 6981.922 | G57: =FC_IND_FBT_E!G$2 -> 6164.9978 | H57: =FC_IND_FBT_E!H$2 -> 5590.3807 | I57: =FC_IND_FBT_E!I$2 -> 5249.4433 | J57: =FC_IND_FBT_E!J$2 -> 4816.9536 | ... Z57: =FC_IND_FBT_E!Z$2 -> 3370.4495
A58: Transport equipment | B58: =HYPERLINK("#"&CELL("address",FC_IND_TE_E!$Z$2),"FC_IND_TE_E") -> FC_IND_TE_E | C58: =FC_IND_TE_E!C$2 -> 0 | D58: =FC_IND_TE_E!D$2 -> 0 | E58: =FC_IND_TE_E!E$2 -> 0 | F58: =FC_IND_TE_E!F$2 -> 0 | G58: =FC_IND_TE_E!G$2 -> 0 | H58: =FC_IND_TE_E!H$2 -> 0 | I58: =FC_IND_TE_E!I$2 -> 0 | J58: =FC_IND_TE_E!J$2 -> 0 | ... Z58: =FC_IND_TE_E!Z$2 -> 0
A59: Machinery | B59: =HYPERLINK("#"&CELL("address",FC_IND_MAC_E!$Z$2),"FC_IND_MAC_E") -> FC_IND_MAC_E | C59: =FC_IND_MAC_E!C$2 -> 7632.2128 | D59: =FC_IND_MAC_E!D$2 -> 7807.4317 | E59: =FC_IND_MAC_E!E$2 -> 7782.3485 | F59: =FC_IND_MAC_E!F$2 -> 7721.629 | G59: =FC_IND_MAC_E!G$2 -> 7306.7144 | H59: =FC_IND_MAC_E!H$2 -> 6976.6408 | I59: =FC_IND_MAC_E!I$2 -> 6862.037 | J59: =FC_IND_MAC_E!J$2 -> 6782.0389 | ... Z59: =FC_IND_MAC_E!Z$2 -> 3870.779
A60: Textile & leather | B60: =HYPERLINK("#"&CELL("address",FC_IND_TL_E!$Z$2),"FC_IND_TL_E") -> FC_IND_TL_E | C60: =FC_IND_TL_E!C$2 -> 4384.5984 | D60: =FC_IND_TL_E!D$2 -> 4280.1762 | E60: =FC_IND_TL_E!E$2 -> 4511.8913 | F60: =FC_IND_TL_E!F$2 -> 4650.5456 | G60: =FC_IND_TL_E!G$2 -> 4119.0386 | H60: =FC_IND_TL_E!H$2 -> 3792.3779 | I60: =FC_IND_TL_E!I$2 -> 3539.0884 | J60: =FC_IND_TL_E!J$2 -> 2844.7866 | ... Z60: =FC_IND_TL_E!Z$2 -> 1302.4586
A61: Wood & wood products | B61: =HYPERLINK("#"&CELL("address",FC_IND_WP_E!$Z$2),"FC_IND_WP_E") -> FC_IND_WP_E | C61: =FC_IND_WP_E!C$2 -> 0 | D61: =FC_IND_WP_E!D$2 -> 0 | E61: =FC_IND_WP_E!E$2 -> 0 | F61: =FC_IND_WP_E!F$2 -> 0 | G61: =FC_IND_WP_E!G$2 -> 0 | H61: =FC_IND_WP_E!H$2 -> 0 | I61: =FC_IND_WP_E!I$2 -> 0 | J61: =FC_IND_WP_E!J$2 -> 0 | ... Z61: =FC_IND_WP_E!Z$2 -> 186.6993
A62: Mining & quarrying | B62: =HYPERLINK("#"&CELL("address",FC_IND_MQ_E!$Z$2),"FC_IND_MQ_E") -> FC_IND_MQ_E | C62: =FC_IND_MQ_E!C$2 -> 223.19411 | D62: =FC_IND_MQ_E!D$2 -> 216.8807 | E62: =FC_IND_MQ_E!E$2 -> 209.39529 | F62: =FC_IND_MQ_E!F$2 -> 225.66875 | G62: =FC_IND_MQ_E!G$2 -> 217.89595 | H62: =FC_IND_MQ_E!H$2 -> 218.53624 | I62: =FC_IND_MQ_E!I$2 -> 216.58321 | J62: =FC_IND_MQ_E!J$2 -> 199.41082 | ... Z62: =FC_IND_MQ_E!Z$2 -> 206.88084
A63: Construction | B63: =HYPERLINK("#"&CELL("address",FC_IND_CON_E!$Z$2),"FC_IND_CON_E") -> FC_IND_CON_E | C63: =FC_IND_CON_E!C$2 -> 307.83615 | D63: =FC_IND_CON_E!D$2 -> 241.54629 | E63: =FC_IND_CON_E!E$2 -> 157.83309 | F63: =FC_IND_CON_E!F$2 -> 192.55617 | G63: =FC_IND_CON_E!G$2 -> 202.02615 | H63: =FC_IND_CON_E!H$2 -> 195.71301 | I63: =FC_IND_CON_E!I$2 -> 170.45964 | J63: =FC_IND_CON_E!J$2 -> 154.67625 | ... Z63: =FC_IND_CON_E!Z$2 -> 789.61497
A64: Not elsewhere specified (industry) | B64: =HYPERLINK("#"&CELL("address",FC_IND_NSP_E!$Z$2),"FC_IND_NSP_E") -> FC_IND_NSP_E | C64: =FC_IND_NSP_E!C$2 -> 3558.7476 | D64: =FC_IND_NSP_E!D$2 -> 4100.3137 | E64: =FC_IND_NSP_E!E$2 -> 4377.2985 | F64: =FC_IND_NSP_E!F$2 -> 4318.1759 | G64: =FC_IND_NSP_E!G$2 -> 1211.9113 | H64: =FC_IND_NSP_E!H$2 -> 1392.934 | I64: =FC_IND_NSP_E!I$2 -> 1244.1339 | J64: =FC_IND_NSP_E!J$2 -> 1186.7761 | ... Z64: =FC_IND_NSP_E!Z$2 -> 453.81585
A65: Transport sector | B65: =HYPERLINK("#"&CELL("address",FC_TRA_E!$Z$2),"FC_TRA_E") -> FC_TRA_E | C65: =FC_TRA_E!C$2 -> 116373.24 | D65: =FC_TRA_E!D$2 -> 118499.78 | E65: =FC_TRA_E!E$2 -> 120758.66 | F65: =FC_TRA_E!F$2 -> 121820.32 | G65: =FC_TRA_E!G$2 -> 124046.66 | H65: =FC_TRA_E!H$2 -> 122969.74 | I65: =FC_TRA_E!I$2 -> 124269.81 | J65: =FC_TRA_E!J$2 -> 124748.31 | ... Z65: =FC_TRA_E!Z$2 -> 104788.77
A66: Rail | B66: =HYPERLINK("#"&CELL("address",FC_TRA_RAIL_E!$Z$2),"FC_TRA_RAIL_E") -> FC_TRA_RAIL_E | C66: =FC_TRA_RAIL_E!C$2 -> 432.46251 | D66: =FC_TRA_RAIL_E!D$2 -> 375.64263 | E66: =FC_TRA_RAIL_E!E$2 -> 385.11261 | F66: =FC_TRA_RAIL_E!F$2 -> 416.67912 | G66: =FC_TRA_RAIL_E!G$2 -> 363.01581 | H66: =FC_TRA_RAIL_E!H$2 -> 306.19593 | I66: =FC_TRA_RAIL_E!I$2 -> 353.54583 | J66: =FC_TRA_RAIL_E!J$2 -> 331.4493 | ... Z66: =FC_TRA_RAIL_E!Z$2 -> 36.989742
A67: Metro and tram, urban light rail | B67: =HYPERLINK("#"&CELL("address",FC_TRA_RAIL_MTU_E!$Z$2),"FC_TRA_RAIL_MTU_E") -> FC_TRA_RAIL_MTU_E | C67: =FC_TRA_RAIL_MTU_E!C$2 -> 0 | D67: =FC_TRA_RAIL_MTU_E!D$2 -> 0 | E67: =FC_TRA_RAIL_MTU_E!E$2 -> 0 | F67: =FC_TRA_RAIL_MTU_E!F$2 -> 0 | G67: =FC_TRA_RAIL_MTU_E!G$2 -> 0 | H67: =FC_TRA_RAIL_MTU_E!H$2 -> 0 | I67: =FC_TRA_RAIL_MTU_E!I$2 -> 0 | J67: =FC_TRA_RAIL_MTU_E!J$2 -> 0 | ... Z67: =FC_TRA_RAIL_MTU_E!Z$2 -> 0
A68: Conventional passenger trains | B68: =HYPERLINK("#"&CELL("address",FC_TRA_RAIL_CPT_E!$Z$2),"FC_TRA_RAIL_CPT_E") -> FC_TRA_RAIL_CPT_E | C68: =FC_TRA_RAIL_CPT_E!C$2 -> 411.82533 | D68: =FC_TRA_RAIL_CPT_E!D$2 -> 359.92209 | E68: =FC_TRA_RAIL_CPT_E!E$2 -> 370.17439 | F68: =FC_TRA_RAIL_CPT_E!F$2 -> 400.54505 | G68: =FC_TRA_RAIL_CPT_E!G$2 -> 343.25654 | H68: =FC_TRA_RAIL_CPT_E!H$2 -> 293.59015 | I68: =FC_TRA_RAIL_CPT_E!I$2 -> 300.16176 | J68: =FC_TRA_RAIL_CPT_E!J$2 -> 265.04937 | ... Z68: =FC_TRA_RAIL_CPT_E!Z$2 -> 31.402559
A69: High speed passenger trains | B69: =HYPERLINK("#"&CELL("address",FC_TRA_RAIL_HST_E!$Z$2),"FC_TRA_RAIL_HST_E") -> FC_TRA_RAIL_HST_E | C69: =FC_TRA_RAIL_HST_E!C$2 -> 0 | D69: =FC_TRA_RAIL_HST_E!D$2 -> 0 | E69: =FC_TRA_RAIL_HST_E!E$2 -> 0 | F69: =FC_TRA_RAIL_HST_E!F$2 -> 0 | G69: =FC_TRA_RAIL_HST_E!G$2 -> 0 | H69: =FC_TRA_RAIL_HST_E!H$2 -> 0 | I69: =FC_TRA_RAIL_HST_E!I$2 -> 0 | J69: =FC_TRA_RAIL_HST_E!J$2 -> 0 | ... Z69: =FC_TRA_RAIL_HST_E!Z$2 -> 0
A70: Freight trains | B70: =HYPERLINK("#"&CELL("address",FC_TRA_RAIL_FRT_E!$Z$2),"FC_TRA_RAIL_FRT_E") -> FC_TRA_RAIL_FRT_E | C70: =FC_TRA_RAIL_FRT_E!C$2 -> 20.637182 | D70: =FC_TRA_RAIL_FRT_E!D$2 -> 15.72054 | E70: =FC_TRA_RAIL_FRT_E!E$2 -> 14.938223 | F70: =FC_TRA_RAIL_FRT_E!F$2 -> 16.134073 | G70: =FC_TRA_RAIL_FRT_E!G$2 -> 19.759267 | H70: =FC_TRA_RAIL_FRT_E!H$2 -> 12.605776 | I70: =FC_TRA_RAIL_FRT_E!I$2 -> 53.384074 | J70: =FC_TRA_RAIL_FRT_E!J$2 -> 66.399928 | ... Z70: =FC_TRA_RAIL_FRT_E!Z$2 -> 5.5871832
A71: Road | B71: =HYPERLINK("#"&CELL("address",FC_TRA_ROAD_E!$Z$2),"FC_TRA_ROAD_E") -> FC_TRA_ROAD_E | C71: =FC_TRA_ROAD_E!C$2 -> 109927.61 | D71: =FC_TRA_ROAD_E!D$2 -> 112113.12 | E71: =FC_TRA_ROAD_E!E$2 -> 114374.98 | F71: =FC_TRA_ROAD_E!F$2 -> 114857.88 | G71: =FC_TRA_ROAD_E!G$2 -> 117155.2 | H71: =FC_TRA_ROAD_E!H$2 -> 116115.92 | I71: =FC_TRA_ROAD_E!I$2 -> 117215.9 | J71: =FC_TRA_ROAD_E!J$2 -> 117740.22 | ... Z71: =FC_TRA_ROAD_E!Z$2 -> 99402.31
A72: Powered two-wheelers | B72: =HYPERLINK("#"&CELL("address",FC_TRA_ROAD_P2W_E!$Z$2),"FC_TRA_ROAD_P2W_E") -> FC_TRA_ROAD_P2W_E | C72: =FC_TRA_ROAD_P2W_E!C$2 -> 4162.258 | D72: =FC_TRA_ROAD_P2W_E!D$2 -> 4204.0809 | E72: =FC_TRA_ROAD_P2W_E!E$2 -> 4125.0482 | F72: =FC_TRA_ROAD_P2W_E!F$2 -> 4157.8901 | G72: =FC_TRA_ROAD_P2W_E!G$2 -> 4277.9906 | H72: =FC_TRA_ROAD_P2W_E!H$2 -> 4250.8944 | I72: =FC_TRA_ROAD_P2W_E!I$2 -> 3987.7032 | J72: =FC_TRA_ROAD_P2W_E!J$2 -> 3492.068 | ... Z72: =FC_TRA_ROAD_P2W_E!Z$2 -> 3007.3065
A73: Passenger cars | B73: =HYPERLINK("#"&CELL("address",FC_TRA_ROAD_CAR_E!$Z$2),"FC_TRA_ROAD_CAR_E") -> FC_TRA_ROAD_CAR_E | C73: =FC_TRA_ROAD_CAR_E!C$2 -> 68782.871 | D73: =FC_TRA_ROAD_CAR_E!D$2 -> 69316.443 | E73: =FC_TRA_ROAD_CAR_E!E$2 -> 71663.716 | F73: =FC_TRA_ROAD_CAR_E!F$2 -> 71332.906 | G73: =FC_TRA_ROAD_CAR_E!G$2 -> 72079.277 | H73: =FC_TRA_ROAD_CAR_E!H$2 -> 68704.26 | I73: =FC_TRA_ROAD_CAR_E!I$2 -> 71545.587 | J73: =FC_TRA_ROAD_CAR_E!J$2 -> 71631.32 | ... Z73: =FC_TRA_ROAD_CAR_E!Z$2 -> 62884.65
A74: Motor coaches, buses and trolley buses | B74: =HYPERLINK("#"&CELL("address",FC_TRA_ROAD_BUS_E!$Z$2),"FC_TRA_ROAD_BUS_E") -> FC_TRA_ROAD_BUS_E | C74: =FC_TRA_ROAD_BUS_E!C$2 -> 6590.9064 | D74: =FC_TRA_ROAD_BUS_E!D$2 -> 6613.3132 | E74: =FC_TRA_ROAD_BUS_E!E$2 -> 6659.574 | F74: =FC_TRA_ROAD_BUS_E!F$2 -> 6657.2915 | G74: =FC_TRA_ROAD_BUS_E!G$2 -> 6637.261 | H74: =FC_TRA_ROAD_BUS_E!H$2 -> 6667.055 | I74: =FC_TRA_ROAD_BUS_E!I$2 -> 6729.2312 | J74: =FC_TRA_ROAD_BUS_E!J$2 -> 6707.6237 | ... Z74: =FC_TRA_ROAD_BUS_E!Z$2 -> 6235.9047
A75: Light commercial vehicles | B75: =HYPERLINK("#"&CELL("address",FC_TRA_ROAD_LCV_E!$Z$2),"FC_TRA_ROAD_LCV_E") -> FC_TRA_ROAD_LCV_E | C75: =FC_TRA_ROAD_LCV_E!C$2 -> 22547.895 | D75: =FC_TRA_ROAD_LCV_E!D$2 -> 20338.599 | E75: =FC_TRA_ROAD_LCV_E!E$2 -> 20211.189 | F75: =FC_TRA_ROAD_LCV_E!F$2 -> 21279.12 | G75: =FC_TRA_ROAD_LCV_E!G$2 -> 22137.225 | H75: =FC_TRA_ROAD_LCV_E!H$2 -> 23779.691 | I75: =FC_TRA_ROAD_LCV_E!I$2 -> 20501.485 | J75: =FC_TRA_ROAD_LCV_E!J$2 -> 21640.773 | ... Z75: =FC_TRA_ROAD_LCV_E!Z$2 -> 11863.32
A76: Heavy goods vehicles | B76: =HYPERLINK("#"&CELL("address",FC_TRA_ROAD_HGV_E!$Z$2),"FC_TRA_ROAD_HGV_E") -> FC_TRA_ROAD_HGV_E | C76: =FC_TRA_ROAD_HGV_E!C$2 -> 7843.6842 | D76: =FC_TRA_ROAD_HGV_E!D$2 -> 11640.685 | E76: =FC_TRA_ROAD_HGV_E!E$2 -> 11715.453 | F76: =FC_TRA_ROAD_HGV_E!F$2 -> 11430.669 | G76: =FC_TRA_ROAD_HGV_E!G$2 -> 12023.451 | H76: =FC_TRA_ROAD_HGV_E!H$2 -> 12714.016 | I76: =FC_TRA_ROAD_HGV_E!I$2 -> 14451.892 | J76: =FC_TRA_ROAD_HGV_E!J$2 -> 14268.433 | ... Z76: =FC_TRA_ROAD_HGV_E!Z$2 -> 15411.129
A77: Domestic aviation | B77: =HYPERLINK("#"&CELL("address",FC_TRA_DAVI_E!$Z$2),"FC_TRA_DAVI_E") -> FC_TRA_DAVI_E | C77: =FC_TRA_DAVI_E!C$2 -> 2015.7181 | D77: =FC_TRA_DAVI_E!D$2 -> 1854.8912 | E77: =FC_TRA_DAVI_E!E$2 -> 1857.9714 | F77: =FC_TRA_DAVI_E!F$2 -> 2095.9971 | G77: =FC_TRA_DAVI_E!G$2 -> 2074.3669 | H77: =FC_TRA_DAVI_E!H$2 -> 2160.9344 | I77: =FC_TRA_DAVI_E!I$2 -> 2315.4963 | J77: =FC_TRA_DAVI_E!J$2 -> 2454.6342 | ... Z77: =FC_TRA_DAVI_E!Z$2 -> 3041.4255
A78: Domestic passenger aviation | B78: =HYPERLINK("#"&CELL("address",FC_TRA_DAVI_PA_E!$Z$2),"FC_TRA_DAVI_PA_E") -> FC_TRA_DAVI_PA_E | C78: =FC_TRA_DAVI_PA_E!C$2 -> 1986.5306 | D78: =FC_TRA_DAVI_PA_E!D$2 -> 1802.6498 | E78: =FC_TRA_DAVI_PA_E!E$2 -> 1813.5817 | F78: =FC_TRA_DAVI_PA_E!F$2 -> 2047.0831 | G78: =FC_TRA_DAVI_PA_E!G$2 -> 2025.7513 | H78: =FC_TRA_DAVI_PA_E!H$2 -> 2112.5036 | I78: =FC_TRA_DAVI_PA_E!I$2 -> 2266.2482 | J78: =FC_TRA_DAVI_PA_E!J$2 -> 2403.7844 | ... Z78: =FC_TRA_DAVI_PA_E!Z$2 -> 3004.8326
A79: Domestic freight aviation | B79: =HYPERLINK("#"&CELL("address",FC_TRA_DAVI_FR_E!$Z$2),"FC_TRA_DAVI_FR_E") -> FC_TRA_DAVI_FR_E | C79: =FC_TRA_DAVI_FR_E!C$2 -> 29.187465 | D79: =FC_TRA_DAVI_FR_E!D$2 -> 52.241413 | E79: =FC_TRA_DAVI_FR_E!E$2 -> 44.389759 | F79: =FC_TRA_DAVI_FR_E!F$2 -> 48.913988 | G79: =FC_TRA_DAVI_FR_E!G$2 -> 48.615575 | H79: =FC_TRA_DAVI_FR_E!H$2 -> 48.430787 | I79: =FC_TRA_DAVI_FR_E!I$2 -> 49.248114 | J79: =FC_TRA_DAVI_FR_E!J$2 -> 50.849743 | ... Z79: =FC_TRA_DAVI_FR_E!Z$2 -> 36.592968
A80: Domestic navigation | B80: =HYPERLINK("#"&CELL("address",FC_TRA_DNAVI_E!$Z$2),"FC_TRA_DNAVI_E") -> FC_TRA_DNAVI_E | C80: =FC_TRA_DNAVI_E!C$2 -> 3997.4445 | D80: =FC_TRA_DNAVI_E!D$2 -> 4156.1289 | E80: =FC_TRA_DNAVI_E!E$2 -> 4140.5909 | F80: =FC_TRA_DNAVI_E!F$2 -> 4449.764 | G80: =FC_TRA_DNAVI_E!G$2 -> 4454.0752 | H80: =FC_TRA_DNAVI_E!H$2 -> 4386.6934 | I80: =FC_TRA_DNAVI_E!I$2 -> 4384.8738 | J80: =FC_TRA_DNAVI_E!J$2 -> 4222.0036 | ... Z80: =FC_TRA_DNAVI_E!Z$2 -> 1628.6371
A81: Domestic coastal shipping | B81: =HYPERLINK("#"&CELL("address",FC_TRA_DNAVI_DCS_E!$Z$2),"FC_TRA_DNAVI_DCS_E") -> FC_TRA_DNAVI_DCS_E | C81: =FC_TRA_DNAVI_DCS_E!C$2 -> 3967.9432 | D81: =FC_TRA_DNAVI_DCS_E!D$2 -> 4123.0966 | E81: =FC_TRA_DNAVI_DCS_E!E$2 -> 4125.1544 | F81: =FC_TRA_DNAVI_DCS_E!F$2 -> 4434.4454 | G81: =FC_TRA_DNAVI_DCS_E!G$2 -> 4434.6405 | H81: =FC_TRA_DNAVI_DCS_E!H$2 -> 4374.7361 | I81: =FC_TRA_DNAVI_DCS_E!I$2 -> 4372.2032 | J81: =FC_TRA_DNAVI_DCS_E!J$2 -> 4209.4144 | ... Z81: =FC_TRA_DNAVI_DCS_E!Z$2 -> 1628.484
A82: Inland waterways | B82: =HYPERLINK("#"&CELL("address",FC_TRA_DNAVI_IWW_E!$Z$2),"FC_TRA_DNAVI_IWW_E") -> FC_TRA_DNAVI_IWW_E | C82: =FC_TRA_DNAVI_IWW_E!C$2 -> 29.501329 | D82: =FC_TRA_DNAVI_IWW_E!D$2 -> 33.032351 | E82: =FC_TRA_DNAVI_IWW_E!E$2 -> 15.436459 | F82: =FC_TRA_DNAVI_IWW_E!F$2 -> 15.318542 | G82: =FC_TRA_DNAVI_IWW_E!G$2 -> 19.434658 | H82: =FC_TRA_DNAVI_IWW_E!H$2 -> 11.957324 | I82: =FC_TRA_DNAVI_IWW_E!I$2 -> 12.670597 | J82: =FC_TRA_DNAVI_IWW_E!J$2 -> 12.589211 | ... Z82: =FC_TRA_DNAVI_IWW_E!Z$2 -> 0.15314809
A83: Pipeline transport | B83: =HYPERLINK("#"&CELL("address",FC_TRA_PIPE_E!$Z$2),"FC_TRA_PIPE_E") -> FC_TRA_PIPE_E | C83: =FC_TRA_PIPE_E!C$2 -> 0 | D83: =FC_TRA_PIPE_E!D$2 -> 0 | E83: =FC_TRA_PIPE_E!E$2 -> 0 | F83: =FC_TRA_PIPE_E!F$2 -> 0 | G83: =FC_TRA_PIPE_E!G$2 -> 0 | H83: =FC_TRA_PIPE_E!H$2 -> 0 | I83: =FC_TRA_PIPE_E!I$2 -> 0 | J83: =FC_TRA_PIPE_E!J$2 -> 0 | ... Z83: =FC_TRA_PIPE_E!Z$2 -> 679.41128
A84: Other sectors | B84: =HYPERLINK("#"&CELL("address",FC_OTH_E!$Z$2),"FC_OTH_E") -> FC_OTH_E | C84: =FC_OTH_E!C$2 -> 77819.067 | D84: =FC_OTH_E!D$2 -> 81582.737 | E84: =FC_OTH_E!E$2 -> 77574.014 | F84: =FC_OTH_E!F$2 -> 82486.842 | G84: =FC_OTH_E!G$2 -> 84355.549 | H84: =FC_OTH_E!H$2 -> 89251.685 | I84: =FC_OTH_E!I$2 -> 83452.611 | J84: =FC_OTH_E!J$2 -> 76721.563 | ... Z84: =FC_OTH_E!Z$2 -> 56488.385
A85: Commercial & public services | B85: =HYPERLINK("#"&CELL("address",FC_OTH_CP_E!$Z$2),"FC_OTH_CP_E") -> FC_OTH_CP_E | C85: =FC_OTH_CP_E!C$2 -> 16263.802 | D85: =FC_OTH_CP_E!D$2 -> 16476.046 | E85: =FC_OTH_CP_E!E$2 -> 15712.413 | F85: =FC_OTH_CP_E!F$2 -> 17939.038 | G85: =FC_OTH_CP_E!G$2 -> 17913.98 | H85: =FC_OTH_CP_E!H$2 -> 20905.908 | I85: =FC_OTH_CP_E!I$2 -> 21142.08 | J85: =FC_OTH_CP_E!J$2 -> 19765.302 | ... Z85: =FC_OTH_CP_E!Z$2 -> 14960.84
A86: Space heating (services) | B86: =HYPERLINK("#"&CELL("address",FC_OTH_CP_SH_E!$Z$2),"FC_OTH_CP_SH_E") -> FC_OTH_CP_SH_E | C86: =FC_OTH_CP_SH_E!C$2 -> 10924.223 | D86: =FC_OTH_CP_SH_E!D$2 -> 11229.332 | E86: =FC_OTH_CP_SH_E!E$2 -> 10699.045 | F86: =FC_OTH_CP_SH_E!F$2 -> 13400.366 | G86: =FC_OTH_CP_SH_E!G$2 -> 13579.418 | H86: =FC_OTH_CP_SH_E!H$2 -> 16421.117 | I86: =FC_OTH_CP_SH_E!I$2 -> 16855.688 | J86: =FC_OTH_CP_SH_E!J$2 -> 15225.804 | ... Z86: =FC_OTH_CP_SH_E!Z$2 -> 10181.974
A87: Space cooling (services) | B87: =HYPERLINK("#"&CELL("address",FC_OTH_CP_SC_E!$Z$2),"FC_OTH_CP_SC_E") -> FC_OTH_CP_SC_E | C87: =FC_OTH_CP_SC_E!C$2 -> 1.0112559 | D87: =FC_OTH_CP_SC_E!D$2 -> 1.7405307 | E87: =FC_OTH_CP_SC_E!E$2 -> 1.6267839 | F87: =FC_OTH_CP_SC_E!F$2 -> 4.9366891 | G87: =FC_OTH_CP_SC_E!G$2 -> 2.9479155 | H87: =FC_OTH_CP_SC_E!H$2 -> 3.3180247 | I87: =FC_OTH_CP_SC_E!I$2 -> 4.8616193 | J87: =FC_OTH_CP_SC_E!J$2 -> 5.4078106 | ... Z87: =FC_OTH_CP_SC_E!Z$2 -> 33.820478
A88: Hot water (services) | B88: =HYPERLINK("#"&CELL("address",FC_OTH_CP_HW_E!$Z$2),"FC_OTH_CP_HW_E") -> FC_OTH_CP_HW_E | C88: =FC_OTH_CP_HW_E!C$2 -> 2089.4739 | D88: =FC_OTH_CP_HW_E!D$2 -> 2087.7154 | E88: =FC_OTH_CP_HW_E!E$2 -> 2051.3867 | F88: =FC_OTH_CP_HW_E!F$2 -> 2015.2788 | G88: =FC_OTH_CP_HW_E!G$2 -> 1982.1586 | H88: =FC_OTH_CP_HW_E!H$2 -> 1991.3692 | I88: =FC_OTH_CP_HW_E!I$2 -> 1982.6851 | J88: =FC_OTH_CP_HW_E!J$2 -> 1951.9207 | ... Z88: =FC_OTH_CP_HW_E!Z$2 -> 1649.0631
A89: Catering (services) | B89: =HYPERLINK("#"&CELL("address",FC_OTH_CP_CA_E!$Z$2),"FC_OTH_CP_CA_E") -> FC_OTH_CP_CA_E | C89: =FC_OTH_CP_CA_E!C$2 -> 3249.0936 | D89: =FC_OTH_CP_CA_E!D$2 -> 3157.2583 | E89: =FC_OTH_CP_CA_E!E$2 -> 2960.3545 | F89: =FC_OTH_CP_CA_E!F$2 -> 2518.4568 | G89: =FC_OTH_CP_CA_E!G$2 -> 2349.4554 | H89: =FC_OTH_CP_CA_E!H$2 -> 2490.103 | I89: =FC_OTH_CP_CA_E!I$2 -> 2298.8452 | J89: =FC_OTH_CP_CA_E!J$2 -> 2582.1692 | ... Z89: =FC_OTH_CP_CA_E!Z$2 -> 3095.9823
A90: Households | B90: =HYPERLINK("#"&CELL("address",FC_OTH_HH_E!$Z$2),"FC_OTH_HH_E") -> FC_OTH_HH_E | C90: =FC_OTH_HH_E!C$2 -> 53427.651 | D90: =FC_OTH_HH_E!D$2 -> 56678.472 | E90: =FC_OTH_HH_E!E$2 -> 53483.444 | F90: =FC_OTH_HH_E!F$2 -> 56122.354 | G90: =FC_OTH_HH_E!G$2 -> 58057.583 | H90: =FC_OTH_HH_E!H$2 -> 59887.186 | I90: =FC_OTH_HH_E!I$2 -> 53981.858 | J90: =FC_OTH_HH_E!J$2 -> 49021.603 | ... Z90: =FC_OTH_HH_E!Z$2 -> 34579.976
A91: Space heating (households) | B91: =HYPERLINK("#"&CELL("address",FC_OTH_HH_SH_E!$Z$2),"FC_OTH_HH_SH_E") -> FC_OTH_HH_SH_E | C91: =FC_OTH_HH_SH_E!C$2 -> 41889.445 | D91: =FC_OTH_HH_SH_E!D$2 -> 45069.462 | E91: =FC_OTH_HH_SH_E!E$2 -> 42069.033 | F91: =FC_OTH_HH_SH_E!F$2 -> 44959.566 | G91: =FC_OTH_HH_SH_E!G$2 -> 47159.871 | H91: =FC_OTH_HH_SH_E!H$2 -> 48914.344 | I91: =FC_OTH_HH_SH_E!I$2 -> 43431.797 | J91: =FC_OTH_HH_SH_E!J$2 -> 39648.267 | ... Z91: =FC_OTH_HH_SH_E!Z$2 -> 29039.915
A92: Space cooling (households) | B92: =HYPERLINK("#"&CELL("address",FC_OTH_HH_SC_E!$Z$2),"FC_OTH_HH_SC_E") -> FC_OTH_HH_SC_E | C92: =FC_OTH_HH_SC_E!C$2 -> 0 | D92: =FC_OTH_HH_SC_E!D$2 -> 0 | E92: =FC_OTH_HH_SC_E!E$2 -> 0 | F92: =FC_OTH_HH_SC_E!F$2 -> 0 | G92: =FC_OTH_HH_SC_E!G$2 -> 0 | H92: =FC_OTH_HH_SC_E!H$2 -> 0 | I92: =FC_OTH_HH_SC_E!I$2 -> 0 | J92: =FC_OTH_HH_SC_E!J$2 -> 0 | ... Z92: =FC_OTH_HH_SC_E!Z$2 -> 0
A93: Water heating (households) | B93: =HYPERLINK("#"&CELL("address",FC_OTH_HH_WH_E!$Z$2),"FC_OTH_HH_WH_E") -> FC_OTH_HH_WH_E | C93: =FC_OTH_HH_WH_E!C$2 -> 7962.8941 | D93: =FC_OTH_HH_WH_E!D$2 -> 8056.2571 | E93: =FC_OTH_HH_WH_E!E$2 -> 7859.0878 | F93: =FC_OTH_HH_WH_E!F$2 -> 7666.9634 | G93: =FC_OTH_HH_WH_E!G$2 -> 7411.0117 | H93: =FC_OTH_HH_WH_E!H$2 -> 7414.6308 | I93: =FC_OTH_HH_WH_E!I$2 -> 7171.2755 | J93: =FC_OTH_HH_WH_E!J$2 -> 6505.4353 | ... Z93: =FC_OTH_HH_WH_E!Z$2 -> 3360.2709
A94: Cooking (households) | B94: =HYPERLINK("#"&CELL("address",FC_OTH_HH_CO_E!$Z$2),"FC_OTH_HH_CO_E") -> FC_OTH_HH_CO_E | C94: =FC_OTH_HH_CO_E!C$2 -> 3575.3124 | D94: =FC_OTH_HH_CO_E!D$2 -> 3552.7532 | E94: =FC_OTH_HH_CO_E!E$2 -> 3555.3229 | F94: =FC_OTH_HH_CO_E!F$2 -> 3495.8243 | G94: =FC_OTH_HH_CO_E!G$2 -> 3486.7001 | H94: =FC_OTH_HH_CO_E!H$2 -> 3558.2112 | I94: =FC_OTH_HH_CO_E!I$2 -> 3378.7854 | J94: =FC_OTH_HH_CO_E!J$2 -> 2867.901 | ... Z94: =FC_OTH_HH_CO_E!Z$2 -> 2179.7909
A95: Agriculture, forestry and fishing | B95: =HYPERLINK("#"&CELL("address",FC_OTH_AFF_E!$Z$2),"FC_OTH_AFF_E") -> FC_OTH_AFF_E | C95: =FC_OTH_AFF_E!C$2 -> 8127.6146 | D95: =FC_OTH_AFF_E!D$2 -> 8428.2189 | E95: =FC_OTH_AFF_E!E$2 -> 8378.157 | F95: =FC_OTH_AFF_E!F$2 -> 8425.4503 | G95: =FC_OTH_AFF_E!G$2 -> 8383.9866 | H95: =FC_OTH_AFF_E!H$2 -> 8458.5915 | I95: =FC_OTH_AFF_E!I$2 -> 8328.6731 | J95: =FC_OTH_AFF_E!J$2 -> 7934.6578 | ... Z95: =FC_OTH_AFF_E!Z$2 -> 6947.5686

Sheet ef
A1: CO2 emission factors (t CO2 / toe) | B1: ef | C1: 2000 | D1: 2001 | E1: 2002 | F1: 2003 | G1: 2004 | H1: 2005 | I1: 2006 | J1: 2007 | K1: 2008 | L1: 2009 | M1: 2010 | N1: 2011 | O1: 2012 | P1: 2013 | Q1: 2014 | R1: 2015 | S1: 2016 | T1: 2017 | U1: 2018 | V1: 2019 | W1: 2020 | X1: 2021 | Y1: 2022 | Z1: 2023
A2: Total | B2: TOTAL
A3: Solid fossil fuels | B3: C0000X0350-0370
A4: Hard coal | B4: C0100
A5: Anthracite | B5: C0110 | C5: 4.0319442 | D5: 4.0319442 | E5: 4.0319442 | F5: 4.0319442 | G5: 4.0319442 | H5: 3.8978082 | I5: 3.9854702 | J5: 4.0941769 | K5: 4.0715997 | L5: 4.11988 | M5: 4.0813721 | N5: 4.1672267 | O5: 4.1358605 | P5: 4.1204324 | Q5: 4.1041476 | R5: 4.247171 | S5: 4.2579038 | T5: 4.3197974 | U5: 4.2066052 | V5: 4.4038801 | W5: 4.3889466 | X5: 4.3627094 | Y5: 4.3841568 | Z5: 4.2455335
A6: Coking coal | B6: C0121 | C6: 3.9607128 | D6: 3.9607128 | E6: 3.9607128 | F6: 3.9607128 | G6: 3.9607128 | H6: 3.8739962 | I6: 3.940664 | J6: 3.9583141 | K6: 3.9746483 | L6: 3.9683352 | M6: 3.9645078 | N6: 3.9993907 | O6: 3.9960827 | P6: 3.9541933 | Q6: 3.9375401 | R6: 3.9573774 | S6: 3.9454042 | T6: 3.9384015 | U6: 3.9952527 | V6: 3.9665693 | W6: 3.9779111 | X6: 3.9699669 | Y6: 3.9569674 | Z6: 3.8342938
A7: Other bituminous coal | B7: C0129 | C7: 3.8661134 | D7: 3.9574895 | E7: 3.9423612 | F7: 3.9786421 | G7: 3.9873794 | H7: 3.9510313 | I7: 3.9274143 | J7: 3.9415367 | K7: 3.9152697 | L7: 3.9318377 | M7: 3.9255728 | N7: 3.9116544 | O7: 3.9243128 | P7: 3.9233602 | Q7: 3.9394768 | R7: 3.9642001 | S7: 3.9840173 | T7: 3.9334606 | U7: 3.9524829 | V7: 3.9917927 | W7: 3.9387994 | X7: 3.8996111 | Y7: 3.9061177 | Z7: 3.912913
A8: Brown coal | B8: C0200
A9: Sub-bituminous coal | B9: C0210 | C9: 3.9416768 | D9: 3.9416768 | E9: 3.9416768 | F9: 3.9416768 | G9: 3.9416768 | H9: 4.0221192 | I9: 4.0221192 | J9: 4.0221192 | K9: 4.0221192 | L9: 4.0221192 | M9: 4.0221192 | N9: 4.0221192 | O9: 4.0221192 | P9: 4.0221192 | Q9: 4.0221192 | R9: 4.0221192 | S9: 4.0221192 | T9: 4.0221192 | U9: 4.0221192 | V9: 4.0221192 | W9: 4.0221192 | X9: 4.0221192 | Y9: 4.0221192 | Z9: 4.0221192
A10: Lignite | B10: C0220 | C10: 4.2370416 | D10: 4.2370416 | E10: 4.2370416 | F10: 4.2370416 | G10: 4.2370416 | H10: 4.2370416 | I10: 4.2370416 | J10: 4.2370416 | K10: 4.2370416 | L10: 4.2370416 | M10: 4.2370416 | N10: 4.2370416 | O10: 4.2370416 | P10: 4.2370416 | Q10: 4.2370416 | R10: 4.2370416 | S10: 4.2370416 | T10: 4.2370416 | U10: 4.2370416 | V10: 4.2370416 | W10: 4.2370416 | X10: 4.2370416 | Y10: 4.2370416 | Z10: 4.2370416
A11: Coal products | B11: C0300
A12: Patent fuel | B12: C0320 | C12: 4.08213 | D12: 4.08213 | E12: 4.08213 | F12: 4.08213 | G12: 4.08213 | H12: 4.08213 | I12: 4.08213 | J12: 4.08213 | K12: 4.08213 | L12: 4.08213 | M12: 4.08213 | N12: 4.08213 | O12: 4.08213 | P12: 4.08213 | Q12: 4.08213 | R12: 4.08213 | S12: 4.08213 | T12: 4.08213 | U12: 4.08213 | V12: 4.08213 | W12: 4.08213 | X12: 4.08213 | Y12: 4.08213 | Z12: 4.08213
A13: Coke oven coke | B13: C0311 | C13: 4.4381476 | D13: 4.4381476 | E13: 4.4381476 | F13: 4.4381476 | G13: 4.4381476 | H13: 4.6469518 | I13: 4.6525363 | J13: 4.684604 | K13: 4.6776985 | L13: 4.6631843 | M13: 4.5700326 | N13: 4.6244425 | O13: 4.7329929 | P13: 4.6552079 | Q13: 4.5748707 | R13: 4.5971892 | S13: 4.5890322 | T13: 4.5564291 | U13: 4.5609867 | V13: 4.549499 | W13: 4.5025156 | X13: 4.544342 | Y13: 4.5338691 | Z13: 4.6635292
A14: Gas coke | B14: C0312 | C14: 4.4381476 | D14: 4.4381476 | E14: 4.4381476 | F14: 4.4381476 | G14: 4.4381476 | H14: 4.6469518 | I14: 4.6525363 | J14: 4.684604 | K14: 4.6776985 | L14: 4.6631843 | M14: 4.5700326 | N14: 4.6244425 | O14: 4.7329929 | P14: 4.6552079 | Q14: 4.5748707 | R14: 4.5971892 | S14: 4.5890322 | T14: 4.5564291 | U14: 4.5609867 | V14: 4.549499 | W14: 4.5025156 | X14: 4.544342 | Y14: 4.5338691 | Z14: 4.6635292
A15: Coal tar | B15: C0340 | C15: 3.377352 | D15: 3.377352 | E15: 3.377352 | F15: 3.377352 | G15: 3.377352 | H15: 3.377352 | I15: 3.377352 | J15: 3.377352 | K15: 3.377352 | L15: 3.377352 | M15: 3.377352 | N15: 3.377352 | O15: 3.377352 | P15: 3.377352 | Q15: 3.377352 | R15: 3.377352 | S15: 3.377352 | T15: 3.377352 | U15: 3.377352 | V15: 3.377352 | W15: 3.377352 | X15: 3.377352 | Y15: 3.377352 | Z15: 3.377352
A16: Brown coal briquettes | B16: C0330 | C16: 4.08213 | D16: 4.08213 | E16: 4.08213 | F16: 4.08213 | G16: 4.08213 | H16: 4.08213 | I16: 4.08213 | J16: 4.08213 | K16: 4.08213 | L16: 4.08213 | M16: 4.08213 | N16: 4.08213 | O16: 4.08213 | P16: 4.08213 | Q16: 4.08213 | R16: 4.08213 | S16: 4.08213 | T16: 4.08213 | U16: 4.08213 | V16: 4.08213 | W16: 4.08213 | X16: 4.08213 | Y16: 4.08213 | Z16: 4.08213
A17: Manufactured gases | B17: C0350-0370
A18: Gas works gas | B18: C0360 | C18: 1.8589392 | D18: 1.8589392 | E18: 1.8589392 | F18: 1.8589392 | G18: 1.8589392 | H18: 1.8589392 | I18: 1.8589392 | J18: 1.8589392 | K18: 1.8589392 | L18: 1.8589392 | M18: 1.8589392 | N18: 1.8589392 | O18: 1.8589392 | P18: 1.8589392 | Q18: 1.8589392 | R18: 1.8589392 | S18: 1.8589392 | T18: 1.8589392 | U18: 1.8589392 | V18: 1.8589392 | W18: 1.8589392 | X18: 1.8589392 | Y18: 1.8589392 | Z18: 1.8589392
A19: Coke oven gas | B19: C0350 | C19: 1.8589392 | D19: 1.8589392 | E19: 1.8589392 | F19: 1.8589392 | G19: 1.8589392 | H19: 1.8589392 | I19: 1.8589392 | J19: 1.8589392 | K19: 1.8589392 | L19: 1.8589392 | M19: 1.8589392 | N19: 1.8589392 | O19: 1.8589392 | P19: 1.8589392 | Q19: 1.8589392 | R19: 1.8589392 | S19: 1.8589392 | T19: 1.8589392 | U19: 1.8589392 | V19: 1.8589392 | W19: 1.8589392 | X19: 1.8589392 | Y19: 1.8589392 | Z19: 1.8589392
A20: Blast furnace gas | B20: C0371 | C20: 10.88568 | D20: 10.88568 | E20: 10.88568 | F20: 10.88568 | G20: 10.88568 | H20: 10.88568 | I20: 10.88568 | J20: 10.88568 | K20: 10.88568 | L20: 10.88568 | M20: 10.88568 | N20: 10.88568 | O20: 10.88568 | P20: 10.88568 | Q20: 10.88568 | R20: 10.88568 | S20: 10.88568 | T20: 10.88568 | U20: 10.88568 | V20: 10.88568 | W20: 10.88568 | X20: 10.88568 | Y20: 10.88568 | Z20: 10.88568
A21: Other recovered gases | B21: C0379 | C21: 7.619976 | D21: 7.619976 | E21: 7.619976 | F21: 7.619976 | G21: 7.619976 | H21: 7.619976 | I21: 7.619976 | J21: 7.619976 | K21: 7.619976 | L21: 7.619976 | M21: 7.619976 | N21: 7.619976 | O21: 7.619976 | P21: 7.619976 | Q21: 7.619976 | R21: 7.619976 | S21: 7.619976 | T21: 7.619976 | U21: 7.619976 | V21: 7.619976 | W21: 7.619976 | X21: 7.619976 | Y21: 7.619976 | Z21: 7.619976
A22: Peat and peat products | B22: P1000
A23: Peat | B23: P1100 | C23: 4.438008 | D23: 4.438008 | E23: 4.438008 | F23: 4.438008 | G23: 4.438008 | H23: 4.438008 | I23: 4.438008 | J23: 4.438008 | K23: 4.438008 | L23: 4.438008 | M23: 4.438008 | N23: 4.438008 | O23: 4.438008 | P23: 4.438008 | Q23: 4.438008 | R23: 4.438008 | S23: 4.438008 | T23: 4.438008 | U23: 4.438008 | V23: 4.438008 | W23: 4.438008 | X23: 4.438008 | Y23: 4.438008 | Z23: 4.438008
A24: Peat products | B24: P1200 | C24: 4.438008 | D24: 4.438008 | E24: 4.438008 | F24: 4.438008 | G24: 4.438008 | H24: 4.438008 | I24: 4.438008 | J24: 4.438008 | K24: 4.438008 | L24: 4.438008 | M24: 4.438008 | N24: 4.438008 | O24: 4.438008 | P24: 4.438008 | Q24: 4.438008 | R24: 4.438008 | S24: 4.438008 | T24: 4.438008 | U24: 4.438008 | V24: 4.438008 | W24: 4.438008 | X24: 4.438008 | Y24: 4.438008 | Z24: 4.438008
A25: Oil shale and oil sands | B25: S2000 | C25: 4.479876 | D25: 4.479876 | E25: 4.479876 | F25: 4.479876 | G25: 4.479876 | H25: 4.479876 | I25: 4.479876 | J25: 4.479876 | K25: 4.479876 | L25: 4.479876 | M25: 4.479876 | N25: 4.479876 | O25: 4.479876 | P25: 4.479876 | Q25: 4.479876 | R25: 4.479876 | S25: 4.479876 | T25: 4.479876 | U25: 4.479876 | V25: 4.479876 | W25: 4.479876 | X25: 4.479876 | Y25: 4.479876 | Z25: 4.479876
A26: Oil and petroleum products | B26: O4000XBIO
A27: Crude oil, NGL, refinery feedstocks, additives and oxygenates and other hydrocarbons (excluding biofuel portion) | B27: O4100_TOT_4200-4500XBIO
A28: Crude oil | B28: O4100_TOT | C28: 3.0689244 | D28: 3.0689244 | E28: 3.0689244 | F28: 3.0689244 | G28: 3.0689244 | H28: 3.0689244 | I28: 3.0689244 | J28: 3.0689244 | K28: 3.0689244 | L28: 3.0689244 | M28: 3.0689244 | N28: 3.0689244 | O28: 3.0689244 | P28: 3.0689244 | Q28: 3.0689244 | R28: 3.0689244 | S28: 3.0689244 | T28: 3.0689244 | U28: 3.0689244 | V28: 3.0689244 | W28: 3.0689244 | X28: 3.0689244 | Y28: 3.0689244 | Z28: 3.0689244
A29: Natural gas liquids | B29: O4200 | C29: 2.6879256 | D29: 2.6879256 | E29: 2.6879256 | F29: 2.6879256 | G29: 2.6879256 | H29: 2.6879256 | I29: 2.6879256 | J29: 2.6879256 | K29: 2.6879256 | L29: 2.6879256 | M29: 2.6879256 | N29: 2.6879256 | O29: 2.6879256 | P29: 2.6879256 | Q29: 2.6879256 | R29: 2.6879256 | S29: 2.6879256 | T29: 2.6879256 | U29: 2.6879256 | V29: 2.6879256 | W29: 2.6879256 | X29: 2.6879256 | Y29: 2.6879256 | Z29: 2.6879256
A30: Refinery feedstocks | B30: O4300 | C30: 3.0689244 | D30: 3.0689244 | E30: 3.0689244 | F30: 3.0689244 | G30: 3.0689244 | H30: 3.0689244 | I30: 3.0689244 | J30: 3.0689244 | K30: 3.0689244 | L30: 3.0689244 | M30: 3.0689244 | N30: 3.0689244 | O30: 3.0689244 | P30: 3.0689244 | Q30: 3.0689244 | R30: 3.0689244 | S30: 3.0689244 | T30: 3.0689244 | U30: 3.0689244 | V30: 3.0689244 | W30: 3.0689244 | X30: 3.0689244 | Y30: 3.0689244 | Z30: 3.0689244
A31: Additives and oxygenates (excluding biofuel portion) | B31: O4400X4410 | C31: 3.0689244 | D31: 3.0689244 | E31: 3.0689244 | F31: 3.0689244 | G31: 3.0689244 | H31: 3.0689244 | I31: 3.0689244 | J31: 3.0689244 | K31: 3.0689244 | L31: 3.0689244 | M31: 3.0689244 | N31: 3.0689244 | O31: 3.0689244 | P31: 3.0689244 | Q31: 3.0689244 | R31: 3.0689244 | S31: 3.0689244 | T31: 3.0689244 | U31: 3.0689244 | V31: 3.0689244 | W31: 3.0689244 | X31: 3.0689244 | Y31: 3.0689244 | Z31: 3.0689244
A32: Other hydrocarbons | B32: O4500 | C32: 3.0689244 | D32: 3.0689244 | E32: 3.0689244 | F32: 3.0689244 | G32: 3.0689244 | H32: 3.0689244 | I32: 3.0689244 | J32: 3.0689244 | K32: 3.0689244 | L32: 3.0689244 | M32: 3.0689244 | N32: 3.0689244 | O32: 3.0689244 | P32: 3.0689244 | Q32: 3.0689244 | R32: 3.0689244 | S32: 3.0689244 | T32: 3.0689244 | U32: 3.0689244 | V32: 3.0689244 | W32: 3.0689244 | X32: 3.0689244 | Y32: 3.0689244 | Z32: 3.0689244
A33: Oil products (excluding biofuel portion) | B33: O4600XBIO
A34: Refinery gas | B34: O4610 | C34: 2.4115968 | D34: 2.4115968 | E34: 2.4115968 | F34: 2.4115968 | G34: 2.4115968 | H34: 2.4115968 | I34: 2.4115968 | J34: 2.4115968 | K34: 2.4115968 | L34: 2.4115968 | M34: 2.4115968 | N34: 2.4115968 | O34: 2.4115968 | P34: 2.4115968 | Q34: 2.4115968 | R34: 2.4115968 | S34: 2.4115968 | T34: 2.4115968 | U34: 2.4115968 | V34: 2.4115968 | W34: 2.4115968 | X34: 2.4115968 | Y34: 2.4115968 | Z34: 2.4115968
A35: Ethane | B35: O4620 | C35: 2.5790688 | D35: 2.5790688 | E35: 2.5790688 | F35: 2.5790688 | G35: 2.5790688 | H35: 2.5790688 | I35: 2.5790688 | J35: 2.5790688 | K35: 2.5790688 | L35: 2.5790688 | M35: 2.5790688 | N35: 2.5790688 | O35: 2.5790688 | P35: 2.5790688 | Q35: 2.5790688 | R35: 2.5790688 | S35: 2.5790688 | T35: 2.5790688 | U35: 2.5790688 | V35: 2.5790688 | W35: 2.5790688 | X35: 2.5790688 | Y35: 2.5790688 | Z35: 2.5790688
A36: Liquefied petroleum gases | B36: O4630 | C36: 2.6418708 | D36: 2.6418708 | E36: 2.6418708 | F36: 2.6418708 | G36: 2.6418708 | H36: 2.6418708 | I36: 2.6418708 | J36: 2.6418708 | K36: 2.6418708 | L36: 2.6418708 | M36: 2.6418708 | N36: 2.6418708 | O36: 2.6418708 | P36: 2.6418708 | Q36: 2.6418708 | R36: 2.6418708 | S36: 2.6418708 | T36: 2.6418708 | U36: 2.6418708 | V36: 2.6418708 | W36: 2.6418708 | X36: 2.6418708 | Y36: 2.6418708 | Z36: 2.6418708
A37: Motor gasoline (excluding biofuel portion) | B37: O4652XR5210B | C37: 2.9014524 | D37: 2.9014524 | E37: 2.9014524 | F37: 2.9014524 | G37: 2.9014524 | H37: 2.9014524 | I37: 2.9014524 | J37: 2.9014524 | K37: 2.9014524 | L37: 2.9014524 | M37: 2.9014524 | N37: 2.9014524 | O37: 2.9014524 | P37: 2.9014524 | Q37: 2.9014524 | R37: 2.9014524 | S37: 2.9014524 | T37: 2.9014524 | U37: 2.9014524 | V37: 2.9014524 | W37: 2.9014524 | X37: 2.9014524 | Y37: 2.9014524 | Z37: 2.9014524
A38: Aviation gasoline | B38: O4651 | C38: 2.93076 | D38: 2.93076 | E38: 2.93076 | F38: 2.93076 | G38: 2.93076 | H38: 2.93076 | I38: 2.93076 | J38: 2.93076 | K38: 2.93076 | L38: 2.93076 | M38: 2.93076 | N38: 2.93076 | O38: 2.93076 | P38: 2.93076 | Q38: 2.93076 | R38: 2.93076 | S38: 2.93076 | T38: 2.93076 | U38: 2.93076 | V38: 2.93076 | W38: 2.93076 | X38: 2.93076 | Y38: 2.93076 | Z38: 2.93076
A39: Gasoline-type jet fuel | B39: O4653 | C39: 3.0103092 | D39: 3.0103092 | E39: 3.0103092 | F39: 3.0103092 | G39: 3.0103092 | H39: 3.0103092 | I39: 3.0103092 | J39: 3.0103092 | K39: 3.0103092 | L39: 3.0103092 | M39: 3.0103092 | N39: 3.0103092 | O39: 3.0103092 | P39: 3.0103092 | Q39: 3.0103092 | R39: 3.0103092 | S39: 3.0103092 | T39: 3.0103092 | U39: 3.0103092 | V39: 3.0103092 | W39: 3.0103092 | X39: 3.0103092 | Y39: 3.0103092 | Z39: 3.0103092
A40: Kerosene-type jet fuel (excluding biofuel portion) | B40: O4661XR5230B | C40: 3.0103092 | D40: 3.0103092 | E40: 3.0103092 | F40: 3.0103092 | G40: 3.0103092 | H40: 3.0103092 | I40: 3.0103092 | J40: 3.0103092 | K40: 3.0103092 | L40: 3.0103092 | M40: 3.0103092 | N40: 3.0103092 | O40: 3.0103092 | P40: 3.0103092 | Q40: 3.0103092 | R40: 3.0103092 | S40: 3.0103092 | T40: 3.0103092 | U40: 3.0103092 | V40: 3.0103092 | W40: 3.0103092 | X40: 3.0103092 | Y40: 3.0103092 | Z40: 3.0103092
A41: Other kerosene | B41: O4669 | C41: 3.0103092 | D41: 3.0103092 | E41: 3.0103092 | F41: 3.0103092 | G41: 3.0103092 | H41: 3.0103092 | I41: 3.0103092 | J41: 3.0103092 | K41: 3.0103092 | L41: 3.0103092 | M41: 3.0103092 | N41: 3.0103092 | O41: 3.0103092 | P41: 3.0103092 | Q41: 3.0103092 | R41: 3.0103092 | S41: 3.0103092 | T41: 3.0103092 | U41: 3.0103092 | V41: 3.0103092 | W41: 3.0103092 | X41: 3.0103092 | Y41: 3.0103092 | Z41: 3.0103092
A42: Naphtha | B42: O4640 | C42: 3.0689244 | D42: 3.0689244 | E42: 3.0689244 | F42: 3.0689244 | G42: 3.0689244 | H42: 3.0689244 | I42: 3.0689244 | J42: 3.0689244 | K42: 3.0689244 | L42: 3.0689244 | M42: 3.0689244 | N42: 3.0689244 | O42: 3.0689244 | P42: 3.0689244 | Q42: 3.0689244 | R42: 3.0689244 | S42: 3.0689244 | T42: 3.0689244 | U42: 3.0689244 | V42: 3.0689244 | W42: 3.0689244 | X42: 3.0689244 | Y42: 3.0689244 | Z42: 3.0689244
A43: Gas oil and diesel oil (excluding biofuel portion) | B43: O4671XR5220B | C43: 3.1024188 | D43: 3.1024188 | E43: 3.1024188 | F43: 3.1024188 | G43: 3.1024188 | H43: 3.1024188 | I43: 3.1024188 | J43: 3.1024188 | K43: 3.1024188 | L43: 3.1024188 | M43: 3.1024188 | N43: 3.1024188 | O43: 3.1024188 | P43: 3.1024188 | Q43: 3.1024188 | R43: 3.1024188 | S43: 3.1024188 | T43: 3.1024188 | U43: 3.1024188 | V43: 3.1024188 | W43: 3.1024188 | X43: 3.1024188 | Y43: 3.1024188 | Z43: 3.1024188
A44: Fuel oil | B44: O4680 | C44: 3.2405832 | D44: 3.2405832 | E44: 3.2405832 | F44: 3.2405832 | G44: 3.2405832 | H44: 3.2405832 | I44: 3.2405832 | J44: 3.2405832 | K44: 3.2405832 | L44: 3.2405832 | M44: 3.2405832 | N44: 3.2405832 | O44: 3.2405832 | P44: 3.2405832 | Q44: 3.2405832 | R44: 3.2405832 | S44: 3.2405832 | T44: 3.2405832 | U44: 3.2405832 | V44: 3.2405832 | W44: 3.2405832 | X44: 3.2405832 | Y44: 3.2405832 | Z44: 3.2405832
A45: White spirit and special boiling point industrial spirits | B45: O4691 | C45: 3.0689244 | D45: 3.0689244 | E45: 3.0689244 | F45: 3.0689244 | G45: 3.0689244 | H45: 3.0689244 | I45: 3.0689244 | J45: 3.0689244 | K45: 3.0689244 | L45: 3.0689244 | M45: 3.0689244 | N45: 3.0689244 | O45: 3.0689244 | P45: 3.0689244 | Q45: 3.0689244 | R45: 3.0689244 | S45: 3.0689244 | T45: 3.0689244 | U45: 3.0689244 | V45: 3.0689244 | W45: 3.0689244 | X45: 3.0689244 | Y45: 3.0689244 | Z45: 3.0689244
... A51: Natural gas | B51: G3000 | C51: 2.3487948 | D51: 2.3487948 | E51: 2.3487948 | F51: 2.3487948 | G51: 2.3487948 | H51: 2.3487948 | I51: 2.3487948 | J51: 2.3487948 | K51: 2.3487948 | L51: 2.3487948 | M51: 2.3487948 | N51: 2.3487948 | O51: 2.3487948 | P51: 2.3487948 | Q51: 2.3487948 | R51: 2.3487948 | S51: 2.3487948 | T51: 2.3487948 | U51: 2.3487948 | V51: 2.3487948 | W51: 2.3487948 | X51: 2.3487948 | Y51: 2.3487948 | Z51: 2.3487948
A52: Non-renewable waste | B52: W6100_6220
A53: Industrial waste (non-renewable) | B53: W6100 | C53: 5.987124 | D53: 5.987124 | E53: 5.987124 | F53: 5.987124 | G53: 5.987124 | H53: 5.987124 | I53: 5.987124 | J53: 5.987124 | K53: 5.987124 | L53: 5.987124 | M53: 5.987124 | N53: 5.987124 | O53: 5.987124 | P53: 5.987124 | Q53: 5.987124 | R53: 5.987124 | S53: 5.987124 | T53: 5.987124 | U53: 5.987124 | V53: 5.987124 | W53: 5.987124 | X53: 5.987124 | Y53: 5.987124 | Z53: 5.987124
A54: Non-renewable municipal waste | B54: W6220 | C54: 4.912512 | D54: 4.912512 | E54: 4.912512 | F54: 4.912512 | G54: 4.912512 | H54: 4.912512 | I54: 4.912512 | J54: 4.912512 | K54: 4.912512 | L54: 4.912512 | M54: 4.912512 | N54: 4.912512 | O54: 4.912512 | P54: 4.912512 | Q54: 4.912512 | R54: 4.912512 | S54: 4.912512 | T54: 4.912512 | U54: 4.912512 | V54: 4.912512 | W54: 4.912512 | X54: 4.912512 | Y54: 4.912512 | Z54: 4.912512
A60: CO2 emissions not accounted:
A61: Renewables and biofuels | B61: RA000
A62: Primary solid biofuels | B62: R5110-5150_W6000RI | C62: 4.689216 | D62: 4.689216 | E62: 4.689216 | F62: 4.689216 | G62: 4.689216 | H62: 4.689216 | I62: 4.689216 | J62: 4.689216 | K62: 4.689216 | L62: 4.689216 | M62: 4.689216 | N62: 4.689216 | O62: 4.689216 | P62: 4.689216 | Q62: 4.689216 | R62: 4.689216 | S62: 4.689216 | T62: 4.689216 | U62: 4.689216 | V62: 4.689216 | W62: 4.689216 | X62: 4.689216 | Y62: 4.689216 | Z62: 4.689216
A63: Charcoal | B63: R5160 | C63: 4.689216 | D63: 4.689216 | E63: 4.689216 | F63: 4.689216 | G63: 4.689216 | H63: 4.689216 | I63: 4.689216 | J63: 4.689216 | K63: 4.689216 | L63: 4.689216 | M63: 4.689216 | N63: 4.689216 | O63: 4.689216 | P63: 4.689216 | Q63: 4.689216 | R63: 4.689216 | S63: 4.689216 | T63: 4.689216 | U63: 4.689216 | V63: 4.689216 | W63: 4.689216 | X63: 4.689216 | Y63: 4.689216 | Z63: 4.689216
A64: Biogases | B64: R5300 | C64: 2.2859928 | D64: 2.2859928 | E64: 2.2859928 | F64: 2.2859928 | G64: 2.2859928 | H64: 2.2859928 | I64: 2.2859928 | J64: 2.2859928 | K64: 2.2859928 | L64: 2.2859928 | M64: 2.2859928 | N64: 2.2859928 | O64: 2.2859928 | P64: 2.2859928 | Q64: 2.2859928 | R64: 2.2859928 | S64: 2.2859928 | T64: 2.2859928 | U64: 2.2859928 | V64: 2.2859928 | W64: 2.2859928 | X64: 2.2859928 | Y64: 2.2859928 | Z64: 2.2859928
A65: Renewable municipal waste | B65: W6210 | C65: 4.1868 | D65: 4.1868 | E65: 4.1868 | F65: 4.1868 | G65: 4.1868 | H65: 4.1868 | I65: 4.1868 | J65: 4.1868 | K65: 4.1868 | L65: 4.1868 | M65: 4.1868 | N65: 4.1868 | O65: 4.1868 | P65: 4.1868 | Q65: 4.1868 | R65: 4.1868 | S65: 4.1868 | T65: 4.1868 | U65: 4.1868 | V65: 4.1868 | W65: 4.1868 | X65: 4.1868 | Y65: 4.1868 | Z65: 4.1868
A66: Pure biogasoline | B66: R5210P | C66: 2.9642544 | D66: 2.9642544 | E66: 2.9642544 | F66: 2.9642544 | G66: 2.9642544 | H66: 2.9642544 | I66: 2.9642544 | J66: 2.9642544 | K66: 2.9642544 | L66: 2.9642544 | M66: 2.9642544 | N66: 2.9642544 | O66: 2.9642544 | P66: 2.9642544 | Q66: 2.9642544 | R66: 2.9642544 | S66: 2.9642544 | T66: 2.9642544 | U66: 2.9642544 | V66: 2.9642544 | W66: 2.9642544 | X66: 2.9642544 | Y66: 2.9642544 | Z66: 2.9642544
A67: Blended biogasoline | B67: R5210B | C67: 2.9642544 | D67: 2.9642544 | E67: 2.9642544 | F67: 2.9642544 | G67: 2.9642544 | H67: 2.9642544 | I67: 2.9642544 | J67: 2.9642544 | K67: 2.9642544 | L67: 2.9642544 | M67: 2.9642544 | N67: 2.9642544 | O67: 2.9642544 | P67: 2.9642544 | Q67: 2.9642544 | R67: 2.9642544 | S67: 2.9642544 | T67: 2.9642544 | U67: 2.9642544 | V67: 2.9642544 | W67: 2.9642544 | X67: 2.9642544 | Y67: 2.9642544 | Z67: 2.9642544
A68: Pure biodiesels | B68: R5220P | C68: 2.9642544 | D68: 2.9642544 | E68: 2.9642544 | F68: 2.9642544 | G68: 2.9642544 | H68: 2.9642544 | I68: 2.9642544 | J68: 2.9642544 | K68: 2.9642544 | L68: 2.9642544 | M68: 2.9642544 | N68: 2.9642544 | O68: 2.9642544 | P68: 2.9642544 | Q68: 2.9642544 | R68: 2.9642544 | S68: 2.9642544 | T68: 2.9642544 | U68: 2.9642544 | V68: 2.9642544 | W68: 2.9642544 | X68: 2.9642544 | Y68: 2.9642544 | Z68: 2.9642544
A69: Blended biodiesels | B69: R5220B | C69: 2.9642544 | D69: 2.9642544 | E69: 2.9642544 | F69: 2.9642544 | G69: 2.9642544 | H69: 2.9642544 | I69: 2.9642544 | J69: 2.9642544 | K69: 2.9642544 | L69: 2.9642544 | M69: 2.9642544 | N69: 2.9642544 | O69: 2.9642544 | P69: 2.9642544 | Q69: 2.9642544 | R69: 2.9642544 | S69: 2.9642544 | T69: 2.9642544 | U69: 2.9642544 | V69: 2.9642544 | W69: 2.9642544 | X69: 2.9642544 | Y69: 2.9642544 | Z69: 2.9642544
A70: Pure bio jet kerosene | B70: R5230P | C70: 2.9642544 | D70: 2.9642544 | E70: 2.9642544 | F70: 2.9642544 | G70: 2.9642544 | H70: 2.9642544 | I70: 2.9642544 | J70: 2.9642544 | K70: 2.9642544 | L70: 2.9642544 | M70: 2.9642544 | N70: 2.9642544 | O70: 2.9642544 | P70: 2.9642544 | Q70: 2.9642544 | R70: 2.9642544 | S70: 2.9642544 | T70: 2.9642544 | U70: 2.9642544 | V70: 2.9642544 | W70: 2.9642544 | X70: 2.9642544 | Y70: 2.9642544 | Z70: 2.9642544
A71: Blended bio jet kerosene | B71: R5230B | C71: 2.9642544 | D71: 2.9642544 | E71: 2.9642544 | F71: 2.9642544 | G71: 2.9642544 | H71: 2.9642544 | I71: 2.9642544 | J71: 2.9642544 | K71: 2.9642544 | L71: 2.9642544 | M71: 2.9642544 | N71: 2.9642544 | O71: 2.9642544 | P71: 2.9642544 | Q71: 2.9642544 | R71: 2.9642544 | S71: 2.9642544 | T71: 2.9642544 | U71: 2.9642544 | V71: 2.9642544 | W71: 2.9642544 | X71: 2.9642544 | Y71: 2.9642544 | Z71: 2.9642544
A72: Other liquid biofuels | B72: R5290 | C72: 3.3326928 | D72: 3.3326928 | E72: 3.3326928 | F72: 3.3326928 | G72: 3.3326928 | H72: 3.3326928 | I72: 3.3326928 | J72: 3.3326928 | K72: 3.3326928 | L72: 3.3326928 | M72: 3.3326928 | N72: 3.3326928 | O72: 3.3326928 | P72: 3.3326928 | Q72: 3.3326928 | R72: 3.3326928 | S72: 3.3326928 | T72: 3.3326928 | U72: 3.3326928 | V72: 3.3326928 | W72: 3.3326928 | X72: 3.3326928 | Y72: 3.3326928 | Z72: 3.3326928

Sheet GAE
A1: Gross available energy | B1: GAE | C1: 2000 | D1: 2001 | E1: 2002 | F1: 2003 | G1: 2004 | H1: 2005 | I1: 2006 | J1: 2007 | K1: 2008 | L1: 2009 | M1: 2010 | N1: 2011 | O1: 2012 | P1: 2013 | Q1: 2014 | R1: 2015 | S1: 2016 | T1: 2017 | U1: 2018 | V1: 2019 | W1: 2020 | X1: 2021 | Y1: 2022 | Z1: 2023
A2: Total | B2: TOTAL | C2: =SUM(C3,C17,C22,C25,C26,C51,C52) -> 432023.33 | D2: =SUM(D3,D17,D22,D25,D26,D51,D52) -> 428717.76 | E2: =SUM(E3,E17,E22,E25,E26,E51,E52) -> 437805.97 | F2: =SUM(F3,F17,F22,F25,F26,F51,F52) -> 456370.52 | G2: =SUM(G3,G17,G22,G25,G26,G51,G52) -> 465893.95 | H2: =SUM(H3,H17,H22,H25,H26,H51,H52) -> 468920.93 | I2: =SUM(I3,I17,I22,I25,I26,I51,I52) -> 463897.26 | J2: =SUM(J3,J17,J22,J25,J26,J51,J52) -> 457109.79 | ... Z2: =SUM(Z3,Z17,Z22,Z25,Z26,Z51,Z52) -> 303015.24
A3: Solid fossil fuels | B3: C0000X0350-0370 | C3: =SUM(C4,C8,C11) -> 30288.662 | D3: =SUM(D4,D8,D11) -> 34559.402 | E3: =SUM(E4,E8,E11) -> 37922.69 | F3: =SUM(F4,F8,F11) -> 41130.688 | G3: =SUM(G4,G8,G11) -> 48393.82 | H3: =SUM(H4,H8,H11) -> 48035.956 | I3: =SUM(I4,I8,I11) -> 46700.361 | J3: =SUM(J4,J8,J11) -> 47597.935 | ... Z3: =SUM(Z4,Z8,Z11) -> 14169.791
A4: Hard coal | B4: C0100 | C4: =SUM(C5:C7) -> 25056.02 | D4: =SUM(D5:D7) -> 29937.184 | E4: =SUM(E5:E7) -> 33765.143 | F4: =SUM(F5:F7) -> 37439.445 | G4: =SUM(G5:G7) -> 44664.629 | H4: =SUM(H5:H7) -> 43482.641 | I4: =SUM(I5:I7) -> 42283.378 | J4: =SUM(J5:J7) -> 43255.393 | ... Z4: =SUM(Z5:Z7) -> 12823.434
A5: Anthracite | B5: C0110 | C5: =INTMARB!C5+GIC!C5 -> 0 | D5: =INTMARB!D5+GIC!D5 -> 0 | E5: =INTMARB!E5+GIC!E5 -> 0 | F5: =INTMARB!F5+GIC!F5 -> 0 | G5: =INTMARB!G5+GIC!G5 -> 0 | H5: =INTMARB!H5+GIC!H5 -> 0 | I5: =INTMARB!I5+GIC!I5 -> 0 | J5: =INTMARB!J5+GIC!J5 -> 0 | ... Z5: =INTMARB!Z5+GIC!Z5 -> 36.441498
A6: Coking coal | B6: C0121 | C6: =INTMARB!C6+GIC!C6 -> 143.62335 | D6: =INTMARB!D6+GIC!D6 -> 196.3829 | E6: =INTMARB!E6+GIC!E6 -> 331.21265 | F6: =INTMARB!F6+GIC!F6 -> 175.86518 | G6: =INTMARB!G6+GIC!G6 -> 178.79638 | H6: =INTMARB!H6+GIC!H6 -> 1000.5526 | I6: =INTMARB!I6+GIC!I6 -> 157.47747 | J6: =INTMARB!J6+GIC!J6 -> 172.82925 | ... Z6: =INTMARB!Z6+GIC!Z6 -> 0
A7: Other bituminous coal | B7: C0129 | C7: =INTMARB!C7+GIC!C7 -> 24912.397 | D7: =INTMARB!D7+GIC!D7 -> 29740.801 | E7: =INTMARB!E7+GIC!E7 -> 33433.93 | F7: =INTMARB!F7+GIC!F7 -> 37263.58 | G7: =INTMARB!G7+GIC!G7 -> 44485.832 | H7: =INTMARB!H7+GIC!H7 -> 42482.089 | I7: =INTMARB!I7+GIC!I7 -> 42125.901 | J7: =INTMARB!J7+GIC!J7 -> 43082.564 | ... Z7: =INTMARB!Z7+GIC!Z7 -> 12786.992
A8: Brown coal | B8: C0200 | C8: =SUM(C9:C10) -> 31.771619 | D8: =SUM(D9:D10) -> 11.649861 | E8: =SUM(E9:E10) -> 10.590782 | F8: =SUM(F9:F10) -> 8.4748118 | G8: =SUM(G9:G10) -> 9.5342544 | H8: =SUM(H9:H10) -> 8.4748118 | I8: =SUM(I9:I10) -> 8.4748118 | J8: =SUM(J9:J10) -> 4.2374059 | ... Z8: =SUM(Z9:Z10) -> 0
A9: Sub-bituminous coal | B9: C0210 | C9: =INTMARB!C9+GIC!C9 -> 0 | D9: =INTMARB!D9+GIC!D9 -> 0 | E9: =INTMARB!E9+GIC!E9 -> 0 | F9: =INTMARB!F9+GIC!F9 -> 0 | G9: =INTMARB!G9+GIC!G9 -> 0 | H9: =INTMARB!H9+GIC!H9 -> 0 | I9: =INTMARB!I9+GIC!I9 -> 0 | J9: =INTMARB!J9+GIC!J9 -> 0 | ... Z9: =INTMARB!Z9+GIC!Z9 -> 0
A10: Lignite | B10: C0220 | C10: =INTMARB!C10+GIC!C10 -> 31.771619 | D10: =INTMARB!D10+GIC!D10 -> 11.649861 | E10: =INTMARB!E10+GIC!E10 -> 10.590782 | F10: =INTMARB!F10+GIC!F10 -> 8.4748118 | G10: =INTMARB!G10+GIC!G10 -> 9.5342544 | H10: =INTMARB!H10+GIC!H10 -> 8.4748118 | I10: =INTMARB!I10+GIC!I10 -> 8.4748118 | J10: =INTMARB!J10+GIC!J10 -> 4.2374059 | ... Z10: =INTMARB!Z10+GIC!Z10 -> 0
A11: Coal products | B11: C0300 | C11: =SUM(C12:C16) -> 5200.8697 | D11: =SUM(D12:D16) -> 4610.5679 | E11: =SUM(E12:E16) -> 4146.9562 | F11: =SUM(F12:F16) -> 3682.768 | G11: =SUM(G12:G16) -> 3719.6569 | H11: =SUM(H12:H16) -> 4544.8403 | I11: =SUM(I12:I16) -> 4408.5082 | J11: =SUM(J12:J16) -> 4338.3047 | ... Z11: =SUM(Z12:Z16) -> 1346.3573
A12: Patent fuel | B12: C0320 | C12: =INTMARB!C12+GIC!C12 -> 0 | D12: =INTMARB!D12+GIC!D12 -> 0 | E12: =INTMARB!E12+GIC!E12 -> 0 | F12: =INTMARB!F12+GIC!F12 -> 0 | G12: =INTMARB!G12+GIC!G12 -> 0 | H12: =INTMARB!H12+GIC!H12 -> 0 | I12: =INTMARB!I12+GIC!I12 -> 0 | J12: =INTMARB!J12+GIC!J12 -> 0 | ... Z12: =INTMARB!Z12+GIC!Z12 -> 0
A13: Coke oven coke | B13: C0311 | C13: =INTMARB!C13+GIC!C13 -> 5200.8697 | D13: =INTMARB!D13+GIC!D13 -> 4610.5679 | E13: =INTMARB!E13+GIC!E13 -> 4146.9562 | F13: =INTMARB!F13+GIC!F13 -> 3682.768 | G13: =INTMARB!G13+GIC!G13 -> 3719.6569 | H13: =INTMARB!H13+GIC!H13 -> 4544.8403 | I13: =INTMARB!I13+GIC!I13 -> 4408.5082 | J13: =INTMARB!J13+GIC!J13 -> 4338.3047 | ... Z13: =INTMARB!Z13+GIC!Z13 -> 1244.5163
A14: Gas coke | B14: C0312 | C14: =INTMARB!C14+GIC!C14 -> 0 | D14: =INTMARB!D14+GIC!D14 -> 0 | E14: =INTMARB!E14+GIC!E14 -> 0 | F14: =INTMARB!F14+GIC!F14 -> 0 | G14: =INTMARB!G14+GIC!G14 -> 0 | H14: =INTMARB!H14+GIC!H14 -> 0 | I14: =INTMARB!I14+GIC!I14 -> 0 | J14: =INTMARB!J14+GIC!J14 -> 0 | ... Z14: =INTMARB!Z14+GIC!Z14 -> 0
A15: Coal tar | B15: C0340 | C15: =INTMARB!C15+GIC!C15 -> 0 | D15: =INTMARB!D15+GIC!D15 -> 0 | E15: =INTMARB!E15+GIC!E15 -> 0 | F15: =INTMARB!F15+GIC!F15 -> 0 | G15: =INTMARB!G15+GIC!G15 -> 0 | H15: =INTMARB!H15+GIC!H15 -> 0 | I15: =INTMARB!I15+GIC!I15 -> 0 | J15: =INTMARB!J15+GIC!J15 -> 0 | ... Z15: =INTMARB!Z15+GIC!Z15 -> 101.84096
A16: Brown coal briquettes | B16: C0330 | C16: =INTMARB!C16+GIC!C16 -> 0 | D16: =INTMARB!D16+GIC!D16 -> 0 | E16: =INTMARB!E16+GIC!E16 -> 0 | F16: =INTMARB!F16+GIC!F16 -> 0 | G16: =INTMARB!G16+GIC!G16 -> 0 | H16: =INTMARB!H16+GIC!H16 -> 0 | I16: =INTMARB!I16+GIC!I16 -> 0 | J16: =INTMARB!J16+GIC!J16 -> 0 | ... Z16: =INTMARB!Z16+GIC!Z16 -> 0
A17: Manufactured gases | B17: C0350-0370 | C17: =SUM(C18:C21) -> 11323.352 | D17: =SUM(D18:D21) -> 9532.4365 | E17: =SUM(E18:E21) -> 9310.7404 | F17: =SUM(F18:F21) -> 9766.5122 | G17: =SUM(G18:G21) -> 9674.8181 | H17: =SUM(H18:H21) -> 11415.581 | I17: =SUM(I18:I21) -> 11970.026 | J17: =SUM(J18:J21) -> 11178.427 | ... Z17: =SUM(Z18:Z21) -> 2415.0151
A18: Gas works gas | B18: C0360 | C18: =INTMARB!C18+GIC!C18 -> 7.91208 | D18: =INTMARB!D18+GIC!D18 -> 0 | E18: =INTMARB!E18+GIC!E18 -> 0 | F18: =INTMARB!F18+GIC!F18 -> 0 | G18: =INTMARB!G18+GIC!G18 -> 0 | H18: =INTMARB!H18+GIC!H18 -> 0 | I18: =INTMARB!I18+GIC!I18 -> 0 | J18: =INTMARB!J18+GIC!J18 -> 0 | ... Z18: =INTMARB!Z18+GIC!Z18 -> 0
A19: Coke oven gas | B19: C0350 | C19: =INTMARB!C19+GIC!C19 -> 889.3098 | D19: =INTMARB!D19+GIC!D19 -> 584.09532 | E19: =INTMARB!E19+GIC!E19 -> 573.46596 | F19: =INTMARB!F19+GIC!F19 -> 609.90948 | G19: =INTMARB!G19+GIC!G19 -> 573.98544 | H19: =INTMARB!H19+GIC!H19 -> 565.31412 | I19: =INTMARB!I19+GIC!I19 -> 629.44992 | J19: =INTMARB!J19+GIC!J19 -> 658.5408 | ... Z19: =INTMARB!Z19+GIC!Z19 -> 361.14393
A20: Blast furnace gas | B20: C0371 | C20: =INTMARB!C20+GIC!C20 -> 9948.3799 | D20: =INTMARB!D20+GIC!D20 -> 8407.6191 | E20: =INTMARB!E20+GIC!E20 -> 8295.5602 | F20: =INTMARB!F20+GIC!F20 -> 8532.1604 | G20: =INTMARB!G20+GIC!G20 -> 8548.2802 | H20: =INTMARB!H20+GIC!H20 -> 10037.818 | I20: =INTMARB!I20+GIC!I20 -> 10654.8 | J20: =INTMARB!J20+GIC!J20 -> 10202.66 | ... Z20: =INTMARB!Z20+GIC!Z20 -> 1947.3658
A21: Other recovered gases | B21: C0379 | C21: =INTMARB!C21+GIC!C21 -> 477.75022 | D21: =INTMARB!D21+GIC!D21 -> 540.72215 | E21: =INTMARB!E21+GIC!E21 -> 441.71422 | F21: =INTMARB!F21+GIC!F21 -> 624.44229 | G21: =INTMARB!G21+GIC!G21 -> 552.55244 | H21: =INTMARB!H21+GIC!H21 -> 812.448 | I21: =INTMARB!I21+GIC!I21 -> 685.77622 | J21: =INTMARB!J21+GIC!J21 -> 317.22622 | ... Z21: =INTMARB!Z21+GIC!Z21 -> 106.50538
A22: Peat and peat products | B22: P1000 | C22: =SUM(C23:C24) -> 0 | D22: =SUM(D23:D24) -> 0 | E22: =SUM(E23:E24) -> 0 | F22: =SUM(F23:F24) -> 0 | G22: =SUM(G23:G24) -> 0 | H22: =SUM(H23:H24) -> 0 | I22: =SUM(I23:I24) -> 0 | J22: =SUM(J23:J24) -> 0 | ... Z22: =SUM(Z23:Z24) -> 0
A23: Peat | B23: P1100 | C23: =INTMARB!C23+GIC!C23 -> 0 | D23: =INTMARB!D23+GIC!D23 -> 0 | E23: =INTMARB!E23+GIC!E23 -> 0 | F23: =INTMARB!F23+GIC!F23 -> 0 | G23: =INTMARB!G23+GIC!G23 -> 0 | H23: =INTMARB!H23+GIC!H23 -> 0 | I23: =INTMARB!I23+GIC!I23 -> 0 | J23: =INTMARB!J23+GIC!J23 -> 0 | ... Z23: =INTMARB!Z23+GIC!Z23 -> 0
A24: Peat products | B24: P1200 | C24: =INTMARB!C24+GIC!C24 -> 0 | D24: =INTMARB!D24+GIC!D24 -> 0 | E24: =INTMARB!E24+GIC!E24 -> 0 | F24: =INTMARB!F24+GIC!F24 -> 0 | G24: =INTMARB!G24+GIC!G24 -> 0 | H24: =INTMARB!H24+GIC!H24 -> 0 | I24: =INTMARB!I24+GIC!I24 -> 0 | J24: =INTMARB!J24+GIC!J24 -> 0 | ... Z24: =INTMARB!Z24+GIC!Z24 -> 0
A25: Oil shale and oil sands | B25: S2000 | C25: =INTMARB!C25+GIC!C25 -> 0 | D25: =INTMARB!D25+GIC!D25 -> 0 | E25: =INTMARB!E25+GIC!E25 -> 0 | F25: =INTMARB!F25+GIC!F25 -> 0 | G25: =INTMARB!G25+GIC!G25 -> 0 | H25: =INTMARB!H25+GIC!H25 -> 0 | I25: =INTMARB!I25+GIC!I25 -> 0 | J25: =INTMARB!J25+GIC!J25 -> 0 | ... Z25: =INTMARB!Z25+GIC!Z25 -> 0
A26: Oil and petroleum products | B26: O4000XBIO | C26: =SUM(C27,C33) -> 256287.63 | D26: =SUM(D27,D33) -> 249747.22 | E26: =SUM(E27,E33) -> 256267.85 | F26: =SUM(F27,F33) -> 256456.43 | G26: =SUM(G27,G33) -> 252776.81 | H26: =SUM(H27,H33) -> 243577.45 | I26: =SUM(I27,I33) -> 242126.38 | J26: =SUM(J27,J33) -> 233939.29 | ... Z26: =SUM(Z27,Z33) -> 163675.22
A27: Crude oil, NGL, refinery feedstocks, additives and oxygenates and other hydrocarbons (excluding biofuel portion) | B27: O4100_TOT_4200-4500XBIO | C27: =SUM(C28:C32) -> 0 | D27: =SUM(D28:D32) -> 0 | E27: =SUM(E28:E32) -> 0 | F27: =SUM(F28:F32) -> 0 | G27: =SUM(G28:G32) -> 0 | H27: =SUM(H28:H32) -> 0 | I27: =SUM(I28:I32) -> 0 | J27: =SUM(J28:J32) -> 0 | ... Z27: =SUM(Z28:Z32) -> 0
A28: Crude oil | B28: O4100_TOT | C28: =INTMARB!C28+GIC!C28 -> 0 | D28: =INTMARB!D28+GIC!D28 -> 0 | E28: =INTMARB!E28+GIC!E28 -> 0 | F28: =INTMARB!F28+GIC!F28 -> 0 | G28: =INTMARB!G28+GIC!G28 -> 0 | H28: =INTMARB!H28+GIC!H28 -> 0 | I28: =INTMARB!I28+GIC!I28 -> 0 | J28: =INTMARB!J28+GIC!J28 -> 0 | ... Z28: =INTMARB!Z28+GIC!Z28 -> 0
A29: Natural gas liquids | B29: O4200 | C29: =INTMARB!C29+GIC!C29 -> 0 | D29: =INTMARB!D29+GIC!D29 -> 0 | E29: =INTMARB!E29+GIC!E29 -> 0 | F29: =INTMARB!F29+GIC!F29 -> 0 | G29: =INTMARB!G29+GIC!G29 -> 0 | H29: =INTMARB!H29+GIC!H29 -> 0 | I29: =INTMARB!I29+GIC!I29 -> 0 | J29: =INTMARB!J29+GIC!J29 -> 0 | ... Z29: =INTMARB!Z29+GIC!Z29 -> 0
A30: Refinery feedstocks | B30: O4300 | C30: =INTMARB!C30+GIC!C30 -> 0 | D30: =INTMARB!D30+GIC!D30 -> 0 | E30: =INTMARB!E30+GIC!E30 -> 0 | F30: =INTMARB!F30+GIC!F30 -> 0 | G30: =INTMARB!G30+GIC!G30 -> 0 | H30: =INTMARB!H30+GIC!H30 -> 0 | I30: =INTMARB!I30+GIC!I30 -> 0 | J30: =INTMARB!J30+GIC!J30 -> 0 | ... Z30: =INTMARB!Z30+GIC!Z30 -> 0
A31: Additives and oxygenates (excluding biofuel portion) | B31: O4400X4410 | C31: =INTMARB!C31+GIC!C31 -> 0 | D31: =INTMARB!D31+GIC!D31 -> 0 | E31: =INTMARB!E31+GIC!E31 -> 0 | F31: =INTMARB!F31+GIC!F31 -> 0 | G31: =INTMARB!G31+GIC!G31 -> 0 | H31: =INTMARB!H31+GIC!H31 -> 0 | I31: =INTMARB!I31+GIC!I31 -> 0 | J31: =INTMARB!J31+GIC!J31 -> 0 | ... Z31: =INTMARB!Z31+GIC!Z31 -> 0
A32: Other hydrocarbons | B32: O4500 | C32: =INTMARB!C32+GIC!C32 -> 0 | D32: =INTMARB!D32+GIC!D32 -> 0 | E32: =INTMARB!E32+GIC!E32 -> 0 | F32: =INTMARB!F32+GIC!F32 -> 0 | G32: =INTMARB!G32+GIC!G32 -> 0 | H32: =INTMARB!H32+GIC!H32 -> 0 | I32: =INTMARB!I32+GIC!I32 -> 0 | J32: =INTMARB!J32+GIC!J32 -> 0 | ... Z32: =INTMARB!Z32+GIC!Z32 -> 0
A33: Oil products (excluding biofuel portion) | B33: O4600XBIO | C33: =SUM(C34:C50) -> 256287.63 | D33: =SUM(D34:D50) -> 249747.22 | E33: =SUM(E34:E50) -> 256267.85 | F33: =SUM(F34:F50) -> 256456.43 | G33: =SUM(G34:G50) -> 252776.81 | H33: =SUM(H34:H50) -> 243577.45 | I33: =SUM(I34:I50) -> 242126.38 | J33: =SUM(J34:J50) -> 233939.29 | ... Z33: =SUM(Z34:Z50) -> 163675.22
A34: Refinery gas | B34: O4610 | C34: =INTMARB!C34+GIC!C34 -> 7068.1248 | D34: =INTMARB!D34+GIC!D34 -> 6372.432 | E34: =INTMARB!E34+GIC!E34 -> 6740.2368 | F34: =INTMARB!F34+GIC!F34 -> 7088.0832 | G34: =INTMARB!G34+GIC!G34 -> 7980.5088 | H34: =INTMARB!H34+GIC!H34 -> 8684.7552 | I34: =INTMARB!I34+GIC!I34 -> 8439.552 | J34: =INTMARB!J34+GIC!J34 -> 9389.0016 | ... Z34: =INTMARB!Z34+GIC!Z34 -> 7520.9725
A35: Ethane | B35: O4620 | C35: =INTMARB!C35+GIC!C35 -> 0 | D35: =INTMARB!D35+GIC!D35 -> 0 | E35: =INTMARB!E35+GIC!E35 -> 0 | F35: =INTMARB!F35+GIC!F35 -> 0 | G35: =INTMARB!G35+GIC!G35 -> 0 | H35: =INTMARB!H35+GIC!H35 -> 0 | I35: =INTMARB!I35+GIC!I35 -> 0 | J35: =INTMARB!J35+GIC!J35 -> 0 | ... Z35: =INTMARB!Z35+GIC!Z35 -> 0
A36: Liquefied petroleum gases | B36: O4630 | C36: =INTMARB!C36+GIC!C36 -> 11450.756 | D36: =INTMARB!D36+GIC!D36 -> 11360.776 | E36: =INTMARB!E36+GIC!E36 -> 10893.458 | F36: =INTMARB!F36+GIC!F36 -> 10884.75 | G36: =INTMARB!G36+GIC!G36 -> 10400.016 | H36: =INTMARB!H36+GIC!H36 -> 10391.308 | I36: =INTMARB!I36+GIC!I36 -> 9761.4441 | J36: =INTMARB!J36+GIC!J36 -> 9227.365 | ... Z36: =INTMARB!Z36+GIC!Z36 -> 9903.1108
A37: Motor gasoline (excluding biofuel portion) | B37: O4652XR5210B | C37: =INTMARB!C37+GIC!C37 -> 51238.757 | D37: =INTMARB!D37+GIC!D37 -> 50226.422 | E37: =INTMARB!E37+GIC!E37 -> 49515.958 | F37: =INTMARB!F37+GIC!F37 -> 47933.424 | G37: =INTMARB!G37+GIC!G37 -> 45216.586 | H37: =INTMARB!H37+GIC!H37 -> 42124.698 | I37: =INTMARB!I37+GIC!I37 -> 39499.337 | J37: =INTMARB!J37+GIC!J37 -> 37233.781 | ... Z37: =INTMARB!Z37+GIC!Z37 -> 24878.069
A38: Aviation gasoline | B38: O4651 | C38: =INTMARB!C38+GIC!C38 -> 18.479916 | D38: =INTMARB!D38+GIC!D38 -> 33.879888 | E38: =INTMARB!E38+GIC!E38 -> 36.960084 | F38: =INTMARB!F38+GIC!F38 -> 46.199916 | G38: =INTMARB!G38+GIC!G38 -> 43.119972 | H38: =INTMARB!H38+GIC!H38 -> 43.119972 | I38: =INTMARB!I38+GIC!I38 -> 49.280112 | J38: =INTMARB!J38+GIC!J38 -> 46.199916 | ... Z38: =INTMARB!Z38+GIC!Z38 -> 2.540916
A39: Gasoline-type jet fuel | B39: O4653 | C39: =INTMARB!C39+GIC!C39 -> 0 | D39: =INTMARB!D39+GIC!D39 -> 0 | E39: =INTMARB!E39+GIC!E39 -> 0 | F39: =INTMARB!F39+GIC!F39 -> 0 | G39: =INTMARB!G39+GIC!G39 -> 0 | H39: =INTMARB!H39+GIC!H39 -> 0 | I39: =INTMARB!I39+GIC!I39 -> 0 | J39: =INTMARB!J39+GIC!J39 -> 0 | ... Z39: =INTMARB!Z39+GIC!Z39 -> 0
A40: Kerosene-type jet fuel (excluding biofuel portion) | B40: O4661XR5230B | C40: =INTMARB!C40+GIC!C40 -> 11065.194 | D40: =INTMARB!D40+GIC!D40 -> 9874.8899 | E40: =INTMARB!E40+GIC!E40 -> 9881.0733 | F40: =INTMARB!F40+GIC!F40 -> 11201.229 | G40: =INTMARB!G40+GIC!G40 -> 11164.129 | H40: =INTMARB!H40+GIC!H40 -> 11689.718 | I40: =INTMARB!I40+GIC!I40 -> 12410.084 | J40: =INTMARB!J40+GIC!J40 -> 13080.983 | ... Z40: =INTMARB!Z40+GIC!Z40 -> 14386.048
A41: Other kerosene | B41: O4669 | C41: =INTMARB!C41+GIC!C41 -> 166.95154 | D41: =INTMARB!D41+GIC!D41 -> 355.54521 | E41: =INTMARB!E41+GIC!E41 -> 200.96053 | F41: =INTMARB!F41+GIC!F41 -> 163.8597 | G41: =INTMARB!G41+GIC!G41 -> 105.11777 | H41: =INTMARB!H41+GIC!H41 -> 71.108784 | I41: =INTMARB!I41+GIC!I41 -> 68.017199 | J41: =INTMARB!J41+GIC!J41 -> 37.100314 | ... Z41: =INTMARB!Z41+GIC!Z41 -> 4.3687015
A42: Naphtha | B42: O4640 | C42: =INTMARB!C42+GIC!C42 -> 2138.3078 | D42: =INTMARB!D42+GIC!D42 -> 954.65926 | E42: =INTMARB!E42+GIC!E42 -> 925.63246 | F42: =INTMARB!F42+GIC!F42 -> 735.34569 | G42: =INTMARB!G42+GIC!G42 -> 235.43954 | H42: =INTMARB!H42+GIC!H42 -> 193.51191 | I42: =INTMARB!I42+GIC!I42 -> 99.981229 | J42: =INTMARB!J42+GIC!J42 -> 109.65692 | ... Z42: =INTMARB!Z42+GIC!Z42 -> 0
A43: Gas oil and diesel oil (excluding biofuel portion) | B43: O4671XR5220B | C43: =INTMARB!C43+GIC!C43 -> 82773.939 | D43: =INTMARB!D43+GIC!D43 -> 86359.904 | E43: =INTMARB!E43+GIC!E43 -> 88534.843 | F43: =INTMARB!F43+GIC!F43 -> 89914.303 | G43: =INTMARB!G43+GIC!G43 -> 95561.568 | H43: =INTMARB!H43+GIC!H43 -> 97240.911 | I43: =INTMARB!I43+GIC!I43 -> 98472.009 | J43: =INTMARB!J43+GIC!J43 -> 98749.795 | ... Z43: =INTMARB!Z43+GIC!Z43 -> 80788.084
A44: Fuel oil | B44: O4680 | C44: =INTMARB!C44+GIC!C44 -> 78895.368 | D44: =INTMARB!D44+GIC!D44 -> 73016.064 | E44: =INTMARB!E44+GIC!E44 -> 77821.056 | F44: =INTMARB!F44+GIC!F44 -> 75248.28 | G44: =INTMARB!G44+GIC!G44 -> 54545.328 | H44: =INTMARB!H44+GIC!H44 -> 47096.352 | I44: =INTMARB!I44+GIC!I44 -> 46031.328 | J44: =INTMARB!J44+GIC!J44 -> 38693.808 | ... Z44: =INTMARB!Z44+GIC!Z44 -> 9641.8014
A45: White spirit and special boiling point industrial spirits | B45: O4691 | C45: =INTMARB!C45+GIC!C45 -> 0 | D45: =INTMARB!D45+GIC!D45 -> 0 | E45: =INTMARB!E45+GIC!E45 -> 0 | F45: =INTMARB!F45+GIC!F45 -> 0 | G45: =INTMARB!G45+GIC!G45 -> 0 | H45: =INTMARB!H45+GIC!H45 -> 0 | I45: =INTMARB!I45+GIC!I45 -> 0 | J45: =INTMARB!J45+GIC!J45 -> 0 | ... Z45: =INTMARB!Z45+GIC!Z45 -> 0
... A51: Natural gas | B51: G3000 | C51: =INTMARB!C51+GIC!C51 -> 133154.25 | D51: =INTMARB!D51+GIC!D51 -> 133680.76 | E51: =INTMARB!E51+GIC!E51 -> 133102.55 | F51: =INTMARB!F51+GIC!F51 -> 146537.33 | G51: =INTMARB!G51+GIC!G51 -> 151650.3 | H51: =INTMARB!H51+GIC!H51 -> 162461.02 | I51: =INTMARB!I51+GIC!I51 -> 159202.85 | J51: =INTMARB!J51+GIC!J51 -> 160202.75 | ... Z51: =INTMARB!Z51+GIC!Z51 -> 116616.99
A52: Non-renewable waste | B52: W6100_6220 | C52: =SUM(C53:C54) -> 969.4372 | D52: =SUM(D53:D54) -> 1197.9472 | E52: =SUM(E53:E54) -> 1202.1493 | F52: =SUM(F53:F54) -> 2479.5571 | G52: =SUM(G53:G54) -> 3398.2036 | H52: =SUM(H53:H54) -> 3430.9258 | I52: =SUM(I53:I54) -> 3897.6446 | J52: =SUM(J53:J54) -> 4191.3884 | ... Z52: =SUM(Z53:Z54) -> 6138.2297
A53: Industrial waste (non-renewable) | B53: W6100 | C53: =INTMARB!C53+GIC!C53 -> 547.97577 | D53: =INTMARB!D53+GIC!D53 -> 567.28077 | E53: =INTMARB!E53+GIC!E53 -> 492.63477 | F53: =INTMARB!F53+GIC!F53 -> 780.92277 | G53: =INTMARB!G53+GIC!G53 -> 975.97483 | H53: =INTMARB!H53+GIC!H53 -> 701.98694 | I53: =INTMARB!I53+GIC!I53 -> 750.17789 | J53: =INTMARB!J53+GIC!J53 -> 752.46566 | ... Z53: =INTMARB!Z53+GIC!Z53 -> 1974.3249
A54: Non-renewable municipal waste | B54: W6220 | C54: =INTMARB!C54+GIC!C54 -> 421.46143 | D54: =INTMARB!D54+GIC!D54 -> 630.66643 | E54: =INTMARB!E54+GIC!E54 -> 709.51457 | F54: =INTMARB!F54+GIC!F54 -> 1698.6343 | G54: =INTMARB!G54+GIC!G54 -> 2422.2287 | H54: =INTMARB!H54+GIC!H54 -> 2728.9389 | I54: =INTMARB!I54+GIC!I54 -> 3147.4667 | J54: =INTMARB!J54+GIC!J54 -> 3438.9227 | ... Z54: =INTMARB!Z54+GIC!Z54 -> 4163.9047
A60: CO2 emissions not accounted:
A61: Renewables and biofuels | B61: RA000 | C61: =SUM(C62:C72) -> 8261.8194 | D61: =SUM(D62:D72) -> 8894.9436 | E61: =SUM(E62:E72) -> 13579.758 | F61: =SUM(F62:F72) -> 21590.817 | G61: =SUM(G62:G72) -> 18385.603 | H61: =SUM(H62:H72) -> 26596.106 | I61: =SUM(I62:I72) -> 30689.478 | J61: =SUM(J62:J72) -> 39234.472 | ... Z61: =SUM(Z62:Z72) -> 51696.682
A62: Primary solid biofuels | B62: R5110-5150_W6000RI | C62: =INTMARB!C62+GIC!C62 -> 7199.8081 | D62: =INTMARB!D62+GIC!D62 -> 7632.4639 | E62: =INTMARB!E62+GIC!E62 -> 12160.288 | F62: =INTMARB!F62+GIC!F62 -> 19273.072 | G62: =INTMARB!G62+GIC!G62 -> 14567.056 | H62: =INTMARB!H62+GIC!H62 -> 22754.144 | I62: =INTMARB!I62+GIC!I62 -> 26305.776 | J62: =INTMARB!J62+GIC!J62 -> 34601.392 | ... Z62: =INTMARB!Z62+GIC!Z62 -> 37042.333
A63: Charcoal | B63: R5160 | C63: =INTMARB!C63+GIC!C63 -> 403.6032 | D63: =INTMARB!D63+GIC!D63 -> 365.65724 | E63: =INTMARB!E63+GIC!E63 -> 320.81293 | F63: =INTMARB!F63+GIC!F63 -> 286.31676 | G63: =INTMARB!G63+GIC!G63 -> 275.96822 | H63: =INTMARB!H63+GIC!H63 -> 251.82058 | I63: =INTMARB!I63+GIC!I63 -> 296.66569 | J63: =INTMARB!J63+GIC!J63 -> 286.31676 | ... Z63: =INTMARB!Z63+GIC!Z63 -> 266.30231
A64: Biogases | B64: R5300 | C64: =INTMARB!C64+GIC!C64 -> 299.20796 | D64: =INTMARB!D64+GIC!D64 -> 359.32269 | E64: =INTMARB!E64+GIC!E64 -> 493.857 | F64: =INTMARB!F64+GIC!F64 -> 583.72875 | G64: =INTMARB!G64+GIC!G64 -> 729.07367 | H64: =INTMARB!H64+GIC!H64 -> 740.32142 | I64: =INTMARB!I64+GIC!I64 -> 820.36478 | J64: =INTMARB!J64+GIC!J64 -> 886.70398 | ... Z64: =INTMARB!Z64+GIC!Z64 -> 4596.9466
A65: Renewable municipal waste | B65: W6210 | C65: =INTMARB!C65+GIC!C65 -> 359.20008 | D65: =INTMARB!D65+GIC!D65 -> 537.4998 | E65: =INTMARB!E65+GIC!E65 -> 604.8 | F65: =INTMARB!F65+GIC!F65 -> 1447.6997 | G65: =INTMARB!G65+GIC!G65 -> 2064.2998 | H65: =INTMARB!H65+GIC!H65 -> 2325.9002 | I65: =INTMARB!I65+GIC!I65 -> 2682.5 | J65: =INTMARB!J65+GIC!J65 -> 2930.9004 | ... Z65: =INTMARB!Z65+GIC!Z65 -> 3548.7824
A66: Pure biogasoline | B66: R5210P | C66: =INTMARB!C66+GIC!C66 -> 0 | D66: =INTMARB!D66+GIC!D66 -> 0 | E66: =INTMARB!E66+GIC!E66 -> 0 | F66: =INTMARB!F66+GIC!F66 -> 0 | G66: =INTMARB!G66+GIC!G66 -> 0 | H66: =INTMARB!H66+GIC!H66 -> 0 | I66: =INTMARB!I66+GIC!I66 -> 0 | J66: =INTMARB!J66+GIC!J66 -> 0 | ... Z66: =INTMARB!Z66+GIC!Z66 -> 0
A67: Blended biogasoline | B67: R5210B | C67: =INTMARB!C67+GIC!C67 -> 0 | D67: =INTMARB!D67+GIC!D67 -> 0 | E67: =INTMARB!E67+GIC!E67 -> 0 | F67: =INTMARB!F67+GIC!F67 -> 0 | G67: =INTMARB!G67+GIC!G67 -> 0 | H67: =INTMARB!H67+GIC!H67 -> 0 | I67: =INTMARB!I67+GIC!I67 -> 0 | J67: =INTMARB!J67+GIC!J67 -> 0 | ... Z67: =INTMARB!Z67+GIC!Z67 -> 252.27054
A68: Pure biodiesels | B68: R5220P | C68: =INTMARB!C68+GIC!C68 -> 0 | D68: =INTMARB!D68+GIC!D68 -> 0 | E68: =INTMARB!E68+GIC!E68 -> 0 | F68: =INTMARB!F68+GIC!F68 -> 0 | G68: =INTMARB!G68+GIC!G68 -> 0 | H68: =INTMARB!H68+GIC!H68 -> 0 | I68: =INTMARB!I68+GIC!I68 -> 0 | J68: =INTMARB!J68+GIC!J68 -> 0 | ... Z68: =INTMARB!Z68+GIC!Z68 -> 445.14078
A69: Blended biodiesels | B69: R5220B | C69: =INTMARB!C69+GIC!C69 -> 0 | D69: =INTMARB!D69+GIC!D69 -> 0 | E69: =INTMARB!E69+GIC!E69 -> 0 | F69: =INTMARB!F69+GIC!F69 -> 0 | G69: =INTMARB!G69+GIC!G69 -> 749.20549 | H69: =INTMARB!H69+GIC!H69 -> 523.92011 | I69: =INTMARB!I69+GIC!I69 -> 584.17069 | J69: =INTMARB!J69+GIC!J69 -> 529.15917 | ... Z69: =INTMARB!Z69+GIC!Z69 -> 3719.4521
A70: Pure bio jet kerosene | B70: R5230P | C70: =INTMARB!C70+GIC!C70 -> 0 | D70: =INTMARB!D70+GIC!D70 -> 0 | E70: =INTMARB!E70+GIC!E70 -> 0 | F70: =INTMARB!F70+GIC!F70 -> 0 | G70: =INTMARB!G70+GIC!G70 -> 0 | H70: =INTMARB!H70+GIC!H70 -> 0 | I70: =INTMARB!I70+GIC!I70 -> 0 | J70: =INTMARB!J70+GIC!J70 -> 0 | ... Z70: =INTMARB!Z70+GIC!Z70 -> 0
A71: Blended bio jet kerosene | B71: R5230B | C71: =INTMARB!C71+GIC!C71 -> 0 | D71: =INTMARB!D71+GIC!D71 -> 0 | E71: =INTMARB!E71+GIC!E71 -> 0 | F71: =INTMARB!F71+GIC!F71 -> 0 | G71: =INTMARB!G71+GIC!G71 -> 0 | H71: =INTMARB!H71+GIC!H71 -> 0 | I71: =INTMARB!I71+GIC!I71 -> 0 | J71: =INTMARB!J71+GIC!J71 -> 0 | ... Z71: =INTMARB!Z71+GIC!Z71 -> 0
A72: Other liquid biofuels | B72: R5290 | C72: =INTMARB!C72+GIC!C72 -> 0 | D72: =INTMARB!D72+GIC!D72 -> 0 | E72: =INTMARB!E72+GIC!E72 -> 0 | F72: =INTMARB!F72+GIC!F72 -> 0 | G72: =INTMARB!G72+GIC!G72 -> 0 | H72: =INTMARB!H72+GIC!H72 -> 0 | I72: =INTMARB!I72+GIC!I72 -> 0 | J72: =INTMARB!J72+GIC!J72 -> 0 | ... Z72: =INTMARB!Z72+GIC!Z72 -> 1825.454

Sheet INTMARB
A1: International maritime bunkers | B1: INTMARB | C1: 2000 | D1: 2001 | E1: 2002 | F1: 2003 | G1: 2004 | H1: 2005 | I1: 2006 | J1: 2007 | K1: 2008 | L1: 2009 | M1: 2010 | N1: 2011 | O1: 2012 | P1: 2013 | Q1: 2014 | R1: 2015 | S1: 2016 | T1: 2017 | U1: 2018 | V1: 2019 | W1: 2020 | X1: 2021 | Y1: 2022 | Z1: 2023
A2: Total | B2: TOTAL | C2: =SUM(C3,C17,C22,C25,C26,C51,C52) -> 5302.0072 | D2: =SUM(D3,D17,D22,D25,D26,D51,D52) -> 5663.6933 | E2: =SUM(E3,E17,E22,E25,E26,E51,E52) -> 6167.7424 | F2: =SUM(F3,F17,F22,F25,F26,F51,F52) -> 6728.1277 | G2: =SUM(G3,G17,G22,G25,G26,G51,G52) -> 7059.5124 | H2: =SUM(H3,H17,H22,H25,H26,H51,H52) -> 7235.3515 | I2: =SUM(I3,I17,I22,I25,I26,I51,I52) -> 7523.0197 | J2: =SUM(J3,J17,J22,J25,J26,J51,J52) -> 7766.7203 | ... Z2: =SUM(Z3,Z17,Z22,Z25,Z26,Z51,Z52) -> 7279.2246
A3: Solid fossil fuels | B3: C0000X0350-0370 | C3: =SUM(C4,C8,C11) -> 0 | D3: =SUM(D4,D8,D11) -> 0 | E3: =SUM(E4,E8,E11) -> 0 | F3: =SUM(F4,F8,F11) -> 0 | G3: =SUM(G4,G8,G11) -> 0 | H3: =SUM(H4,H8,H11) -> 0 | I3: =SUM(I4,I8,I11) -> 0 | J3: =SUM(J4,J8,J11) -> 0 | ... Z3: =SUM(Z4,Z8,Z11) -> 0
A4: Hard coal | B4: C0100 | C4: =SUM(C5:C7) -> 0 | D4: =SUM(D5:D7) -> 0 | E4: =SUM(E5:E7) -> 0 | F4: =SUM(F5:F7) -> 0 | G4: =SUM(G5:G7) -> 0 | H4: =SUM(H5:H7) -> 0 | I4: =SUM(I5:I7) -> 0 | J4: =SUM(J5:J7) -> 0 | ... Z4: =SUM(Z5:Z7) -> 0
A5: Anthracite | B5: C0110 | C5: =INTMARB_IN!C5+INTMARB_EX!C5 -> 0 | D5: =INTMARB_IN!D5+INTMARB_EX!D5 -> 0 | E5: =INTMARB_IN!E5+INTMARB_EX!E5 -> 0 | F5: =INTMARB_IN!F5+INTMARB_EX!F5 -> 0 | G5: =INTMARB_IN!G5+INTMARB_EX!G5 -> 0 | H5: =INTMARB_IN!H5+INTMARB_EX!H5 -> 0 | I5: =INTMARB_IN!I5+INTMARB_EX!I5 -> 0 | J5: =INTMARB_IN!J5+INTMARB_EX!J5 -> 0 | ... Z5: =INTMARB_IN!Z5+INTMARB_EX!Z5 -> 0
A6: Coking coal | B6: C0121 | C6: =INTMARB_IN!C6+INTMARB_EX!C6 -> 0 | D6: =INTMARB_IN!D6+INTMARB_EX!D6 -> 0 | E6: =INTMARB_IN!E6+INTMARB_EX!E6 -> 0 | F6: =INTMARB_IN!F6+INTMARB_EX!F6 -> 0 | G6: =INTMARB_IN!G6+INTMARB_EX!G6 -> 0 | H6: =INTMARB_IN!H6+INTMARB_EX!H6 -> 0 | I6: =INTMARB_IN!I6+INTMARB_EX!I6 -> 0 | J6: =INTMARB_IN!J6+INTMARB_EX!J6 -> 0 | ... Z6: =INTMARB_IN!Z6+INTMARB_EX!Z6 -> 0
A7: Other bituminous coal | B7: C0129 | C7: =INTMARB_IN!C7+INTMARB_EX!C7 -> 0 | D7: =INTMARB_IN!D7+INTMARB_EX!D7 -> 0 | E7: =INTMARB_IN!E7+INTMARB_EX!E7 -> 0 | F7: =INTMARB_IN!F7+INTMARB_EX!F7 -> 0 | G7: =INTMARB_IN!G7+INTMARB_EX!G7 -> 0 | H7: =INTMARB_IN!H7+INTMARB_EX!H7 -> 0 | I7: =INTMARB_IN!I7+INTMARB_EX!I7 -> 0 | J7: =INTMARB_IN!J7+INTMARB_EX!J7 -> 0 | ... Z7: =INTMARB_IN!Z7+INTMARB_EX!Z7 -> 0
A8: Brown coal | B8: C0200 | C8: =SUM(C9:C10) -> 0 | D8: =SUM(D9:D10) -> 0 | E8: =SUM(E9:E10) -> 0 | F8: =SUM(F9:F10) -> 0 | G8: =SUM(G9:G10) -> 0 | H8: =SUM(H9:H10) -> 0 | I8: =SUM(I9:I10) -> 0 | J8: =SUM(J9:J10) -> 0 | ... Z8: =SUM(Z9:Z10) -> 0
A9: Sub-bituminous coal | B9: C0210 | C9: =INTMARB_IN!C9+INTMARB_EX!C9 -> 0 | D9: =INTMARB_IN!D9+INTMARB_EX!D9 -> 0 | E9: =INTMARB_IN!E9+INTMARB_EX!E9 -> 0 | F9: =INTMARB_IN!F9+INTMARB_EX!F9 -> 0 | G9: =INTMARB_IN!G9+INTMARB_EX!G9 -> 0 | H9: =INTMARB_IN!H9+INTMARB_EX!H9 -> 0 | I9: =INTMARB_IN!I9+INTMARB_EX!I9 -> 0 | J9: =INTMARB_IN!J9+INTMARB_EX!J9 -> 0 | ... Z9: =INTMARB_IN!Z9+INTMARB_EX!Z9 -> 0
A10: Lignite | B10: C0220 | C10: =INTMARB_IN!C10+INTMARB_EX!C10 -> 0 | D10: =INTMARB_IN!D10+INTMARB_EX!D10 -> 0 | E10: =INTMARB_IN!E10+INTMARB_EX!E10 -> 0 | F10: =INTMARB_IN!F10+INTMARB_EX!F10 -> 0 | G10: =INTMARB_IN!G10+INTMARB_EX!G10 -> 0 | H10: =INTMARB_IN!H10+INTMARB_EX!H10 -> 0 | I10: =INTMARB_IN!I10+INTMARB_EX!I10 -> 0 | J10: =INTMARB_IN!J10+INTMARB_EX!J10 -> 0 | ... Z10: =INTMARB_IN!Z10+INTMARB_EX!Z10 -> 0
A11: Coal products | B11: C0300 | C11: =SUM(C12:C16) -> 0 | D11: =SUM(D12:D16) -> 0 | E11: =SUM(E12:E16) -> 0 | F11: =SUM(F12:F16) -> 0 | G11: =SUM(G12:G16) -> 0 | H11: =SUM(H12:H16) -> 0 | I11: =SUM(I12:I16) -> 0 | J11: =SUM(J12:J16) -> 0 | ... Z11: =SUM(Z12:Z16) -> 0
A12: Patent fuel | B12: C0320 | C12: =INTMARB_IN!C12+INTMARB_EX!C12 -> 0 | D12: =INTMARB_IN!D12+INTMARB_EX!D12 -> 0 | E12: =INTMARB_IN!E12+INTMARB_EX!E12 -> 0 | F12: =INTMARB_IN!F12+INTMARB_EX!F12 -> 0 | G12: =INTMARB_IN!G12+INTMARB_EX!G12 -> 0 | H12: =INTMARB_IN!H12+INTMARB_EX!H12 -> 0 | I12: =INTMARB_IN!I12+INTMARB_EX!I12 -> 0 | J12: =INTMARB_IN!J12+INTMARB_EX!J12 -> 0 | ... Z12: =INTMARB_IN!Z12+INTMARB_EX!Z12 -> 0
A13: Coke oven coke | B13: C0311 | C13: =INTMARB_IN!C13+INTMARB_EX!C13 -> 0 | D13: =INTMARB_IN!D13+INTMARB_EX!D13 -> 0 | E13: =INTMARB_IN!E13+INTMARB_EX!E13 -> 0 | F13: =INTMARB_IN!F13+INTMARB_EX!F13 -> 0 | G13: =INTMARB_IN!G13+INTMARB_EX!G13 -> 0 | H13: =INTMARB_IN!H13+INTMARB_EX!H13 -> 0 | I13: =INTMARB_IN!I13+INTMARB_EX!I13 -> 0 | J13: =INTMARB_IN!J13+INTMARB_EX!J13 -> 0 | ... Z13: =INTMARB_IN!Z13+INTMARB_EX!Z13 -> 0
A14: Gas coke | B14: C0312 | C14: =INTMARB_IN!C14+INTMARB_EX!C14 -> 0 | D14: =INTMARB_IN!D14+INTMARB_EX!D14 -> 0 | E14: =INTMARB_IN!E14+INTMARB_EX!E14 -> 0 | F14: =INTMARB_IN!F14+INTMARB_EX!F14 -> 0 | G14: =INTMARB_IN!G14+INTMARB_EX!G14 -> 0 | H14: =INTMARB_IN!H14+INTMARB_EX!H14 -> 0 | I14: =INTMARB_IN!I14+INTMARB_EX!I14 -> 0 | J14: =INTMARB_IN!J14+INTMARB_EX!J14 -> 0 | ... Z14: =INTMARB_IN!Z14+INTMARB_EX!Z14 -> 0
A15: Coal tar | B15: C0340 | C15: =INTMARB_IN!C15+INTMARB_EX!C15 -> 0 | D15: =INTMARB_IN!D15+INTMARB_EX!D15 -> 0 | E15: =INTMARB_IN!E15+INTMARB_EX!E15 -> 0 | F15: =INTMARB_IN!F15+INTMARB_EX!F15 -> 0 | G15: =INTMARB_IN!G15+INTMARB_EX!G15 -> 0 | H15: =INTMARB_IN!H15+INTMARB_EX!H15 -> 0 | I15: =INTMARB_IN!I15+INTMARB_EX!I15 -> 0 | J15: =INTMARB_IN!J15+INTMARB_EX!J15 -> 0 | ... Z15: =INTMARB_IN!Z15+INTMARB_EX!Z15 -> 0
A16: Brown coal briquettes | B16: C0330 | C16: =INTMARB_IN!C16+INTMARB_EX!C16 -> 0 | D16: =INTMARB_IN!D16+INTMARB_EX!D16 -> 0 | E16: =INTMARB_IN!E16+INTMARB_EX!E16 -> 0 | F16: =INTMARB_IN!F16+INTMARB_EX!F16 -> 0 | G16: =INTMARB_IN!G16+INTMARB_EX!G16 -> 0 | H16: =INTMARB_IN!H16+INTMARB_EX!H16 -> 0 | I16: =INTMARB_IN!I16+INTMARB_EX!I16 -> 0 | J16: =INTMARB_IN!J16+INTMARB_EX!J16 -> 0 | ... Z16: =INTMARB_IN!Z16+INTMARB_EX!Z16 -> 0
A17: Manufactured gases | B17: C0350-0370 | C17: =SUM(C18:C21) -> 0 | D17: =SUM(D18:D21) -> 0 | E17: =SUM(E18:E21) -> 0 | F17: =SUM(F18:F21) -> 0 | G17: =SUM(G18:G21) -> 0 | H17: =SUM(H18:H21) -> 0 | I17: =SUM(I18:I21) -> 0 | J17: =SUM(J18:J21) -> 0 | ... Z17: =SUM(Z18:Z21) -> 0
A18: Gas works gas | B18: C0360 | C18: =INTMARB_IN!C18+INTMARB_EX!C18 -> 0 | D18: =INTMARB_IN!D18+INTMARB_EX!D18 -> 0 | E18: =INTMARB_IN!E18+INTMARB_EX!E18 -> 0 | F18: =INTMARB_IN!F18+INTMARB_EX!F18 -> 0 | G18: =INTMARB_IN!G18+INTMARB_EX!G18 -> 0 | H18: =INTMARB_IN!H18+INTMARB_EX!H18 -> 0 | I18: =INTMARB_IN!I18+INTMARB_EX!I18 -> 0 | J18: =INTMARB_IN!J18+INTMARB_EX!J18 -> 0 | ... Z18: =INTMARB_IN!Z18+INTMARB_EX!Z18 -> 0
A19: Coke oven gas | B19: C0350 | C19: =INTMARB_IN!C19+INTMARB_EX!C19 -> 0 | D19: =INTMARB_IN!D19+INTMARB_EX!D19 -> 0 | E19: =INTMARB_IN!E19+INTMARB_EX!E19 -> 0 | F19: =INTMARB_IN!F19+INTMARB_EX!F19 -> 0 | G19: =INTMARB_IN!G19+INTMARB_EX!G19 -> 0 | H19: =INTMARB_IN!H19+INTMARB_EX!H19 -> 0 | I19: =INTMARB_IN!I19+INTMARB_EX!I19 -> 0 | J19: =INTMARB_IN!J19+INTMARB_EX!J19 -> 0 | ... Z19: =INTMARB_IN!Z19+INTMARB_EX!Z19 -> 0
A20: Blast furnace gas | B20: C0371 | C20: =INTMARB_IN!C20+INTMARB_EX!C20 -> 0 | D20: =INTMARB_IN!D20+INTMARB_EX!D20 -> 0 | E20: =INTMARB_IN!E20+INTMARB_EX!E20 -> 0 | F20: =INTMARB_IN!F20+INTMARB_EX!F20 -> 0 | G20: =INTMARB_IN!G20+INTMARB_EX!G20 -> 0 | H20: =INTMARB_IN!H20+INTMARB_EX!H20 -> 0 | I20: =INTMARB_IN!I20+INTMARB_EX!I20 -> 0 | J20: =INTMARB_IN!J20+INTMARB_EX!J20 -> 0 | ... Z20: =INTMARB_IN!Z20+INTMARB_EX!Z20 -> 0
A21: Other recovered gases | B21: C0379 | C21: =INTMARB_IN!C21+INTMARB_EX!C21 -> 0 | D21: =INTMARB_IN!D21+INTMARB_EX!D21 -> 0 | E21: =INTMARB_IN!E21+INTMARB_EX!E21 -> 0 | F21: =INTMARB_IN!F21+INTMARB_EX!F21 -> 0 | G21: =INTMARB_IN!G21+INTMARB_EX!G21 -> 0 | H21: =INTMARB_IN!H21+INTMARB_EX!H21 -> 0 | I21: =INTMARB_IN!I21+INTMARB_EX!I21 -> 0 | J21: =INTMARB_IN!J21+INTMARB_EX!J21 -> 0 | ... Z21: =INTMARB_IN!Z21+INTMARB_EX!Z21 -> 0
A22: Peat and peat products | B22: P1000 | C22: =SUM(C23:C24) -> 0 | D22: =SUM(D23:D24) -> 0 | E22: =SUM(E23:E24) -> 0 | F22: =SUM(F23:F24) -> 0 | G22: =SUM(G23:G24) -> 0 | H22: =SUM(H23:H24) -> 0 | I22: =SUM(I23:I24) -> 0 | J22: =SUM(J23:J24) -> 0 | ... Z22: =SUM(Z23:Z24) -> 0
A23: Peat | B23: P1100 | C23: =INTMARB_IN!C23+INTMARB_EX!C23 -> 0 | D23: =INTMARB_IN!D23+INTMARB_EX!D23 -> 0 | E23: =INTMARB_IN!E23+INTMARB_EX!E23 -> 0 | F23: =INTMARB_IN!F23+INTMARB_EX!F23 -> 0 | G23: =INTMARB_IN!G23+INTMARB_EX!G23 -> 0 | H23: =INTMARB_IN!H23+INTMARB_EX!H23 -> 0 | I23: =INTMARB_IN!I23+INTMARB_EX!I23 -> 0 | J23: =INTMARB_IN!J23+INTMARB_EX!J23 -> 0 | ... Z23: =INTMARB_IN!Z23+INTMARB_EX!Z23 -> 0
A24: Peat products | B24: P1200 | C24: =INTMARB_IN!C24+INTMARB_EX!C24 -> 0 | D24: =INTMARB_IN!D24+INTMARB_EX!D24 -> 0 | E24: =INTMARB_IN!E24+INTMARB_EX!E24 -> 0 | F24: =INTMARB_IN!F24+INTMARB_EX!F24 -> 0 | G24: =INTMARB_IN!G24+INTMARB_EX!G24 -> 0 | H24: =INTMARB_IN!H24+INTMARB_EX!H24 -> 0 | I24: =INTMARB_IN!I24+INTMARB_EX!I24 -> 0 | J24: =INTMARB_IN!J24+INTMARB_EX!J24 -> 0 | ... Z24: =INTMARB_IN!Z24+INTMARB_EX!Z24 -> 0
A25: Oil shale and oil sands | B25: S2000 | C25: =INTMARB_IN!C25+INTMARB_EX!C25 -> 0 | D25: =INTMARB_IN!D25+INTMARB_EX!D25 -> 0 | E25: =INTMARB_IN!E25+INTMARB_EX!E25 -> 0 | F25: =INTMARB_IN!F25+INTMARB_EX!F25 -> 0 | G25: =INTMARB_IN!G25+INTMARB_EX!G25 -> 0 | H25: =INTMARB_IN!H25+INTMARB_EX!H25 -> 0 | I25: =INTMARB_IN!I25+INTMARB_EX!I25 -> 0 | J25: =INTMARB_IN!J25+INTMARB_EX!J25 -> 0 | ... Z25: =INTMARB_IN!Z25+INTMARB_EX!Z25 -> 0
A26: Oil and petroleum products | B26: O4000XBIO | C26: =SUM(C27,C33) -> 5302.0072 | D26: =SUM(D27,D33) -> 5663.6933 | E26: =SUM(E27,E33) -> 6167.7424 | F26: =SUM(F27,F33) -> 6728.1277 | G26: =SUM(G27,G33) -> 7059.5124 | H26: =SUM(H27,H33) -> 7235.3515 | I26: =SUM(I27,I33) -> 7523.0197 | J26: =SUM(J27,J33) -> 7766.7203 | ... Z26: =SUM(Z27,Z33) -> 7279.2246
A27: Crude oil, NGL, refinery feedstocks, additives and oxygenates and other hydrocarbons (excluding biofuel portion) | B27: O4100_TOT_4200-4500XBIO | C27: =SUM(C28:C32) -> 0 | D27: =SUM(D28:D32) -> 0 | E27: =SUM(E28:E32) -> 0 | F27: =SUM(F28:F32) -> 0 | G27: =SUM(G28:G32) -> 0 | H27: =SUM(H28:H32) -> 0 | I27: =SUM(I28:I32) -> 0 | J27: =SUM(J28:J32) -> 0 | ... Z27: =SUM(Z28:Z32) -> 0
A28: Crude oil | B28: O4100_TOT | C28: =INTMARB_IN!C28+INTMARB_EX!C28 -> 0 | D28: =INTMARB_IN!D28+INTMARB_EX!D28 -> 0 | E28: =INTMARB_IN!E28+INTMARB_EX!E28 -> 0 | F28: =INTMARB_IN!F28+INTMARB_EX!F28 -> 0 | G28: =INTMARB_IN!G28+INTMARB_EX!G28 -> 0 | H28: =INTMARB_IN!H28+INTMARB_EX!H28 -> 0 | I28: =INTMARB_IN!I28+INTMARB_EX!I28 -> 0 | J28: =INTMARB_IN!J28+INTMARB_EX!J28 -> 0 | ... Z28: =INTMARB_IN!Z28+INTMARB_EX!Z28 -> 0
A29: Natural gas liquids | B29: O4200 | C29: =INTMARB_IN!C29+INTMARB_EX!C29 -> 0 | D29: =INTMARB_IN!D29+INTMARB_EX!D29 -> 0 | E29: =INTMARB_IN!E29+INTMARB_EX!E29 -> 0 | F29: =INTMARB_IN!F29+INTMARB_EX!F29 -> 0 | G29: =INTMARB_IN!G29+INTMARB_EX!G29 -> 0 | H29: =INTMARB_IN!H29+INTMARB_EX!H29 -> 0 | I29: =INTMARB_IN!I29+INTMARB_EX!I29 -> 0 | J29: =INTMARB_IN!J29+INTMARB_EX!J29 -> 0 | ... Z29: =INTMARB_IN!Z29+INTMARB_EX!Z29 -> 0
A30: Refinery feedstocks | B30: O4300 | C30: =INTMARB_IN!C30+INTMARB_EX!C30 -> 0 | D30: =INTMARB_IN!D30+INTMARB_EX!D30 -> 0 | E30: =INTMARB_IN!E30+INTMARB_EX!E30 -> 0 | F30: =INTMARB_IN!F30+INTMARB_EX!F30 -> 0 | G30: =INTMARB_IN!G30+INTMARB_EX!G30 -> 0 | H30: =INTMARB_IN!H30+INTMARB_EX!H30 -> 0 | I30: =INTMARB_IN!I30+INTMARB_EX!I30 -> 0 | J30: =INTMARB_IN!J30+INTMARB_EX!J30 -> 0 | ... Z30: =INTMARB_IN!Z30+INTMARB_EX!Z30 -> 0
A31: Additives and oxygenates (excluding biofuel portion) | B31: O4400X4410 | C31: =INTMARB_IN!C31+INTMARB_EX!C31 -> 0 | D31: =INTMARB_IN!D31+INTMARB_EX!D31 -> 0 | E31: =INTMARB_IN!E31+INTMARB_EX!E31 -> 0 | F31: =INTMARB_IN!F31+INTMARB_EX!F31 -> 0 | G31: =INTMARB_IN!G31+INTMARB_EX!G31 -> 0 | H31: =INTMARB_IN!H31+INTMARB_EX!H31 -> 0 | I31: =INTMARB_IN!I31+INTMARB_EX!I31 -> 0 | J31: =INTMARB_IN!J31+INTMARB_EX!J31 -> 0 | ... Z31: =INTMARB_IN!Z31+INTMARB_EX!Z31 -> 0
A32: Other hydrocarbons | B32: O4500 | C32: =INTMARB_IN!C32+INTMARB_EX!C32 -> 0 | D32: =INTMARB_IN!D32+INTMARB_EX!D32 -> 0 | E32: =INTMARB_IN!E32+INTMARB_EX!E32 -> 0 | F32: =INTMARB_IN!F32+INTMARB_EX!F32 -> 0 | G32: =INTMARB_IN!G32+INTMARB_EX!G32 -> 0 | H32: =INTMARB_IN!H32+INTMARB_EX!H32 -> 0 | I32: =INTMARB_IN!I32+INTMARB_EX!I32 -> 0 | J32: =INTMARB_IN!J32+INTMARB_EX!J32 -> 0 | ... Z32: =INTMARB_IN!Z32+INTMARB_EX!Z32 -> 0
A33: Oil products (excluding biofuel portion) | B33: O4600XBIO | C33: =SUM(C34:C50) -> 5302.0072 | D33: =SUM(D34:D50) -> 5663.6933 | E33: =SUM(E34:E50) -> 6167.7424 | F33: =SUM(F34:F50) -> 6728.1277 | G33: =SUM(G34:G50) -> 7059.5124 | H33: =SUM(H34:H50) -> 7235.3515 | I33: =SUM(I34:I50) -> 7523.0197 | J33: =SUM(J34:J50) -> 7766.7203 | ... Z33: =SUM(Z34:Z50) -> 7279.2246
A34: Refinery gas | B34: O4610 | C34: =INTMARB_IN!C34+INTMARB_EX!C34 -> 0 | D34: =INTMARB_IN!D34+INTMARB_EX!D34 -> 0 | E34: =INTMARB_IN!E34+INTMARB_EX!E34 -> 0 | F34: =INTMARB_IN!F34+INTMARB_EX!F34 -> 0 | G34: =INTMARB_IN!G34+INTMARB_EX!G34 -> 0 | H34: =INTMARB_IN!H34+INTMARB_EX!H34 -> 0 | I34: =INTMARB_IN!I34+INTMARB_EX!I34 -> 0 | J34: =INTMARB_IN!J34+INTMARB_EX!J34 -> 0 | ... Z34: =INTMARB_IN!Z34+INTMARB_EX!Z34 -> 0
A35: Ethane | B35: O4620 | C35: =INTMARB_IN!C35+INTMARB_EX!C35 -> 0 | D35: =INTMARB_IN!D35+INTMARB_EX!D35 -> 0 | E35: =INTMARB_IN!E35+INTMARB_EX!E35 -> 0 | F35: =INTMARB_IN!F35+INTMARB_EX!F35 -> 0 | G35: =INTMARB_IN!G35+INTMARB_EX!G35 -> 0 | H35: =INTMARB_IN!H35+INTMARB_EX!H35 -> 0 | I35: =INTMARB_IN!I35+INTMARB_EX!I35 -> 0 | J35: =INTMARB_IN!J35+INTMARB_EX!J35 -> 0 | ... Z35: =INTMARB_IN!Z35+INTMARB_EX!Z35 -> 0
A36: Liquefied petroleum gases | B36: O4630 | C36: =INTMARB_IN!C36+INTMARB_EX!C36 -> 0 | D36: =INTMARB_IN!D36+INTMARB_EX!D36 -> 0 | E36: =INTMARB_IN!E36+INTMARB_EX!E36 -> 0 | F36: =INTMARB_IN!F36+INTMARB_EX!F36 -> 0 | G36: =INTMARB_IN!G36+INTMARB_EX!G36 -> 0 | H36: =INTMARB_IN!H36+INTMARB_EX!H36 -> 0 | I36: =INTMARB_IN!I36+INTMARB_EX!I36 -> 0 | J36: =INTMARB_IN!J36+INTMARB_EX!J36 -> 0 | ... Z36: =INTMARB_IN!Z36+INTMARB_EX!Z36 -> 0
A37: Motor gasoline (excluding biofuel portion) | B37: O4652XR5210B | C37: =INTMARB_IN!C37+INTMARB_EX!C37 -> 0 | D37: =INTMARB_IN!D37+INTMARB_EX!D37 -> 0 | E37: =INTMARB_IN!E37+INTMARB_EX!E37 -> 0 | F37: =INTMARB_IN!F37+INTMARB_EX!F37 -> 0 | G37: =INTMARB_IN!G37+INTMARB_EX!G37 -> 0 | H37: =INTMARB_IN!H37+INTMARB_EX!H37 -> 0 | I37: =INTMARB_IN!I37+INTMARB_EX!I37 -> 0 | J37: =INTMARB_IN!J37+INTMARB_EX!J37 -> 0 | ... Z37: =INTMARB_IN!Z37+INTMARB_EX!Z37 -> 0
A38: Aviation gasoline | B38: O4651 | C38: =INTMARB_IN!C38+INTMARB_EX!C38 -> 0 | D38: =INTMARB_IN!D38+INTMARB_EX!D38 -> 0 | E38: =INTMARB_IN!E38+INTMARB_EX!E38 -> 0 | F38: =INTMARB_IN!F38+INTMARB_EX!F38 -> 0 | G38: =INTMARB_IN!G38+INTMARB_EX!G38 -> 0 | H38: =INTMARB_IN!H38+INTMARB_EX!H38 -> 0 | I38: =INTMARB_IN!I38+INTMARB_EX!I38 -> 0 | J38: =INTMARB_IN!J38+INTMARB_EX!J38 -> 0 | ... Z38: =INTMARB_IN!Z38+INTMARB_EX!Z38 -> 0
A39: Gasoline-type jet fuel | B39: O4653 | C39: =INTMARB_IN!C39+INTMARB_EX!C39 -> 0 | D39: =INTMARB_IN!D39+INTMARB_EX!D39 -> 0 | E39: =INTMARB_IN!E39+INTMARB_EX!E39 -> 0 | F39: =INTMARB_IN!F39+INTMARB_EX!F39 -> 0 | G39: =INTMARB_IN!G39+INTMARB_EX!G39 -> 0 | H39: =INTMARB_IN!H39+INTMARB_EX!H39 -> 0 | I39: =INTMARB_IN!I39+INTMARB_EX!I39 -> 0 | J39: =INTMARB_IN!J39+INTMARB_EX!J39 -> 0 | ... Z39: =INTMARB_IN!Z39+INTMARB_EX!Z39 -> 0
A40: Kerosene-type jet fuel (excluding biofuel portion) | B40: O4661XR5230B | C40: =INTMARB_IN!C40+INTMARB_EX!C40 -> 0 | D40: =INTMARB_IN!D40+INTMARB_EX!D40 -> 0 | E40: =INTMARB_IN!E40+INTMARB_EX!E40 -> 0 | F40: =INTMARB_IN!F40+INTMARB_EX!F40 -> 0 | G40: =INTMARB_IN!G40+INTMARB_EX!G40 -> 0 | H40: =INTMARB_IN!H40+INTMARB_EX!H40 -> 0 | I40: =INTMARB_IN!I40+INTMARB_EX!I40 -> 0 | J40: =INTMARB_IN!J40+INTMARB_EX!J40 -> 0 | ... Z40: =INTMARB_IN!Z40+INTMARB_EX!Z40 -> 0
A41: Other kerosene | B41: O4669 | C41: =INTMARB_IN!C41+INTMARB_EX!C41 -> 0 | D41: =INTMARB_IN!D41+INTMARB_EX!D41 -> 0 | E41: =INTMARB_IN!E41+INTMARB_EX!E41 -> 0 | F41: =INTMARB_IN!F41+INTMARB_EX!F41 -> 0 | G41: =INTMARB_IN!G41+INTMARB_EX!G41 -> 0 | H41: =INTMARB_IN!H41+INTMARB_EX!H41 -> 0 | I41: =INTMARB_IN!I41+INTMARB_EX!I41 -> 0 | J41: =INTMARB_IN!J41+INTMARB_EX!J41 -> 0 | ... Z41: =INTMARB_IN!Z41+INTMARB_EX!Z41 -> 0
A42: Naphtha | B42: O4640 | C42: =INTMARB_IN!C42+INTMARB_EX!C42 -> 0 | D42: =INTMARB_IN!D42+INTMARB_EX!D42 -> 0 | E42: =INTMARB_IN!E42+INTMARB_EX!E42 -> 0 | F42: =INTMARB_IN!F42+INTMARB_EX!F42 -> 0 | G42: =INTMARB_IN!G42+INTMARB_EX!G42 -> 0 | H42: =INTMARB_IN!H42+INTMARB_EX!H42 -> 0 | I42: =INTMARB_IN!I42+INTMARB_EX!I42 -> 0 | J42: =INTMARB_IN!J42+INTMARB_EX!J42 -> 0 | ... Z42: =INTMARB_IN!Z42+INTMARB_EX!Z42 -> 0
A43: Gas oil and diesel oil (excluding biofuel portion) | B43: O4671XR5220B | C43: =INTMARB_IN!C43+INTMARB_EX!C43 -> 460.87245 | D43: =INTMARB_IN!D43+INTMARB_EX!D43 -> 432.46251 | E43: =INTMARB_IN!E43+INTMARB_EX!E43 -> 410.36571 | F43: =INTMARB_IN!F43+INTMARB_EX!F43 -> 407.20914 | G43: =INTMARB_IN!G43+INTMARB_EX!G43 -> 410.36571 | H43: =INTMARB_IN!H43+INTMARB_EX!H43 -> 381.95577 | I43: =INTMARB_IN!I43+INTMARB_EX!I43 -> 363.01581 | J43: =INTMARB_IN!J43+INTMARB_EX!J43 -> 312.50934 | ... Z43: =INTMARB_IN!Z43+INTMARB_EX!Z43 -> 1835.0234
A44: Fuel oil | B44: O4680 | C44: =INTMARB_IN!C44+INTMARB_EX!C44 -> 4662.5759 | D44: =INTMARB_IN!D44+INTMARB_EX!D44 -> 5052.6719 | E44: =INTMARB_IN!E44+INTMARB_EX!E44 -> 5548.032 | F44: =INTMARB_IN!F44+INTMARB_EX!F44 -> 6123.8881 | G44: =INTMARB_IN!G44+INTMARB_EX!G44 -> 6461.352 | H44: =INTMARB_IN!H44+INTMARB_EX!H44 -> 6650.2081 | I44: =INTMARB_IN!I44+INTMARB_EX!I44 -> 6975.2879 | J44: =INTMARB_IN!J44+INTMARB_EX!J44 -> 7284.8879 | ... Z44: =INTMARB_IN!Z44+INTMARB_EX!Z44 -> 5375.6993
A45: White spirit and special boiling point industrial spirits | B45: O4691 | C45: =INTMARB_IN!C45+INTMARB_EX!C45 -> 0 | D45: =INTMARB_IN!D45+INTMARB_EX!D45 -> 0 | E45: =INTMARB_IN!E45+INTMARB_EX!E45 -> 0 | F45: =INTMARB_IN!F45+INTMARB_EX!F45 -> 0 | G45: =INTMARB_IN!G45+INTMARB_EX!G45 -> 0 | H45: =INTMARB_IN!H45+INTMARB_EX!H45 -> 0 | I45: =INTMARB_IN!I45+INTMARB_EX!I45 -> 0 | J45: =INTMARB_IN!J45+INTMARB_EX!J45 -> 0 | ... Z45: =INTMARB_IN!Z45+INTMARB_EX!Z45 -> 0
... A51: Natural gas | B51: G3000 | C51: =INTMARB_IN!C51+INTMARB_EX!C51 -> 0 | D51: =INTMARB_IN!D51+INTMARB_EX!D51 -> 0 | E51: =INTMARB_IN!E51+INTMARB_EX!E51 -> 0 | F51: =INTMARB_IN!F51+INTMARB_EX!F51 -> 0 | G51: =INTMARB_IN!G51+INTMARB_EX!G51 -> 0 | H51: =INTMARB_IN!H51+INTMARB_EX!H51 -> 0 | I51: =INTMARB_IN!I51+INTMARB_EX!I51 -> 0 | J51: =INTMARB_IN!J51+INTMARB_EX!J51 -> 0 | ... Z51: =INTMARB_IN!Z51+INTMARB_EX!Z51 -> 0
A52: Non-renewable waste | B52: W6100_6220 | C52: =SUM(C53:C54) -> 0 | D52: =SUM(D53:D54) -> 0 | E52: =SUM(E53:E54) -> 0 | F52: =SUM(F53:F54) -> 0 | G52: =SUM(G53:G54) -> 0 | H52: =SUM(H53:H54) -> 0 | I52: =SUM(I53:I54) -> 0 | J52: =SUM(J53:J54) -> 0 | ... Z52: =SUM(Z53:Z54) -> 0
A53: Industrial waste (non-renewable) | B53: W6100 | C53: =INTMARB_IN!C53+INTMARB_EX!C53 -> 0 | D53: =INTMARB_IN!D53+INTMARB_EX!D53 -> 0 | E53: =INTMARB_IN!E53+INTMARB_EX!E53 -> 0 | F53: =INTMARB_IN!F53+INTMARB_EX!F53 -> 0 | G53: =INTMARB_IN!G53+INTMARB_EX!G53 -> 0 | H53: =INTMARB_IN!H53+INTMARB_EX!H53 -> 0 | I53: =INTMARB_IN!I53+INTMARB_EX!I53 -> 0 | J53: =INTMARB_IN!J53+INTMARB_EX!J53 -> 0 | ... Z53: =INTMARB_IN!Z53+INTMARB_EX!Z53 -> 0
A54: Non-renewable municipal waste | B54: W6220 | C54: =INTMARB_IN!C54+INTMARB_EX!C54 -> 0 | D54: =INTMARB_IN!D54+INTMARB_EX!D54 -> 0 | E54: =INTMARB_IN!E54+INTMARB_EX!E54 -> 0 | F54: =INTMARB_IN!F54+INTMARB_EX!F54 -> 0 | G54: =INTMARB_IN!G54+INTMARB_EX!G54 -> 0 | H54: =INTMARB_IN!H54+INTMARB_EX!H54 -> 0 | I54: =INTMARB_IN!I54+INTMARB_EX!I54 -> 0 | J54: =INTMARB_IN!J54+INTMARB_EX!J54 -> 0 | ... Z54: =INTMARB_IN!Z54+INTMARB_EX!Z54 -> 0
A60: CO2 emissions not accounted:
A61: Renewables and biofuels | B61: RA000 | C61: =SUM(C62:C72) -> 0 | D61: =SUM(D62:D72) -> 0 | E61: =SUM(E62:E72) -> 0 | F61: =SUM(F62:F72) -> 0 | G61: =SUM(G62:G72) -> 0 | H61: =SUM(H62:H72) -> 0 | I61: =SUM(I62:I72) -> 0 | J61: =SUM(J62:J72) -> 0 | ... Z61: =SUM(Z62:Z72) -> 0
A62: Primary solid biofuels | B62: R5110-5150_W6000RI | C62: =INTMARB_IN!C62+INTMARB_EX!C62 -> 0 | D62: =INTMARB_IN!D62+INTMARB_EX!D62 -> 0 | E62: =INTMARB_IN!E62+INTMARB_EX!E62 -> 0 | F62: =INTMARB_IN!F62+INTMARB_EX!F62 -> 0 | G62: =INTMARB_IN!G62+INTMARB_EX!G62 -> 0 | H62: =INTMARB_IN!H62+INTMARB_EX!H62 -> 0 | I62: =INTMARB_IN!I62+INTMARB_EX!I62 -> 0 | J62: =INTMARB_IN!J62+INTMARB_EX!J62 -> 0 | ... Z62: =INTMARB_IN!Z62+INTMARB_EX!Z62 -> 0
A63: Charcoal | B63: R5160 | C63: =INTMARB_IN!C63+INTMARB_EX!C63 -> 0 | D63: =INTMARB_IN!D63+INTMARB_EX!D63 -> 0 | E63: =INTMARB_IN!E63+INTMARB_EX!E63 -> 0 | F63: =INTMARB_IN!F63+INTMARB_EX!F63 -> 0 | G63: =INTMARB_IN!G63+INTMARB_EX!G63 -> 0 | H63: =INTMARB_IN!H63+INTMARB_EX!H63 -> 0 | I63: =INTMARB_IN!I63+INTMARB_EX!I63 -> 0 | J63: =INTMARB_IN!J63+INTMARB_EX!J63 -> 0 | ... Z63: =INTMARB_IN!Z63+INTMARB_EX!Z63 -> 0
A64: Biogases | B64: R5300 | C64: =INTMARB_IN!C64+INTMARB_EX!C64 -> 0 | D64: =INTMARB_IN!D64+INTMARB_EX!D64 -> 0 | E64: =INTMARB_IN!E64+INTMARB_EX!E64 -> 0 | F64: =INTMARB_IN!F64+INTMARB_EX!F64 -> 0 | G64: =INTMARB_IN!G64+INTMARB_EX!G64 -> 0 | H64: =INTMARB_IN!H64+INTMARB_EX!H64 -> 0 | I64: =INTMARB_IN!I64+INTMARB_EX!I64 -> 0 | J64: =INTMARB_IN!J64+INTMARB_EX!J64 -> 0 | ... Z64: =INTMARB_IN!Z64+INTMARB_EX!Z64 -> 0
A65: Renewable municipal waste | B65: W6210 | C65: =INTMARB_IN!C65+INTMARB_EX!C65 -> 0 | D65: =INTMARB_IN!D65+INTMARB_EX!D65 -> 0 | E65: =INTMARB_IN!E65+INTMARB_EX!E65 -> 0 | F65: =INTMARB_IN!F65+INTMARB_EX!F65 -> 0 | G65: =INTMARB_IN!G65+INTMARB_EX!G65 -> 0 | H65: =INTMARB_IN!H65+INTMARB_EX!H65 -> 0 | I65: =INTMARB_IN!I65+INTMARB_EX!I65 -> 0 | J65: =INTMARB_IN!J65+INTMARB_EX!J65 -> 0 | ... Z65: =INTMARB_IN!Z65+INTMARB_EX!Z65 -> 0
A66: Pure biogasoline | B66: R5210P | C66: =INTMARB_IN!C66+INTMARB_EX!C66 -> 0 | D66: =INTMARB_IN!D66+INTMARB_EX!D66 -> 0 | E66: =INTMARB_IN!E66+INTMARB_EX!E66 -> 0 | F66: =INTMARB_IN!F66+INTMARB_EX!F66 -> 0 | G66: =INTMARB_IN!G66+INTMARB_EX!G66 -> 0 | H66: =INTMARB_IN!H66+INTMARB_EX!H66 -> 0 | I66: =INTMARB_IN!I66+INTMARB_EX!I66 -> 0 | J66: =INTMARB_IN!J66+INTMARB_EX!J66 -> 0 | ... Z66: =INTMARB_IN!Z66+INTMARB_EX!Z66 -> 0
A67: Blended biogasoline | B67: R5210B | C67: =INTMARB_IN!C67+INTMARB_EX!C67 -> 0 | D67: =INTMARB_IN!D67+INTMARB_EX!D67 -> 0 | E67: =INTMARB_IN!E67+INTMARB_EX!E67 -> 0 | F67: =INTMARB_IN!F67+INTMARB_EX!F67 -> 0 | G67: =INTMARB_IN!G67+INTMARB_EX!G67 -> 0 | H67: =INTMARB_IN!H67+INTMARB_EX!H67 -> 0 | I67: =INTMARB_IN!I67+INTMARB_EX!I67 -> 0 | J67: =INTMARB_IN!J67+INTMARB_EX!J67 -> 0 | ... Z67: =INTMARB_IN!Z67+INTMARB_EX!Z67 -> 0
A68: Pure biodiesels | B68: R5220P | C68: =INTMARB_IN!C68+INTMARB_EX!C68 -> 0 | D68: =INTMARB_IN!D68+INTMARB_EX!D68 -> 0 | E68: =INTMARB_IN!E68+INTMARB_EX!E68 -> 0 | F68: =INTMARB_IN!F68+INTMARB_EX!F68 -> 0 | G68: =INTMARB_IN!G68+INTMARB_EX!G68 -> 0 | H68: =INTMARB_IN!H68+INTMARB_EX!H68 -> 0 | I68: =INTMARB_IN!I68+INTMARB_EX!I68 -> 0 | J68: =INTMARB_IN!J68+INTMARB_EX!J68 -> 0 | ... Z68: =INTMARB_IN!Z68+INTMARB_EX!Z68 -> 0
A69: Blended biodiesels | B69: R5220B | C69: =INTMARB_IN!C69+INTMARB_EX!C69 -> 0 | D69: =INTMARB_IN!D69+INTMARB_EX!D69 -> 0 | E69: =INTMARB_IN!E69+INTMARB_EX!E69 -> 0 | F69: =INTMARB_IN!F69+INTMARB_EX!F69 -> 0 | G69: =INTMARB_IN!G69+INTMARB_EX!G69 -> 0 | H69: =INTMARB_IN!H69+INTMARB_EX!H69 -> 0 | I69: =INTMARB_IN!I69+INTMARB_EX!I69 -> 0 | J69: =INTMARB_IN!J69+INTMARB_EX!J69 -> 0 | ... Z69: =INTMARB_IN!Z69+INTMARB_EX!Z69 -> 0
A70: Pure bio jet kerosene | B70: R5230P | C70: =INTMARB_IN!C70+INTMARB_EX!C70 -> 0 | D70: =INTMARB_IN!D70+INTMARB_EX!D70 -> 0 | E70: =INTMARB_IN!E70+INTMARB_EX!E70 -> 0 | F70: =INTMARB_IN!F70+INTMARB_EX!F70 -> 0 | G70: =INTMARB_IN!G70+INTMARB_EX!G70 -> 0 | H70: =INTMARB_IN!H70+INTMARB_EX!H70 -> 0 | I70: =INTMARB_IN!I70+INTMARB_EX!I70 -> 0 | J70: =INTMARB_IN!J70+INTMARB_EX!J70 -> 0 | ... Z70: =INTMARB_IN!Z70+INTMARB_EX!Z70 -> 0
A71: Blended bio jet kerosene | B71: R5230B | C71: =INTMARB_IN!C71+INTMARB_EX!C71 -> 0 | D71: =INTMARB_IN!D71+INTMARB_EX!D71 -> 0 | E71: =INTMARB_IN!E71+INTMARB_EX!E71 -> 0 | F71: =INTMARB_IN!F71+INTMARB_EX!F71 -> 0 | G71: =INTMARB_IN!G71+INTMARB_EX!G71 -> 0 | H71: =INTMARB_IN!H71+INTMARB_EX!H71 -> 0 | I71: =INTMARB_IN!I71+INTMARB_EX!I71 -> 0 | J71: =INTMARB_IN!J71+INTMARB_EX!J71 -> 0 | ... Z71: =INTMARB_IN!Z71+INTMARB_EX!Z71 -> 0
A72: Other liquid biofuels | B72: R5290 | C72: =INTMARB_IN!C72+INTMARB_EX!C72 -> 0 | D72: =INTMARB_IN!D72+INTMARB_EX!D72 -> 0 | E72: =INTMARB_IN!E72+INTMARB_EX!E72 -> 0 | F72: =INTMARB_IN!F72+INTMARB_EX!F72 -> 0 | G72: =INTMARB_IN!G72+INTMARB_EX!G72 -> 0 | H72: =INTMARB_IN!H72+INTMARB_EX!H72 -> 0 | I72: =INTMARB_IN!I72+INTMARB_EX!I72 -> 0 | J72: =INTMARB_IN!J72+INTMARB_EX!J72 -> 0 | ... Z72: =INTMARB_IN!Z72+INTMARB_EX!Z72 -> 0

Sheet INTMARB_IN
A1: International Intra-EEA maritime bunkers | B1: INTMARB_IN | C1: 2000 | D1: 2001 | E1: 2002 | F1: 2003 | G1: 2004 | H1: 2005 | I1: 2006 | J1: 2007 | K1: 2008 | L1: 2009 | M1: 2010 | N1: 2011 | O1: 2012 | P1: 2013 | Q1: 2014 | R1: 2015 | S1: 2016 | T1: 2017 | U1: 2018 | V1: 2019 | W1: 2020 | X1: 2021 | Y1: 2022 | Z1: 2023
A2: Total | B2: TOTAL | C2: =SUM(C3,C17,C22,C25,C26,C51,C52) -> 2011.6218 | D2: =SUM(D3,D17,D22,D25,D26,D51,D52) -> 2106.6567 | E2: =SUM(E3,E17,E22,E25,E26,E51,E52) -> 2379.4569 | F2: =SUM(F3,F17,F22,F25,F26,F51,F52) -> 2558.3046 | G2: =SUM(G3,G17,G22,G25,G26,G51,G52) -> 2585.5886 | H2: =SUM(H3,H17,H22,H25,H26,H51,H52) -> 2596.5087 | I2: =SUM(I3,I17,I22,I25,I26,I51,I52) -> 2682.0915 | J2: =SUM(J3,J17,J22,J25,J26,J51,J52) -> 2723.9802 | ... Z2: =SUM(Z3,Z17,Z22,Z25,Z26,Z51,Z52) -> 3078.3091
A3: Solid fossil fuels | B3: C0000X0350-0370 | C3: =SUM(C4,C8,C11) -> 0 | D3: =SUM(D4,D8,D11) -> 0 | E3: =SUM(E4,E8,E11) -> 0 | F3: =SUM(F4,F8,F11) -> 0 | G3: =SUM(G4,G8,G11) -> 0 | H3: =SUM(H4,H8,H11) -> 0 | I3: =SUM(I4,I8,I11) -> 0 | J3: =SUM(J4,J8,J11) -> 0 | ... Z3: =SUM(Z4,Z8,Z11) -> 0
A4: Hard coal | B4: C0100 | C4: =SUM(C5:C7) -> 0 | D4: =SUM(D5:D7) -> 0 | E4: =SUM(E5:E7) -> 0 | F4: =SUM(F5:F7) -> 0 | G4: =SUM(G5:G7) -> 0 | H4: =SUM(H5:H7) -> 0 | I4: =SUM(I5:I7) -> 0 | J4: =SUM(J5:J7) -> 0 | ... Z4: =SUM(Z5:Z7) -> 0
A5: Anthracite | B5: C0110 | C5: 0 | D5: 0 | E5: 0 | F5: 0 | G5: 0 | H5: 0 | I5: 0 | J5: 0 | K5: 0 | L5: 0 | M5: 0 | N5: 0 | O5: 0 | P5: 0 | Q5: 0 | R5: 0 | S5: 0 | T5: 0 | U5: 0 | V5: 0 | W5: 0 | X5: 0 | Y5: 0 | Z5: 0
A6: Coking coal | B6: C0121 | C6: 0 | D6: 0 | E6: 0 | F6: 0 | G6: 0 | H6: 0 | I6: 0 | J6: 0 | K6: 0 | L6: 0 | M6: 0 | N6: 0 | O6: 0 | P6: 0 | Q6: 0 | R6: 0 | S6: 0 | T6: 0 | U6: 0 | V6: 0 | W6: 0 | X6: 0 | Y6: 0 | Z6: 0
A7: Other bituminous coal | B7: C0129 | C7: 0 | D7: 0 | E7: 0 | F7: 0 | G7: 0 | H7: 0 | I7: 0 | J7: 0 | K7: 0 | L7: 0 | M7: 0 | N7: 0 | O7: 0 | P7: 0 | Q7: 0 | R7: 0 | S7: 0 | T7: 0 | U7: 0 | V7: 0 | W7: 0 | X7: 0 | Y7: 0 | Z7: 0
A8: Brown coal | B8: C0200 | C8: =SUM(C9:C10) -> 0 | D8: =SUM(D9:D10) -> 0 | E8: =SUM(E9:E10) -> 0 | F8: =SUM(F9:F10) -> 0 | G8: =SUM(G9:G10) -> 0 | H8: =SUM(H9:H10) -> 0 | I8: =SUM(I9:I10) -> 0 | J8: =SUM(J9:J10) -> 0 | ... Z8: =SUM(Z9:Z10) -> 0
A9: Sub-bituminous coal | B9: C0210 | C9: 0 | D9: 0 | E9: 0 | F9: 0 | G9: 0 | H9: 0 | I9: 0 | J9: 0 | K9: 0 | L9: 0 | M9: 0 | N9: 0 | O9: 0 | P9: 0 | Q9: 0 | R9: 0 | S9: 0 | T9: 0 | U9: 0 | V9: 0 | W9: 0 | X9: 0 | Y9: 0 | Z9: 0
A10: Lignite | B10: C0220 | C10: 0 | D10: 0 | E10: 0 | F10: 0 | G10: 0 | H10: 0 | I10: 0 | J10: 0 | K10: 0 | L10: 0 | M10: 0 | N10: 0 | O10: 0 | P10: 0 | Q10: 0 | R10: 0 | S10: 0 | T10: 0 | U10: 0 | V10: 0 | W10: 0 | X10: 0 | Y10: 0 | Z10: 0
A11: Coal products | B11: C0300 | C11: =SUM(C12:C16) -> 0 | D11: =SUM(D12:D16) -> 0 | E11: =SUM(E12:E16) -> 0 | F11: =SUM(F12:F16) -> 0 | G11: =SUM(G12:G16) -> 0 | H11: =SUM(H12:H16) -> 0 | I11: =SUM(I12:I16) -> 0 | J11: =SUM(J12:J16) -> 0 | ... Z11: =SUM(Z12:Z16) -> 0
A12: Patent fuel | B12: C0320 | C12: 0 | D12: 0 | E12: 0 | F12: 0 | G12: 0 | H12: 0 | I12: 0 | J12: 0 | K12: 0 | L12: 0 | M12: 0 | N12: 0 | O12: 0 | P12: 0 | Q12: 0 | R12: 0 | S12: 0 | T12: 0 | U12: 0 | V12: 0 | W12: 0 | X12: 0 | Y12: 0 | Z12: 0
A13: Coke oven coke | B13: C0311 | C13: 0 | D13: 0 | E13: 0 | F13: 0 | G13: 0 | H13: 0 | I13: 0 | J13: 0 | K13: 0 | L13: 0 | M13: 0 | N13: 0 | O13: 0 | P13: 0 | Q13: 0 | R13: 0 | S13: 0 | T13: 0 | U13: 0 | V13: 0 | W13: 0 | X13: 0 | Y13: 0 | Z13: 0
A14: Gas coke | B14: C0312 | C14: 0 | D14: 0 | E14: 0 | F14: 0 | G14: 0 | H14: 0 | I14: 0 | J14: 0 | K14: 0 | L14: 0 | M14: 0 | N14: 0 | O14: 0 | P14: 0 | Q14: 0 | R14: 0 | S14: 0 | T14: 0 | U14: 0 | V14: 0 | W14: 0 | X14: 0 | Y14: 0 | Z14: 0
A15: Coal tar | B15: C0340 | C15: 0 | D15: 0 | E15: 0 | F15: 0 | G15: 0 | H15: 0 | I15: 0 | J15: 0 | K15: 0 | L15: 0 | M15: 0 | N15: 0 | O15: 0 | P15: 0 | Q15: 0 | R15: 0 | S15: 0 | T15: 0 | U15: 0 | V15: 0 | W15: 0 | X15: 0 | Y15: 0 | Z15: 0
A16: Brown coal briquettes | B16: C0330 | C16: 0 | D16: 0 | E16: 0 | F16: 0 | G16: 0 | H16: 0 | I16: 0 | J16: 0 | K16: 0 | L16: 0 | M16: 0 | N16: 0 | O16: 0 | P16: 0 | Q16: 0 | R16: 0 | S16: 0 | T16: 0 | U16: 0 | V16: 0 | W16: 0 | X16: 0 | Y16: 0 | Z16: 0
A17: Manufactured gases | B17: C0350-0370 | C17: =SUM(C18:C21) -> 0 | D17: =SUM(D18:D21) -> 0 | E17: =SUM(E18:E21) -> 0 | F17: =SUM(F18:F21) -> 0 | G17: =SUM(G18:G21) -> 0 | H17: =SUM(H18:H21) -> 0 | I17: =SUM(I18:I21) -> 0 | J17: =SUM(J18:J21) -> 0 | ... Z17: =SUM(Z18:Z21) -> 0
A18: Gas works gas | B18: C0360 | C18: 0 | D18: 0 | E18: 0 | F18: 0 | G18: 0 | H18: 0 | I18: 0 | J18: 0 | K18: 0 | L18: 0 | M18: 0 | N18: 0 | O18: 0 | P18: 0 | Q18: 0 | R18: 0 | S18: 0 | T18: 0 | U18: 0 | V18: 0 | W18: 0 | X18: 0 | Y18: 0 | Z18: 0
A19: Coke oven gas | B19: C0350 | C19: 0 | D19: 0 | E19: 0 | F19: 0 | G19: 0 | H19: 0 | I19: 0 | J19: 0 | K19: 0 | L19: 0 | M19: 0 | N19: 0 | O19: 0 | P19: 0 | Q19: 0 | R19: 0 | S19: 0 | T19: 0 | U19: 0 | V19: 0 | W19: 0 | X19: 0 | Y19: 0 | Z19: 0
A20: Blast furnace gas | B20: C0371 | C20: 0 | D20: 0 | E20: 0 | F20: 0 | G20: 0 | H20: 0 | I20: 0 | J20: 0 | K20: 0 | L20: 0 | M20: 0 | N20: 0 | O20: 0 | P20: 0 | Q20: 0 | R20: 0 | S20: 0 | T20: 0 | U20: 0 | V20: 0 | W20: 0 | X20: 0 | Y20: 0 | Z20: 0
A21: Other recovered gases | B21: C0379 | C21: 0 | D21: 0 | E21: 0 | F21: 0 | G21: 0 | H21: 0 | I21: 0 | J21: 0 | K21: 0 | L21: 0 | M21: 0 | N21: 0 | O21: 0 | P21: 0 | Q21: 0 | R21: 0 | S21: 0 | T21: 0 | U21: 0 | V21: 0 | W21: 0 | X21: 0 | Y21: 0 | Z21: 0
A22: Peat and peat products | B22: P1000 | C22: =SUM(C23:C24) -> 0 | D22: =SUM(D23:D24) -> 0 | E22: =SUM(E23:E24) -> 0 | F22: =SUM(F23:F24) -> 0 | G22: =SUM(G23:G24) -> 0 | H22: =SUM(H23:H24) -> 0 | I22: =SUM(I23:I24) -> 0 | J22: =SUM(J23:J24) -> 0 | ... Z22: =SUM(Z23:Z24) -> 0
A23: Peat | B23: P1100 | C23: 0 | D23: 0 | E23: 0 | F23: 0 | G23: 0 | H23: 0 | I23: 0 | J23: 0 | K23: 0 | L23: 0 | M23: 0 | N23: 0 | O23: 0 | P23: 0 | Q23: 0 | R23: 0 | S23: 0 | T23: 0 | U23: 0 | V23: 0 | W23: 0 | X23: 0 | Y23: 0 | Z23: 0
A24: Peat products | B24: P1200 | C24: 0 | D24: 0 | E24: 0 | F24: 0 | G24: 0 | H24: 0 | I24: 0 | J24: 0 | K24: 0 | L24: 0 | M24: 0 | N24: 0 | O24: 0 | P24: 0 | Q24: 0 | R24: 0 | S24: 0 | T24: 0 | U24: 0 | V24: 0 | W24: 0 | X24: 0 | Y24: 0 | Z24: 0
A25: Oil shale and oil sands | B25: S2000 | C25: 0 | D25: 0 | E25: 0 | F25: 0 | G25: 0 | H25: 0 | I25: 0 | J25: 0 | K25: 0 | L25: 0 | M25: 0 | N25: 0 | O25: 0 | P25: 0 | Q25: 0 | R25: 0 | S25: 0 | T25: 0 | U25: 0 | V25: 0 | W25: 0 | X25: 0 | Y25: 0 | Z25: 0
A26: Oil and petroleum products | B26: O4000XBIO | C26: =SUM(C27,C33) -> 2011.6218 | D26: =SUM(D27,D33) -> 2106.6567 | E26: =SUM(E27,E33) -> 2379.4569 | F26: =SUM(F27,F33) -> 2558.3046 | G26: =SUM(G27,G33) -> 2585.5886 | H26: =SUM(H27,H33) -> 2596.5087 | I26: =SUM(I27,I33) -> 2682.0915 | J26: =SUM(J27,J33) -> 2723.9802 | ... Z26: =SUM(Z27,Z33) -> 3078.3091
A27: Crude oil, NGL, refinery feedstocks, additives and oxygenates and other hydrocarbons (excluding biofuel portion) | B27: O4100_TOT_4200-4500XBIO | C27: =SUM(C28:C32) -> 0 | D27: =SUM(D28:D32) -> 0 | E27: =SUM(E28:E32) -> 0 | F27: =SUM(F28:F32) -> 0 | G27: =SUM(G28:G32) -> 0 | H27: =SUM(H28:H32) -> 0 | I27: =SUM(I28:I32) -> 0 | J27: =SUM(J28:J32) -> 0 | ... Z27: =SUM(Z28:Z32) -> 0
A28: Crude oil | B28: O4100_TOT | C28: 0 | D28: 0 | E28: 0 | F28: 0 | G28: 0 | H28: 0 | I28: 0 | J28: 0 | K28: 0 | L28: 0 | M28: 0 | N28: 0 | O28: 0 | P28: 0 | Q28: 0 | R28: 0 | S28: 0 | T28: 0 | U28: 0 | V28: 0 | W28: 0 | X28: 0 | Y28: 0 | Z28: 0
A29: Natural gas liquids | B29: O4200 | C29: 0 | D29: 0 | E29: 0 | F29: 0 | G29: 0 | H29: 0 | I29: 0 | J29: 0 | K29: 0 | L29: 0 | M29: 0 | N29: 0 | O29: 0 | P29: 0 | Q29: 0 | R29: 0 | S29: 0 | T29: 0 | U29: 0 | V29: 0 | W29: 0 | X29: 0 | Y29: 0 | Z29: 0
A30: Refinery feedstocks | B30: O4300 | C30: 0 | D30: 0 | E30: 0 | F30: 0 | G30: 0 | H30: 0 | I30: 0 | J30: 0 | K30: 0 | L30: 0 | M30: 0 | N30: 0 | O30: 0 | P30: 0 | Q30: 0 | R30: 0 | S30: 0 | T30: 0 | U30: 0 | V30: 0 | W30: 0 | X30: 0 | Y30: 0 | Z30: 0
A31: Additives and oxygenates (excluding biofuel portion) | B31: O4400X4410 | C31: 0 | D31: 0 | E31: 0 | F31: 0 | G31: 0 | H31: 0 | I31: 0 | J31: 0 | K31: 0 | L31: 0 | M31: 0 | N31: 0 | O31: 0 | P31: 0 | Q31: 0 | R31: 0 | S31: 0 | T31: 0 | U31: 0 | V31: 0 | W31: 0 | X31: 0 | Y31: 0 | Z31: 0
A32: Other hydrocarbons | B32: O4500 | C32: 0 | D32: 0 | E32: 0 | F32: 0 | G32: 0 | H32: 0 | I32: 0 | J32: 0 | K32: 0 | L32: 0 | M32: 0 | N32: 0 | O32: 0 | P32: 0 | Q32: 0 | R32: 0 | S32: 0 | T32: 0 | U32: 0 | V32: 0 | W32: 0 | X32: 0 | Y32: 0 | Z32: 0
A33: Oil products (excluding biofuel portion) | B33: O4600XBIO | C33: =SUM(C34:C50) -> 2011.6218 | D33: =SUM(D34:D50) -> 2106.6567 | E33: =SUM(E34:E50) -> 2379.4569 | F33: =SUM(F34:F50) -> 2558.3046 | G33: =SUM(G34:G50) -> 2585.5886 | H33: =SUM(H34:H50) -> 2596.5087 | I33: =SUM(I34:I50) -> 2682.0915 | J33: =SUM(J34:J50) -> 2723.9802 | ... Z33: =SUM(Z34:Z50) -> 3078.3091
A34: Refinery gas | B34: O4610 | C34: 0 | D34: 0 | E34: 0 | F34: 0 | G34: 0 | H34: 0 | I34: 0 | J34: 0 | K34: 0 | L34: 0 | M34: 0 | N34: 0 | O34: 0 | P34: 0 | Q34: 0 | R34: 0 | S34: 0 | T34: 0 | U34: 0 | V34: 0 | W34: 0 | X34: 0 | Y34: 0 | Z34: 0
A35: Ethane | B35: O4620 | C35: 0 | D35: 0 | E35: 0 | F35: 0 | G35: 0 | H35: 0 | I35: 0 | J35: 0 | K35: 0 | L35: 0 | M35: 0 | N35: 0 | O35: 0 | P35: 0 | Q35: 0 | R35: 0 | S35: 0 | T35: 0 | U35: 0 | V35: 0 | W35: 0 | X35: 0 | Y35: 0 | Z35: 0
A36: Liquefied petroleum gases | B36: O4630 | C36: 0 | D36: 0 | E36: 0 | F36: 0 | G36: 0 | H36: 0 | I36: 0 | J36: 0 | K36: 0 | L36: 0 | M36: 0 | N36: 0 | O36: 0 | P36: 0 | Q36: 0 | R36: 0 | S36: 0 | T36: 0 | U36: 0 | V36: 0 | W36: 0 | X36: 0 | Y36: 0 | Z36: 0
A37: Motor gasoline (excluding biofuel portion) | B37: O4652XR5210B | C37: 0 | D37: 0 | E37: 0 | F37: 0 | G37: 0 | H37: 0 | I37: 0 | J37: 0 | K37: 0 | L37: 0 | M37: 0 | N37: 0 | O37: 0 | P37: 0 | Q37: 0 | R37: 0 | S37: 0 | T37: 0 | U37: 0 | V37: 0 | W37: 0 | X37: 0 | Y37: 0 | Z37: 0
A38: Aviation gasoline | B38: O4651 | C38: 0 | D38: 0 | E38: 0 | F38: 0 | G38: 0 | H38: 0 | I38: 0 | J38: 0 | K38: 0 | L38: 0 | M38: 0 | N38: 0 | O38: 0 | P38: 0 | Q38: 0 | R38: 0 | S38: 0 | T38: 0 | U38: 0 | V38: 0 | W38: 0 | X38: 0 | Y38: 0 | Z38: 0
A39: Gasoline-type jet fuel | B39: O4653 | C39: 0 | D39: 0 | E39: 0 | F39: 0 | G39: 0 | H39: 0 | I39: 0 | J39: 0 | K39: 0 | L39: 0 | M39: 0 | N39: 0 | O39: 0 | P39: 0 | Q39: 0 | R39: 0 | S39: 0 | T39: 0 | U39: 0 | V39: 0 | W39: 0 | X39: 0 | Y39: 0 | Z39: 0
A40: Kerosene-type jet fuel (excluding biofuel portion) | B40: O4661XR5230B | C40: 0 | D40: 0 | E40: 0 | F40: 0 | G40: 0 | H40: 0 | I40: 0 | J40: 0 | K40: 0 | L40: 0 | M40: 0 | N40: 0 | O40: 0 | P40: 0 | Q40: 0 | R40: 0 | S40: 0 | T40: 0 | U40: 0 | V40: 0 | W40: 0 | X40: 0 | Y40: 0 | Z40: 0
A41: Other kerosene | B41: O4669 | C41: 0 | D41: 0 | E41: 0 | F41: 0 | G41: 0 | H41: 0 | I41: 0 | J41: 0 | K41: 0 | L41: 0 | M41: 0 | N41: 0 | O41: 0 | P41: 0 | Q41: 0 | R41: 0 | S41: 0 | T41: 0 | U41: 0 | V41: 0 | W41: 0 | X41: 0 | Y41: 0 | Z41: 0
A42: Naphtha | B42: O4640 | C42: 0 | D42: 0 | E42: 0 | F42: 0 | G42: 0 | H42: 0 | I42: 0 | J42: 0 | K42: 0 | L42: 0 | M42: 0 | N42: 0 | O42: 0 | P42: 0 | Q42: 0 | R42: 0 | S42: 0 | T42: 0 | U42: 0 | V42: 0 | W42: 0 | X42: 0 | Y42: 0 | Z42: 0
A43: Gas oil and diesel oil (excluding biofuel portion) | B43: O4671XR5220B | C43: 351.87371 | D43: 328.82836 | E43: 319.66538 | F43: 314.32617 | G43: 310.01477 | H43: 286.10505 | I43: 272.22039 | J43: 232.59044 | K43: 274.55945 | L43: 527.66896 | M43: 578.26124 | N43: 520.64291 | O43: 358.10823 | P43: 314.79775 | Q43: 283.33289 | R43: 555.21197 | S43: 670.04302 | T43: 711.00432 | U43: 1241.196 | V43: 1302.7071 | W43: 1386.6212 | X43: 1700.3051 | Y43: 1533.2985 | Z43: 1468.759
A44: Fuel oil | B44: O4680 | C44: 1598.5304 | D44: 1717.1453 | E44: 1984.8951 | F44: 2174.031 | G44: 2211.3038 | H44: 2241.9054 | I44: 2347.7005 | J44: 2434.7976 | K44: 2785.8651 | L44: 2241.341 | M44: 3096.1642 | N44: 2518.7762 | O44: 2739.565 | P44: 2614.6056 | Q44: 2232.7608 | R44: 1867.407 | S44: 2307.1644 | T44: 2444.1762 | U44: 2747.8572 | V44: 2442.8215 | W44: 1687.4367 | X44: 1385.3642 | Y44: 1766.2317 | Z44: 1589.2979
A45: White spirit and special boiling point industrial spirits | B45: O4691 | C45: 0 | D45: 0 | E45: 0 | F45: 0 | G45: 0 | H45: 0 | I45: 0 | J45: 0 | K45: 0 | L45: 0 | M45: 0 | N45: 0 | O45: 0 | P45: 0 | Q45: 0 | R45: 0 | S45: 0 | T45: 0 | U45: 0 | V45: 0 | W45: 0 | X45: 0 | Y45: 0 | Z45: 0
... A51: Natural gas | B51: G3000 | C51: 0 | D51: 0 | E51: 0 | F51: 0 | G51: 0 | H51: 0 | I51: 0 | J51: 0 | K51: 0 | L51: 0 | M51: 0 | N51: 0 | O51: 0 | P51: 0 | Q51: 0 | R51: 0 | S51: 0 | T51: 0 | U51: 0 | V51: 0 | W51: 0 | X51: 0 | Y51: 0 | Z51: 0
A52: Non-renewable waste | B52: W6100_6220 | C52: =SUM(C53:C54) -> 0 | D52: =SUM(D53:D54) -> 0 | E52: =SUM(E53:E54) -> 0 | F52: =SUM(F53:F54) -> 0 | G52: =SUM(G53:G54) -> 0 | H52: =SUM(H53:H54) -> 0 | I52: =SUM(I53:I54) -> 0 | J52: =SUM(J53:J54) -> 0 | ... Z52: =SUM(Z53:Z54) -> 0
A53: Industrial waste (non-renewable) | B53: W6100 | C53: 0 | D53: 0 | E53: 0 | F53: 0 | G53: 0 | H53: 0 | I53: 0 | J53: 0 | K53: 0 | L53: 0 | M53: 0 | N53: 0 | O53: 0 | P53: 0 | Q53: 0 | R53: 0 | S53: 0 | T53: 0 | U53: 0 | V53: 0 | W53: 0 | X53: 0 | Y53: 0 | Z53: 0
A54: Non-renewable municipal waste | B54: W6220 | C54: 0 | D54: 0 | E54: 0 | F54: 0 | G54: 0 | H54: 0 | I54: 0 | J54: 0 | K54: 0 | L54: 0 | M54: 0 | N54: 0 | O54: 0 | P54: 0 | Q54: 0 | R54: 0 | S54: 0 | T54: 0 | U54: 0 | V54: 0 | W54: 0 | X54: 0 | Y54: 0 | Z54: 0
A60: CO2 emissions not accounted:
A61: Renewables and biofuels | B61: RA000 | C61: =SUM(C62:C72) -> 0 | D61: =SUM(D62:D72) -> 0 | E61: =SUM(E62:E72) -> 0 | F61: =SUM(F62:F72) -> 0 | G61: =SUM(G62:G72) -> 0 | H61: =SUM(H62:H72) -> 0 | I61: =SUM(I62:I72) -> 0 | J61: =SUM(J62:J72) -> 0 | ... Z61: =SUM(Z62:Z72) -> 0
A62: Primary solid biofuels | B62: R5110-5150_W6000RI | C62: 0 | D62: 0 | E62: 0 | F62: 0 | G62: 0 | H62: 0 | I62: 0 | J62: 0 | K62: 0 | L62: 0 | M62: 0 | N62: 0 | O62: 0 | P62: 0 | Q62: 0 | R62: 0 | S62: 0 | T62: 0 | U62: 0 | V62: 0 | W62: 0 | X62: 0 | Y62: 0 | Z62: 0
A63: Charcoal | B63: R5160 | C63: 0 | D63: 0 | E63: 0 | F63: 0 | G63: 0 | H63: 0 | I63: 0 | J63: 0 | K63: 0 | L63: 0 | M63: 0 | N63: 0 | O63: 0 | P63: 0 | Q63: 0 | R63: 0 | S63: 0 | T63: 0 | U63: 0 | V63: 0 | W63: 0 | X63: 0 | Y63: 0 | Z63: 0
A64: Biogases | B64: R5300 | C64: 0 | D64: 0 | E64: 0 | F64: 0 | G64: 0 | H64: 0 | I64: 0 | J64: 0 | K64: 0 | L64: 0 | M64: 0 | N64: 0 | O64: 0 | P64: 0 | Q64: 0 | R64: 0 | S64: 0 | T64: 0 | U64: 0 | V64: 0 | W64: 0 | X64: 0 | Y64: 0 | Z64: 0
A65: Renewable municipal waste | B65: W6210 | C65: 0 | D65: 0 | E65: 0 | F65: 0 | G65: 0 | H65: 0 | I65: 0 | J65: 0 | K65: 0 | L65: 0 | M65: 0 | N65: 0 | O65: 0 | P65: 0 | Q65: 0 | R65: 0 | S65: 0 | T65: 0 | U65: 0 | V65: 0 | W65: 0 | X65: 0 | Y65: 0 | Z65: 0
A66: Pure biogasoline | B66: R5210P | C66: 0 | D66: 0 | E66: 0 | F66: 0 | G66: 0 | H66: 0 | I66: 0 | J66: 0 | K66: 0 | L66: 0 | M66: 0 | N66: 0 | O66: 0 | P66: 0 | Q66: 0 | R66: 0 | S66: 0 | T66: 0 | U66: 0 | V66: 0 | W66: 0 | X66: 0 | Y66: 0 | Z66: 0
A67: Blended biogasoline | B67: R5210B | C67: 0 | D67: 0 | E67: 0 | F67: 0 | G67: 0 | H67: 0 | I67: 0 | J67: 0 | K67: 0 | L67: 0 | M67: 0 | N67: 0 | O67: 0 | P67: 0 | Q67: 0 | R67: 0 | S67: 0 | T67: 0 | U67: 0 | V67: 0 | W67: 0 | X67: 0 | Y67: 0 | Z67: 0
A68: Pure biodiesels | B68: R5220P | C68: 0 | D68: 0 | E68: 0 | F68: 0 | G68: 0 | H68: 0 | I68: 0 | J68: 0 | K68: 0 | L68: 0 | M68: 0 | N68: 0 | O68: 0 | P68: 0 | Q68: 0 | R68: 0 | S68: 0 | T68: 0 | U68: 0 | V68: 0 | W68: 0 | X68: 0 | Y68: 0 | Z68: 0
A69: Blended biodiesels | B69: R5220B | C69: 0 | D69: 0 | E69: 0 | F69: 0 | G69: 0 | H69: 0 | I69: 0 | J69: 0 | K69: 0 | L69: 0 | M69: 0 | N69: 0 | O69: 0 | P69: 0 | Q69: 0 | R69: 0 | S69: 0 | T69: 0 | U69: 0 | V69: 0 | W69: 0 | X69: 0 | Y69: 0 | Z69: 0
A70: Pure bio jet kerosene | B70: R5230P | C70: 0 | D70: 0 | E70: 0 | F70: 0 | G70: 0 | H70: 0 | I70: 0 | J70: 0 | K70: 0 | L70: 0 | M70: 0 | N70: 0 | O70: 0 | P70: 0 | Q70: 0 | R70: 0 | S70: 0 | T70: 0 | U70: 0 | V70: 0 | W70: 0 | X70: 0 | Y70: 0 | Z70: 0
A71: Blended bio jet kerosene | B71: R5230B | C71: 0 | D71: 0 | E71: 0 | F71: 0 | G71: 0 | H71: 0 | I71: 0 | J71: 0 | K71: 0 | L71: 0 | M71: 0 | N71: 0 | O71: 0 | P71: 0 | Q71: 0 | R71: 0 | S71: 0 | T71: 0 | U71: 0 | V71: 0 | W71: 0 | X71: 0 | Y71: 0 | Z71: 0
A72: Other liquid biofuels | B72: R5290 | C72: 0 | D72: 0 | E72: 0 | F72: 0 | G72: 0 | H72: 0 | I72: 0 | J72: 0 | K72: 0 | L72: 0 | M72: 0 | N72: 0 | O72: 0 | P72: 0 | Q72: 0 | R72: 0 | S72: 0 | T72: 0 | U72: 0 | V72: 0 | W72: 0 | X72: 0 | Y72: 0 | Z72: 0

Sheet INTMARB_EX
A1: International Extra-EEA maritime bunkers | B1: INTMARB_EX | C1: 2000 | D1: 2001 | E1: 2002 | F1: 2003 | G1: 2004 | H1: 2005 | I1: 2006 | J1: 2007 | K1: 2008 | L1: 2009 | M1: 2010 | N1: 2011 | O1: 2012 | P1: 2013 | Q1: 2014 | R1: 2015 | S1: 2016 | T1: 2017 | U1: 2018 | V1: 2019 | W1: 2020 | X1: 2021 | Y1: 2022 | Z1: 2023
A2: Total | B2: TOTAL | C2: =SUM(C3,C17,C22,C25,C26,C51,C52) -> 3290.3855 | D2: =SUM(D3,D17,D22,D25,D26,D51,D52) -> 3557.0366 | E2: =SUM(E3,E17,E22,E25,E26,E51,E52) -> 3788.2855 | F2: =SUM(F3,F17,F22,F25,F26,F51,F52) -> 4169.8231 | G2: =SUM(G3,G17,G22,G25,G26,G51,G52) -> 4473.9239 | H2: =SUM(H3,H17,H22,H25,H26,H51,H52) -> 4638.8428 | I2: =SUM(I3,I17,I22,I25,I26,I51,I52) -> 4840.9282 | J2: =SUM(J3,J17,J22,J25,J26,J51,J52) -> 5042.7401 | ... Z2: =SUM(Z3,Z17,Z22,Z25,Z26,Z51,Z52) -> 4200.9155
A3: Solid fossil fuels | B3: C0000X0350-0370 | C3: =SUM(C4,C8,C11) -> 0 | D3: =SUM(D4,D8,D11) -> 0 | E3: =SUM(E4,E8,E11) -> 0 | F3: =SUM(F4,F8,F11) -> 0 | G3: =SUM(G4,G8,G11) -> 0 | H3: =SUM(H4,H8,H11) -> 0 | I3: =SUM(I4,I8,I11) -> 0 | J3: =SUM(J4,J8,J11) -> 0 | ... Z3: =SUM(Z4,Z8,Z11) -> 0
A4: Hard coal | B4: C0100 | C4: =SUM(C5:C7) -> 0 | D4: =SUM(D5:D7) -> 0 | E4: =SUM(E5:E7) -> 0 | F4: =SUM(F5:F7) -> 0 | G4: =SUM(G5:G7) -> 0 | H4: =SUM(H5:H7) -> 0 | I4: =SUM(I5:I7) -> 0 | J4: =SUM(J5:J7) -> 0 | ... Z4: =SUM(Z5:Z7) -> 0
A5: Anthracite | B5: C0110 | C5: 0 | D5: 0 | E5: 0 | F5: 0 | G5: 0 | H5: 0 | I5: 0 | J5: 0 | K5: 0 | L5: 0 | M5: 0 | N5: 0 | O5: 0 | P5: 0 | Q5: 0 | R5: 0 | S5: 0 | T5: 0 | U5: 0 | V5: 0 | W5: 0 | X5: 0 | Y5: 0 | Z5: 0
A6: Coking coal | B6: C0121 | C6: 0 | D6: 0 | E6: 0 | F6: 0 | G6: 0 | H6: 0 | I6: 0 | J6: 0 | K6: 0 | L6: 0 | M6: 0 | N6: 0 | O6: 0 | P6: 0 | Q6: 0 | R6: 0 | S6: 0 | T6: 0 | U6: 0 | V6: 0 | W6: 0 | X6: 0 | Y6: 0 | Z6: 0
A7: Other bituminous coal | B7: C0129 | C7: 0 | D7: 0 | E7: 0 | F7: 0 | G7: 0 | H7: 0 | I7: 0 | J7: 0 | K7: 0 | L7: 0 | M7: 0 | N7: 0 | O7: 0 | P7: 0 | Q7: 0 | R7: 0 | S7: 0 | T7: 0 | U7: 0 | V7: 0 | W7: 0 | X7: 0 | Y7: 0 | Z7: 0
A8: Brown coal | B8: C0200 | C8: =SUM(C9:C10) -> 0 | D8: =SUM(D9:D10) -> 0 | E8: =SUM(E9:E10) -> 0 | F8: =SUM(F9:F10) -> 0 | G8: =SUM(G9:G10) -> 0 | H8: =SUM(H9:H10) -> 0 | I8: =SUM(I9:I10) -> 0 | J8: =SUM(J9:J10) -> 0 | ... Z8: =SUM(Z9:Z10) -> 0
A9: Sub-bituminous coal | B9: C0210 | C9: 0 | D9: 0 | E9: 0 | F9: 0 | G9: 0 | H9: 0 | I9: 0 | J9: 0 | K9: 0 | L9: 0 | M9: 0 | N9: 0 | O9: 0 | P9: 0 | Q9: 0 | R9: 0 | S9: 0 | T9: 0 | U9: 0 | V9: 0 | W9: 0 | X9: 0 | Y9: 0 | Z9: 0
A10: Lignite | B10: C0220 | C10: 0 | D10: 0 | E10: 0 | F10: 0 | G10: 0 | H10: 0 | I10: 0 | J10: 0 | K10: 0 | L10: 0 | M10: 0 | N10: 0 | O10: 0 | P10: 0 | Q10: 0 | R10: 0 | S10: 0 | T10: 0 | U10: 0 | V10: 0 | W10: 0 | X10: 0 | Y10: 0 | Z10: 0
A11: Coal products | B11: C0300 | C11: =SUM(C12:C16) -> 0 | D11: =SUM(D12:D16) -> 0 | E11: =SUM(E12:E16) -> 0 | F11: =SUM(F12:F16) -> 0 | G11: =SUM(G12:G16) -> 0 | H11: =SUM(H12:H16) -> 0 | I11: =SUM(I12:I16) -> 0 | J11: =SUM(J12:J16) -> 0 | ... Z11: =SUM(Z12:Z16) -> 0
A12: Patent fuel | B12: C0320 | C12: 0 | D12: 0 | E12: 0 | F12: 0 | G12: 0 | H12: 0 | I12: 0 | J12: 0 | K12: 0 | L12: 0 | M12: 0 | N12: 0 | O12: 0 | P12: 0 | Q12: 0 | R12: 0 | S12: 0 | T12: 0 | U12: 0 | V12: 0 | W12: 0 | X12: 0 | Y12: 0 | Z12: 0
A13: Coke oven coke | B13: C0311 | C13: 0 | D13: 0 | E13: 0 | F13: 0 | G13: 0 | H13: 0 | I13: 0 | J13: 0 | K13: 0 | L13: 0 | M13: 0 | N13: 0 | O13: 0 | P13: 0 | Q13: 0 | R13: 0 | S13: 0 | T13: 0 | U13: 0 | V13: 0 | W13: 0 | X13: 0 | Y13: 0 | Z13: 0
A14: Gas coke | B14: C0312 | C14: 0 | D14: 0 | E14: 0 | F14: 0 | G14: 0 | H14: 0 | I14: 0 | J14: 0 | K14: 0 | L14: 0 | M14: 0 | N14: 0 | O14: 0 | P14: 0 | Q14: 0 | R14: 0 | S14: 0 | T14: 0 | U14: 0 | V14: 0 | W14: 0 | X14: 0 | Y14: 0 | Z14: 0
A15: Coal tar | B15: C0340 | C15: 0 | D15: 0 | E15: 0 | F15: 0 | G15: 0 | H15: 0 | I15: 0 | J15: 0 | K15: 0 | L15: 0 | M15: 0 | N15: 0 | O15: 0 | P15: 0 | Q15: 0 | R15: 0 | S15: 0 | T15: 0 | U15: 0 | V15: 0 | W15: 0 | X15: 0 | Y15: 0 | Z15: 0
A16: Brown coal briquettes | B16: C0330 | C16: 0 | D16: 0 | E16: 0 | F16: 0 | G16: 0 | H16: 0 | I16: 0 | J16: 0 | K16: 0 | L16: 0 | M16: 0 | N16: 0 | O16: 0 | P16: 0 | Q16: 0 | R16: 0 | S16: 0 | T16: 0 | U16: 0 | V16: 0 | W16: 0 | X16: 0 | Y16: 0 | Z16: 0
A17: Manufactured gases | B17: C0350-0370 | C17: =SUM(C18:C21) -> 0 | D17: =SUM(D18:D21) -> 0 | E17: =SUM(E18:E21) -> 0 | F17: =SUM(F18:F21) -> 0 | G17: =SUM(G18:G21) -> 0 | H17: =SUM(H18:H21) -> 0 | I17: =SUM(I18:I21) -> 0 | J17: =SUM(J18:J21) -> 0 | ... Z17: =SUM(Z18:Z21) -> 0
A18: Gas works gas | B18: C0360 | C18: 0 | D18: 0 | E18: 0 | F18: 0 | G18: 0 | H18: 0 | I18: 0 | J18: 0 | K18: 0 | L18: 0 | M18: 0 | N18: 0 | O18: 0 | P18: 0 | Q18: 0 | R18: 0 | S18: 0 | T18: 0 | U18: 0 | V18: 0 | W18: 0 | X18: 0 | Y18: 0 | Z18: 0
A19: Coke oven gas | B19: C0350 | C19: 0 | D19: 0 | E19: 0 | F19: 0 | G19: 0 | H19: 0 | I19: 0 | J19: 0 | K19: 0 | L19: 0 | M19: 0 | N19: 0 | O19: 0 | P19: 0 | Q19: 0 | R19: 0 | S19: 0 | T19: 0 | U19: 0 | V19: 0 | W19: 0 | X19: 0 | Y19: 0 | Z19: 0
A20: Blast furnace gas | B20: C0371 | C20: 0 | D20: 0 | E20: 0 | F20: 0 | G20: 0 | H20: 0 | I20: 0 | J20: 0 | K20: 0 | L20: 0 | M20: 0 | N20: 0 | O20: 0 | P20: 0 | Q20: 0 | R20: 0 | S20: 0 | T20: 0 | U20: 0 | V20: 0 | W20: 0 | X20: 0 | Y20: 0 | Z20: 0
A21: Other recovered gases | B21: C0379 | C21: 0 | D21: 0 | E21: 0 | F21: 0 | G21: 0 | H21: 0 | I21: 0 | J21: 0 | K21: 0 | L21: 0 | M21: 0 | N21: 0 | O21: 0 | P21: 0 | Q21: 0 | R21: 0 | S21: 0 | T21: 0 | U21: 0 | V21: 0 | W21: 0 | X21: 0 | Y21: 0 | Z21: 0
A22: Peat and peat products | B22: P1000 | C22: =SUM(C23:C24) -> 0 | D22: =SUM(D23:D24) -> 0 | E22: =SUM(E23:E24) -> 0 | F22: =SUM(F23:F24) -> 0 | G22: =SUM(G23:G24) -> 0 | H22: =SUM(H23:H24) -> 0 | I22: =SUM(I23:I24) -> 0 | J22: =SUM(J23:J24) -> 0 | ... Z22: =SUM(Z23:Z24) -> 0
A23: Peat | B23: P1100 | C23: 0 | D23: 0 | E23: 0 | F23: 0 | G23: 0 | H23: 0 | I23: 0 | J23: 0 | K23: 0 | L23: 0 | M23: 0 | N23: 0 | O23: 0 | P23: 0 | Q23: 0 | R23: 0 | S23: 0 | T23: 0 | U23: 0 | V23: 0 | W23: 0 | X23: 0 | Y23: 0 | Z23: 0
A24: Peat products | B24: P1200 | C24: 0 | D24: 0 | E24: 0 | F24: 0 | G24: 0 | H24: 0 | I24: 0 | J24: 0 | K24: 0 | L24: 0 | M24: 0 | N24: 0 | O24: 0 | P24: 0 | Q24: 0 | R24: 0 | S24: 0 | T24: 0 | U24: 0 | V24: 0 | W24: 0 | X24: 0 | Y24: 0 | Z24: 0
A25: Oil shale and oil sands | B25: S2000 | C25: 0 | D25: 0 | E25: 0 | F25: 0 | G25: 0 | H25: 0 | I25: 0 | J25: 0 | K25: 0 | L25: 0 | M25: 0 | N25: 0 | O25: 0 | P25: 0 | Q25: 0 | R25: 0 | S25: 0 | T25: 0 | U25: 0 | V25: 0 | W25: 0 | X25: 0 | Y25: 0 | Z25: 0
A26: Oil and petroleum products | B26: O4000XBIO | C26: =SUM(C27,C33) -> 3290.3855 | D26: =SUM(D27,D33) -> 3557.0366 | E26: =SUM(E27,E33) -> 3788.2855 | F26: =SUM(F27,F33) -> 4169.8231 | G26: =SUM(G27,G33) -> 4473.9239 | H26: =SUM(H27,H33) -> 4638.8428 | I26: =SUM(I27,I33) -> 4840.9282 | J26: =SUM(J27,J33) -> 5042.7401 | ... Z26: =SUM(Z27,Z33) -> 4200.9155
A27: Crude oil, NGL, refinery feedstocks, additives and oxygenates and other hydrocarbons (excluding biofuel portion) | B27: O4100_TOT_4200-4500XBIO | C27: =SUM(C28:C32) -> 0 | D27: =SUM(D28:D32) -> 0 | E27: =SUM(E28:E32) -> 0 | F27: =SUM(F28:F32) -> 0 | G27: =SUM(G28:G32) -> 0 | H27: =SUM(H28:H32) -> 0 | I27: =SUM(I28:I32) -> 0 | J27: =SUM(J28:J32) -> 0 | ... Z27: =SUM(Z28:Z32) -> 0
A28: Crude oil | B28: O4100_TOT | C28: 0 | D28: 0 | E28: 0 | F28: 0 | G28: 0 | H28: 0 | I28: 0 | J28: 0 | K28: 0 | L28: 0 | M28: 0 | N28: 0 | O28: 0 | P28: 0 | Q28: 0 | R28: 0 | S28: 0 | T28: 0 | U28: 0 | V28: 0 | W28: 0 | X28: 0 | Y28: 0 | Z28: 0
A29: Natural gas liquids | B29: O4200 | C29: 0 | D29: 0 | E29: 0 | F29: 0 | G29: 0 | H29: 0 | I29: 0 | J29: 0 | K29: 0 | L29: 0 | M29: 0 | N29: 0 | O29: 0 | P29: 0 | Q29: 0 | R29: 0 | S29: 0 | T29: 0 | U29: 0 | V29: 0 | W29: 0 | X29: 0 | Y29: 0 | Z29: 0
A30: Refinery feedstocks | B30: O4300 | C30: 0 | D30: 0 | E30: 0 | F30: 0 | G30: 0 | H30: 0 | I30: 0 | J30: 0 | K30: 0 | L30: 0 | M30: 0 | N30: 0 | O30: 0 | P30: 0 | Q30: 0 | R30: 0 | S30: 0 | T30: 0 | U30: 0 | V30: 0 | W30: 0 | X30: 0 | Y30: 0 | Z30: 0
A31: Additives and oxygenates (excluding biofuel portion) | B31: O4400X4410 | C31: 0 | D31: 0 | E31: 0 | F31: 0 | G31: 0 | H31: 0 | I31: 0 | J31: 0 | K31: 0 | L31: 0 | M31: 0 | N31: 0 | O31: 0 | P31: 0 | Q31: 0 | R31: 0 | S31: 0 | T31: 0 | U31: 0 | V31: 0 | W31: 0 | X31: 0 | Y31: 0 | Z31: 0
A32: Other hydrocarbons | B32: O4500 | C32: 0 | D32: 0 | E32: 0 | F32: 0 | G32: 0 | H32: 0 | I32: 0 | J32: 0 | K32: 0 | L32: 0 | M32: 0 | N32: 0 | O32: 0 | P32: 0 | Q32: 0 | R32: 0 | S32: 0 | T32: 0 | U32: 0 | V32: 0 | W32: 0 | X32: 0 | Y32: 0 | Z32: 0
A33: Oil products (excluding biofuel portion) | B33: O4600XBIO | C33: =SUM(C34:C50) -> 3290.3855 | D33: =SUM(D34:D50) -> 3557.0366 | E33: =SUM(E34:E50) -> 3788.2855 | F33: =SUM(F34:F50) -> 4169.8231 | G33: =SUM(G34:G50) -> 4473.9239 | H33: =SUM(H34:H50) -> 4638.8428 | I33: =SUM(I34:I50) -> 4840.9282 | J33: =SUM(J34:J50) -> 5042.7401 | ... Z33: =SUM(Z34:Z50) -> 4200.9155
A34: Refinery gas | B34: O4610 | C34: 0 | D34: 0 | E34: 0 | F34: 0 | G34: 0 | H34: 0 | I34: 0 | J34: 0 | K34: 0 | L34: 0 | M34: 0 | N34: 0 | O34: 0 | P34: 0 | Q34: 0 | R34: 0 | S34: 0 | T34: 0 | U34: 0 | V34: 0 | W34: 0 | X34: 0 | Y34: 0 | Z34: 0
A35: Ethane | B35: O4620 | C35: 0 | D35: 0 | E35: 0 | F35: 0 | G35: 0 | H35: 0 | I35: 0 | J35: 0 | K35: 0 | L35: 0 | M35: 0 | N35: 0 | O35: 0 | P35: 0 | Q35: 0 | R35: 0 | S35: 0 | T35: 0 | U35: 0 | V35: 0 | W35: 0 | X35: 0 | Y35: 0 | Z35: 0
A36: Liquefied petroleum gases | B36: O4630 | C36: 0 | D36: 0 | E36: 0 | F36: 0 | G36: 0 | H36: 0 | I36: 0 | J36: 0 | K36: 0 | L36: 0 | M36: 0 | N36: 0 | O36: 0 | P36: 0 | Q36: 0 | R36: 0 | S36: 0 | T36: 0 | U36: 0 | V36: 0 | W36: 0 | X36: 0 | Y36: 0 | Z36: 0
A37: Motor gasoline (excluding biofuel portion) | B37: O4652XR5210B | C37: 0 | D37: 0 | E37: 0 | F37: 0 | G37: 0 | H37: 0 | I37: 0 | J37: 0 | K37: 0 | L37: 0 | M37: 0 | N37: 0 | O37: 0 | P37: 0 | Q37: 0 | R37: 0 | S37: 0 | T37: 0 | U37: 0 | V37: 0 | W37: 0 | X37: 0 | Y37: 0 | Z37: 0
A38: Aviation gasoline | B38: O4651 | C38: 0 | D38: 0 | E38: 0 | F38: 0 | G38: 0 | H38: 0 | I38: 0 | J38: 0 | K38: 0 | L38: 0 | M38: 0 | N38: 0 | O38: 0 | P38: 0 | Q38: 0 | R38: 0 | S38: 0 | T38: 0 | U38: 0 | V38: 0 | W38: 0 | X38: 0 | Y38: 0 | Z38: 0
A39: Gasoline-type jet fuel | B39: O4653 | C39: 0 | D39: 0 | E39: 0 | F39: 0 | G39: 0 | H39: 0 | I39: 0 | J39: 0 | K39: 0 | L39: 0 | M39: 0 | N39: 0 | O39: 0 | P39: 0 | Q39: 0 | R39: 0 | S39: 0 | T39: 0 | U39: 0 | V39: 0 | W39: 0 | X39: 0 | Y39: 0 | Z39: 0
A40: Kerosene-type jet fuel (excluding biofuel portion) | B40: O4661XR5230B | C40: 0 | D40: 0 | E40: 0 | F40: 0 | G40: 0 | H40: 0 | I40: 0 | J40: 0 | K40: 0 | L40: 0 | M40: 0 | N40: 0 | O40: 0 | P40: 0 | Q40: 0 | R40: 0 | S40: 0 | T40: 0 | U40: 0 | V40: 0 | W40: 0 | X40: 0 | Y40: 0 | Z40: 0
A41: Other kerosene | B41: O4669 | C41: 0 | D41: 0 | E41: 0 | F41: 0 | G41: 0 | H41: 0 | I41: 0 | J41: 0 | K41: 0 | L41: 0 | M41: 0 | N41: 0 | O41: 0 | P41: 0 | Q41: 0 | R41: 0 | S41: 0 | T41: 0 | U41: 0 | V41: 0 | W41: 0 | X41: 0 | Y41: 0 | Z41: 0
A42: Naphtha | B42: O4640 | C42: 0 | D42: 0 | E42: 0 | F42: 0 | G42: 0 | H42: 0 | I42: 0 | J42: 0 | K42: 0 | L42: 0 | M42: 0 | N42: 0 | O42: 0 | P42: 0 | Q42: 0 | R42: 0 | S42: 0 | T42: 0 | U42: 0 | V42: 0 | W42: 0 | X42: 0 | Y42: 0 | Z42: 0
A43: Gas oil and diesel oil (excluding biofuel portion) | B43: O4671XR5220B | C43: 108.99874 | D43: 103.63414 | E43: 90.70033 | F43: 92.882966 | G43: 100.35094 | H43: 95.850722 | I43: 90.795419 | J43: 79.918897 | K43: 82.143215 | L43: 163.63958 | M43: 169.86718 | N43: 161.19565 | O43: 105.92079 | P43: 82.941414 | Q43: 76.526351 | R43: 161.34994 | S43: 175.94177 | T43: 179.1738 | U43: 281.05283 | V43: 313.58803 | W43: 395.9353 | X43: 505.88143 | Y43: 398.32797 | Z43: 366.26437
A44: Fuel oil | B44: O4680 | C44: 3064.0455 | D44: 3335.5266 | E44: 3563.1368 | F44: 3949.8571 | G44: 4250.0482 | H44: 4408.3027 | I44: 4627.5874 | J44: 4850.0903 | K44: 4833.3907 | L44: 4507.9389 | M44: 5619.0759 | N44: 4719.6718 | O44: 4653.6829 | P44: 3914.8584 | Q44: 3479.3592 | R44: 3417.4651 | S44: 3869.3557 | T44: 3981.1385 | U44: 4379.8128 | V44: 4371.23 | W44: 4271.995 | X44: 4391.685 | Y44: 4149.475 | Z44: 3786.4014
A45: White spirit and special boiling point industrial spirits | B45: O4691 | C45: 0 | D45: 0 | E45: 0 | F45: 0 | G45: 0 | H45: 0 | I45: 0 | J45: 0 | K45: 0 | L45: 0 | M45: 0 | N45: 0 | O45: 0 | P45: 0 | Q45: 0 | R45: 0 | S45: 0 | T45: 0 | U45: 0 | V45: 0 | W45: 0 | X45: 0 | Y45: 0 | Z45: 0
... A51: Natural gas | B51: G3000 | C51: 0 | D51: 0 | E51: 0 | F51: 0 | G51: 0 | H51: 0 | I51: 0 | J51: 0 | K51: 0 | L51: 0 | M51: 0 | N51: 0 | O51: 0 | P51: 0 | Q51: 0 | R51: 0 | S51: 0 | T51: 0 | U51: 0 | V51: 0 | W51: 0 | X51: 0 | Y51: 0 | Z51: 0
A52: Non-renewable waste | B52: W6100_6220 | C52: =SUM(C53:C54) -> 0 | D52: =SUM(D53:D54) -> 0 | E52: =SUM(E53:E54) -> 0 | F52: =SUM(F53:F54) -> 0 | G52: =SUM(G53:G54) -> 0 | H52: =SUM(H53:H54) -> 0 | I52: =SUM(I53:I54) -> 0 | J52: =SUM(J53:J54) -> 0 | ... Z52: =SUM(Z53:Z54) -> 0
A53: Industrial waste (non-renewable) | B53: W6100 | C53: 0 | D53: 0 | E53: 0 | F53: 0 | G53: 0 | H53: 0 | I53: 0 | J53: 0 | K53: 0 | L53: 0 | M53: 0 | N53: 0 | O53: 0 | P53: 0 | Q53: 0 | R53: 0 | S53: 0 | T53: 0 | U53: 0 | V53: 0 | W53: 0 | X53: 0 | Y53: 0 | Z53: 0
A54: Non-renewable municipal waste | B54: W6220 | C54: 0 | D54: 0 | E54: 0 | F54: 0 | G54: 0 | H54: 0 | I54: 0 | J54: 0 | K54: 0 | L54: 0 | M54: 0 | N54: 0 | O54: 0 | P54: 0 | Q54: 0 | R54: 0 | S54: 0 | T54: 0 | U54: 0 | V54: 0 | W54: 0 | X54: 0 | Y54: 0 | Z54: 0
A60: CO2 emissions not accounted:
A61: Renewables and biofuels | B61: RA000 | C61: =SUM(C62:C72) -> 0 | D61: =SUM(D62:D72) -> 0 | E61: =SUM(E62:E72) -> 0 | F61: =SUM(F62:F72) -> 0 | G61: =SUM(G62:G72) -> 0 | H61: =SUM(H62:H72) -> 0 | I61: =SUM(I62:I72) -> 0 | J61: =SUM(J62:J72) -> 0 | ... Z61: =SUM(Z62:Z72) -> 0
A62: Primary solid biofuels | B62: R5110-5150_W6000RI | C62: 0 | D62: 0 | E62: 0 | F62: 0 | G62: 0 | H62: 0 | I62: 0 | J62: 0 | K62: 0 | L62: 0 | M62: 0 | N62: 0 | O62: 0 | P62: 0 | Q62: 0 | R62: 0 | S62: 0 | T62: 0 | U62: 0 | V62: 0 | W62: 0 | X62: 0 | Y62: 0 | Z62: 0
A63: Charcoal | B63: R5160 | C63: 0 | D63: 0 | E63: 0 | F63: 0 | G63: 0 | H63: 0 | I63: 0 | J63: 0 | K63: 0 | L63: 0 | M63: 0 | N63: 0 | O63: 0 | P63: 0 | Q63: 0 | R63: 0 | S63: 0 | T63: 0 | U63: 0 | V63: 0 | W63: 0 | X63: 0 | Y63: 0 | Z63: 0
A64: Biogases | B64: R5300 | C64: 0 | D64: 0 | E64: 0 | F64: 0 | G64: 0 | H64: 0 | I64: 0 | J64: 0 | K64: 0 | L64: 0 | M64: 0 | N64: 0 | O64: 0 | P64: 0 | Q64: 0 | R64: 0 | S64: 0 | T64: 0 | U64: 0 | V64: 0 | W64: 0 | X64: 0 | Y64: 0 | Z64: 0
A65: Renewable municipal waste | B65: W6210 | C65: 0 | D65: 0 | E65: 0 | F65: 0 | G65: 0 | H65: 0 | I65: 0 | J65: 0 | K65: 0 | L65: 0 | M65: 0 | N65: 0 | O65: 0 | P65: 0 | Q65: 0 | R65: 0 | S65: 0 | T65: 0 | U65: 0 | V65: 0 | W65: 0 | X65: 0 | Y65: 0 | Z65: 0
A66: Pure biogasoline | B66: R5210P | C66: 0 | D66: 0 | E66: 0 | F66: 0 | G66: 0 | H66: 0 | I66: 0 | J66: 0 | K66: 0 | L66: 0 | M66: 0 | N66: 0 | O66: 0 | P66: 0 | Q66: 0 | R66: 0 | S66: 0 | T66: 0 | U66: 0 | V66: 0 | W66: 0 | X66: 0 | Y66: 0 | Z66: 0
A67: Blended biogasoline | B67: R5210B | C67: 0 | D67: 0 | E67: 0 | F67: 0 | G67: 0 | H67: 0 | I67: 0 | J67: 0 | K67: 0 | L67: 0 | M67: 0 | N67: 0 | O67: 0 | P67: 0 | Q67: 0 | R67: 0 | S67: 0 | T67: 0 | U67: 0 | V67: 0 | W67: 0 | X67: 0 | Y67: 0 | Z67: 0
A68: Pure biodiesels | B68: R5220P | C68: 0 | D68: 0 | E68: 0 | F68: 0 | G68: 0 | H68: 0 | I68: 0 | J68: 0 | K68: 0 | L68: 0 | M68: 0 | N68: 0 | O68: 0 | P68: 0 | Q68: 0 | R68: 0 | S68: 0 | T68: 0 | U68: 0 | V68: 0 | W68: 0 | X68: 0 | Y68: 0 | Z68: 0
A69: Blended biodiesels | B69: R5220B | C69: 0 | D69: 0 | E69: 0 | F69: 0 | G69: 0 | H69: 0 | I69: 0 | J69: 0 | K69: 0 | L69: 0 | M69: 0 | N69: 0 | O69: 0 | P69: 0 | Q69: 0 | R69: 0 | S69: 0 | T69: 0 | U69: 0 | V69: 0 | W69: 0 | X69: 0 | Y69: 0 | Z69: 0
A70: Pure bio jet kerosene | B70: R5230P | C70: 0 | D70: 0 | E70: 0 | F70: 0 | G70: 0 | H70: 0 | I70: 0 | J70: 0 | K70: 0 | L70: 0 | M70: 0 | N70: 0 | O70: 0 | P70: 0 | Q70: 0 | R70: 0 | S70: 0 | T70: 0 | U70: 0 | V70: 0 | W70: 0 | X70: 0 | Y70: 0 | Z70: 0
A71: Blended bio jet kerosene | B71: R5230B | C71: 0 | D71: 0 | E71: 0 | F71: 0 | G71: 0 | H71: 0 | I71: 0 | J71: 0 | K71: 0 | L71: 0 | M71: 0 | N71: 0 | O71: 0 | P71: 0 | Q71: 0 | R71: 0 | S71: 0 | T71: 0 | U71: 0 | V71: 0 | W71: 0 | X71: 0 | Y71: 0 | Z71: 0
A72: Other liquid biofuels | B72: R5290 | C72: 0 | D72: 0 | E72: 0 | F72: 0 | G72: 0 | H72: 0 | I72: 0 | J72: 0 | K72: 0 | L72: 0 | M72: 0 | N72: 0 | O72: 0 | P72: 0 | Q72: 0 | R72: 0 | S72: 0 | T72: 0 | U72: 0 | V72: 0 | W72: 0 | X72: 0 | Y72: 0 | Z72: 0

Sheet GIC
A1: Gross inland consumption | B1: GIC | C1: 2000 | D1: 2001 | E1: 2002 | F1: 2003 | G1: 2004 | H1: 2005 | I1: 2006 | J1: 2007 | K1: 2008 | L1: 2009 | M1: 2010 | N1: 2011 | O1: 2012 | P1: 2013 | Q1: 2014 | R1: 2015 | S1: 2016 | T1: 2017 | U1: 2018 | V1: 2019 | W1: 2020 | X1: 2021 | Y1: 2022 | Z1: 2023
A2: Total | B2: TOTAL | C2: =SUM(C3,C17,C22,C25,C26,C51,C52) -> 426721.33 | D2: =SUM(D3,D17,D22,D25,D26,D51,D52) -> 423054.07 | E2: =SUM(E3,E17,E22,E25,E26,E51,E52) -> 431638.23 | F2: =SUM(F3,F17,F22,F25,F26,F51,F52) -> 449642.39 | G2: =SUM(G3,G17,G22,G25,G26,G51,G52) -> 458834.43 | H2: =SUM(H3,H17,H22,H25,H26,H51,H52) -> 461685.58 | I2: =SUM(I3,I17,I22,I25,I26,I51,I52) -> 456374.24 | J2: =SUM(J3,J17,J22,J25,J26,J51,J52) -> 449343.07 | ... Z2: =SUM(Z3,Z17,Z22,Z25,Z26,Z51,Z52) -> 295736.02
A3: Solid fossil fuels | B3: C0000X0350-0370 | C3: =SUM(C4,C8,C11) -> 30288.662 | D3: =SUM(D4,D8,D11) -> 34559.402 | E3: =SUM(E4,E8,E11) -> 37922.69 | F3: =SUM(F4,F8,F11) -> 41130.688 | G3: =SUM(G4,G8,G11) -> 48393.82 | H3: =SUM(H4,H8,H11) -> 48035.956 | I3: =SUM(I4,I8,I11) -> 46700.361 | J3: =SUM(J4,J8,J11) -> 47597.935 | ... Z3: =SUM(Z4,Z8,Z11) -> 14169.791
A4: Hard coal | B4: C0100 | C4: =SUM(C5:C7) -> 25056.02 | D4: =SUM(D5:D7) -> 29937.184 | E4: =SUM(E5:E7) -> 33765.143 | F4: =SUM(F5:F7) -> 37439.445 | G4: =SUM(G5:G7) -> 44664.629 | H4: =SUM(H5:H7) -> 43482.641 | I4: =SUM(I5:I7) -> 42283.378 | J4: =SUM(J5:J7) -> 43255.393 | ... Z4: =SUM(Z5:Z7) -> 12823.434
A5: Anthracite | B5: C0110 | C5: =INTAVI!C5+NRGSUP!C5 -> 0 | D5: =INTAVI!D5+NRGSUP!D5 -> 0 | E5: =INTAVI!E5+NRGSUP!E5 -> 0 | F5: =INTAVI!F5+NRGSUP!F5 -> 0 | G5: =INTAVI!G5+NRGSUP!G5 -> 0 | H5: =INTAVI!H5+NRGSUP!H5 -> 0 | I5: =INTAVI!I5+NRGSUP!I5 -> 0 | J5: =INTAVI!J5+NRGSUP!J5 -> 0 | ... Z5: =INTAVI!Z5+NRGSUP!Z5 -> 36.441498
A6: Coking coal | B6: C0121 | C6: =INTAVI!C6+NRGSUP!C6 -> 143.62335 | D6: =INTAVI!D6+NRGSUP!D6 -> 196.3829 | E6: =INTAVI!E6+NRGSUP!E6 -> 331.21265 | F6: =INTAVI!F6+NRGSUP!F6 -> 175.86518 | G6: =INTAVI!G6+NRGSUP!G6 -> 178.79638 | H6: =INTAVI!H6+NRGSUP!H6 -> 1000.5526 | I6: =INTAVI!I6+NRGSUP!I6 -> 157.47747 | J6: =INTAVI!J6+NRGSUP!J6 -> 172.82925 | ... Z6: =INTAVI!Z6+NRGSUP!Z6 -> 0
A7: Other bituminous coal | B7: C0129 | C7: =INTAVI!C7+NRGSUP!C7 -> 24912.397 | D7: =INTAVI!D7+NRGSUP!D7 -> 29740.801 | E7: =INTAVI!E7+NRGSUP!E7 -> 33433.93 | F7: =INTAVI!F7+NRGSUP!F7 -> 37263.58 | G7: =INTAVI!G7+NRGSUP!G7 -> 44485.832 | H7: =INTAVI!H7+NRGSUP!H7 -> 42482.089 | I7: =INTAVI!I7+NRGSUP!I7 -> 42125.901 | J7: =INTAVI!J7+NRGSUP!J7 -> 43082.564 | ... Z7: =INTAVI!Z7+NRGSUP!Z7 -> 12786.992
A8: Brown coal | B8: C0200 | C8: =SUM(C9:C10) -> 31.771619 | D8: =SUM(D9:D10) -> 11.649861 | E8: =SUM(E9:E10) -> 10.590782 | F8: =SUM(F9:F10) -> 8.4748118 | G8: =SUM(G9:G10) -> 9.5342544 | H8: =SUM(H9:H10) -> 8.4748118 | I8: =SUM(I9:I10) -> 8.4748118 | J8: =SUM(J9:J10) -> 4.2374059 | ... Z8: =SUM(Z9:Z10) -> 0
A9: Sub-bituminous coal | B9: C0210 | C9: =INTAVI!C9+NRGSUP!C9 -> 0 | D9: =INTAVI!D9+NRGSUP!D9 -> 0 | E9: =INTAVI!E9+NRGSUP!E9 -> 0 | F9: =INTAVI!F9+NRGSUP!F9 -> 0 | G9: =INTAVI!G9+NRGSUP!G9 -> 0 | H9: =INTAVI!H9+NRGSUP!H9 -> 0 | I9: =INTAVI!I9+NRGSUP!I9 -> 0 | J9: =INTAVI!J9+NRGSUP!J9 -> 0 | ... Z9: =INTAVI!Z9+NRGSUP!Z9 -> 0
A10: Lignite | B10: C0220 | C10: =INTAVI!C10+NRGSUP!C10 -> 31.771619 | D10: =INTAVI!D10+NRGSUP!D10 -> 11.649861 | E10: =INTAVI!E10+NRGSUP!E10 -> 10.590782 | F10: =INTAVI!F10+NRGSUP!F10 -> 8.4748118 | G10: =INTAVI!G10+NRGSUP!G10 -> 9.5342544 | H10: =INTAVI!H10+NRGSUP!H10 -> 8.4748118 | I10: =INTAVI!I10+NRGSUP!I10 -> 8.4748118 | J10: =INTAVI!J10+NRGSUP!J10 -> 4.2374059 | ... Z10: =INTAVI!Z10+NRGSUP!Z10 -> 0
A11: Coal products | B11: C0300 | C11: =SUM(C12:C16) -> 5200.8697 | D11: =SUM(D12:D16) -> 4610.5679 | E11: =SUM(E12:E16) -> 4146.9562 | F11: =SUM(F12:F16) -> 3682.768 | G11: =SUM(G12:G16) -> 3719.6569 | H11: =SUM(H12:H16) -> 4544.8403 | I11: =SUM(I12:I16) -> 4408.5082 | J11: =SUM(J12:J16) -> 4338.3047 | ... Z11: =SUM(Z12:Z16) -> 1346.3573
A12: Patent fuel | B12: C0320 | C12: =INTAVI!C12+NRGSUP!C12 -> 0 | D12: =INTAVI!D12+NRGSUP!D12 -> 0 | E12: =INTAVI!E12+NRGSUP!E12 -> 0 | F12: =INTAVI!F12+NRGSUP!F12 -> 0 | G12: =INTAVI!G12+NRGSUP!G12 -> 0 | H12: =INTAVI!H12+NRGSUP!H12 -> 0 | I12: =INTAVI!I12+NRGSUP!I12 -> 0 | J12: =INTAVI!J12+NRGSUP!J12 -> 0 | ... Z12: =INTAVI!Z12+NRGSUP!Z12 -> 0
A13: Coke oven coke | B13: C0311 | C13: =INTAVI!C13+NRGSUP!C13 -> 5200.8697 | D13: =INTAVI!D13+NRGSUP!D13 -> 4610.5679 | E13: =INTAVI!E13+NRGSUP!E13 -> 4146.9562 | F13: =INTAVI!F13+NRGSUP!F13 -> 3682.768 | G13: =INTAVI!G13+NRGSUP!G13 -> 3719.6569 | H13: =INTAVI!H13+NRGSUP!H13 -> 4544.8403 | I13: =INTAVI!I13+NRGSUP!I13 -> 4408.5082 | J13: =INTAVI!J13+NRGSUP!J13 -> 4338.3047 | ... Z13: =INTAVI!Z13+NRGSUP!Z13 -> 1244.5163
A14: Gas coke | B14: C0312 | C14: =INTAVI!C14+NRGSUP!C14 -> 0 | D14: =INTAVI!D14+NRGSUP!D14 -> 0 | E14: =INTAVI!E14+NRGSUP!E14 -> 0 | F14: =INTAVI!F14+NRGSUP!F14 -> 0 | G14: =INTAVI!G14+NRGSUP!G14 -> 0 | H14: =INTAVI!H14+NRGSUP!H14 -> 0 | I14: =INTAVI!I14+NRGSUP!I14 -> 0 | J14: =INTAVI!J14+NRGSUP!J14 -> 0 | ... Z14: =INTAVI!Z14+NRGSUP!Z14 -> 0
A15: Coal tar | B15: C0340 | C15: =INTAVI!C15+NRGSUP!C15 -> 0 | D15: =INTAVI!D15+NRGSUP!D15 -> 0 | E15: =INTAVI!E15+NRGSUP!E15 -> 0 | F15: =INTAVI!F15+NRGSUP!F15 -> 0 | G15: =INTAVI!G15+NRGSUP!G15 -> 0 | H15: =INTAVI!H15+NRGSUP!H15 -> 0 | I15: =INTAVI!I15+NRGSUP!I15 -> 0 | J15: =INTAVI!J15+NRGSUP!J15 -> 0 | ... Z15: =INTAVI!Z15+NRGSUP!Z15 -> 101.84096
A16: Brown coal briquettes | B16: C0330 | C16: =INTAVI!C16+NRGSUP!C16 -> 0 | D16: =INTAVI!D16+NRGSUP!D16 -> 0 | E16: =INTAVI!E16+NRGSUP!E16 -> 0 | F16: =INTAVI!F16+NRGSUP!F16 -> 0 | G16: =INTAVI!G16+NRGSUP!G16 -> 0 | H16: =INTAVI!H16+NRGSUP!H16 -> 0 | I16: =INTAVI!I16+NRGSUP!I16 -> 0 | J16: =INTAVI!J16+NRGSUP!J16 -> 0 | ... Z16: =INTAVI!Z16+NRGSUP!Z16 -> 0
A17: Manufactured gases | B17: C0350-0370 | C17: =SUM(C18:C21) -> 11323.352 | D17: =SUM(D18:D21) -> 9532.4365 | E17: =SUM(E18:E21) -> 9310.7404 | F17: =SUM(F18:F21) -> 9766.5122 | G17: =SUM(G18:G21) -> 9674.8181 | H17: =SUM(H18:H21) -> 11415.581 | I17: =SUM(I18:I21) -> 11970.026 | J17: =SUM(J18:J21) -> 11178.427 | ... Z17: =SUM(Z18:Z21) -> 2415.0151
A18: Gas works gas | B18: C0360 | C18: =INTAVI!C18+NRGSUP!C18 -> 7.91208 | D18: =INTAVI!D18+NRGSUP!D18 -> 0 | E18: =INTAVI!E18+NRGSUP!E18 -> 0 | F18: =INTAVI!F18+NRGSUP!F18 -> 0 | G18: =INTAVI!G18+NRGSUP!G18 -> 0 | H18: =INTAVI!H18+NRGSUP!H18 -> 0 | I18: =INTAVI!I18+NRGSUP!I18 -> 0 | J18: =INTAVI!J18+NRGSUP!J18 -> 0 | ... Z18: =INTAVI!Z18+NRGSUP!Z18 -> 0
A19: Coke oven gas | B19: C0350 | C19: =INTAVI!C19+NRGSUP!C19 -> 889.3098 | D19: =INTAVI!D19+NRGSUP!D19 -> 584.09532 | E19: =INTAVI!E19+NRGSUP!E19 -> 573.46596 | F19: =INTAVI!F19+NRGSUP!F19 -> 609.90948 | G19: =INTAVI!G19+NRGSUP!G19 -> 573.98544 | H19: =INTAVI!H19+NRGSUP!H19 -> 565.31412 | I19: =INTAVI!I19+NRGSUP!I19 -> 629.44992 | J19: =INTAVI!J19+NRGSUP!J19 -> 658.5408 | ... Z19: =INTAVI!Z19+NRGSUP!Z19 -> 361.14393
A20: Blast furnace gas | B20: C0371 | C20: =INTAVI!C20+NRGSUP!C20 -> 9948.3799 | D20: =INTAVI!D20+NRGSUP!D20 -> 8407.6191 | E20: =INTAVI!E20+NRGSUP!E20 -> 8295.5602 | F20: =INTAVI!F20+NRGSUP!F20 -> 8532.1604 | G20: =INTAVI!G20+NRGSUP!G20 -> 8548.2802 | H20: =INTAVI!H20+NRGSUP!H20 -> 10037.818 | I20: =INTAVI!I20+NRGSUP!I20 -> 10654.8 | J20: =INTAVI!J20+NRGSUP!J20 -> 10202.66 | ... Z20: =INTAVI!Z20+NRGSUP!Z20 -> 1947.3658
A21: Other recovered gases | B21: C0379 | C21: =INTAVI!C21+NRGSUP!C21 -> 477.75022 | D21: =INTAVI!D21+NRGSUP!D21 -> 540.72215 | E21: =INTAVI!E21+NRGSUP!E21 -> 441.71422 | F21: =INTAVI!F21+NRGSUP!F21 -> 624.44229 | G21: =INTAVI!G21+NRGSUP!G21 -> 552.55244 | H21: =INTAVI!H21+NRGSUP!H21 -> 812.448 | I21: =INTAVI!I21+NRGSUP!I21 -> 685.77622 | J21: =INTAVI!J21+NRGSUP!J21 -> 317.22622 | ... Z21: =INTAVI!Z21+NRGSUP!Z21 -> 106.50538
A22: Peat and peat products | B22: P1000 | C22: =SUM(C23:C24) -> 0 | D22: =SUM(D23:D24) -> 0 | E22: =SUM(E23:E24) -> 0 | F22: =SUM(F23:F24) -> 0 | G22: =SUM(G23:G24) -> 0 | H22: =SUM(H23:H24) -> 0 | I22: =SUM(I23:I24) -> 0 | J22: =SUM(J23:J24) -> 0 | ... Z22: =SUM(Z23:Z24) -> 0
A23: Peat | B23: P1100 | C23: =INTAVI!C23+NRGSUP!C23 -> 0 | D23: =INTAVI!D23+NRGSUP!D23 -> 0 | E23: =INTAVI!E23+NRGSUP!E23 -> 0 | F23: =INTAVI!F23+NRGSUP!F23 -> 0 | G23: =INTAVI!G23+NRGSUP!G23 -> 0 | H23: =INTAVI!H23+NRGSUP!H23 -> 0 | I23: =INTAVI!I23+NRGSUP!I23 -> 0 | J23: =INTAVI!J23+NRGSUP!J23 -> 0 | ... Z23: =INTAVI!Z23+NRGSUP!Z23 -> 0
A24: Peat products | B24: P1200 | C24: =INTAVI!C24+NRGSUP!C24 -> 0 | D24: =INTAVI!D24+NRGSUP!D24 -> 0 | E24: =INTAVI!E24+NRGSUP!E24 -> 0 | F24: =INTAVI!F24+NRGSUP!F24 -> 0 | G24: =INTAVI!G24+NRGSUP!G24 -> 0 | H24: =INTAVI!H24+NRGSUP!H24 -> 0 | I24: =INTAVI!I24+NRGSUP!I24 -> 0 | J24: =INTAVI!J24+NRGSUP!J24 -> 0 | ... Z24: =INTAVI!Z24+NRGSUP!Z24 -> 0
A25: Oil shale and oil sands | B25: S2000 | C25: =INTAVI!C25+NRGSUP!C25 -> 0 | D25: =INTAVI!D25+NRGSUP!D25 -> 0 | E25: =INTAVI!E25+NRGSUP!E25 -> 0 | F25: =INTAVI!F25+NRGSUP!F25 -> 0 | G25: =INTAVI!G25+NRGSUP!G25 -> 0 | H25: =INTAVI!H25+NRGSUP!H25 -> 0 | I25: =INTAVI!I25+NRGSUP!I25 -> 0 | J25: =INTAVI!J25+NRGSUP!J25 -> 0 | ... Z25: =INTAVI!Z25+NRGSUP!Z25 -> 0
A26: Oil and petroleum products | B26: O4000XBIO | C26: =SUM(C27,C33) -> 250985.63 | D26: =SUM(D27,D33) -> 244083.53 | E26: =SUM(E27,E33) -> 250100.11 | F26: =SUM(F27,F33) -> 249728.31 | G26: =SUM(G27,G33) -> 245717.29 | H26: =SUM(H27,H33) -> 236342.1 | I26: =SUM(I27,I33) -> 234603.36 | J26: =SUM(J27,J33) -> 226172.57 | ... Z26: =SUM(Z27,Z33) -> 156396
A27: Crude oil, NGL, refinery feedstocks, additives and oxygenates and other hydrocarbons (excluding biofuel portion) | B27: O4100_TOT_4200-4500XBIO | C27: =SUM(C28:C32) -> 0 | D27: =SUM(D28:D32) -> 0 | E27: =SUM(E28:E32) -> 0 | F27: =SUM(F28:F32) -> 0 | G27: =SUM(G28:G32) -> 0 | H27: =SUM(H28:H32) -> 0 | I27: =SUM(I28:I32) -> 0 | J27: =SUM(J28:J32) -> 0 | ... Z27: =SUM(Z28:Z32) -> 0
A28: Crude oil | B28: O4100_TOT | C28: =INTAVI!C28+NRGSUP!C28 -> 0 | D28: =INTAVI!D28+NRGSUP!D28 -> 0 | E28: =INTAVI!E28+NRGSUP!E28 -> 0 | F28: =INTAVI!F28+NRGSUP!F28 -> 0 | G28: =INTAVI!G28+NRGSUP!G28 -> 0 | H28: =INTAVI!H28+NRGSUP!H28 -> 0 | I28: =INTAVI!I28+NRGSUP!I28 -> 0 | J28: =INTAVI!J28+NRGSUP!J28 -> 0 | ... Z28: =INTAVI!Z28+NRGSUP!Z28 -> 0
A29: Natural gas liquids | B29: O4200 | C29: =INTAVI!C29+NRGSUP!C29 -> 0 | D29: =INTAVI!D29+NRGSUP!D29 -> 0 | E29: =INTAVI!E29+NRGSUP!E29 -> 0 | F29: =INTAVI!F29+NRGSUP!F29 -> 0 | G29: =INTAVI!G29+NRGSUP!G29 -> 0 | H29: =INTAVI!H29+NRGSUP!H29 -> 0 | I29: =INTAVI!I29+NRGSUP!I29 -> 0 | J29: =INTAVI!J29+NRGSUP!J29 -> 0 | ... Z29: =INTAVI!Z29+NRGSUP!Z29 -> 0
A30: Refinery feedstocks | B30: O4300 | C30: =INTAVI!C30+NRGSUP!C30 -> 0 | D30: =INTAVI!D30+NRGSUP!D30 -> 0 | E30: =INTAVI!E30+NRGSUP!E30 -> 0 | F30: =INTAVI!F30+NRGSUP!F30 -> 0 | G30: =INTAVI!G30+NRGSUP!G30 -> 0 | H30: =INTAVI!H30+NRGSUP!H30 -> 0 | I30: =INTAVI!I30+NRGSUP!I30 -> 0 | J30: =INTAVI!J30+NRGSUP!J30 -> 0 | ... Z30: =INTAVI!Z30+NRGSUP!Z30 -> 0
A31: Additives and oxygenates (excluding biofuel portion) | B31: O4400X4410 | C31: =INTAVI!C31+NRGSUP!C31 -> 0 | D31: =INTAVI!D31+NRGSUP!D31 -> 0 | E31: =INTAVI!E31+NRGSUP!E31 -> 0 | F31: =INTAVI!F31+NRGSUP!F31 -> 0 | G31: =INTAVI!G31+NRGSUP!G31 -> 0 | H31: =INTAVI!H31+NRGSUP!H31 -> 0 | I31: =INTAVI!I31+NRGSUP!I31 -> 0 | J31: =INTAVI!J31+NRGSUP!J31 -> 0 | ... Z31: =INTAVI!Z31+NRGSUP!Z31 -> 0
A32: Other hydrocarbons | B32: O4500 | C32: =INTAVI!C32+NRGSUP!C32 -> 0 | D32: =INTAVI!D32+NRGSUP!D32 -> 0 | E32: =INTAVI!E32+NRGSUP!E32 -> 0 | F32: =INTAVI!F32+NRGSUP!F32 -> 0 | G32: =INTAVI!G32+NRGSUP!G32 -> 0 | H32: =INTAVI!H32+NRGSUP!H32 -> 0 | I32: =INTAVI!I32+NRGSUP!I32 -> 0 | J32: =INTAVI!J32+NRGSUP!J32 -> 0 | ... Z32: =INTAVI!Z32+NRGSUP!Z32 -> 0
A33: Oil products (excluding biofuel portion) | B33: O4600XBIO | C33: =SUM(C34:C50) -> 250985.63 | D33: =SUM(D34:D50) -> 244083.53 | E33: =SUM(E34:E50) -> 250100.11 | F33: =SUM(F34:F50) -> 249728.31 | G33: =SUM(G34:G50) -> 245717.29 | H33: =SUM(H34:H50) -> 236342.1 | I33: =SUM(I34:I50) -> 234603.36 | J33: =SUM(J34:J50) -> 226172.57 | ... Z33: =SUM(Z34:Z50) -> 156396
A34: Refinery gas | B34: O4610 | C34: =INTAVI!C34+NRGSUP!C34 -> 7068.1248 | D34: =INTAVI!D34+NRGSUP!D34 -> 6372.432 | E34: =INTAVI!E34+NRGSUP!E34 -> 6740.2368 | F34: =INTAVI!F34+NRGSUP!F34 -> 7088.0832 | G34: =INTAVI!G34+NRGSUP!G34 -> 7980.5088 | H34: =INTAVI!H34+NRGSUP!H34 -> 8684.7552 | I34: =INTAVI!I34+NRGSUP!I34 -> 8439.552 | J34: =INTAVI!J34+NRGSUP!J34 -> 9389.0016 | ... Z34: =INTAVI!Z34+NRGSUP!Z34 -> 7520.9725
A35: Ethane | B35: O4620 | C35: =INTAVI!C35+NRGSUP!C35 -> 0 | D35: =INTAVI!D35+NRGSUP!D35 -> 0 | E35: =INTAVI!E35+NRGSUP!E35 -> 0 | F35: =INTAVI!F35+NRGSUP!F35 -> 0 | G35: =INTAVI!G35+NRGSUP!G35 -> 0 | H35: =INTAVI!H35+NRGSUP!H35 -> 0 | I35: =INTAVI!I35+NRGSUP!I35 -> 0 | J35: =INTAVI!J35+NRGSUP!J35 -> 0 | ... Z35: =INTAVI!Z35+NRGSUP!Z35 -> 0
A36: Liquefied petroleum gases | B36: O4630 | C36: =INTAVI!C36+NRGSUP!C36 -> 11450.756 | D36: =INTAVI!D36+NRGSUP!D36 -> 11360.776 | E36: =INTAVI!E36+NRGSUP!E36 -> 10893.458 | F36: =INTAVI!F36+NRGSUP!F36 -> 10884.75 | G36: =INTAVI!G36+NRGSUP!G36 -> 10400.016 | H36: =INTAVI!H36+NRGSUP!H36 -> 10391.308 | I36: =INTAVI!I36+NRGSUP!I36 -> 9761.4441 | J36: =INTAVI!J36+NRGSUP!J36 -> 9227.365 | ... Z36: =INTAVI!Z36+NRGSUP!Z36 -> 9903.1108
A37: Motor gasoline (excluding biofuel portion) | B37: O4652XR5210B | C37: =INTAVI!C37+NRGSUP!C37 -> 51238.757 | D37: =INTAVI!D37+NRGSUP!D37 -> 50226.422 | E37: =INTAVI!E37+NRGSUP!E37 -> 49515.958 | F37: =INTAVI!F37+NRGSUP!F37 -> 47933.424 | G37: =INTAVI!G37+NRGSUP!G37 -> 45216.586 | H37: =INTAVI!H37+NRGSUP!H37 -> 42124.698 | I37: =INTAVI!I37+NRGSUP!I37 -> 39499.337 | J37: =INTAVI!J37+NRGSUP!J37 -> 37233.781 | ... Z37: =INTAVI!Z37+NRGSUP!Z37 -> 24878.069
A38: Aviation gasoline | B38: O4651 | C38: =INTAVI!C38+NRGSUP!C38 -> 18.479916 | D38: =INTAVI!D38+NRGSUP!D38 -> 33.879888 | E38: =INTAVI!E38+NRGSUP!E38 -> 36.960084 | F38: =INTAVI!F38+NRGSUP!F38 -> 46.199916 | G38: =INTAVI!G38+NRGSUP!G38 -> 43.119972 | H38: =INTAVI!H38+NRGSUP!H38 -> 43.119972 | I38: =INTAVI!I38+NRGSUP!I38 -> 49.280112 | J38: =INTAVI!J38+NRGSUP!J38 -> 46.199916 | ... Z38: =INTAVI!Z38+NRGSUP!Z38 -> 2.540916
A39: Gasoline-type jet fuel | B39: O4653 | C39: =INTAVI!C39+NRGSUP!C39 -> 0 | D39: =INTAVI!D39+NRGSUP!D39 -> 0 | E39: =INTAVI!E39+NRGSUP!E39 -> 0 | F39: =INTAVI!F39+NRGSUP!F39 -> 0 | G39: =INTAVI!G39+NRGSUP!G39 -> 0 | H39: =INTAVI!H39+NRGSUP!H39 -> 0 | I39: =INTAVI!I39+NRGSUP!I39 -> 0 | J39: =INTAVI!J39+NRGSUP!J39 -> 0 | ... Z39: =INTAVI!Z39+NRGSUP!Z39 -> 0
A40: Kerosene-type jet fuel (excluding biofuel portion) | B40: O4661XR5230B | C40: =INTAVI!C40+NRGSUP!C40 -> 11065.194 | D40: =INTAVI!D40+NRGSUP!D40 -> 9874.8899 | E40: =INTAVI!E40+NRGSUP!E40 -> 9881.0733 | F40: =INTAVI!F40+NRGSUP!F40 -> 11201.229 | G40: =INTAVI!G40+NRGSUP!G40 -> 11164.129 | H40: =INTAVI!H40+NRGSUP!H40 -> 11689.718 | I40: =INTAVI!I40+NRGSUP!I40 -> 12410.084 | J40: =INTAVI!J40+NRGSUP!J40 -> 13080.983 | ... Z40: =INTAVI!Z40+NRGSUP!Z40 -> 14386.048
A41: Other kerosene | B41: O4669 | C41: =INTAVI!C41+NRGSUP!C41 -> 166.95154 | D41: =INTAVI!D41+NRGSUP!D41 -> 355.54521 | E41: =INTAVI!E41+NRGSUP!E41 -> 200.96053 | F41: =INTAVI!F41+NRGSUP!F41 -> 163.8597 | G41: =INTAVI!G41+NRGSUP!G41 -> 105.11777 | H41: =INTAVI!H41+NRGSUP!H41 -> 71.108784 | I41: =INTAVI!I41+NRGSUP!I41 -> 68.017199 | J41: =INTAVI!J41+NRGSUP!J41 -> 37.100314 | ... Z41: =INTAVI!Z41+NRGSUP!Z41 -> 4.3687015
A42: Naphtha | B42: O4640 | C42: =INTAVI!C42+NRGSUP!C42 -> 2138.3078 | D42: =INTAVI!D42+NRGSUP!D42 -> 954.65926 | E42: =INTAVI!E42+NRGSUP!E42 -> 925.63246 | F42: =INTAVI!F42+NRGSUP!F42 -> 735.34569 | G42: =INTAVI!G42+NRGSUP!G42 -> 235.43954 | H42: =INTAVI!H42+NRGSUP!H42 -> 193.51191 | I42: =INTAVI!I42+NRGSUP!I42 -> 99.981229 | J42: =INTAVI!J42+NRGSUP!J42 -> 109.65692 | ... Z42: =INTAVI!Z42+NRGSUP!Z42 -> 0
A43: Gas oil and diesel oil (excluding biofuel portion) | B43: O4671XR5220B | C43: =INTAVI!C43+NRGSUP!C43 -> 82313.066 | D43: =INTAVI!D43+NRGSUP!D43 -> 85927.442 | E43: =INTAVI!E43+NRGSUP!E43 -> 88124.477 | F43: =INTAVI!F43+NRGSUP!F43 -> 89507.094 | G43: =INTAVI!G43+NRGSUP!G43 -> 95151.202 | H43: =INTAVI!H43+NRGSUP!H43 -> 96858.956 | I43: =INTAVI!I43+NRGSUP!I43 -> 98108.993 | J43: =INTAVI!J43+NRGSUP!J43 -> 98437.286 | ... Z43: =INTAVI!Z43+NRGSUP!Z43 -> 78953.061
A44: Fuel oil | B44: O4680 | C44: =INTAVI!C44+NRGSUP!C44 -> 74232.792 | D44: =INTAVI!D44+NRGSUP!D44 -> 67963.392 | E44: =INTAVI!E44+NRGSUP!E44 -> 72273.024 | F44: =INTAVI!F44+NRGSUP!F44 -> 69124.392 | G44: =INTAVI!G44+NRGSUP!G44 -> 48083.976 | H44: =INTAVI!H44+NRGSUP!H44 -> 40446.144 | I44: =INTAVI!I44+NRGSUP!I44 -> 39056.04 | J44: =INTAVI!J44+NRGSUP!J44 -> 31408.92 | ... Z44: =INTAVI!Z44+NRGSUP!Z44 -> 4266.1021
A45: White spirit and special boiling point industrial spirits | B45: O4691 | C45: =INTAVI!C45+NRGSUP!C45 -> 0 | D45: =INTAVI!D45+NRGSUP!D45 -> 0 | E45: =INTAVI!E45+NRGSUP!E45 -> 0 | F45: =INTAVI!F45+NRGSUP!F45 -> 0 | G45: =INTAVI!G45+NRGSUP!G45 -> 0 | H45: =INTAVI!H45+NRGSUP!H45 -> 0 | I45: =INTAVI!I45+NRGSUP!I45 -> 0 | J45: =INTAVI!J45+NRGSUP!J45 -> 0 | ... Z45: =INTAVI!Z45+NRGSUP!Z45 -> 0
... A51: Natural gas | B51: G3000 | C51: =INTAVI!C51+NRGSUP!C51 -> 133154.25 | D51: =INTAVI!D51+NRGSUP!D51 -> 133680.76 | E51: =INTAVI!E51+NRGSUP!E51 -> 133102.55 | F51: =INTAVI!F51+NRGSUP!F51 -> 146537.33 | G51: =INTAVI!G51+NRGSUP!G51 -> 151650.3 | H51: =INTAVI!H51+NRGSUP!H51 -> 162461.02 | I51: =INTAVI!I51+NRGSUP!I51 -> 159202.85 | J51: =INTAVI!J51+NRGSUP!J51 -> 160202.75 | ... Z51: =INTAVI!Z51+NRGSUP!Z51 -> 116616.99
A52: Non-renewable waste | B52: W6100_6220 | C52: =SUM(C53:C54) -> 969.4372 | D52: =SUM(D53:D54) -> 1197.9472 | E52: =SUM(E53:E54) -> 1202.1493 | F52: =SUM(F53:F54) -> 2479.5571 | G52: =SUM(G53:G54) -> 3398.2036 | H52: =SUM(H53:H54) -> 3430.9258 | I52: =SUM(I53:I54) -> 3897.6446 | J52: =SUM(J53:J54) -> 4191.3884 | ... Z52: =SUM(Z53:Z54) -> 6138.2297
A53: Industrial waste (non-renewable) | B53: W6100 | C53: =INTAVI!C53+NRGSUP!C53 -> 547.97577 | D53: =INTAVI!D53+NRGSUP!D53 -> 567.28077 | E53: =INTAVI!E53+NRGSUP!E53 -> 492.63477 | F53: =INTAVI!F53+NRGSUP!F53 -> 780.92277 | G53: =INTAVI!G53+NRGSUP!G53 -> 975.97483 | H53: =INTAVI!H53+NRGSUP!H53 -> 701.98694 | I53: =INTAVI!I53+NRGSUP!I53 -> 750.17789 | J53: =INTAVI!J53+NRGSUP!J53 -> 752.46566 | ... Z53: =INTAVI!Z53+NRGSUP!Z53 -> 1974.3249
A54: Non-renewable municipal waste | B54: W6220 | C54: =INTAVI!C54+NRGSUP!C54 -> 421.46143 | D54: =INTAVI!D54+NRGSUP!D54 -> 630.66643 | E54: =INTAVI!E54+NRGSUP!E54 -> 709.51457 | F54: =INTAVI!F54+NRGSUP!F54 -> 1698.6343 | G54: =INTAVI!G54+NRGSUP!G54 -> 2422.2287 | H54: =INTAVI!H54+NRGSUP!H54 -> 2728.9389 | I54: =INTAVI!I54+NRGSUP!I54 -> 3147.4667 | J54: =INTAVI!J54+NRGSUP!J54 -> 3438.9227 | ... Z54: =INTAVI!Z54+NRGSUP!Z54 -> 4163.9047
A60: CO2 emissions not accounted:
A61: Renewables and biofuels | B61: RA000 | C61: =SUM(C62:C72) -> 8261.8194 | D61: =SUM(D62:D72) -> 8894.9436 | E61: =SUM(E62:E72) -> 13579.758 | F61: =SUM(F62:F72) -> 21590.817 | G61: =SUM(G62:G72) -> 18385.603 | H61: =SUM(H62:H72) -> 26596.106 | I61: =SUM(I62:I72) -> 30689.478 | J61: =SUM(J62:J72) -> 39234.472 | ... Z61: =SUM(Z62:Z72) -> 51696.682
A62: Primary solid biofuels | B62: R5110-5150_W6000RI | C62: =INTAVI!C62+NRGSUP!C62 -> 7199.8081 | D62: =INTAVI!D62+NRGSUP!D62 -> 7632.4639 | E62: =INTAVI!E62+NRGSUP!E62 -> 12160.288 | F62: =INTAVI!F62+NRGSUP!F62 -> 19273.072 | G62: =INTAVI!G62+NRGSUP!G62 -> 14567.056 | H62: =INTAVI!H62+NRGSUP!H62 -> 22754.144 | I62: =INTAVI!I62+NRGSUP!I62 -> 26305.776 | J62: =INTAVI!J62+NRGSUP!J62 -> 34601.392 | ... Z62: =INTAVI!Z62+NRGSUP!Z62 -> 37042.333
A63: Charcoal | B63: R5160 | C63: =INTAVI!C63+NRGSUP!C63 -> 403.6032 | D63: =INTAVI!D63+NRGSUP!D63 -> 365.65724 | E63: =INTAVI!E63+NRGSUP!E63 -> 320.81293 | F63: =INTAVI!F63+NRGSUP!F63 -> 286.31676 | G63: =INTAVI!G63+NRGSUP!G63 -> 275.96822 | H63: =INTAVI!H63+NRGSUP!H63 -> 251.82058 | I63: =INTAVI!I63+NRGSUP!I63 -> 296.66569 | J63: =INTAVI!J63+NRGSUP!J63 -> 286.31676 | ... Z63: =INTAVI!Z63+NRGSUP!Z63 -> 266.30231
A64: Biogases | B64: R5300 | C64: =INTAVI!C64+NRGSUP!C64 -> 299.20796 | D64: =INTAVI!D64+NRGSUP!D64 -> 359.32269 | E64: =INTAVI!E64+NRGSUP!E64 -> 493.857 | F64: =INTAVI!F64+NRGSUP!F64 -> 583.72875 | G64: =INTAVI!G64+NRGSUP!G64 -> 729.07367 | H64: =INTAVI!H64+NRGSUP!H64 -> 740.32142 | I64: =INTAVI!I64+NRGSUP!I64 -> 820.36478 | J64: =INTAVI!J64+NRGSUP!J64 -> 886.70398 | ... Z64: =INTAVI!Z64+NRGSUP!Z64 -> 4596.9466
A65: Renewable municipal waste | B65: W6210 | C65: =INTAVI!C65+NRGSUP!C65 -> 359.20008 | D65: =INTAVI!D65+NRGSUP!D65 -> 537.4998 | E65: =INTAVI!E65+NRGSUP!E65 -> 604.8 | F65: =INTAVI!F65+NRGSUP!F65 -> 1447.6997 | G65: =INTAVI!G65+NRGSUP!G65 -> 2064.2998 | H65: =INTAVI!H65+NRGSUP!H65 -> 2325.9002 | I65: =INTAVI!I65+NRGSUP!I65 -> 2682.5 | J65: =INTAVI!J65+NRGSUP!J65 -> 2930.9004 | ... Z65: =INTAVI!Z65+NRGSUP!Z65 -> 3548.7824
A66: Pure biogasoline | B66: R5210P | C66: =INTAVI!C66+NRGSUP!C66 -> 0 | D66: =INTAVI!D66+NRGSUP!D66 -> 0 | E66: =INTAVI!E66+NRGSUP!E66 -> 0 | F66: =INTAVI!F66+NRGSUP!F66 -> 0 | G66: =INTAVI!G66+NRGSUP!G66 -> 0 | H66: =INTAVI!H66+NRGSUP!H66 -> 0 | I66: =INTAVI!I66+NRGSUP!I66 -> 0 | J66: =INTAVI!J66+NRGSUP!J66 -> 0 | ... Z66: =INTAVI!Z66+NRGSUP!Z66 -> 0
A67: Blended biogasoline | B67: R5210B | C67: =INTAVI!C67+NRGSUP!C67 -> 0 | D67: =INTAVI!D67+NRGSUP!D67 -> 0 | E67: =INTAVI!E67+NRGSUP!E67 -> 0 | F67: =INTAVI!F67+NRGSUP!F67 -> 0 | G67: =INTAVI!G67+NRGSUP!G67 -> 0 | H67: =INTAVI!H67+NRGSUP!H67 -> 0 | I67: =INTAVI!I67+NRGSUP!I67 -> 0 | J67: =INTAVI!J67+NRGSUP!J67 -> 0 | ... Z67: =INTAVI!Z67+NRGSUP!Z67 -> 252.27054
A68: Pure biodiesels | B68: R5220P | C68: =INTAVI!C68+NRGSUP!C68 -> 0 | D68: =INTAVI!D68+NRGSUP!D68 -> 0 | E68: =INTAVI!E68+NRGSUP!E68 -> 0 | F68: =INTAVI!F68+NRGSUP!F68 -> 0 | G68: =INTAVI!G68+NRGSUP!G68 -> 0 | H68: =INTAVI!H68+NRGSUP!H68 -> 0 | I68: =INTAVI!I68+NRGSUP!I68 -> 0 | J68: =INTAVI!J68+NRGSUP!J68 -> 0 | ... Z68: =INTAVI!Z68+NRGSUP!Z68 -> 445.14078
A69: Blended biodiesels | B69: R5220B | C69: =INTAVI!C69+NRGSUP!C69 -> 0 | D69: =INTAVI!D69+NRGSUP!D69 -> 0 | E69: =INTAVI!E69+NRGSUP!E69 -> 0 | F69: =INTAVI!F69+NRGSUP!F69 -> 0 | G69: =INTAVI!G69+NRGSUP!G69 -> 749.20549 | H69: =INTAVI!H69+NRGSUP!H69 -> 523.92011 | I69: =INTAVI!I69+NRGSUP!I69 -> 584.17069 | J69: =INTAVI!J69+NRGSUP!J69 -> 529.15917 | ... Z69: =INTAVI!Z69+NRGSUP!Z69 -> 3719.4521
A70: Pure bio jet kerosene | B70: R5230P | C70: =INTAVI!C70+NRGSUP!C70 -> 0 | D70: =INTAVI!D70+NRGSUP!D70 -> 0 | E70: =INTAVI!E70+NRGSUP!E70 -> 0 | F70: =INTAVI!F70+NRGSUP!F70 -> 0 | G70: =INTAVI!G70+NRGSUP!G70 -> 0 | H70: =INTAVI!H70+NRGSUP!H70 -> 0 | I70: =INTAVI!I70+NRGSUP!I70 -> 0 | J70: =INTAVI!J70+NRGSUP!J70 -> 0 | ... Z70: =INTAVI!Z70+NRGSUP!Z70 -> 0
A71: Blended bio jet kerosene | B71: R5230B | C71: =INTAVI!C71+NRGSUP!C71 -> 0 | D71: =INTAVI!D71+NRGSUP!D71 -> 0 | E71: =INTAVI!E71+NRGSUP!E71 -> 0 | F71: =INTAVI!F71+NRGSUP!F71 -> 0 | G71: =INTAVI!G71+NRGSUP!G71 -> 0 | H71: =INTAVI!H71+NRGSUP!H71 -> 0 | I71: =INTAVI!I71+NRGSUP!I71 -> 0 | J71: =INTAVI!J71+NRGSUP!J71 -> 0 | ... Z71: =INTAVI!Z71+NRGSUP!Z71 -> 0
A72: Other liquid biofuels | B72: R5290 | C72: =INTAVI!C72+NRGSUP!C72 -> 0 | D72: =INTAVI!D72+NRGSUP!D72 -> 0 | E72: =INTAVI!E72+NRGSUP!E72 -> 0 | F72: =INTAVI!F72+NRGSUP!F72 -> 0 | G72: =INTAVI!G72+NRGSUP!G72 -> 0 | H72: =INTAVI!H72+NRGSUP!H72 -> 0 | I72: =INTAVI!I72+NRGSUP!I72 -> 0 | J72: =INTAVI!J72+NRGSUP!J72 -> 0 | ... Z72: =INTAVI!Z72+NRGSUP!Z72 -> 1825.454

Sheet INTAVI
A1: International aviation | B1: INTAVI | C1: 2000 | D1: 2001 | E1: 2002 | F1: 2003 | G1: 2004 | H1: 2005 | I1: 2006 | J1: 2007 | K1: 2008 | L1: 2009 | M1: 2010 | N1: 2011 | O1: 2012 | P1: 2013 | Q1: 2014 | R1: 2015 | S1: 2016 | T1: 2017 | U1: 2018 | V1: 2019 | W1: 2020 | X1: 2021 | Y1: 2022 | Z1: 2023
A2: Total | B2: TOTAL | C2: =SUM(C3,C17,C22,C25,C26,C51,C52) -> 8511.4502 | D2: =SUM(D3,D17,D22,D25,D26,D51,D52) -> 7763.2587 | E2: =SUM(E3,E17,E22,E25,E26,E51,E52) -> 7763.2587 | F2: =SUM(F3,F17,F22,F25,F26,F51,F52) -> 8730.9608 | G2: =SUM(G3,G17,G22,G25,G26,G51,G52) -> 8659.8517 | H2: =SUM(H3,H17,H22,H25,H26,H51,H52) -> 9021.5806 | I2: =SUM(I3,I17,I22,I25,I26,I51,I52) -> 9667.746 | J2: =SUM(J3,J17,J22,J25,J26,J51,J52) -> 10270.627 | ... Z2: =SUM(Z3,Z17,Z22,Z25,Z26,Z51,Z52) -> 10836.863
A3: Solid fossil fuels | B3: C0000X0350-0370 | C3: =SUM(C4,C8,C11) -> 0 | D3: =SUM(D4,D8,D11) -> 0 | E3: =SUM(E4,E8,E11) -> 0 | F3: =SUM(F4,F8,F11) -> 0 | G3: =SUM(G4,G8,G11) -> 0 | H3: =SUM(H4,H8,H11) -> 0 | I3: =SUM(I4,I8,I11) -> 0 | J3: =SUM(J4,J8,J11) -> 0 | ... Z3: =SUM(Z4,Z8,Z11) -> 0
A4: Hard coal | B4: C0100 | C4: =SUM(C5:C7) -> 0 | D4: =SUM(D5:D7) -> 0 | E4: =SUM(E5:E7) -> 0 | F4: =SUM(F5:F7) -> 0 | G4: =SUM(G5:G7) -> 0 | H4: =SUM(H5:H7) -> 0 | I4: =SUM(I5:I7) -> 0 | J4: =SUM(J5:J7) -> 0 | ... Z4: =SUM(Z5:Z7) -> 0
A5: Anthracite | B5: C0110 | C5: =INTAVI_PA_IN!C5+INTAVI_PA_EX!C5+INTAVI_FR_IN!C5+INTAVI_FR_EX!C5 -> 0 | D5: =INTAVI_PA_IN!D5+INTAVI_PA_EX!D5+INTAVI_FR_IN!D5+INTAVI_FR_EX!D5 -> 0 | E5: =INTAVI_PA_IN!E5+INTAVI_PA_EX!E5+INTAVI_FR_IN!E5+INTAVI_FR_EX!E5 -> 0 | F5: =INTAVI_PA_IN!F5+INTAVI_PA_EX!F5+INTAVI_FR_IN!F5+INTAVI_FR_EX!F5 -> 0 | G5: =INTAVI_PA_IN!G5+INTAVI_PA_EX!G5+INTAVI_FR_IN!G5+INTAVI_FR_EX!G5 -> 0 | H5: =INTAVI_PA_IN!H5+INTAVI_PA_EX!H5+INTAVI_FR_IN!H5+INTAVI_FR_EX!H5 -> 0 | I5: =INTAVI_PA_IN!I5+INTAVI_PA_EX!I5+INTAVI_FR_IN!I5+INTAVI_FR_EX!I5 -> 0 | J5: =INTAVI_PA_IN!J5+INTAVI_PA_EX!J5+INTAVI_FR_IN!J5+INTAVI_FR_EX!J5 -> 0 | ... Z5: =INTAVI_PA_IN!Z5+INTAVI_PA_EX!Z5+INTAVI_FR_IN!Z5+INTAVI_FR_EX!Z5 -> 0
A6: Coking coal | B6: C0121 | C6: =INTAVI_PA_IN!C6+INTAVI_PA_EX!C6+INTAVI_FR_IN!C6+INTAVI_FR_EX!C6 -> 0 | D6: =INTAVI_PA_IN!D6+INTAVI_PA_EX!D6+INTAVI_FR_IN!D6+INTAVI_FR_EX!D6 -> 0 | E6: =INTAVI_PA_IN!E6+INTAVI_PA_EX!E6+INTAVI_FR_IN!E6+INTAVI_FR_EX!E6 -> 0 | F6: =INTAVI_PA_IN!F6+INTAVI_PA_EX!F6+INTAVI_FR_IN!F6+INTAVI_FR_EX!F6 -> 0 | G6: =INTAVI_PA_IN!G6+INTAVI_PA_EX!G6+INTAVI_FR_IN!G6+INTAVI_FR_EX!G6 -> 0 | H6: =INTAVI_PA_IN!H6+INTAVI_PA_EX!H6+INTAVI_FR_IN!H6+INTAVI_FR_EX!H6 -> 0 | I6: =INTAVI_PA_IN!I6+INTAVI_PA_EX!I6+INTAVI_FR_IN!I6+INTAVI_FR_EX!I6 -> 0 | J6: =INTAVI_PA_IN!J6+INTAVI_PA_EX!J6+INTAVI_FR_IN!J6+INTAVI_FR_EX!J6 -> 0 | ... Z6: =INTAVI_PA_IN!Z6+INTAVI_PA_EX!Z6+INTAVI_FR_IN!Z6+INTAVI_FR_EX!Z6 -> 0
A7: Other bituminous coal | B7: C0129 | C7: =INTAVI_PA_IN!C7+INTAVI_PA_EX!C7+INTAVI_FR_IN!C7+INTAVI_FR_EX!C7 -> 0 | D7: =INTAVI_PA_IN!D7+INTAVI_PA_EX!D7+INTAVI_FR_IN!D7+INTAVI_FR_EX!D7 -> 0 | E7: =INTAVI_PA_IN!E7+INTAVI_PA_EX!E7+INTAVI_FR_IN!E7+INTAVI_FR_EX!E7 -> 0 | F7: =INTAVI_PA_IN!F7+INTAVI_PA_EX!F7+INTAVI_FR_IN!F7+INTAVI_FR_EX!F7 -> 0 | G7: =INTAVI_PA_IN!G7+INTAVI_PA_EX!G7+INTAVI_FR_IN!G7+INTAVI_FR_EX!G7 -> 0 | H7: =INTAVI_PA_IN!H7+INTAVI_PA_EX!H7+INTAVI_FR_IN!H7+INTAVI_FR_EX!H7 -> 0 | I7: =INTAVI_PA_IN!I7+INTAVI_PA_EX!I7+INTAVI_FR_IN!I7+INTAVI_FR_EX!I7 -> 0 | J7: =INTAVI_PA_IN!J7+INTAVI_PA_EX!J7+INTAVI_FR_IN!J7+INTAVI_FR_EX!J7 -> 0 | ... Z7: =INTAVI_PA_IN!Z7+INTAVI_PA_EX!Z7+INTAVI_FR_IN!Z7+INTAVI_FR_EX!Z7 -> 0
A8: Brown coal | B8: C0200 | C8: =SUM(C9:C10) -> 0 | D8: =SUM(D9:D10) -> 0 | E8: =SUM(E9:E10) -> 0 | F8: =SUM(F9:F10) -> 0 | G8: =SUM(G9:G10) -> 0 | H8: =SUM(H9:H10) -> 0 | I8: =SUM(I9:I10) -> 0 | J8: =SUM(J9:J10) -> 0 | ... Z8: =SUM(Z9:Z10) -> 0
A9: Sub-bituminous coal | B9: C0210 | C9: =INTAVI_PA_IN!C9+INTAVI_PA_EX!C9+INTAVI_FR_IN!C9+INTAVI_FR_EX!C9 -> 0 | D9: =INTAVI_PA_IN!D9+INTAVI_PA_EX!D9+INTAVI_FR_IN!D9+INTAVI_FR_EX!D9 -> 0 | E9: =INTAVI_PA_IN!E9+INTAVI_PA_EX!E9+INTAVI_FR_IN!E9+INTAVI_FR_EX!E9 -> 0 | F9: =INTAVI_PA_IN!F9+INTAVI_PA_EX!F9+INTAVI_FR_IN!F9+INTAVI_FR_EX!F9 -> 0 | G9: =INTAVI_PA_IN!G9+INTAVI_PA_EX!G9+INTAVI_FR_IN!G9+INTAVI_FR_EX!G9 -> 0 | H9: =INTAVI_PA_IN!H9+INTAVI_PA_EX!H9+INTAVI_FR_IN!H9+INTAVI_FR_EX!H9 -> 0 | I9: =INTAVI_PA_IN!I9+INTAVI_PA_EX!I9+INTAVI_FR_IN!I9+INTAVI_FR_EX!I9 -> 0 | J9: =INTAVI_PA_IN!J9+INTAVI_PA_EX!J9+INTAVI_FR_IN!J9+INTAVI_FR_EX!J9 -> 0 | ... Z9: =INTAVI_PA_IN!Z9+INTAVI_PA_EX!Z9+INTAVI_FR_IN!Z9+INTAVI_FR_EX!Z9 -> 0
A10: Lignite | B10: C0220 | C10: =INTAVI_PA_IN!C10+INTAVI_PA_EX!C10+INTAVI_FR_IN!C10+INTAVI_FR_EX!C10 -> 0 | D10: =INTAVI_PA_IN!D10+INTAVI_PA_EX!D10+INTAVI_FR_IN!D10+INTAVI_FR_EX!D10 -> 0 | E10: =INTAVI_PA_IN!E10+INTAVI_PA_EX!E10+INTAVI_FR_IN!E10+INTAVI_FR_EX!E10 -> 0 | F10: =INTAVI_PA_IN!F10+INTAVI_PA_EX!F10+INTAVI_FR_IN!F10+INTAVI_FR_EX!F10 -> 0 | G10: =INTAVI_PA_IN!G10+INTAVI_PA_EX!G10+INTAVI_FR_IN!G10+INTAVI_FR_EX!G10 -> 0 | H10: =INTAVI_PA_IN!H10+INTAVI_PA_EX!H10+INTAVI_FR_IN!H10+INTAVI_FR_EX!H10 -> 0 | I10: =INTAVI_PA_IN!I10+INTAVI_PA_EX!I10+INTAVI_FR_IN!I10+INTAVI_FR_EX!I10 -> 0 | J10: =INTAVI_PA_IN!J10+INTAVI_PA_EX!J10+INTAVI_FR_IN!J10+INTAVI_FR_EX!J10 -> 0 | ... Z10: =INTAVI_PA_IN!Z10+INTAVI_PA_EX!Z10+INTAVI_FR_IN!Z10+INTAVI_FR_EX!Z10 -> 0
A11: Coal products | B11: C0300 | C11: =SUM(C12:C16) -> 0 | D11: =SUM(D12:D16) -> 0 | E11: =SUM(E12:E16) -> 0 | F11: =SUM(F12:F16) -> 0 | G11: =SUM(G12:G16) -> 0 | H11: =SUM(H12:H16) -> 0 | I11: =SUM(I12:I16) -> 0 | J11: =SUM(J12:J16) -> 0 | ... Z11: =SUM(Z12:Z16) -> 0
A12: Patent fuel | B12: C0320 | C12: =INTAVI_PA_IN!C12+INTAVI_PA_EX!C12+INTAVI_FR_IN!C12+INTAVI_FR_EX!C12 -> 0 | D12: =INTAVI_PA_IN!D12+INTAVI_PA_EX!D12+INTAVI_FR_IN!D12+INTAVI_FR_EX!D12 -> 0 | E12: =INTAVI_PA_IN!E12+INTAVI_PA_EX!E12+INTAVI_FR_IN!E12+INTAVI_FR_EX!E12 -> 0 | F12: =INTAVI_PA_IN!F12+INTAVI_PA_EX!F12+INTAVI_FR_IN!F12+INTAVI_FR_EX!F12 -> 0 | G12: =INTAVI_PA_IN!G12+INTAVI_PA_EX!G12+INTAVI_FR_IN!G12+INTAVI_FR_EX!G12 -> 0 | H12: =INTAVI_PA_IN!H12+INTAVI_PA_EX!H12+INTAVI_FR_IN!H12+INTAVI_FR_EX!H12 -> 0 | I12: =INTAVI_PA_IN!I12+INTAVI_PA_EX!I12+INTAVI_FR_IN!I12+INTAVI_FR_EX!I12 -> 0 | J12: =INTAVI_PA_IN!J12+INTAVI_PA_EX!J12+INTAVI_FR_IN!J12+INTAVI_FR_EX!J12 -> 0 | ... Z12: =INTAVI_PA_IN!Z12+INTAVI_PA_EX!Z12+INTAVI_FR_IN!Z12+INTAVI_FR_EX!Z12 -> 0
A13: Coke oven coke | B13: C0311 | C13: =INTAVI_PA_IN!C13+INTAVI_PA_EX!C13+INTAVI_FR_IN!C13+INTAVI_FR_EX!C13 -> 0 | D13: =INTAVI_PA_IN!D13+INTAVI_PA_EX!D13+INTAVI_FR_IN!D13+INTAVI_FR_EX!D13 -> 0 | E13: =INTAVI_PA_IN!E13+INTAVI_PA_EX!E13+INTAVI_FR_IN!E13+INTAVI_FR_EX!E13 -> 0 | F13: =INTAVI_PA_IN!F13+INTAVI_PA_EX!F13+INTAVI_FR_IN!F13+INTAVI_FR_EX!F13 -> 0 | G13: =INTAVI_PA_IN!G13+INTAVI_PA_EX!G13+INTAVI_FR_IN!G13+INTAVI_FR_EX!G13 -> 0 | H13: =INTAVI_PA_IN!H13+INTAVI_PA_EX!H13+INTAVI_FR_IN!H13+INTAVI_FR_EX!H13 -> 0 | I13: =INTAVI_PA_IN!I13+INTAVI_PA_EX!I13+INTAVI_FR_IN!I13+INTAVI_FR_EX!I13 -> 0 | J13: =INTAVI_PA_IN!J13+INTAVI_PA_EX!J13+INTAVI_FR_IN!J13+INTAVI_FR_EX!J13 -> 0 | ... Z13: =INTAVI_PA_IN!Z13+INTAVI_PA_EX!Z13+INTAVI_FR_IN!Z13+INTAVI_FR_EX!Z13 -> 0
A14: Gas coke | B14: C0312 | C14: =INTAVI_PA_IN!C14+INTAVI_PA_EX!C14+INTAVI_FR_IN!C14+INTAVI_FR_EX!C14 -> 0 | D14: =INTAVI_PA_IN!D14+INTAVI_PA_EX!D14+INTAVI_FR_IN!D14+INTAVI_FR_EX!D14 -> 0 | E14: =INTAVI_PA_IN!E14+INTAVI_PA_EX!E14+INTAVI_FR_IN!E14+INTAVI_FR_EX!E14 -> 0 | F14: =INTAVI_PA_IN!F14+INTAVI_PA_EX!F14+INTAVI_FR_IN!F14+INTAVI_FR_EX!F14 -> 0 | G14: =INTAVI_PA_IN!G14+INTAVI_PA_EX!G14+INTAVI_FR_IN!G14+INTAVI_FR_EX!G14 -> 0 | H14: =INTAVI_PA_IN!H14+INTAVI_PA_EX!H14+INTAVI_FR_IN!H14+INTAVI_FR_EX!H14 -> 0 | I14: =INTAVI_PA_IN!I14+INTAVI_PA_EX!I14+INTAVI_FR_IN!I14+INTAVI_FR_EX!I14 -> 0 | J14: =INTAVI_PA_IN!J14+INTAVI_PA_EX!J14+INTAVI_FR_IN!J14+INTAVI_FR_EX!J14 -> 0 | ... Z14: =INTAVI_PA_IN!Z14+INTAVI_PA_EX!Z14+INTAVI_FR_IN!Z14+INTAVI_FR_EX!Z14 -> 0
A15: Coal tar | B15: C0340 | C15: =INTAVI_PA_IN!C15+INTAVI_PA_EX!C15+INTAVI_FR_IN!C15+INTAVI_FR_EX!C15 -> 0 | D15: =INTAVI_PA_IN!D15+INTAVI_PA_EX!D15+INTAVI_FR_IN!D15+INTAVI_FR_EX!D15 -> 0 | E15: =INTAVI_PA_IN!E15+INTAVI_PA_EX!E15+INTAVI_FR_IN!E15+INTAVI_FR_EX!E15 -> 0 | F15: =INTAVI_PA_IN!F15+INTAVI_PA_EX!F15+INTAVI_FR_IN!F15+INTAVI_FR_EX!F15 -> 0 | G15: =INTAVI_PA_IN!G15+INTAVI_PA_EX!G15+INTAVI_FR_IN!G15+INTAVI_FR_EX!G15 -> 0 | H15: =INTAVI_PA_IN!H15+INTAVI_PA_EX!H15+INTAVI_FR_IN!H15+INTAVI_FR_EX!H15 -> 0 | I15: =INTAVI_PA_IN!I15+INTAVI_PA_EX!I15+INTAVI_FR_IN!I15+INTAVI_FR_EX!I15 -> 0 | J15: =INTAVI_PA_IN!J15+INTAVI_PA_EX!J15+INTAVI_FR_IN!J15+INTAVI_FR_EX!J15 -> 0 | ... Z15: =INTAVI_PA_IN!Z15+INTAVI_PA_EX!Z15+INTAVI_FR_IN!Z15+INTAVI_FR_EX!Z15 -> 0
A16: Brown coal briquettes | B16: C0330 | C16: =INTAVI_PA_IN!C16+INTAVI_PA_EX!C16+INTAVI_FR_IN!C16+INTAVI_FR_EX!C16 -> 0 | D16: =INTAVI_PA_IN!D16+INTAVI_PA_EX!D16+INTAVI_FR_IN!D16+INTAVI_FR_EX!D16 -> 0 | E16: =INTAVI_PA_IN!E16+INTAVI_PA_EX!E16+INTAVI_FR_IN!E16+INTAVI_FR_EX!E16 -> 0 | F16: =INTAVI_PA_IN!F16+INTAVI_PA_EX!F16+INTAVI_FR_IN!F16+INTAVI_FR_EX!F16 -> 0 | G16: =INTAVI_PA_IN!G16+INTAVI_PA_EX!G16+INTAVI_FR_IN!G16+INTAVI_FR_EX!G16 -> 0 | H16: =INTAVI_PA_IN!H16+INTAVI_PA_EX!H16+INTAVI_FR_IN!H16+INTAVI_FR_EX!H16 -> 0 | I16: =INTAVI_PA_IN!I16+INTAVI_PA_EX!I16+INTAVI_FR_IN!I16+INTAVI_FR_EX!I16 -> 0 | J16: =INTAVI_PA_IN!J16+INTAVI_PA_EX!J16+INTAVI_FR_IN!J16+INTAVI_FR_EX!J16 -> 0 | ... Z16: =INTAVI_PA_IN!Z16+INTAVI_PA_EX!Z16+INTAVI_FR_IN!Z16+INTAVI_FR_EX!Z16 -> 0
A17: Manufactured gases | B17: C0350-0370 | C17: =SUM(C18:C21) -> 0 | D17: =SUM(D18:D21) -> 0 | E17: =SUM(E18:E21) -> 0 | F17: =SUM(F18:F21) -> 0 | G17: =SUM(G18:G21) -> 0 | H17: =SUM(H18:H21) -> 0 | I17: =SUM(I18:I21) -> 0 | J17: =SUM(J18:J21) -> 0 | ... Z17: =SUM(Z18:Z21) -> 0
A18: Gas works gas | B18: C0360 | C18: =INTAVI_PA_IN!C18+INTAVI_PA_EX!C18+INTAVI_FR_IN!C18+INTAVI_FR_EX!C18 -> 0 | D18: =INTAVI_PA_IN!D18+INTAVI_PA_EX!D18+INTAVI_FR_IN!D18+INTAVI_FR_EX!D18 -> 0 | E18: =INTAVI_PA_IN!E18+INTAVI_PA_EX!E18+INTAVI_FR_IN!E18+INTAVI_FR_EX!E18 -> 0 | F18: =INTAVI_PA_IN!F18+INTAVI_PA_EX!F18+INTAVI_FR_IN!F18+INTAVI_FR_EX!F18 -> 0 | G18: =INTAVI_PA_IN!G18+INTAVI_PA_EX!G18+INTAVI_FR_IN!G18+INTAVI_FR_EX!G18 -> 0 | H18: =INTAVI_PA_IN!H18+INTAVI_PA_EX!H18+INTAVI_FR_IN!H18+INTAVI_FR_EX!H18 -> 0 | I18: =INTAVI_PA_IN!I18+INTAVI_PA_EX!I18+INTAVI_FR_IN!I18+INTAVI_FR_EX!I18 -> 0 | J18: =INTAVI_PA_IN!J18+INTAVI_PA_EX!J18+INTAVI_FR_IN!J18+INTAVI_FR_EX!J18 -> 0 | ... Z18: =INTAVI_PA_IN!Z18+INTAVI_PA_EX!Z18+INTAVI_FR_IN!Z18+INTAVI_FR_EX!Z18 -> 0
A19: Coke oven gas | B19: C0350 | C19: =INTAVI_PA_IN!C19+INTAVI_PA_EX!C19+INTAVI_FR_IN!C19+INTAVI_FR_EX!C19 -> 0 | D19: =INTAVI_PA_IN!D19+INTAVI_PA_EX!D19+INTAVI_FR_IN!D19+INTAVI_FR_EX!D19 -> 0 | E19: =INTAVI_PA_IN!E19+INTAVI_PA_EX!E19+INTAVI_FR_IN!E19+INTAVI_FR_EX!E19 -> 0 | F19: =INTAVI_PA_IN!F19+INTAVI_PA_EX!F19+INTAVI_FR_IN!F19+INTAVI_FR_EX!F19 -> 0 | G19: =INTAVI_PA_IN!G19+INTAVI_PA_EX!G19+INTAVI_FR_IN!G19+INTAVI_FR_EX!G19 -> 0 | H19: =INTAVI_PA_IN!H19+INTAVI_PA_EX!H19+INTAVI_FR_IN!H19+INTAVI_FR_EX!H19 -> 0 | I19: =INTAVI_PA_IN!I19+INTAVI_PA_EX!I19+INTAVI_FR_IN!I19+INTAVI_FR_EX!I19 -> 0 | J19: =INTAVI_PA_IN!J19+INTAVI_PA_EX!J19+INTAVI_FR_IN!J19+INTAVI_FR_EX!J19 -> 0 | ... Z19: =INTAVI_PA_IN!Z19+INTAVI_PA_EX!Z19+INTAVI_FR_IN!Z19+INTAVI_FR_EX!Z19 -> 0
A20: Blast furnace gas | B20: C0371 | C20: =INTAVI_PA_IN!C20+INTAVI_PA_EX!C20+INTAVI_FR_IN!C20+INTAVI_FR_EX!C20 -> 0 | D20: =INTAVI_PA_IN!D20+INTAVI_PA_EX!D20+INTAVI_FR_IN!D20+INTAVI_FR_EX!D20 -> 0 | E20: =INTAVI_PA_IN!E20+INTAVI_PA_EX!E20+INTAVI_FR_IN!E20+INTAVI_FR_EX!E20 -> 0 | F20: =INTAVI_PA_IN!F20+INTAVI_PA_EX!F20+INTAVI_FR_IN!F20+INTAVI_FR_EX!F20 -> 0 | G20: =INTAVI_PA_IN!G20+INTAVI_PA_EX!G20+INTAVI_FR_IN!G20+INTAVI_FR_EX!G20 -> 0 | H20: =INTAVI_PA_IN!H20+INTAVI_PA_EX!H20+INTAVI_FR_IN!H20+INTAVI_FR_EX!H20 -> 0 | I20: =INTAVI_PA_IN!I20+INTAVI_PA_EX!I20+INTAVI_FR_IN!I20+INTAVI_FR_EX!I20 -> 0 | J20: =INTAVI_PA_IN!J20+INTAVI_PA_EX!J20+INTAVI_FR_IN!J20+INTAVI_FR_EX!J20 -> 0 | ... Z20: =INTAVI_PA_IN!Z20+INTAVI_PA_EX!Z20+INTAVI_FR_IN!Z20+INTAVI_FR_EX!Z20 -> 0
A21: Other recovered gases | B21: C0379 | C21: =INTAVI_PA_IN!C21+INTAVI_PA_EX!C21+INTAVI_FR_IN!C21+INTAVI_FR_EX!C21 -> 0 | D21: =INTAVI_PA_IN!D21+INTAVI_PA_EX!D21+INTAVI_FR_IN!D21+INTAVI_FR_EX!D21 -> 0 | E21: =INTAVI_PA_IN!E21+INTAVI_PA_EX!E21+INTAVI_FR_IN!E21+INTAVI_FR_EX!E21 -> 0 | F21: =INTAVI_PA_IN!F21+INTAVI_PA_EX!F21+INTAVI_FR_IN!F21+INTAVI_FR_EX!F21 -> 0 | G21: =INTAVI_PA_IN!G21+INTAVI_PA_EX!G21+INTAVI_FR_IN!G21+INTAVI_FR_EX!G21 -> 0 | H21: =INTAVI_PA_IN!H21+INTAVI_PA_EX!H21+INTAVI_FR_IN!H21+INTAVI_FR_EX!H21 -> 0 | I21: =INTAVI_PA_IN!I21+INTAVI_PA_EX!I21+INTAVI_FR_IN!I21+INTAVI_FR_EX!I21 -> 0 | J21: =INTAVI_PA_IN!J21+INTAVI_PA_EX!J21+INTAVI_FR_IN!J21+INTAVI_FR_EX!J21 -> 0 | ... Z21: =INTAVI_PA_IN!Z21+INTAVI_PA_EX!Z21+INTAVI_FR_IN!Z21+INTAVI_FR_EX!Z21 -> 0
A22: Peat and peat products | B22: P1000 | C22: =SUM(C23:C24) -> 0 | D22: =SUM(D23:D24) -> 0 | E22: =SUM(E23:E24) -> 0 | F22: =SUM(F23:F24) -> 0 | G22: =SUM(G23:G24) -> 0 | H22: =SUM(H23:H24) -> 0 | I22: =SUM(I23:I24) -> 0 | J22: =SUM(J23:J24) -> 0 | ... Z22: =SUM(Z23:Z24) -> 0
A23: Peat | B23: P1100 | C23: =INTAVI_PA_IN!C23+INTAVI_PA_EX!C23+INTAVI_FR_IN!C23+INTAVI_FR_EX!C23 -> 0 | D23: =INTAVI_PA_IN!D23+INTAVI_PA_EX!D23+INTAVI_FR_IN!D23+INTAVI_FR_EX!D23 -> 0 | E23: =INTAVI_PA_IN!E23+INTAVI_PA_EX!E23+INTAVI_FR_IN!E23+INTAVI_FR_EX!E23 -> 0 | F23: =INTAVI_PA_IN!F23+INTAVI_PA_EX!F23+INTAVI_FR_IN!F23+INTAVI_FR_EX!F23 -> 0 | G23: =INTAVI_PA_IN!G23+INTAVI_PA_EX!G23+INTAVI_FR_IN!G23+INTAVI_FR_EX!G23 -> 0 | H23: =INTAVI_PA_IN!H23+INTAVI_PA_EX!H23+INTAVI_FR_IN!H23+INTAVI_FR_EX!H23 -> 0 | I23: =INTAVI_PA_IN!I23+INTAVI_PA_EX!I23+INTAVI_FR_IN!I23+INTAVI_FR_EX!I23 -> 0 | J23: =INTAVI_PA_IN!J23+INTAVI_PA_EX!J23+INTAVI_FR_IN!J23+INTAVI_FR_EX!J23 -> 0 | ... Z23: =INTAVI_PA_IN!Z23+INTAVI_PA_EX!Z23+INTAVI_FR_IN!Z23+INTAVI_FR_EX!Z23 -> 0
A24: Peat products | B24: P1200 | C24: =INTAVI_PA_IN!C24+INTAVI_PA_EX!C24+INTAVI_FR_IN!C24+INTAVI_FR_EX!C24 -> 0 | D24: =INTAVI_PA_IN!D24+INTAVI_PA_EX!D24+INTAVI_FR_IN!D24+INTAVI_FR_EX!D24 -> 0 | E24: =INTAVI_PA_IN!E24+INTAVI_PA_EX!E24+INTAVI_FR_IN!E24+INTAVI_FR_EX!E24 -> 0 | F24: =INTAVI_PA_IN!F24+INTAVI_PA_EX!F24+INTAVI_FR_IN!F24+INTAVI_FR_EX!F24 -> 0 | G24: =INTAVI_PA_IN!G24+INTAVI_PA_EX!G24+INTAVI_FR_IN!G24+INTAVI_FR_EX!G24 -> 0 | H24: =INTAVI_PA_IN!H24+INTAVI_PA_EX!H24+INTAVI_FR_IN!H24+INTAVI_FR_EX!H24 -> 0 | I24: =INTAVI_PA_IN!I24+INTAVI_PA_EX!I24+INTAVI_FR_IN!I24+INTAVI_FR_EX!I24 -> 0 | J24: =INTAVI_PA_IN!J24+INTAVI_PA_EX!J24+INTAVI_FR_IN!J24+INTAVI_FR_EX!J24 -> 0 | ... Z24: =INTAVI_PA_IN!Z24+INTAVI_PA_EX!Z24+INTAVI_FR_IN!Z24+INTAVI_FR_EX!Z24 -> 0
A25: Oil shale and oil sands | B25: S2000 | C25: =INTAVI_PA_IN!C25+INTAVI_PA_EX!C25+INTAVI_FR_IN!C25+INTAVI_FR_EX!C25 -> 0 | D25: =INTAVI_PA_IN!D25+INTAVI_PA_EX!D25+INTAVI_FR_IN!D25+INTAVI_FR_EX!D25 -> 0 | E25: =INTAVI_PA_IN!E25+INTAVI_PA_EX!E25+INTAVI_FR_IN!E25+INTAVI_FR_EX!E25 -> 0 | F25: =INTAVI_PA_IN!F25+INTAVI_PA_EX!F25+INTAVI_FR_IN!F25+INTAVI_FR_EX!F25 -> 0 | G25: =INTAVI_PA_IN!G25+INTAVI_PA_EX!G25+INTAVI_FR_IN!G25+INTAVI_FR_EX!G25 -> 0 | H25: =INTAVI_PA_IN!H25+INTAVI_PA_EX!H25+INTAVI_FR_IN!H25+INTAVI_FR_EX!H25 -> 0 | I25: =INTAVI_PA_IN!I25+INTAVI_PA_EX!I25+INTAVI_FR_IN!I25+INTAVI_FR_EX!I25 -> 0 | J25: =INTAVI_PA_IN!J25+INTAVI_PA_EX!J25+INTAVI_FR_IN!J25+INTAVI_FR_EX!J25 -> 0 | ... Z25: =INTAVI_PA_IN!Z25+INTAVI_PA_EX!Z25+INTAVI_FR_IN!Z25+INTAVI_FR_EX!Z25 -> 0
A26: Oil and petroleum products | B26: O4000XBIO | C26: =SUM(C27,C33) -> 8511.4502 | D26: =SUM(D27,D33) -> 7763.2587 | E26: =SUM(E27,E33) -> 7763.2587 | F26: =SUM(F27,F33) -> 8730.9608 | G26: =SUM(G27,G33) -> 8659.8517 | H26: =SUM(H27,H33) -> 9021.5806 | I26: =SUM(I27,I33) -> 9667.746 | J26: =SUM(J27,J33) -> 10270.627 | ... Z26: =SUM(Z27,Z33) -> 10836.863
A27: Crude oil, NGL, refinery feedstocks, additives and oxygenates and other hydrocarbons (excluding biofuel portion) | B27: O4100_TOT_4200-4500XBIO | C27: =SUM(C28:C32) -> 0 | D27: =SUM(D28:D32) -> 0 | E27: =SUM(E28:E32) -> 0 | F27: =SUM(F28:F32) -> 0 | G27: =SUM(G28:G32) -> 0 | H27: =SUM(H28:H32) -> 0 | I27: =SUM(I28:I32) -> 0 | J27: =SUM(J28:J32) -> 0 | ... Z27: =SUM(Z28:Z32) -> 0
A28: Crude oil | B28: O4100_TOT | C28: =INTAVI_PA_IN!C28+INTAVI_PA_EX!C28+INTAVI_FR_IN!C28+INTAVI_FR_EX!C28 -> 0 | D28: =INTAVI_PA_IN!D28+INTAVI_PA_EX!D28+INTAVI_FR_IN!D28+INTAVI_FR_EX!D28 -> 0 | E28: =INTAVI_PA_IN!E28+INTAVI_PA_EX!E28+INTAVI_FR_IN!E28+INTAVI_FR_EX!E28 -> 0 | F28: =INTAVI_PA_IN!F28+INTAVI_PA_EX!F28+INTAVI_FR_IN!F28+INTAVI_FR_EX!F28 -> 0 | G28: =INTAVI_PA_IN!G28+INTAVI_PA_EX!G28+INTAVI_FR_IN!G28+INTAVI_FR_EX!G28 -> 0 | H28: =INTAVI_PA_IN!H28+INTAVI_PA_EX!H28+INTAVI_FR_IN!H28+INTAVI_FR_EX!H28 -> 0 | I28: =INTAVI_PA_IN!I28+INTAVI_PA_EX!I28+INTAVI_FR_IN!I28+INTAVI_FR_EX!I28 -> 0 | J28: =INTAVI_PA_IN!J28+INTAVI_PA_EX!J28+INTAVI_FR_IN!J28+INTAVI_FR_EX!J28 -> 0 | ... Z28: =INTAVI_PA_IN!Z28+INTAVI_PA_EX!Z28+INTAVI_FR_IN!Z28+INTAVI_FR_EX!Z28 -> 0
A29: Natural gas liquids | B29: O4200 | C29: =INTAVI_PA_IN!C29+INTAVI_PA_EX!C29+INTAVI_FR_IN!C29+INTAVI_FR_EX!C29 -> 0 | D29: =INTAVI_PA_IN!D29+INTAVI_PA_EX!D29+INTAVI_FR_IN!D29+INTAVI_FR_EX!D29 -> 0 | E29: =INTAVI_PA_IN!E29+INTAVI_PA_EX!E29+INTAVI_FR_IN!E29+INTAVI_FR_EX!E29 -> 0 | F29: =INTAVI_PA_IN!F29+INTAVI_PA_EX!F29+INTAVI_FR_IN!F29+INTAVI_FR_EX!F29 -> 0 | G29: =INTAVI_PA_IN!G29+INTAVI_PA_EX!G29+INTAVI_FR_IN!G29+INTAVI_FR_EX!G29 -> 0 | H29: =INTAVI_PA_IN!H29+INTAVI_PA_EX!H29+INTAVI_FR_IN!H29+INTAVI_FR_EX!H29 -> 0 | I29: =INTAVI_PA_IN!I29+INTAVI_PA_EX!I29+INTAVI_FR_IN!I29+INTAVI_FR_EX!I29 -> 0 | J29: =INTAVI_PA_IN!J29+INTAVI_PA_EX!J29+INTAVI_FR_IN!J29+INTAVI_FR_EX!J29 -> 0 | ... Z29: =INTAVI_PA_IN!Z29+INTAVI_PA_EX!Z29+INTAVI_FR_IN!Z29+INTAVI_FR_EX!Z29 -> 0
A30: Refinery feedstocks | B30: O4300 | C30: =INTAVI_PA_IN!C30+INTAVI_PA_EX!C30+INTAVI_FR_IN!C30+INTAVI_FR_EX!C30 -> 0 | D30: =INTAVI_PA_IN!D30+INTAVI_PA_EX!D30+INTAVI_FR_IN!D30+INTAVI_FR_EX!D30 -> 0 | E30: =INTAVI_PA_IN!E30+INTAVI_PA_EX!E30+INTAVI_FR_IN!E30+INTAVI_FR_EX!E30 -> 0 | F30: =INTAVI_PA_IN!F30+INTAVI_PA_EX!F30+INTAVI_FR_IN!F30+INTAVI_FR_EX!F30 -> 0 | G30: =INTAVI_PA_IN!G30+INTAVI_PA_EX!G30+INTAVI_FR_IN!G30+INTAVI_FR_EX!G30 -> 0 | H30: =INTAVI_PA_IN!H30+INTAVI_PA_EX!H30+INTAVI_FR_IN!H30+INTAVI_FR_EX!H30 -> 0 | I30: =INTAVI_PA_IN!I30+INTAVI_PA_EX!I30+INTAVI_FR_IN!I30+INTAVI_FR_EX!I30 -> 0 | J30: =INTAVI_PA_IN!J30+INTAVI_PA_EX!J30+INTAVI_FR_IN!J30+INTAVI_FR_EX!J30 -> 0 | ... Z30: =INTAVI_PA_IN!Z30+INTAVI_PA_EX!Z30+INTAVI_FR_IN!Z30+INTAVI_FR_EX!Z30 -> 0
A31: Additives and oxygenates (excluding biofuel portion) | B31: O4400X4410 | C31: =INTAVI_PA_IN!C31+INTAVI_PA_EX!C31+INTAVI_FR_IN!C31+INTAVI_FR_EX!C31 -> 0 | D31: =INTAVI_PA_IN!D31+INTAVI_PA_EX!D31+INTAVI_FR_IN!D31+INTAVI_FR_EX!D31 -> 0 | E31: =INTAVI_PA_IN!E31+INTAVI_PA_EX!E31+INTAVI_FR_IN!E31+INTAVI_FR_EX!E31 -> 0 | F31: =INTAVI_PA_IN!F31+INTAVI_PA_EX!F31+INTAVI_FR_IN!F31+INTAVI_FR_EX!F31 -> 0 | G31: =INTAVI_PA_IN!G31+INTAVI_PA_EX!G31+INTAVI_FR_IN!G31+INTAVI_FR_EX!G31 -> 0 | H31: =INTAVI_PA_IN!H31+INTAVI_PA_EX!H31+INTAVI_FR_IN!H31+INTAVI_FR_EX!H31 -> 0 | I31: =INTAVI_PA_IN!I31+INTAVI_PA_EX!I31+INTAVI_FR_IN!I31+INTAVI_FR_EX!I31 -> 0 | J31: =INTAVI_PA_IN!J31+INTAVI_PA_EX!J31+INTAVI_FR_IN!J31+INTAVI_FR_EX!J31 -> 0 | ... Z31: =INTAVI_PA_IN!Z31+INTAVI_PA_EX!Z31+INTAVI_FR_IN!Z31+INTAVI_FR_EX!Z31 -> 0
A32: Other hydrocarbons | B32: O4500 | C32: =INTAVI_PA_IN!C32+INTAVI_PA_EX!C32+INTAVI_FR_IN!C32+INTAVI_FR_EX!C32 -> 0 | D32: =INTAVI_PA_IN!D32+INTAVI_PA_EX!D32+INTAVI_FR_IN!D32+INTAVI_FR_EX!D32 -> 0 | E32: =INTAVI_PA_IN!E32+INTAVI_PA_EX!E32+INTAVI_FR_IN!E32+INTAVI_FR_EX!E32 -> 0 | F32: =INTAVI_PA_IN!F32+INTAVI_PA_EX!F32+INTAVI_FR_IN!F32+INTAVI_FR_EX!F32 -> 0 | G32: =INTAVI_PA_IN!G32+INTAVI_PA_EX!G32+INTAVI_FR_IN!G32+INTAVI_FR_EX!G32 -> 0 | H32: =INTAVI_PA_IN!H32+INTAVI_PA_EX!H32+INTAVI_FR_IN!H32+INTAVI_FR_EX!H32 -> 0 | I32: =INTAVI_PA_IN!I32+INTAVI_PA_EX!I32+INTAVI_FR_IN!I32+INTAVI_FR_EX!I32 -> 0 | J32: =INTAVI_PA_IN!J32+INTAVI_PA_EX!J32+INTAVI_FR_IN!J32+INTAVI_FR_EX!J32 -> 0 | ... Z32: =INTAVI_PA_IN!Z32+INTAVI_PA_EX!Z32+INTAVI_FR_IN!Z32+INTAVI_FR_EX!Z32 -> 0
A33: Oil products (excluding biofuel portion) | B33: O4600XBIO | C33: =SUM(C34:C50) -> 8511.4502 | D33: =SUM(D34:D50) -> 7763.2587 | E33: =SUM(E34:E50) -> 7763.2587 | F33: =SUM(F34:F50) -> 8730.9608 | G33: =SUM(G34:G50) -> 8659.8517 | H33: =SUM(H34:H50) -> 9021.5806 | I33: =SUM(I34:I50) -> 9667.746 | J33: =SUM(J34:J50) -> 10270.627 | ... Z33: =SUM(Z34:Z50) -> 10836.863
A34: Refinery gas | B34: O4610 | C34: =INTAVI_PA_IN!C34+INTAVI_PA_EX!C34+INTAVI_FR_IN!C34+INTAVI_FR_EX!C34 -> 0 | D34: =INTAVI_PA_IN!D34+INTAVI_PA_EX!D34+INTAVI_FR_IN!D34+INTAVI_FR_EX!D34 -> 0 | E34: =INTAVI_PA_IN!E34+INTAVI_PA_EX!E34+INTAVI_FR_IN!E34+INTAVI_FR_EX!E34 -> 0 | F34: =INTAVI_PA_IN!F34+INTAVI_PA_EX!F34+INTAVI_FR_IN!F34+INTAVI_FR_EX!F34 -> 0 | G34: =INTAVI_PA_IN!G34+INTAVI_PA_EX!G34+INTAVI_FR_IN!G34+INTAVI_FR_EX!G34 -> 0 | H34: =INTAVI_PA_IN!H34+INTAVI_PA_EX!H34+INTAVI_FR_IN!H34+INTAVI_FR_EX!H34 -> 0 | I34: =INTAVI_PA_IN!I34+INTAVI_PA_EX!I34+INTAVI_FR_IN!I34+INTAVI_FR_EX!I34 -> 0 | J34: =INTAVI_PA_IN!J34+INTAVI_PA_EX!J34+INTAVI_FR_IN!J34+INTAVI_FR_EX!J34 -> 0 | ... Z34: =INTAVI_PA_IN!Z34+INTAVI_PA_EX!Z34+INTAVI_FR_IN!Z34+INTAVI_FR_EX!Z34 -> 0
A35: Ethane | B35: O4620 | C35: =INTAVI_PA_IN!C35+INTAVI_PA_EX!C35+INTAVI_FR_IN!C35+INTAVI_FR_EX!C35 -> 0 | D35: =INTAVI_PA_IN!D35+INTAVI_PA_EX!D35+INTAVI_FR_IN!D35+INTAVI_FR_EX!D35 -> 0 | E35: =INTAVI_PA_IN!E35+INTAVI_PA_EX!E35+INTAVI_FR_IN!E35+INTAVI_FR_EX!E35 -> 0 | F35: =INTAVI_PA_IN!F35+INTAVI_PA_EX!F35+INTAVI_FR_IN!F35+INTAVI_FR_EX!F35 -> 0 | G35: =INTAVI_PA_IN!G35+INTAVI_PA_EX!G35+INTAVI_FR_IN!G35+INTAVI_FR_EX!G35 -> 0 | H35: =INTAVI_PA_IN!H35+INTAVI_PA_EX!H35+INTAVI_FR_IN!H35+INTAVI_FR_EX!H35 -> 0 | I35: =INTAVI_PA_IN!I35+INTAVI_PA_EX!I35+INTAVI_FR_IN!I35+INTAVI_FR_EX!I35 -> 0 | J35: =INTAVI_PA_IN!J35+INTAVI_PA_EX!J35+INTAVI_FR_IN!J35+INTAVI_FR_EX!J35 -> 0 | ... Z35: =INTAVI_PA_IN!Z35+INTAVI_PA_EX!Z35+INTAVI_FR_IN!Z35+INTAVI_FR_EX!Z35 -> 0
A36: Liquefied petroleum gases | B36: O4630 | C36: =INTAVI_PA_IN!C36+INTAVI_PA_EX!C36+INTAVI_FR_IN!C36+INTAVI_FR_EX!C36 -> 0 | D36: =INTAVI_PA_IN!D36+INTAVI_PA_EX!D36+INTAVI_FR_IN!D36+INTAVI_FR_EX!D36 -> 0 | E36: =INTAVI_PA_IN!E36+INTAVI_PA_EX!E36+INTAVI_FR_IN!E36+INTAVI_FR_EX!E36 -> 0 | F36: =INTAVI_PA_IN!F36+INTAVI_PA_EX!F36+INTAVI_FR_IN!F36+INTAVI_FR_EX!F36 -> 0 | G36: =INTAVI_PA_IN!G36+INTAVI_PA_EX!G36+INTAVI_FR_IN!G36+INTAVI_FR_EX!G36 -> 0 | H36: =INTAVI_PA_IN!H36+INTAVI_PA_EX!H36+INTAVI_FR_IN!H36+INTAVI_FR_EX!H36 -> 0 | I36: =INTAVI_PA_IN!I36+INTAVI_PA_EX!I36+INTAVI_FR_IN!I36+INTAVI_FR_EX!I36 -> 0 | J36: =INTAVI_PA_IN!J36+INTAVI_PA_EX!J36+INTAVI_FR_IN!J36+INTAVI_FR_EX!J36 -> 0 | ... Z36: =INTAVI_PA_IN!Z36+INTAVI_PA_EX!Z36+INTAVI_FR_IN!Z36+INTAVI_FR_EX!Z36 -> 0
A37: Motor gasoline (excluding biofuel portion) | B37: O4652XR5210B | C37: =INTAVI_PA_IN!C37+INTAVI_PA_EX!C37+INTAVI_FR_IN!C37+INTAVI_FR_EX!C37 -> 0 | D37: =INTAVI_PA_IN!D37+INTAVI_PA_EX!D37+INTAVI_FR_IN!D37+INTAVI_FR_EX!D37 -> 0 | E37: =INTAVI_PA_IN!E37+INTAVI_PA_EX!E37+INTAVI_FR_IN!E37+INTAVI_FR_EX!E37 -> 0 | F37: =INTAVI_PA_IN!F37+INTAVI_PA_EX!F37+INTAVI_FR_IN!F37+INTAVI_FR_EX!F37 -> 0 | G37: =INTAVI_PA_IN!G37+INTAVI_PA_EX!G37+INTAVI_FR_IN!G37+INTAVI_FR_EX!G37 -> 0 | H37: =INTAVI_PA_IN!H37+INTAVI_PA_EX!H37+INTAVI_FR_IN!H37+INTAVI_FR_EX!H37 -> 0 | I37: =INTAVI_PA_IN!I37+INTAVI_PA_EX!I37+INTAVI_FR_IN!I37+INTAVI_FR_EX!I37 -> 0 | J37: =INTAVI_PA_IN!J37+INTAVI_PA_EX!J37+INTAVI_FR_IN!J37+INTAVI_FR_EX!J37 -> 0 | ... Z37: =INTAVI_PA_IN!Z37+INTAVI_PA_EX!Z37+INTAVI_FR_IN!Z37+INTAVI_FR_EX!Z37 -> 0
A38: Aviation gasoline | B38: O4651 | C38: =INTAVI_PA_IN!C38+INTAVI_PA_EX!C38+INTAVI_FR_IN!C38+INTAVI_FR_EX!C38 -> 0 | D38: =INTAVI_PA_IN!D38+INTAVI_PA_EX!D38+INTAVI_FR_IN!D38+INTAVI_FR_EX!D38 -> 0 | E38: =INTAVI_PA_IN!E38+INTAVI_PA_EX!E38+INTAVI_FR_IN!E38+INTAVI_FR_EX!E38 -> 0 | F38: =INTAVI_PA_IN!F38+INTAVI_PA_EX!F38+INTAVI_FR_IN!F38+INTAVI_FR_EX!F38 -> 0 | G38: =INTAVI_PA_IN!G38+INTAVI_PA_EX!G38+INTAVI_FR_IN!G38+INTAVI_FR_EX!G38 -> 0 | H38: =INTAVI_PA_IN!H38+INTAVI_PA_EX!H38+INTAVI_FR_IN!H38+INTAVI_FR_EX!H38 -> 0 | I38: =INTAVI_PA_IN!I38+INTAVI_PA_EX!I38+INTAVI_FR_IN!I38+INTAVI_FR_EX!I38 -> 0 | J38: =INTAVI_PA_IN!J38+INTAVI_PA_EX!J38+INTAVI_FR_IN!J38+INTAVI_FR_EX!J38 -> 0 | ... Z38: =INTAVI_PA_IN!Z38+INTAVI_PA_EX!Z38+INTAVI_FR_IN!Z38+INTAVI_FR_EX!Z38 -> 0
A39: Gasoline-type jet fuel | B39: O4653 | C39: =INTAVI_PA_IN!C39+INTAVI_PA_EX!C39+INTAVI_FR_IN!C39+INTAVI_FR_EX!C39 -> 0 | D39: =INTAVI_PA_IN!D39+INTAVI_PA_EX!D39+INTAVI_FR_IN!D39+INTAVI_FR_EX!D39 -> 0 | E39: =INTAVI_PA_IN!E39+INTAVI_PA_EX!E39+INTAVI_FR_IN!E39+INTAVI_FR_EX!E39 -> 0 | F39: =INTAVI_PA_IN!F39+INTAVI_PA_EX!F39+INTAVI_FR_IN!F39+INTAVI_FR_EX!F39 -> 0 | G39: =INTAVI_PA_IN!G39+INTAVI_PA_EX!G39+INTAVI_FR_IN!G39+INTAVI_FR_EX!G39 -> 0 | H39: =INTAVI_PA_IN!H39+INTAVI_PA_EX!H39+INTAVI_FR_IN!H39+INTAVI_FR_EX!H39 -> 0 | I39: =INTAVI_PA_IN!I39+INTAVI_PA_EX!I39+INTAVI_FR_IN!I39+INTAVI_FR_EX!I39 -> 0 | J39: =INTAVI_PA_IN!J39+INTAVI_PA_EX!J39+INTAVI_FR_IN!J39+INTAVI_FR_EX!J39 -> 0 | ... Z39: =INTAVI_PA_IN!Z39+INTAVI_PA_EX!Z39+INTAVI_FR_IN!Z39+INTAVI_FR_EX!Z39 -> 0
A40: Kerosene-type jet fuel (excluding biofuel portion) | B40: O4661XR5230B | C40: =INTAVI_PA_IN!C40+INTAVI_PA_EX!C40+INTAVI_FR_IN!C40+INTAVI_FR_EX!C40 -> 8511.4502 | D40: =INTAVI_PA_IN!D40+INTAVI_PA_EX!D40+INTAVI_FR_IN!D40+INTAVI_FR_EX!D40 -> 7763.2587 | E40: =INTAVI_PA_IN!E40+INTAVI_PA_EX!E40+INTAVI_FR_IN!E40+INTAVI_FR_EX!E40 -> 7763.2587 | F40: =INTAVI_PA_IN!F40+INTAVI_PA_EX!F40+INTAVI_FR_IN!F40+INTAVI_FR_EX!F40 -> 8730.9608 | G40: =INTAVI_PA_IN!G40+INTAVI_PA_EX!G40+INTAVI_FR_IN!G40+INTAVI_FR_EX!G40 -> 8659.8517 | H40: =INTAVI_PA_IN!H40+INTAVI_PA_EX!H40+INTAVI_FR_IN!H40+INTAVI_FR_EX!H40 -> 9021.5806 | I40: =INTAVI_PA_IN!I40+INTAVI_PA_EX!I40+INTAVI_FR_IN!I40+INTAVI_FR_EX!I40 -> 9667.746 | J40: =INTAVI_PA_IN!J40+INTAVI_PA_EX!J40+INTAVI_FR_IN!J40+INTAVI_FR_EX!J40 -> 10270.627 | ... Z40: =INTAVI_PA_IN!Z40+INTAVI_PA_EX!Z40+INTAVI_FR_IN!Z40+INTAVI_FR_EX!Z40 -> 10836.863
A41: Other kerosene | B41: O4669 | C41: =INTAVI_PA_IN!C41+INTAVI_PA_EX!C41+INTAVI_FR_IN!C41+INTAVI_FR_EX!C41 -> 0 | D41: =INTAVI_PA_IN!D41+INTAVI_PA_EX!D41+INTAVI_FR_IN!D41+INTAVI_FR_EX!D41 -> 0 | E41: =INTAVI_PA_IN!E41+INTAVI_PA_EX!E41+INTAVI_FR_IN!E41+INTAVI_FR_EX!E41 -> 0 | F41: =INTAVI_PA_IN!F41+INTAVI_PA_EX!F41+INTAVI_FR_IN!F41+INTAVI_FR_EX!F41 -> 0 | G41: =INTAVI_PA_IN!G41+INTAVI_PA_EX!G41+INTAVI_FR_IN!G41+INTAVI_FR_EX!G41 -> 0 | H41: =INTAVI_PA_IN!H41+INTAVI_PA_EX!H41+INTAVI_FR_IN!H41+INTAVI_FR_EX!H41 -> 0 | I41: =INTAVI_PA_IN!I41+INTAVI_PA_EX!I41+INTAVI_FR_IN!I41+INTAVI_FR_EX!I41 -> 0 | J41: =INTAVI_PA_IN!J41+INTAVI_PA_EX!J41+INTAVI_FR_IN!J41+INTAVI_FR_EX!J41 -> 0 | ... Z41: =INTAVI_PA_IN!Z41+INTAVI_PA_EX!Z41+INTAVI_FR_IN!Z41+INTAVI_FR_EX!Z41 -> 0
A42: Naphtha | B42: O4640 | C42: =INTAVI_PA_IN!C42+INTAVI_PA_EX!C42+INTAVI_FR_IN!C42+INTAVI_FR_EX!C42 -> 0 | D42: =INTAVI_PA_IN!D42+INTAVI_PA_EX!D42+INTAVI_FR_IN!D42+INTAVI_FR_EX!D42 -> 0 | E42: =INTAVI_PA_IN!E42+INTAVI_PA_EX!E42+INTAVI_FR_IN!E42+INTAVI_FR_EX!E42 -> 0 | F42: =INTAVI_PA_IN!F42+INTAVI_PA_EX!F42+INTAVI_FR_IN!F42+INTAVI_FR_EX!F42 -> 0 | G42: =INTAVI_PA_IN!G42+INTAVI_PA_EX!G42+INTAVI_FR_IN!G42+INTAVI_FR_EX!G42 -> 0 | H42: =INTAVI_PA_IN!H42+INTAVI_PA_EX!H42+INTAVI_FR_IN!H42+INTAVI_FR_EX!H42 -> 0 | I42: =INTAVI_PA_IN!I42+INTAVI_PA_EX!I42+INTAVI_FR_IN!I42+INTAVI_FR_EX!I42 -> 0 | J42: =INTAVI_PA_IN!J42+INTAVI_PA_EX!J42+INTAVI_FR_IN!J42+INTAVI_FR_EX!J42 -> 0 | ... Z42: =INTAVI_PA_IN!Z42+INTAVI_PA_EX!Z42+INTAVI_FR_IN!Z42+INTAVI_FR_EX!Z42 -> 0
A43: Gas oil and diesel oil (excluding biofuel portion) | B43: O4671XR5220B | C43: =INTAVI_PA_IN!C43+INTAVI_PA_EX!C43+INTAVI_FR_IN!C43+INTAVI_FR_EX!C43 -> 0 | D43: =INTAVI_PA_IN!D43+INTAVI_PA_EX!D43+INTAVI_FR_IN!D43+INTAVI_FR_EX!D43 -> 0 | E43: =INTAVI_PA_IN!E43+INTAVI_PA_EX!E43+INTAVI_FR_IN!E43+INTAVI_FR_EX!E43 -> 0 | F43: =INTAVI_PA_IN!F43+INTAVI_PA_EX!F43+INTAVI_FR_IN!F43+INTAVI_FR_EX!F43 -> 0 | G43: =INTAVI_PA_IN!G43+INTAVI_PA_EX!G43+INTAVI_FR_IN!G43+INTAVI_FR_EX!G43 -> 0 | H43: =INTAVI_PA_IN!H43+INTAVI_PA_EX!H43+INTAVI_FR_IN!H43+INTAVI_FR_EX!H43 -> 0 | I43: =INTAVI_PA_IN!I43+INTAVI_PA_EX!I43+INTAVI_FR_IN!I43+INTAVI_FR_EX!I43 -> 0 | J43: =INTAVI_PA_IN!J43+INTAVI_PA_EX!J43+INTAVI_FR_IN!J43+INTAVI_FR_EX!J43 -> 0 | ... Z43: =INTAVI_PA_IN!Z43+INTAVI_PA_EX!Z43+INTAVI_FR_IN!Z43+INTAVI_FR_EX!Z43 -> 0
A44: Fuel oil | B44: O4680 | C44: =INTAVI_PA_IN!C44+INTAVI_PA_EX!C44+INTAVI_FR_IN!C44+INTAVI_FR_EX!C44 -> 0 | D44: =INTAVI_PA_IN!D44+INTAVI_PA_EX!D44+INTAVI_FR_IN!D44+INTAVI_FR_EX!D44 -> 0 | E44: =INTAVI_PA_IN!E44+INTAVI_PA_EX!E44+INTAVI_FR_IN!E44+INTAVI_FR_EX!E44 -> 0 | F44: =INTAVI_PA_IN!F44+INTAVI_PA_EX!F44+INTAVI_FR_IN!F44+INTAVI_FR_EX!F44 -> 0 | G44: =INTAVI_PA_IN!G44+INTAVI_PA_EX!G44+INTAVI_FR_IN!G44+INTAVI_FR_EX!G44 -> 0 | H44: =INTAVI_PA_IN!H44+INTAVI_PA_EX!H44+INTAVI_FR_IN!H44+INTAVI_FR_EX!H44 -> 0 | I44: =INTAVI_PA_IN!I44+INTAVI_PA_EX!I44+INTAVI_FR_IN!I44+INTAVI_FR_EX!I44 -> 0 | J44: =INTAVI_PA_IN!J44+INTAVI_PA_EX!J44+INTAVI_FR_IN!J44+INTAVI_FR_EX!J44 -> 0 | ... Z44: =INTAVI_PA_IN!Z44+INTAVI_PA_EX!Z44+INTAVI_FR_IN!Z44+INTAVI_FR_EX!Z44 -> 0
A45: White spirit and special boiling point industrial spirits | B45: O4691 | C45: =INTAVI_PA_IN!C45+INTAVI_PA_EX!C45+INTAVI_FR_IN!C45+INTAVI_FR_EX!C45 -> 0 | D45: =INTAVI_PA_IN!D45+INTAVI_PA_EX!D45+INTAVI_FR_IN!D45+INTAVI_FR_EX!D45 -> 0 | E45: =INTAVI_PA_IN!E45+INTAVI_PA_EX!E45+INTAVI_FR_IN!E45+INTAVI_FR_EX!E45 -> 0 | F45: =INTAVI_PA_IN!F45+INTAVI_PA_EX!F45+INTAVI_FR_IN!F45+INTAVI_FR_EX!F45 -> 0 | G45: =INTAVI_PA_IN!G45+INTAVI_PA_EX!G45+INTAVI_FR_IN!G45+INTAVI_FR_EX!G45 -> 0 | H45: =INTAVI_PA_IN!H45+INTAVI_PA_EX!H45+INTAVI_FR_IN!H45+INTAVI_FR_EX!H45 -> 0 | I45: =INTAVI_PA_IN!I45+INTAVI_PA_EX!I45+INTAVI_FR_IN!I45+INTAVI_FR_EX!I45 -> 0 | J45: =INTAVI_PA_IN!J45+INTAVI_PA_EX!J45+INTAVI_FR_IN!J45+INTAVI_FR_EX!J45 -> 0 | ... Z45: =INTAVI_PA_IN!Z45+INTAVI_PA_EX!Z45+INTAVI_FR_IN!Z45+INTAVI_FR_EX!Z45 -> 0
... A51: Natural gas | B51: G3000 | C51: =INTAVI_PA_IN!C51+INTAVI_PA_EX!C51+INTAVI_FR_IN!C51+INTAVI_FR_EX!C51 -> 0 | D51: =INTAVI_PA_IN!D51+INTAVI_PA_EX!D51+INTAVI_FR_IN!D51+INTAVI_FR_EX!D51 -> 0 | E51: =INTAVI_PA_IN!E51+INTAVI_PA_EX!E51+INTAVI_FR_IN!E51+INTAVI_FR_EX!E51 -> 0 | F51: =INTAVI_PA_IN!F51+INTAVI_PA_EX!F51+INTAVI_FR_IN!F51+INTAVI_FR_EX!F51 -> 0 | G51: =INTAVI_PA_IN!G51+INTAVI_PA_EX!G51+INTAVI_FR_IN!G51+INTAVI_FR_EX!G51 -> 0 | H51: =INTAVI_PA_IN!H51+INTAVI_PA_EX!H51+INTAVI_FR_IN!H51+INTAVI_FR_EX!H51 -> 0 | I51: =INTAVI_PA_IN!I51+INTAVI_PA_EX!I51+INTAVI_FR_IN!I51+INTAVI_FR_EX!I51 -> 0 | J51: =INTAVI_PA_IN!J51+INTAVI_PA_EX!J51+INTAVI_FR_IN!J51+INTAVI_FR_EX!J51 -> 0 | ... Z51: =INTAVI_PA_IN!Z51+INTAVI_PA_EX!Z51+INTAVI_FR_IN!Z51+INTAVI_FR_EX!Z51 -> 0
A52: Non-renewable waste | B52: W6100_6220 | C52: =SUM(C53:C54) -> 0 | D52: =SUM(D53:D54) -> 0 | E52: =SUM(E53:E54) -> 0 | F52: =SUM(F53:F54) -> 0 | G52: =SUM(G53:G54) -> 0 | H52: =SUM(H53:H54) -> 0 | I52: =SUM(I53:I54) -> 0 | J52: =SUM(J53:J54) -> 0 | ... Z52: =SUM(Z53:Z54) -> 0
A53: Industrial waste (non-renewable) | B53: W6100 | C53: =INTAVI_PA_IN!C53+INTAVI_PA_EX!C53+INTAVI_FR_IN!C53+INTAVI_FR_EX!C53 -> 0 | D53: =INTAVI_PA_IN!D53+INTAVI_PA_EX!D53+INTAVI_FR_IN!D53+INTAVI_FR_EX!D53 -> 0 | E53: =INTAVI_PA_IN!E53+INTAVI_PA_EX!E53+INTAVI_FR_IN!E53+INTAVI_FR_EX!E53 -> 0 | F53: =INTAVI_PA_IN!F53+INTAVI_PA_EX!F53+INTAVI_FR_IN!F53+INTAVI_FR_EX!F53 -> 0 | G53: =INTAVI_PA_IN!G53+INTAVI_PA_EX!G53+INTAVI_FR_IN!G53+INTAVI_FR_EX!G53 -> 0 | H53: =INTAVI_PA_IN!H53+INTAVI_PA_EX!H53+INTAVI_FR_IN!H53+INTAVI_FR_EX!H53 -> 0 | I53: =INTAVI_PA_IN!I53+INTAVI_PA_EX!I53+INTAVI_FR_IN!I53+INTAVI_FR_EX!I53 -> 0 | J53: =INTAVI_PA_IN!J53+INTAVI_PA_EX!J53+INTAVI_FR_IN!J53+INTAVI_FR_EX!J53 -> 0 | ... Z53: =INTAVI_PA_IN!Z53+INTAVI_PA_EX!Z53+INTAVI_FR_IN!Z53+INTAVI_FR_EX!Z53 -> 0
