Workbook

Sheet cover
B6: JRC-IDEES-2023 - Integrated Database of the European Energy System
C10: Italy
C15: Industrial sectors
L28: Prepared by JRC C.6
L30: 45967.477
L31: v2023-1.00
B33: Legal Notice
B35: The information made available is property of the Joint Research Centre of the European Commission.
B36: Neither the European Commission nor any person acting on behalf of the Commission is responsible for the use which might be made of this information.
B38: Use conditions
B39: This work is licensed under
B40: CC BY 4.0

Sheet index
A1: IT | B1: Italy
B3: Click on the link to jump to the sheet
B4: =HYPERLINK("#"&CELL("address",Ind_Summary!$B$2),MID(CELL("filename",Ind_Summary!$B$2),FIND("]",CELL("filename",Ind_Summary!$B$2))+1,256)) -> Ind_Summary | D4: Industrial sectors summary
B5: =HYPERLINK("#"&CELL("address",Ind_Summary_fec!$B$2),MID(CELL("filename",Ind_Summary_fec!$B$2),FIND("]",CELL("filename",Ind_Summary_fec!$B$2))+1,256)) -> Ind_Summary_fec | D5: split of final energy consumption
B6: =HYPERLINK("#"&CELL("address",Ind_Summary_ued!$B$2),MID(CELL("filename",Ind_Summary_ued!$B$2),FIND("]",CELL("filename",Ind_Summary_ued!$B$2))+1,256)) -> Ind_Summary_ued | D6: split of useful energy demand
B8: =HYPERLINK("#"&CELL("address",ISI!$B$2),MID(CELL("filename",ISI!$B$2),FIND("]",CELL("filename",ISI!$B$2))+1,256)) -> ISI | D8: Iron and steel
B9: =HYPERLINK("#"&CELL("address",ISI_fec!$B$2),MID(CELL("filename",ISI_fec!$B$2),FIND("]",CELL("filename",ISI_fec!$B$2))+1,256)) -> ISI_fec | D9: detailed split of final energy consumption
B10: =HYPERLINK("#"&CELL("address",ISI_ued!$B$2),MID(CELL("filename",ISI_ued!$B$2),FIND("]",CELL("filename",ISI_ued!$B$2))+1,256)) -> ISI_ued | D10: detailed split of useful energy demand
B11: =HYPERLINK("#"&CELL("address",ISI_emi!$B$2),MID(CELL("filename",ISI_emi!$B$2),FIND("]",CELL("filename",ISI_emi!$B$2))+1,256)) -> ISI_emi | D11: detailed split of CO2 emissions
B13: =HYPERLINK("#"&CELL("address",NFM!$B$2),MID(CELL("filename",NFM!$B$2),FIND("]",CELL("filename",NFM!$B$2))+1,256)) -> NFM | D13: Non-ferrous metals
B14: =HYPERLINK("#"&CELL("address",NFM_fec!$B$2),MID(CELL("filename",NFM_fec!$B$2),FIND("]",CELL("filename",NFM_fec!$B$2))+1,256)) -> NFM_fec | D14: detailed split of final energy consumption
B15: =HYPERLINK("#"&CELL("address",NFM_ued!$B$2),MID(CELL("filename",NFM_ued!$B$2),FIND("]",CELL("filename",NFM_ued!$B$2))+1,256)) -> NFM_ued | D15: detailed split of useful energy demand
B16: =HYPERLINK("#"&CELL("address",NFM_emi!$B$2),MID(CELL("filename",NFM_emi!$B$2),FIND("]",CELL("filename",NFM_emi!$B$2))+1,256)) -> NFM_emi | D16: detailed split of CO2 emissions
B18: =HYPERLINK("#"&CELL("address",CHI!$B$2),MID(CELL("filename",CHI!$B$2),FIND("]",CELL("filename",CHI!$B$2))+1,256)) -> CHI | D18: Chemical industry
B19: =HYPERLINK("#"&CELL("address",CHI_fec!$B$2),MID(CELL("filename",CHI_fec!$B$2),FIND("]",CELL("filename",CHI_fec!$B$2))+1,256)) -> CHI_fec | D19: detailed split of final energy consumption
B20: =HYPERLINK("#"&CELL("address",CHI_ued!$B$2),MID(CELL("filename",CHI_ued!$B$2),FIND("]",CELL("filename",CHI_ued!$B$2))+1,256)) -> CHI_ued | D20: detailed split of useful energy demand
B21: =HYPERLINK("#"&CELL("address",CHI_emi!$B$2),MID(CELL("filename",CHI_emi!$B$2),FIND("]",CELL("filename",CHI_emi!$B$2))+1,256)) -> CHI_emi | D21: detailed split of CO2 emissions
B23: =HYPERLINK("#"&CELL("address",NMM!$B$2),MID(CELL("filename",NMM!$B$2),FIND("]",CELL("filename",NMM!$B$2))+1,256)) -> NMM | D23: Non-metallic mineral products
B24: =HYPERLINK("#"&CELL("address",NMM_fec!$B$2),MID(CELL("filename",NMM_fec!$B$2),FIND("]",CELL("filename",NMM_fec!$B$2))+1,256)) -> NMM_fec | D24: detailed split of final energy consumption
B25: =HYPERLINK("#"&CELL("address",NMM_ued!$B$2),MID(CELL("filename",NMM_ued!$B$2),FIND("]",CELL("filename",NMM_ued!$B$2))+1,256)) -> NMM_ued | D25: detailed split of useful energy demand
B26: =HYPERLINK("#"&CELL("address",NMM_emi!$B$2),MID(CELL("filename",NMM_emi!$B$2),FIND("]",CELL("filename",NMM_emi!$B$2))+1,256)) -> NMM_emi | D26: detailed split of CO2 emissions
B28: =HYPERLINK("#"&CELL("address",PPA!$B$2),MID(CELL("filename",PPA!$B$2),FIND("]",CELL("filename",PPA!$B$2))+1,256)) -> PPA | D28: Pulp, paper and printing
B29: =HYPERLINK("#"&CELL("address",PPA_fec!$B$2),MID(CELL("filename",PPA_fec!$B$2),FIND("]",CELL("filename",PPA_fec!$B$2))+1,256)) -> PPA_fec | D29: detailed split of final energy consumption
B30: =HYPERLINK("#"&CELL("address",PPA_ued!$B$2),MID(CELL("filename",PPA_ued!$B$2),FIND("]",CELL("filename",PPA_ued!$B$2))+1,256)) -> PPA_ued | D30: detailed split of useful energy demand
B31: =HYPERLINK("#"&CELL("address",PPA_emi!$B$2),MID(CELL("filename",PPA_emi!$B$2),FIND("]",CELL("filename",PPA_emi!$B$2))+1,256)) -> PPA_emi | D31: detailed split of CO2 emissions
B33: =HYPERLINK("#"&CELL("address",FBT!$B$2),MID(CELL("filename",FBT!$B$2),FIND("]",CELL("filename",FBT!$B$2))+1,256)) -> FBT | D33: Food, beverages and tobacco
B34: =HYPERLINK("#"&CELL("address",FBT_fec!$B$2),MID(CELL("filename",FBT_fec!$B$2),FIND("]",CELL("filename",FBT_fec!$B$2))+1,256)) -> FBT_fec | D34: detailed split of final energy consumption
B35: =HYPERLINK("#"&CELL("address",FBT_ued!$B$2),MID(CELL("filename",FBT_ued!$B$2),FIND("]",CELL("filename",FBT_ued!$B$2))+1,256)) -> FBT_ued | D35: detailed split of useful energy demand
B36: =HYPERLINK("#"&CELL("address",FBT_emi!$B$2),MID(CELL("filename",FBT_emi!$B$2),FIND("]",CELL("filename",FBT_emi!$B$2))+1,256)) -> FBT_emi | D36: detailed split of CO2 emissions
B38: =HYPERLINK("#"&CELL("address",TRE!$B$2),MID(CELL("filename",TRE!$B$2),FIND("]",CELL("filename",TRE!$B$2))+1,256)) -> TRE | D38: Transport equipment
B39: =HYPERLINK("#"&CELL("address",TRE_fec!$B$2),MID(CELL("filename",TRE_fec!$B$2),FIND("]",CELL("filename",TRE_fec!$B$2))+1,256)) -> TRE_fec | D39: detailed split of final energy consumption
B40: =HYPERLINK("#"&CELL("address",TRE_ued!$B$2),MID(CELL("filename",TRE_ued!$B$2),FIND("]",CELL("filename",TRE_ued!$B$2))+1,256)) -> TRE_ued | D40: detailed split of useful energy demand
B41: =HYPERLINK("#"&CELL("address",TRE_emi!$B$2),MID(CELL("filename",TRE_emi!$B$2),FIND("]",CELL("filename",TRE_emi!$B$2))+1,256)) -> TRE_emi | D41: detailed split of CO2 emissions
B43: =HYPERLINK("#"&CELL("address",MAE!$B$2),MID(CELL("filename",MAE!$B$2),FIND("]",CELL("filename",MAE!$B$2))+1,256)) -> MAE | D43: Machinery equipment
B44: =HYPERLINK("#"&CELL("address",MAE_fec!$B$2),MID(CELL("filename",MAE_fec!$B$2),FIND("]",CELL("filename",MAE_fec!$B$2))+1,256)) -> MAE_fec | D44: detailed split of final energy consumption
B45: =HYPERLINK("#"&CELL("address",MAE_ued!$B$2),MID(CELL("filename",MAE_ued!$B$2),FIND("]",CELL("filename",MAE_ued!$B$2))+1,256)) -> MAE_ued | D45: detailed split of useful energy demand
B46: =HYPERLINK("#"&CELL("address",MAE_emi!$B$2),MID(CELL("filename",MAE_emi!$B$2),FIND("]",CELL("filename",MAE_emi!$B$2))+1,256)) -> MAE_emi | D46: detailed split of CO2 emissions
B48: =HYPERLINK("#"&CELL("address",TEL!$B$2),MID(CELL("filename",TEL!$B$2),FIND("]",CELL("filename",TEL!$B$2))+1,256)) -> TEL | D48: Textiles and leather
B49: =HYPERLINK("#"&CELL("address",TEL_fec!$B$2),MID(CELL("filename",TEL_fec!$B$2),FIND("]",CELL("filename",TEL_fec!$B$2))+1,256)) -> TEL_fec | D49: detailed split of final energy consumption
B50: =HYPERLINK("#"&CELL("address",TEL_ued!$B$2),MID(CELL("filename",TEL_ued!$B$2),FIND("]",CELL("filename",TEL_ued!$B$2))+1,256)) -> TEL_ued | D50: detailed split of useful energy demand
B51: =HYPERLINK("#"&CELL("address",TEL_emi!$B$2),MID(CELL("filename",TEL_emi!$B$2),FIND("]",CELL("filename",TEL_emi!$B$2))+1,256)) -> TEL_emi | D51: detailed split of CO2 emissions
B53: =HYPERLINK("#"&CELL("address",WWP!$B$2),MID(CELL("filename",WWP!$B$2),FIND("]",CELL("filename",WWP!$B$2))+1,256)) -> WWP | D53: Wood and wood products
B54: =HYPERLINK("#"&CELL("address",WWP_fec!$B$2),MID(CELL("filename",WWP_fec!$B$2),FIND("]",CELL("filename",WWP_fec!$B$2))+1,256)) -> WWP_fec | D54: detailed split of final energy consumption
B55: =HYPERLINK("#"&CELL("address",WWP_ued!$B$2),MID(CELL("filename",WWP_ued!$B$2),FIND("]",CELL("filename",WWP_ued!$B$2))+1,256)) -> WWP_ued | D55: detailed split of useful energy demand
B56: =HYPERLINK("#"&CELL("address",WWP_emi!$B$2),MID(CELL("filename",WWP_emi!$B$2),FIND("]",CELL("filename",WWP_emi!$B$2))+1,256)) -> WWP_emi | D56: detailed split of CO2 emissions
B58: =HYPERLINK("#"&CELL("address",OIS!$B$2),MID(CELL("filename",OIS!$B$2),FIND("]",CELL("filename",OIS!$B$2))+1,256)) -> OIS | D58: Other industrial sectors
B59: =HYPERLINK("#"&CELL("address",OIS_fec!$B$2),MID(CELL("filename",OIS_fec!$B$2),FIND("]",CELL("filename",OIS_fec!$B$2))+1,256)) -> OIS_fec | D59: detailed split of final energy consumption
B60: =HYPERLINK("#"&CELL("address",OIS_ued!$B$2),MID(CELL("filename",OIS_ued!$B$2),FIND("]",CELL("filename",OIS_ued!$B$2))+1,256)) -> OIS_ued | D60: detailed split of useful energy demand
B61: =HYPERLINK("#"&CELL("address",OIS_emi!$B$2),MID(CELL("filename",OIS_emi!$B$2),FIND("]",CELL("filename",OIS_emi!$B$2))+1,256)) -> OIS_emi | D61: detailed split of CO2 emissions

Sheet Ind_Summary
A1: =index!$A$1&": Industry Summary" -> IT: Industry Summary | B1: 2000 | C1: 2001 | D1: 2002 | E1: 2003 | F1: 2004 | G1: 2005 | H1: 2006 | I1: 2007 | J1: 2008 | K1: 2009 | L1: 2010 | M1: 2011 | N1: 2012 | O1: 2013 | P1: 2014 | Q1: 2015 | R1: 2016 | S1: 2017 | T1: 2018 | U1: 2019 | V1: 2020 | W1: 2021 | X1: 2022 | Y1: 2023
A3: Value added (M€2023) | B3: =ISI!B$3+NFM!B$3+CHI!B$3+NMM!B$3+PPA!B$3+FBT!B$3+TRE!B$3+MAE!B$3+TEL!B$3+WWP!B$3+OIS!B$3 -> 415989.92 | C3: =ISI!C$3+NFM!C$3+CHI!C$3+NMM!C$3+PPA!C$3+FBT!C$3+TRE!C$3+MAE!C$3+TEL!C$3+WWP!C$3+OIS!C$3 -> 416911.81 | D3: =ISI!D$3+NFM!D$3+CHI!D$3+NMM!D$3+PPA!D$3+FBT!D$3+TRE!D$3+MAE!D$3+TEL!D$3+WWP!D$3+OIS!D$3 -> 416484.36 | E3: =ISI!E$3+NFM!E$3+CHI!E$3+NMM!E$3+PPA!E$3+FBT!E$3+TRE!E$3+MAE!E$3+TEL!E$3+WWP!E$3+OIS!E$3 -> 404241.44 | F3: =ISI!F$3+NFM!F$3+CHI!F$3+NMM!F$3+PPA!F$3+FBT!F$3+TRE!F$3+MAE!F$3+TEL!F$3+WWP!F$3+OIS!F$3 -> 409466.74 | G3: =ISI!G$3+NFM!G$3+CHI!G$3+NMM!G$3+PPA!G$3+FBT!G$3+TRE!G$3+MAE!G$3+TEL!G$3+WWP!G$3+OIS!G$3 -> 408046.53 | H3: =ISI!H$3+NFM!H$3+CHI!H$3+NMM!H$3+PPA!H$3+FBT!H$3+TRE!H$3+MAE!H$3+TEL!H$3+WWP!H$3+OIS!H$3 -> 419843.16 | I3: =ISI!I$3+NFM!I$3+CHI!I$3+NMM!I$3+PPA!I$3+FBT!I$3+TRE!I$3+MAE!I$3+TEL!I$3+WWP!I$3+OIS!I$3 -> 432503.82 | ... Y3: =ISI!Y$3+NFM!Y$3+CHI!Y$3+NMM!Y$3+PPA!Y$3+FBT!Y$3+TRE!Y$3+MAE!Y$3+TEL!Y$3+WWP!Y$3+OIS!Y$3 -> 430950.43
A4: Iron and steel | B4: =ISI!B$3 -> 9253.4118 | C4: =ISI!C$3 -> 8328.0125 | D4: =ISI!D$3 -> 7657.9868 | E4: =ISI!E$3 -> 8305.7841 | F4: =ISI!F$3 -> 8622.7112 | G4: =ISI!G$3 -> 9049.7471 | H4: =ISI!H$3 -> 9662.0193 | I4: =ISI!I$3 -> 10913.955 | ... Y4: =ISI!Y$3 -> 9646.4752
A5: Non-ferrous metals | B5: =NFM!B$3 -> 2562.5759 | C5: =NFM!C$3 -> 2306.3022 | D5: =NFM!D$3 -> 2120.7499 | E5: =NFM!E$3 -> 2300.1464 | F5: =NFM!F$3 -> 2387.914 | G5: =NFM!G$3 -> 2506.1744 | H5: =NFM!H$3 -> 2675.7328 | I5: =NFM!I$3 -> 3022.4353 | ... Y5: =NFM!Y$3 -> 3741.9292
A6: Alumina production | B6: =NFM!B$4 -> 386.91057 | C6: =NFM!C$4 -> 348.21709 | D6: =NFM!D$4 -> 320.20147 | E6: =NFM!E$4 -> 347.28765 | F6: =NFM!F$4 -> 360.53925 | G6: =NFM!G$4 -> 378.39479 | H6: =NFM!H$4 -> 403.99558 | I6: =NFM!I$4 -> 456.34245 | ... Y6: =NFM!Y$4 -> 0
A7: Aluminium production | B7: =NFM!B$5 -> 1160.7317 | C7: =NFM!C$5 -> 1044.6513 | D7: =NFM!D$5 -> 960.60441 | E7: =NFM!E$5 -> 1041.863 | F7: =NFM!F$5 -> 1081.6177 | G7: =NFM!G$5 -> 1135.1844 | H7: =NFM!H$5 -> 1211.9867 | I7: =NFM!I$5 -> 1369.0273 | ... Y7: =NFM!Y$5 -> 1142.9434
A8: Other non-ferrous metals | B8: =NFM!B$8 -> 1014.9336 | C8: =NFM!C$8 -> 913.43386 | D8: =NFM!D$8 -> 839.94404 | E8: =NFM!E$8 -> 910.9958 | F8: =NFM!F$8 -> 945.75704 | G8: =NFM!G$8 -> 992.59523 | H8: =NFM!H$8 -> 1059.7505 | I8: =NFM!I$8 -> 1197.0655 | ... Y8: =NFM!Y$8 -> 2598.9858
A9: Chemical industry | B9: =CHI!B$3 -> 27023.022 | C9: =CHI!C$3 -> 25841.545 | D9: =CHI!D$3 -> 26550.578 | E9: =CHI!E$3 -> 24887.237 | F9: =CHI!F$3 -> 24326.921 | G9: =CHI!G$3 -> 23338.06 | H9: =CHI!H$3 -> 23011.021 | I9: =CHI!I$3 -> 23153.718 | ... Y9: =CHI!Y$3 -> 25677.2
A10: Basic chemicals | B10: =CHI!B$5 -> 2571.965 | C10: =CHI!C$5 -> 2431.8211 | D10: =CHI!D$5 -> 2460.4948 | E10: =CHI!E$5 -> 2031.7187 | F10: =CHI!F$5 -> 1938.9634 | G10: =CHI!G$5 -> 2256.0056 | H10: =CHI!H$5 -> 2253.2499 | I10: =CHI!I$5 -> 2280.9788 | ... Y10: =CHI!Y$5 -> 3520.6343
A11: Other chemicals | B11: =CHI!B$6 -> 13143.819 | C11: =CHI!C$6 -> 11617.948 | D11: =CHI!D$6 -> 11922.551 | E11: =CHI!E$6 -> 10937.947 | F11: =CHI!F$6 -> 11084.289 | G11: =CHI!G$6 -> 10481.911 | H11: =CHI!H$6 -> 10453.568 | I11: =CHI!I$6 -> 10740.508 | ... Y11: =CHI!Y$6 -> 10121.866
A12: Pharmaceutical products etc. | B12: =CHI!B$7 -> 11307.238 | C12: =CHI!C$7 -> 11791.776 | D12: =CHI!D$7 -> 12167.532 | E12: =CHI!E$7 -> 11917.571 | F12: =CHI!F$7 -> 11303.668 | G12: =CHI!G$7 -> 10600.143 | H12: =CHI!H$7 -> 10304.203 | I12: =CHI!I$7 -> 10132.231 | ... Y12: =CHI!Y$7 -> 12034.7
A13: Non-metallic mineral products | B13: =NMM!B$3 -> 18318.37 | C13: =NMM!C$3 -> 18739.368 | D13: =NMM!D$3 -> 19985.855 | E13: =NMM!E$3 -> 18755.351 | F13: =NMM!F$3 -> 18648.806 | G13: =NMM!G$3 -> 18483.274 | H13: =NMM!H$3 -> 18010.853 | I13: =NMM!I$3 -> 18419.25 | ... Y13: =NMM!Y$3 -> 14245.553
A14: Cement | B14: =NMM!B$4 -> 6346.7143 | C14: =NMM!C$4 -> 6750.7435 | D14: =NMM!D$4 -> 7677.5751 | E14: =NMM!E$4 -> 6618.3752 | F14: =NMM!F$4 -> 6541.5633 | G14: =NMM!G$4 -> 6206.2176 | H14: =NMM!H$4 -> 6777.6001 | I14: =NMM!I$4 -> 6912.3595 | ... Y14: =NMM!Y$4 -> 4299.1971
A15: Ceramics & other NMM | B15: =NMM!B$5 -> 8569.4492 | C15: =NMM!C$5 -> 8389.0777 | D15: =NMM!D$5 -> 8561.008 | E15: =NMM!E$5 -> 8832.3907 | F15: =NMM!F$5 -> 8945.1734 | G15: =NMM!G$5 -> 8802.7491 | H15: =NMM!H$5 -> 8037.0768 | I15: =NMM!I$5 -> 8193.0191 | ... Y15: =NMM!Y$5 -> 6707.739
A16: Glass production | B16: =NMM!B$6 -> 3402.2062 | C16: =NMM!C$6 -> 3599.5465 | D16: =NMM!D$6 -> 3747.2717 | E16: =NMM!E$6 -> 3304.5852 | F16: =NMM!F$6 -> 3162.0689 | G16: =NMM!G$6 -> 3474.3077 | H16: =NMM!H$6 -> 3196.1758 | I16: =NMM!I$6 -> 3313.8713 | ... Y16: =NMM!Y$6 -> 3238.6173
A17: Pulp, paper and printing | B17: =PPA!B$3 -> 15898.922 | C17: =PPA!C$3 -> 15789.752 | D17: =PPA!D$3 -> 15893.328 | E17: =PPA!E$3 -> 14819.038 | F17: =PPA!F$3 -> 14779.195 | G17: =PPA!G$3 -> 14113.259 | H17: =PPA!H$3 -> 14104.578 | I17: =PPA!I$3 -> 14065.917 | ... Y17: =PPA!Y$3 -> 10859.251
A18: Pulp production | B18: =PPA!B$5 -> 34.927106 | C18: =PPA!C$5 -> 32.838482 | D18: =PPA!D$5 -> 32.104187 | E18: =PPA!E$5 -> 32.447328 | F18: =PPA!F$5 -> 33.895123 | G18: =PPA!G$5 -> 32.312425 | H18: =PPA!H$5 -> 30.427785 | I18: =PPA!I$5 -> 29.867975 | ... Y18: =PPA!Y$5 -> 9.011476
A19: Paper production | B19: =PPA!B$6 -> 7271.3191 | C19: =PPA!C$6 -> 6991.0057 | D19: =PPA!D$6 -> 6575.6876 | E19: =PPA!E$6 -> 6374.4243 | F19: =PPA!F$6 -> 6588.9841 | G19: =PPA!G$6 -> 6199.9535 | H19: =PPA!H$6 -> 6006.7332 | I19: =PPA!I$6 -> 5996.53 | ... Y19: =PPA!Y$6 -> 7058.1851
A20: Printing and media reproduction | B20: =PPA!B$7 -> 8592.6754 | C20: =PPA!C$7 -> 8765.9073 | D20: =PPA!D$7 -> 9285.5362 | E20: =PPA!E$7 -> 8412.166 | F20: =PPA!F$7 -> 8156.3163 | G20: =PPA!G$7 -> 7880.9931 | H20: =PPA!H$7 -> 8067.4173 | I20: =PPA!I$7 -> 8039.5191 | ... Y20: =PPA!Y$7 -> 3792.0544
A21: Food, beverages and tobacco | B21: =FBT!B$3 -> 32735.865 | C21: =FBT!C$3 -> 31926.429 | D21: =FBT!D$3 -> 33136.331 | E21: =FBT!E$3 -> 32084.292 | F21: =FBT!F$3 -> 32033.188 | G21: =FBT!G$3 -> 30825.411 | H21: =FBT!H$3 -> 30320.681 | I21: =FBT!I$3 -> 30857.289 | ... Y21: =FBT!Y$3 -> 36715.2
A22: Transport equipment | B22: =TRE!B$3 -> 28068.862 | C22: =TRE!C$3 -> 25689.189 | D22: =TRE!D$3 -> 24218.823 | E22: =TRE!E$3 -> 22669.549 | F22: =TRE!F$3 -> 23782.504 | G22: =TRE!G$3 -> 22636.025 | H22: =TRE!H$3 -> 24729.507 | I22: =TRE!I$3 -> 26185.98 | ... Y22: =TRE!Y$3 -> 28667.6
A23: Machinery equipment | B23: =MAE!B$3 -> 100702.21 | C23: =MAE!C$3 -> 100918.82 | D23: =MAE!D$3 -> 98785.291 | E23: =MAE!E$3 -> 97261.297 | F23: =MAE!F$3 -> 99243.51 | G23: =MAE!G$3 -> 99812.728 | H23: =MAE!H$3 -> 106471.23 | I23: =MAE!I$3 -> 112113.98 | ... Y23: =MAE!Y$3 -> 111315.7
A24: Textiles and leather | B24: =TEL!B$3 -> 43591.189 | C24: =TEL!C$3 -> 44615.992 | D24: =TEL!D$3 -> 41638.422 | E24: =TEL!E$3 -> 38324.253 | F24: =TEL!F$3 -> 35941.335 | G24: =TEL!G$3 -> 34143.576 | H24: =TEL!H$3 -> 33386.482 | I24: =TEL!I$3 -> 34076.203 | ... Y24: =TEL!Y$3 -> 27554.6
A25: Wood and wood products | B25: =WWP!B$3 -> 10278.187 | C25: =WWP!C$3 -> 11234.524 | D25: =WWP!D$3 -> 10164.194 | E25: =WWP!E$3 -> 9442.0057 | F25: =WWP!F$3 -> 9365.9354 | G25: =WWP!G$3 -> 8834.2323 | H25: =WWP!H$3 -> 8994.955 | I25: =WWP!I$3 -> 9042.1002 | ... Y25: =WWP!Y$3 -> 5767.949
A26: Other industrial sectors | B26: =OIS!B$3 -> 127557.31 | C26: =OIS!C$3 -> 131521.88 | D26: =OIS!D$3 -> 136332.8 | E26: =OIS!E$3 -> 135392.49 | F26: =OIS!F$3 -> 140334.72 | G26: =OIS!G$3 -> 144304.04 | H26: =OIS!H$3 -> 148476.09 | I26: =OIS!I$3 -> 150653 | ... Y26: =OIS!Y$3 -> 156758.98
A28: Energy consumption (ktoe)
A29: by fuel (EUROSTAT DATA) | B29: =ISI!B25+NFM!B43+CHI!B32+NMM!B31+PPA!B32+FBT!B12+TRE!B12+MAE!B12+TEL!B12+WWP!B12+OIS!B12 -> 37585.367 | C29: =ISI!C25+NFM!C43+CHI!C32+NMM!C31+PPA!C32+FBT!C12+TRE!C12+MAE!C12+TEL!C12+WWP!C12+OIS!C12 -> 36376.509 | D29: =ISI!D25+NFM!D43+CHI!D32+NMM!D31+PPA!D32+FBT!D12+TRE!D12+MAE!D12+TEL!D12+WWP!D12+OIS!D12 -> 36622.733 | E29: =ISI!E25+NFM!E43+CHI!E32+NMM!E31+PPA!E32+FBT!E12+TRE!E12+MAE!E12+TEL!E12+WWP!E12+OIS!E12 -> 38225.619 | F29: =ISI!F25+NFM!F43+CHI!F32+NMM!F31+PPA!F32+FBT!F12+TRE!F12+MAE!F12+TEL!F12+WWP!F12+OIS!F12 -> 37509.213 | G29: =ISI!G25+NFM!G43+CHI!G32+NMM!G31+PPA!G32+FBT!G12+TRE!G12+MAE!G12+TEL!G12+WWP!G12+OIS!G12 -> 37211.521 | H29: =ISI!H25+NFM!H43+CHI!H32+NMM!H31+PPA!H32+FBT!H12+TRE!H12+MAE!H12+TEL!H12+WWP!H12+OIS!H12 -> 36144.577 | I29: =ISI!I25+NFM!I43+CHI!I32+NMM!I31+PPA!I32+FBT!I12+TRE!I12+MAE!I12+TEL!I12+WWP!I12+OIS!I12 -> 35907.652 | ... Y29: =ISI!Y25+NFM!Y43+CHI!Y32+NMM!Y31+PPA!Y32+FBT!Y12+TRE!Y12+MAE!Y12+TEL!Y12+WWP!Y12+OIS!Y12 -> 23502.313
A30: Solids | B30: =B31+B32 -> 1480.9777 | C30: =C31+C32 -> 1328.4529 | D30: =D31+D32 -> 1237.5825 | E30: =E31+E32 -> 1306.4877 | F30: =F31+F32 -> 1098.1784 | G30: =G31+G32 -> 1326.112 | H30: =H31+H32 -> 1057.503 | I30: =I31+I32 -> 1487.9237 | ... Y30: =Y31+Y32 -> 296.97309
A31: Hard coal and others | B31: =ISI!B27+NFM!B44+CHI!B33+NMM!B32+PPA!B33+FBT!B13+TRE!B13+MAE!B13+TEL!B13+WWP!B13+OIS!B13 -> 563.23388 | C31: =ISI!C27+NFM!C44+CHI!C33+NMM!C32+PPA!C33+FBT!C13+TRE!C13+MAE!C13+TEL!C13+WWP!C13+OIS!C13 -> 554.91591 | D31: =ISI!D27+NFM!D44+CHI!D33+NMM!D32+PPA!D33+FBT!D13+TRE!D13+MAE!D13+TEL!D13+WWP!D13+OIS!D13 -> 479.81995 | E31: =ISI!E27+NFM!E44+CHI!E33+NMM!E32+PPA!E33+FBT!E13+TRE!E13+MAE!E13+TEL!E13+WWP!E13+OIS!E13 -> 528.63826 | F31: =ISI!F27+NFM!F44+CHI!F33+NMM!F32+PPA!F33+FBT!F13+TRE!F13+MAE!F13+TEL!F13+WWP!F13+OIS!F13 -> 285.6963 | G31: =ISI!G27+NFM!G44+CHI!G33+NMM!G32+PPA!G33+FBT!G13+TRE!G13+MAE!G13+TEL!G13+WWP!G13+OIS!G13 -> 377.1773 | H31: =ISI!H27+NFM!H44+CHI!H33+NMM!H32+PPA!H33+FBT!H13+TRE!H13+MAE!H13+TEL!H13+WWP!H13+OIS!H13 -> 139.04497 | I31: =ISI!I27+NFM!I44+CHI!I33+NMM!I32+PPA!I33+FBT!I13+TRE!I13+MAE!I13+TEL!I13+WWP!I13+OIS!I13 -> 590.24531 | ... Y31: =ISI!Y27+NFM!Y44+CHI!Y33+NMM!Y32+PPA!Y33+FBT!Y13+TRE!Y13+MAE!Y13+TEL!Y13+WWP!Y13+OIS!Y13 -> 30.111608
A32: Coke | B32: =ISI!B28 -> 917.74385 | C32: =ISI!C28 -> 773.53697 | D32: =ISI!D28 -> 757.76251 | E32: =ISI!E28 -> 777.84944 | F32: =ISI!F28 -> 812.48212 | G32: =ISI!G28 -> 948.93474 | H32: =ISI!H28 -> 918.45804 | I32: =ISI!I28 -> 897.67842 | ... Y32: =ISI!Y28 -> 266.86148
A33: Liquids | B33: =SUM(B34:B38) -> 6696.5652 | C33: =SUM(C34:C38) -> 5735.8079 | D33: =SUM(D34:D38) -> 6175.2604 | E33: =SUM(E34:E38) -> 7234.7733 | F33: =SUM(F34:F38) -> 6588.5115 | G33: =SUM(G34:G38) -> 6429.7507 | H33: =SUM(H34:H38) -> 5956.3247 | I33: =SUM(I34:I38) -> 6200.4491 | ... Y33: =SUM(Y34:Y38) -> 2871.8661
A34: Refinery gas | B34: =ISI!B30+NFM!B46+CHI!B35+NMM!B34+PPA!B35+FBT!B15+TRE!B15+MAE!B15+TEL!B15+WWP!B15+OIS!B15 -> 0 | C34: =ISI!C30+NFM!C46+CHI!C35+NMM!C34+PPA!C35+FBT!C15+TRE!C15+MAE!C15+TEL!C15+WWP!C15+OIS!C15 -> 0 | D34: =ISI!D30+NFM!D46+CHI!D35+NMM!D34+PPA!D35+FBT!D15+TRE!D15+MAE!D15+TEL!D15+WWP!D15+OIS!D15 -> 0 | E34: =ISI!E30+NFM!E46+CHI!E35+NMM!E34+PPA!E35+FBT!E15+TRE!E15+MAE!E15+TEL!E15+WWP!E15+OIS!E15 -> 133.59845 | F34: =ISI!F30+NFM!F46+CHI!F35+NMM!F34+PPA!F35+FBT!F15+TRE!F15+MAE!F15+TEL!F15+WWP!F15+OIS!F15 -> 0 | G34: =ISI!G30+NFM!G46+CHI!G35+NMM!G34+PPA!G35+FBT!G15+TRE!G15+MAE!G15+TEL!G15+WWP!G15+OIS!G15 -> 0 | H34: =ISI!H30+NFM!H46+CHI!H35+NMM!H34+PPA!H35+FBT!H15+TRE!H15+MAE!H15+TEL!H15+WWP!H15+OIS!H15 -> 0 | I34: =ISI!I30+NFM!I46+CHI!I35+NMM!I34+PPA!I35+FBT!I15+TRE!I15+MAE!I15+TEL!I15+WWP!I15+OIS!I15 -> 316.85297 | ... Y34: =ISI!Y30+NFM!Y46+CHI!Y35+NMM!Y34+PPA!Y35+FBT!Y15+TRE!Y15+MAE!Y15+TEL!Y15+WWP!Y15+OIS!Y15 -> 63.549097
A35: LPG | B35: =ISI!B31+NFM!B47+CHI!B36+NMM!B35+PPA!B36+FBT!B16+TRE!B16+MAE!B16+TEL!B16+WWP!B16+OIS!B16 -> 446.06836 | C35: =ISI!C31+NFM!C47+CHI!C36+NMM!C35+PPA!C36+FBT!C16+TRE!C16+MAE!C16+TEL!C16+WWP!C16+OIS!C16 -> 501.00318 | D35: =ISI!D31+NFM!D47+CHI!D36+NMM!D35+PPA!D36+FBT!D16+TRE!D16+MAE!D16+TEL!D16+WWP!D16+OIS!D16 -> 452.66079 | E35: =ISI!E31+NFM!E47+CHI!E36+NMM!E35+PPA!E36+FBT!E16+TRE!E16+MAE!E16+TEL!E16+WWP!E16+OIS!E16 -> 461.45021 | F35: =ISI!F31+NFM!F47+CHI!F36+NMM!F35+PPA!F36+FBT!F16+TRE!F16+MAE!F16+TEL!F16+WWP!F16+OIS!F16 -> 430.68693 | G35: =ISI!G31+NFM!G47+CHI!G36+NMM!G35+PPA!G36+FBT!G16+TRE!G16+MAE!G16+TEL!G16+WWP!G16+OIS!G16 -> 431.78555 | H35: =ISI!H31+NFM!H47+CHI!H36+NMM!H35+PPA!H36+FBT!H16+TRE!H16+MAE!H16+TEL!H16+WWP!H16+OIS!H16 -> 422.99613 | I35: =ISI!I31+NFM!I47+CHI!I36+NMM!I35+PPA!I36+FBT!I16+TRE!I16+MAE!I16+TEL!I16+WWP!I16+OIS!I16 -> 396.62743 | ... Y35: =ISI!Y31+NFM!Y47+CHI!Y36+NMM!Y35+PPA!Y36+FBT!Y16+TRE!Y16+MAE!Y16+TEL!Y16+WWP!Y16+OIS!Y16 -> 252.52313
A36: Diesel oil (without biofuels) | B36: =ISI!B32+NFM!B48+CHI!B37+NMM!B36+PPA!B37+FBT!B17+TRE!B17+MAE!B17+TEL!B17+WWP!B17+OIS!B17 -> 394.78366 | C36: =ISI!C32+NFM!C48+CHI!C37+NMM!C36+PPA!C37+FBT!C17+TRE!C17+MAE!C17+TEL!C17+WWP!C17+OIS!C17 -> 415.13336 | D36: =ISI!D32+NFM!D48+CHI!D37+NMM!D36+PPA!D37+FBT!D17+TRE!D17+MAE!D17+TEL!D17+WWP!D17+OIS!D17 -> 415.13328 | E36: =ISI!E32+NFM!E48+CHI!E37+NMM!E36+PPA!E37+FBT!E17+TRE!E17+MAE!E17+TEL!E17+WWP!E17+OIS!E17 -> 503.65426 | F36: =ISI!F32+NFM!F48+CHI!F37+NMM!F36+PPA!F37+FBT!F17+TRE!F17+MAE!F17+TEL!F17+WWP!F17+OIS!F17 -> 552.49347 | G36: =ISI!G32+NFM!G48+CHI!G37+NMM!G36+PPA!G37+FBT!G17+TRE!G17+MAE!G17+TEL!G17+WWP!G17+OIS!G17 -> 506.70688 | H36: =ISI!H32+NFM!H48+CHI!H37+NMM!H36+PPA!H37+FBT!H17+TRE!H17+MAE!H17+TEL!H17+WWP!H17+OIS!H17 -> 411.06337 | I36: =ISI!I32+NFM!I48+CHI!I37+NMM!I36+PPA!I37+FBT!I17+TRE!I17+MAE!I17+TEL!I17+WWP!I17+OIS!I17 -> 451.76285 | ... Y36: =ISI!Y32+NFM!Y48+CHI!Y37+NMM!Y36+PPA!Y37+FBT!Y17+TRE!Y17+MAE!Y17+TEL!Y17+WWP!Y17+OIS!Y17 -> 363.13981
A37: Fuel oil | B37: =ISI!B33+NFM!B49+CHI!B38+NMM!B37+PPA!B38+FBT!B18+TRE!B18+MAE!B18+TEL!B18+WWP!B18+OIS!B18 -> 3341.9318 | C37: =ISI!C33+NFM!C49+CHI!C38+NMM!C37+PPA!C38+FBT!C18+TRE!C18+MAE!C18+TEL!C18+WWP!C18+OIS!C18 -> 2938.7599 | D37: =ISI!D33+NFM!D49+CHI!D38+NMM!D37+PPA!D38+FBT!D18+TRE!D18+MAE!D18+TEL!D18+WWP!D18+OIS!D18 -> 3137.4798 | E37: =ISI!E33+NFM!E49+CHI!E38+NMM!E37+PPA!E38+FBT!E18+TRE!E18+MAE!E18+TEL!E18+WWP!E18+OIS!E18 -> 3348.6194 | F37: =ISI!F33+NFM!F49+CHI!F38+NMM!F37+PPA!F38+FBT!F18+TRE!F18+MAE!F18+TEL!F18+WWP!F18+OIS!F18 -> 2363.619 | G37: =ISI!G33+NFM!G49+CHI!G38+NMM!G37+PPA!G38+FBT!G18+TRE!G18+MAE!G18+TEL!G18+WWP!G18+OIS!G18 -> 2135.2824 | H37: =ISI!H33+NFM!H49+CHI!H38+NMM!H37+PPA!H38+FBT!H18+TRE!H18+MAE!H18+TEL!H18+WWP!H18+OIS!H18 -> 2030.19 | I37: =ISI!I33+NFM!I49+CHI!I38+NMM!I37+PPA!I38+FBT!I18+TRE!I18+MAE!I18+TEL!I18+WWP!I18+OIS!I18 -> 2067.45 | ... Y37: =ISI!Y33+NFM!Y49+CHI!Y38+NMM!Y37+PPA!Y38+FBT!Y18+TRE!Y18+MAE!Y18+TEL!Y18+WWP!Y18+OIS!Y18 -> 522.36939
A38: Other liquids | B38: =ISI!B34+NFM!B50+CHI!B39+NMM!B38+PPA!B39+FBT!B19+TRE!B19+MAE!B19+TEL!B19+WWP!B19+OIS!B19 -> 2513.7813 | C38: =ISI!C34+NFM!C50+CHI!C39+NMM!C38+PPA!C39+FBT!C19+TRE!C19+MAE!C19+TEL!C19+WWP!C19+OIS!C19 -> 1880.9114 | D38: =ISI!D34+NFM!D50+CHI!D39+NMM!D38+PPA!D39+FBT!D19+TRE!D19+MAE!D19+TEL!D19+WWP!D19+OIS!D19 -> 2169.9866 | E38: =ISI!E34+NFM!E50+CHI!E39+NMM!E38+PPA!E39+FBT!E19+TRE!E19+MAE!E19+TEL!E19+WWP!E19+OIS!E19 -> 2787.4509 | F38: =ISI!F34+NFM!F50+CHI!F39+NMM!F38+PPA!F39+FBT!F19+TRE!F19+MAE!F19+TEL!F19+WWP!F19+OIS!F19 -> 3241.7121 | G38: =ISI!G34+NFM!G50+CHI!G39+NMM!G38+PPA!G39+FBT!G19+TRE!G19+MAE!G19+TEL!G19+WWP!G19+OIS!G19 -> 3355.9759 | H38: =ISI!H34+NFM!H50+CHI!H39+NMM!H38+PPA!H39+FBT!H19+TRE!H19+MAE!H19+TEL!H19+WWP!H19+OIS!H19 -> 3092.0752 | I38: =ISI!I34+NFM!I50+CHI!I39+NMM!I38+PPA!I39+FBT!I19+TRE!I19+MAE!I19+TEL!I19+WWP!I19+OIS!I19 -> 2967.7558 | ... Y38: =ISI!Y34+NFM!Y50+CHI!Y39+NMM!Y38+PPA!Y39+FBT!Y19+TRE!Y19+MAE!Y19+TEL!Y19+WWP!Y19+OIS!Y19 -> 1670.2847
A39: Gases | B39: =B40+B41 -> 16921.472 | C39: =C40+C41 -> 16698.233 | D39: =D40+D41 -> 16612.819 | E39: =E40+E41 -> 16985.686 | F39: =F40+F41 -> 14341.019 | G39: =G40+G41 -> 13880.976 | H39: =H40+H41 -> 13298.323 | I39: =I40+I41 -> 12572.915 | ... Y39: =Y40+Y41 -> 9695.3363
A40: Natural gas | B40: =ISI!B36+NFM!B52+CHI!B41+NMM!B40+PPA!B41+FBT!B21+TRE!B21+MAE!B21+TEL!B21+WWP!B21+OIS!B21 -> 16625.15 | C40: =ISI!C36+NFM!C52+CHI!C41+NMM!C40+PPA!C41+FBT!C21+TRE!C21+MAE!C21+TEL!C21+WWP!C21+OIS!C21 -> 16652.773 | D40: =ISI!D36+NFM!D52+CHI!D41+NMM!D40+PPA!D41+FBT!D21+TRE!D21+MAE!D21+TEL!D21+WWP!D21+OIS!D21 -> 16588.951 | E40: =ISI!E36+NFM!E52+CHI!E41+NMM!E40+PPA!E41+FBT!E21+TRE!E21+MAE!E21+TEL!E21+WWP!E21+OIS!E21 -> 16963.392 | F40: =ISI!F36+NFM!F52+CHI!F41+NMM!F40+PPA!F41+FBT!F21+TRE!F21+MAE!F21+TEL!F21+WWP!F21+OIS!F21 -> 14338.607 | G40: =ISI!G36+NFM!G52+CHI!G41+NMM!G40+PPA!G41+FBT!G21+TRE!G21+MAE!G21+TEL!G21+WWP!G21+OIS!G21 -> 13861.844 | H40: =ISI!H36+NFM!H52+CHI!H41+NMM!H40+PPA!H41+FBT!H21+TRE!H21+MAE!H21+TEL!H21+WWP!H21+OIS!H21 -> 13294.024 | I40: =ISI!I36+NFM!I52+CHI!I41+NMM!I40+PPA!I41+FBT!I21+TRE!I21+MAE!I21+TEL!I21+WWP!I21+OIS!I21 -> 12572.915 | ... Y40: =ISI!Y36+NFM!Y52+CHI!Y41+NMM!Y40+PPA!Y41+FBT!Y21+TRE!Y21+MAE!Y21+TEL!Y21+WWP!Y21+OIS!Y21 -> 9634.5676
A41: Derived gases | B41: =ISI!B37+NFM!B53+CHI!B42+NMM!B41+PPA!B42+FBT!B22+TRE!B22+MAE!B22+TEL!B22+WWP!B22+OIS!B22 -> 296.32175 | C41: =ISI!C37+NFM!C53+CHI!C42+NMM!C41+PPA!C42+FBT!C22+TRE!C22+MAE!C22+TEL!C22+WWP!C22+OIS!C22 -> 45.459501 | D41: =ISI!D37+NFM!D53+CHI!D42+NMM!D41+PPA!D42+FBT!D22+TRE!D22+MAE!D22+TEL!D22+WWP!D22+OIS!D22 -> 23.867842 | E41: =ISI!E37+NFM!E53+CHI!E42+NMM!E41+PPA!E42+FBT!E22+TRE!E22+MAE!E22+TEL!E22+WWP!E22+OIS!E22 -> 22.293895 | F41: =ISI!F37+NFM!F53+CHI!F42+NMM!F41+PPA!F42+FBT!F22+TRE!F22+MAE!F22+TEL!F22+WWP!F22+OIS!F22 -> 2.4123818 | G41: =ISI!G37+NFM!G53+CHI!G42+NMM!G41+PPA!G42+FBT!G22+TRE!G22+MAE!G22+TEL!G22+WWP!G22+OIS!G22 -> 19.131556 | H41: =ISI!H37+NFM!H53+CHI!H42+NMM!H41+PPA!H42+FBT!H22+TRE!H22+MAE!H22+TEL!H22+WWP!H22+OIS!H22 -> 4.2992261 | I41: =ISI!I37+NFM!I53+CHI!I42+NMM!I41+PPA!I42+FBT!I22+TRE!I22+MAE!I22+TEL!I22+WWP!I22+OIS!I22 -> 0 | ... Y41: =ISI!Y37+NFM!Y53+CHI!Y42+NMM!Y41+PPA!Y42+FBT!Y22+TRE!Y22+MAE!Y22+TEL!Y22+WWP!Y22+OIS!Y22 -> 60.768702
A42: RES and wastes | B42: =SUM(B43:B48) -> 289.70576 | C42: =SUM(C43:C48) -> 300.60181 | D42: =SUM(D43:D48) -> 292.08461 | E42: =SUM(E43:E48) -> 285.25838 | F42: =SUM(F43:F48) -> 282.03878 | G42: =SUM(G43:G48) -> 275.05494 | H42: =SUM(H43:H48) -> 275.79063 | I42: =SUM(I43:I48) -> 244.0049 | ... Y42: =SUM(Y43:Y48) -> 898.7757
A43: Biomass and waste | B43: =ISI!B39+NFM!B55+CHI!B44+NMM!B43+PPA!B44+FBT!B24+TRE!B24+MAE!B24+TEL!B24+WWP!B24+OIS!B24 -> 289.70576 | C43: =ISI!C39+NFM!C55+CHI!C44+NMM!C43+PPA!C44+FBT!C24+TRE!C24+MAE!C24+TEL!C24+WWP!C24+OIS!C24 -> 300.60181 | D43: =ISI!D39+NFM!D55+CHI!D44+NMM!D43+PPA!D44+FBT!D24+TRE!D24+MAE!D24+TEL!D24+WWP!D24+OIS!D24 -> 292.08461 | E43: =ISI!E39+NFM!E55+CHI!E44+NMM!E43+PPA!E44+FBT!E24+TRE!E24+MAE!E24+TEL!E24+WWP!E24+OIS!E24 -> 285.25838 | F43: =ISI!F39+NFM!F55+CHI!F44+NMM!F43+PPA!F44+FBT!F24+TRE!F24+MAE!F24+TEL!F24+WWP!F24+OIS!F24 -> 282.03878 | G43: =ISI!G39+NFM!G55+CHI!G44+NMM!G43+PPA!G44+FBT!G24+TRE!G24+MAE!G24+TEL!G24+WWP!G24+OIS!G24 -> 275.05494 | H43: =ISI!H39+NFM!H55+CHI!H44+NMM!H43+PPA!H44+FBT!H24+TRE!H24+MAE!H24+TEL!H24+WWP!H24+OIS!H24 -> 275.79063 | I43: =ISI!I39+NFM!I55+CHI!I44+NMM!I43+PPA!I44+FBT!I24+TRE!I24+MAE!I24+TEL!I24+WWP!I24+OIS!I24 -> 244.0049 | ... Y43: =ISI!Y39+NFM!Y55+CHI!Y44+NMM!Y43+PPA!Y44+FBT!Y24+TRE!Y24+MAE!Y24+TEL!Y24+WWP!Y24+OIS!Y24 -> 813.68177
A44: Biogas | B44: =ISI!B40+NFM!B56+CHI!B45+NMM!B44+PPA!B45+FBT!B25+TRE!B25+MAE!B25+TEL!B25+WWP!B25+OIS!B25 -> 0 | C44: =ISI!C40+NFM!C56+CHI!C45+NMM!C44+PPA!C45+FBT!C25+TRE!C25+MAE!C25+TEL!C25+WWP!C25+OIS!C25 -> 0 | D44: =ISI!D40+NFM!D56+CHI!D45+NMM!D44+PPA!D45+FBT!D25+TRE!D25+MAE!D25+TEL!D25+WWP!D25+OIS!D25 -> 0 | E44: =ISI!E40+NFM!E56+CHI!E45+NMM!E44+PPA!E45+FBT!E25+TRE!E25+MAE!E25+TEL!E25+WWP!E25+OIS!E25 -> 0 | F44: =ISI!F40+NFM!F56+CHI!F45+NMM!F44+PPA!F45+FBT!F25+TRE!F25+MAE!F25+TEL!F25+WWP!F25+OIS!F25 -> 0 | G44: =ISI!G40+NFM!G56+CHI!G45+NMM!G44+PPA!G45+FBT!G25+TRE!G25+MAE!G25+TEL!G25+WWP!G25+OIS!G25 -> 0 | H44: =ISI!H40+NFM!H56+CHI!H45+NMM!H44+PPA!H45+FBT!H25+TRE!H25+MAE!H25+TEL!H25+WWP!H25+OIS!H25 -> 0 | I44: =ISI!I40+NFM!I56+CHI!I45+NMM!I44+PPA!I45+FBT!I25+TRE!I25+MAE!I25+TEL!I25+WWP!I25+OIS!I25 -> 0 | ... Y44: =ISI!Y40+NFM!Y56+CHI!Y45+NMM!Y44+PPA!Y45+FBT!Y25+TRE!Y25+MAE!Y25+TEL!Y25+WWP!Y25+OIS!Y25 -> 61.343717
A45: Liquid biofuels | B45: =ISI!B41+NFM!B57+CHI!B46+NMM!B45+PPA!B46+FBT!B26+TRE!B26+MAE!B26+TEL!B26+WWP!B26+OIS!B26 -> 0 | C45: =ISI!C41+NFM!C57+CHI!C46+NMM!C45+PPA!C46+FBT!C26+TRE!C26+MAE!C26+TEL!C26+WWP!C26+OIS!C26 -> 0 | D45: =ISI!D41+NFM!D57+CHI!D46+NMM!D45+PPA!D46+FBT!D26+TRE!D26+MAE!D26+TEL!D26+WWP!D26+OIS!D26 -> 0 | E45: =ISI!E41+NFM!E57+CHI!E46+NMM!E45+PPA!E46+FBT!E26+TRE!E26+MAE!E26+TEL!E26+WWP!E26+OIS!E26 -> 0 | F45: =ISI!F41+NFM!F57+CHI!F46+NMM!F45+PPA!F46+FBT!F26+TRE!F26+MAE!F26+TEL!F26+WWP!F26+OIS!F26 -> 0 | G45: =ISI!G41+NFM!G57+CHI!G46+NMM!G45+PPA!G46+FBT!G26+TRE!G26+MAE!G26+TEL!G26+WWP!G26+OIS!G26 -> 0 | H45: =ISI!H41+NFM!H57+CHI!H46+NMM!H45+PPA!H46+FBT!H26+TRE!H26+MAE!H26+TEL!H26+WWP!H26+OIS!H26 -> 0 | I45: =ISI!I41+NFM!I57+CHI!I46+NMM!I45+PPA!I46+FBT!I26+TRE!I26+MAE!I26+TEL!I26+WWP!I26+OIS!I26 -> 0 | ... Y45: =ISI!Y41+NFM!Y57+CHI!Y46+NMM!Y45+PPA!Y46+FBT!Y26+TRE!Y26+MAE!Y26+TEL!Y26+WWP!Y26+OIS!Y26 -> 3.7828031
A46: Solar | B46: =ISI!B42+NFM!B58+CHI!B47+NMM!B46+PPA!B47+FBT!B27+TRE!B27+MAE!B27+TEL!B27+WWP!B27+OIS!B27 -> 0 | C46: =ISI!C42+NFM!C58+CHI!C47+NMM!C46+PPA!C47+FBT!C27+TRE!C27+MAE!C27+TEL!C27+WWP!C27+OIS!C27 -> 0 | D46: =ISI!D42+NFM!D58+CHI!D47+NMM!D46+PPA!D47+FBT!D27+TRE!D27+MAE!D27+TEL!D27+WWP!D27+OIS!D27 -> 0 | E46: =ISI!E42+NFM!E58+CHI!E47+NMM!E46+PPA!E47+FBT!E27+TRE!E27+MAE!E27+TEL!E27+WWP!E27+OIS!E27 -> 0 | F46: =ISI!F42+NFM!F58+CHI!F47+NMM!F46+PPA!F47+FBT!F27+TRE!F27+MAE!F27+TEL!F27+WWP!F27+OIS!F27 -> 0 | G46: =ISI!G42+NFM!G58+CHI!G47+NMM!G46+PPA!G47+FBT!G27+TRE!G27+MAE!G27+TEL!G27+WWP!G27+OIS!G27 -> 0 | H46: =ISI!H42+NFM!H58+CHI!H47+NMM!H46+PPA!H47+FBT!H27+TRE!H27+MAE!H27+TEL!H27+WWP!H27+OIS!H27 -> 0 | I46: =ISI!I42+NFM!I58+CHI!I47+NMM!I46+PPA!I47+FBT!I27+TRE!I27+MAE!I27+TEL!I27+WWP!I27+OIS!I27 -> 0 | ... Y46: =ISI!Y42+NFM!Y58+CHI!Y47+NMM!Y46+PPA!Y47+FBT!Y27+TRE!Y27+MAE!Y27+TEL!Y27+WWP!Y27+OIS!Y27 -> 10.505245
A47: Geothermal | B47: =ISI!B43+NFM!B59+CHI!B48+NMM!B47+PPA!B48+FBT!B28+TRE!B28+MAE!B28+TEL!B28+WWP!B28+OIS!B28 -> 0 | C47: =ISI!C43+NFM!C59+CHI!C48+NMM!C47+PPA!C48+FBT!C28+TRE!C28+MAE!C28+TEL!C28+WWP!C28+OIS!C28 -> 0 | D47: =ISI!D43+NFM!D59+CHI!D48+NMM!D47+PPA!D48+FBT!D28+TRE!D28+MAE!D28+TEL!D28+WWP!D28+OIS!D28 -> 0 | E47: =ISI!E43+NFM!E59+CHI!E48+NMM!E47+PPA!E48+FBT!E28+TRE!E28+MAE!E28+TEL!E28+WWP!E28+OIS!E28 -> 0 | F47: =ISI!F43+NFM!F59+CHI!F48+NMM!F47+PPA!F48+FBT!F28+TRE!F28+MAE!F28+TEL!F28+WWP!F28+OIS!F28 -> 0 | G47: =ISI!G43+NFM!G59+CHI!G48+NMM!G47+PPA!G48+FBT!G28+TRE!G28+MAE!G28+TEL!G28+WWP!G28+OIS!G28 -> 0 | H47: =ISI!H43+NFM!H59+CHI!H48+NMM!H47+PPA!H48+FBT!H28+TRE!H28+MAE!H28+TEL!H28+WWP!H28+OIS!H28 -> 0 | I47: =ISI!I43+NFM!I59+CHI!I48+NMM!I47+PPA!I48+FBT!I28+TRE!I28+MAE!I28+TEL!I28+WWP!I28+OIS!I28 -> 0 | ... Y47: =ISI!Y43+NFM!Y59+CHI!Y48+NMM!Y47+PPA!Y48+FBT!Y28+TRE!Y28+MAE!Y28+TEL!Y28+WWP!Y28+OIS!Y28 -> 1.261049
A48: Ambient heat | B48: =ISI!B44+NFM!B60+CHI!B49+NMM!B48+PPA!B49+FBT!B29+TRE!B29+MAE!B29+TEL!B29+WWP!B29+OIS!B29 -> 0 | C48: =ISI!C44+NFM!C60+CHI!C49+NMM!C48+PPA!C49+FBT!C29+TRE!C29+MAE!C29+TEL!C29+WWP!C29+OIS!C29 -> 0 | D48: =ISI!D44+NFM!D60+CHI!D49+NMM!D48+PPA!D49+FBT!D29+TRE!D29+MAE!D29+TEL!D29+WWP!D29+OIS!D29 -> 0 | E48: =ISI!E44+NFM!E60+CHI!E49+NMM!E48+PPA!E49+FBT!E29+TRE!E29+MAE!E29+TEL!E29+WWP!E29+OIS!E29 -> 0 | F48: =ISI!F44+NFM!F60+CHI!F49+NMM!F48+PPA!F49+FBT!F29+TRE!F29+MAE!F29+TEL!F29+WWP!F29+OIS!F29 -> 0 | G48: =ISI!G44+NFM!G60+CHI!G49+NMM!G48+PPA!G49+FBT!G29+TRE!G29+MAE!G29+TEL!G29+WWP!G29+OIS!G29 -> 0 | H48: =ISI!H44+NFM!H60+CHI!H49+NMM!H48+PPA!H49+FBT!H29+TRE!H29+MAE!H29+TEL!H29+WWP!H29+OIS!H29 -> 0 | I48: =ISI!I44+NFM!I60+CHI!I49+NMM!I48+PPA!I49+FBT!I29+TRE!I29+MAE!I29+TEL!I29+WWP!I29+OIS!I29 -> 0 | ... Y48: =ISI!Y44+NFM!Y60+CHI!Y49+NMM!Y48+PPA!Y49+FBT!Y29+TRE!Y29+MAE!Y29+TEL!Y29+WWP!Y29+OIS!Y29 -> 8.2011178
A49: Distributed steam | B49: =ISI!B45+NFM!B61+CHI!B50+NMM!B49+PPA!B50+FBT!B30+TRE!B30+MAE!B30+TEL!B30+WWP!B30+OIS!B30 -> 0 | C49: =ISI!C45+NFM!C61+CHI!C50+NMM!C49+PPA!C50+FBT!C30+TRE!C30+MAE!C30+TEL!C30+WWP!C30+OIS!C30 -> 0 | D49: =ISI!D45+NFM!D61+CHI!D50+NMM!D49+PPA!D50+FBT!D30+TRE!D30+MAE!D30+TEL!D30+WWP!D30+OIS!D30 -> 0 | E49: =ISI!E45+NFM!E61+CHI!E50+NMM!E49+PPA!E50+FBT!E30+TRE!E30+MAE!E30+TEL!E30+WWP!E30+OIS!E30 -> 0 | F49: =ISI!F45+NFM!F61+CHI!F50+NMM!F49+PPA!F50+FBT!F30+TRE!F30+MAE!F30+TEL!F30+WWP!F30+OIS!F30 -> 2800.7547 | G49: =ISI!G45+NFM!G61+CHI!G50+NMM!G49+PPA!G50+FBT!G30+TRE!G30+MAE!G30+TEL!G30+WWP!G30+OIS!G30 -> 2852.25 | H49: =ISI!H45+NFM!H61+CHI!H50+NMM!H49+PPA!H50+FBT!H30+TRE!H30+MAE!H30+TEL!H30+WWP!H30+OIS!H30 -> 2885.784 | I49: =ISI!I45+NFM!I61+CHI!I50+NMM!I49+PPA!I50+FBT!I30+TRE!I30+MAE!I30+TEL!I30+WWP!I30+OIS!I30 -> 2834.0021 | ... Y49: =ISI!Y45+NFM!Y61+CHI!Y50+NMM!Y49+PPA!Y50+FBT!Y30+TRE!Y30+MAE!Y30+TEL!Y30+WWP!Y30+OIS!Y30 -> 561.98839
A50: Electricity | B50: =ISI!B46+NFM!B62+CHI!B51+NMM!B50+PPA!B51+FBT!B31+TRE!B31+MAE!B31+TEL!B31+WWP!B31+OIS!B31 -> 12196.647 | C50: =ISI!C46+NFM!C62+CHI!C51+NMM!C50+PPA!C51+FBT!C31+TRE!C31+MAE!C31+TEL!C31+WWP!C31+OIS!C31 -> 12313.414 | D50: =ISI!D46+NFM!D62+CHI!D51+NMM!D50+PPA!D51+FBT!D31+TRE!D31+MAE!D31+TEL!D31+WWP!D31+OIS!D31 -> 12304.987 | E50: =ISI!E46+NFM!E62+CHI!E51+NMM!E50+PPA!E51+FBT!E31+TRE!E31+MAE!E31+TEL!E31+WWP!E31+OIS!E31 -> 12413.414 | F50: =ISI!F46+NFM!F62+CHI!F51+NMM!F50+PPA!F51+FBT!F31+TRE!F31+MAE!F31+TEL!F31+WWP!F31+OIS!F31 -> 12398.71 | G50: =ISI!G46+NFM!G62+CHI!G51+NMM!G50+PPA!G51+FBT!G31+TRE!G31+MAE!G31+TEL!G31+WWP!G31+OIS!G31 -> 12447.377 | H50: =ISI!H46+NFM!H62+CHI!H51+NMM!H50+PPA!H51+FBT!H31+TRE!H31+MAE!H31+TEL!H31+WWP!H31+OIS!H31 -> 12670.851 | I50: =ISI!I46+NFM!I62+CHI!I51+NMM!I50+PPA!I51+FBT!I31+TRE!I31+MAE!I31+TEL!I31+WWP!I31+OIS!I31 -> 12568.358 | ... Y50: =ISI!Y46+NFM!Y62+CHI!Y51+NMM!Y50+PPA!Y51+FBT!Y31+TRE!Y31+MAE!Y31+TEL!Y31+WWP!Y31+OIS!Y31 -> 9177.3731
A51: by sector | B51: =SUM(B52,B55,B61,B65,B69,B73:B78) -> 37585.367 | C51: =SUM(C52,C55,C61,C65,C69,C73:C78) -> 36376.509 | D51: =SUM(D52,D55,D61,D65,D69,D73:D78) -> 36622.733 | E51: =SUM(E52,E55,E61,E65,E69,E73:E78) -> 38225.619 | F51: =SUM(F52,F55,F61,F65,F69,F73:F78) -> 37509.213 | G51: =SUM(G52,G55,G61,G65,G69,G73:G78) -> 37211.521 | H51: =SUM(H52,H55,H61,H65,H69,H73:H78) -> 36144.577 | I51: =SUM(I52,I55,I61,I65,I69,I73:I78) -> 35907.652 | ... Y51: =SUM(Y52,Y55,Y61,Y65,Y69,Y73:Y78) -> 23502.313
A52: Iron and steel | B52: =ISI!B$47 -> 4933.2665 | C52: =ISI!C$47 -> 4605.1459 | D52: =ISI!D$47 -> 4493.4032 | E52: =ISI!E$47 -> 4570.118 | F52: =ISI!F$47 -> 4595.3975 | G52: =ISI!G$47 -> 4811.018 | H52: =ISI!H$47 -> 4799.6968 | I52: =ISI!I$47 -> 4700.4586 | ... Y52: =ISI!Y$47 -> 3431.8083
A53: Integrated steelworks | B53: =ISI!B$48 -> 2883.6874 | C53: =ISI!C$48 -> 2583.1481 | D53: =ISI!D$48 -> 2429.2649 | E53: =ISI!E$48 -> 2513.3354 | F53: =ISI!F$48 -> 2546.244 | G53: =ISI!G$48 -> 2795.037 | H53: =ISI!H$48 -> 2660.3495 | I53: =ISI!I$48 -> 2565.935 | ... Y53: =ISI!Y$48 -> 897.61506
A54: Electric arc | B54: =ISI!B$49 -> 2049.5791 | C54: =ISI!C$49 -> 2021.9978 | D54: =ISI!D$49 -> 2064.1383 | E54: =ISI!E$49 -> 2056.7826 | F54: =ISI!F$49 -> 2049.1535 | G54: =ISI!G$49 -> 2015.981 | H54: =ISI!H$49 -> 2139.3473 | I54: =ISI!I$49 -> 2134.5237 | ... Y54: =ISI!Y$49 -> 2534.1932
A55: Non-ferrous metals | B55: =NFM!B$63 -> 965.08005 | C55: =NFM!C$63 -> 979.01204 | D55: =NFM!D$63 -> 954.95073 | E55: =NFM!E$63 -> 961.71978 | F55: =NFM!F$63 -> 967.76956 | G55: =NFM!G$63 -> 964.23216 | H55: =NFM!H$63 -> 981.98805 | I55: =NFM!I$63 -> 947.09175 | ... Y55: =NFM!Y$63 -> 672.99048
A56: Alumina production | B56: =NFM!B$64 -> 331.96284 | C56: =NFM!C$64 -> 191.0861 | D56: =NFM!D$64 -> 355.85443 | E56: =NFM!E$64 -> 384.91706 | F56: =NFM!F$64 -> 394.3268 | G56: =NFM!G$64 -> 368.84624 | H56: =NFM!H$64 -> 370.03001 | I56: =NFM!I$64 -> 355.14378 | ... Y56: =NFM!Y$64 -> 0
A57: Aluminium production | B57: =NFM!B$65 -> 362.6199 | C57: =NFM!C$65 -> 379.76095 | D57: =NFM!D$65 -> 350.90206 | E57: =NFM!E$65 -> 357.11492 | F57: =NFM!F$65 -> 361.65266 | G57: =NFM!G$65 -> 392.31263 | H57: =NFM!H$65 -> 415.86752 | I57: =NFM!I$65 -> 398.94935 | ... Y57: =NFM!Y$65 -> 114.56357
A58: Aluminium - primary production | B58: =NFM!B$66 -> 264.59186 | C58: =NFM!C$66 -> 286.01768 | D58: =NFM!D$66 -> 262.01315 | E58: =NFM!E$66 -> 265.42941 | F58: =NFM!F$66 -> 268.1213 | G58: =NFM!G$66 -> 252.34406 | H58: =NFM!H$66 -> 255.1112 | I58: =NFM!I$66 -> 237.50481 | ... Y58: =NFM!Y$66 -> 0
A59: Aluminium - secondary production | B59: =NFM!B$67 -> 98.028046 | C59: =NFM!C$67 -> 93.743275 | D59: =NFM!D$67 -> 88.888914 | E59: =NFM!E$67 -> 91.685507 | F59: =NFM!F$67 -> 93.531366 | G59: =NFM!G$67 -> 139.96858 | H59: =NFM!H$67 -> 160.75632 | I59: =NFM!I$67 -> 161.44455 | ... Y59: =NFM!Y$67 -> 114.56357
A60: Other non-ferrous metals | B60: =NFM!B$68 -> 270.4973 | C60: =NFM!C$68 -> 408.16498 | D60: =NFM!D$68 -> 248.19423 | E60: =NFM!E$68 -> 219.6878 | F60: =NFM!F$68 -> 211.7901 | G60: =NFM!G$68 -> 203.07328 | H60: =NFM!H$68 -> 196.09052 | I60: =NFM!I$68 -> 192.99862 | ... Y60: =NFM!Y$68 -> 558.42691
A61: Chemical industry | B61: =CHI!B$52 -> 6162.4706 | C61: =CHI!C$52 -> 5385.5454 | D61: =CHI!D$52 -> 5311.8672 | E61: =CHI!E$52 -> 5763.0212 | F61: =CHI!F$52 -> 5547.8781 | G61: =CHI!G$52 -> 5424.7555 | H61: =CHI!H$52 -> 5179.5467 | I61: =CHI!I$52 -> 5674.485 | ... Y61: =CHI!Y$52 -> 3373.392
A62: Basic chemicals | B62: =CHI!B$53 -> 2381.5352 | C62: =CHI!C$53 -> 2125.9075 | D62: =CHI!D$53 -> 2095.763 | E62: =CHI!E$53 -> 2048.3354 | F62: =CHI!F$53 -> 1935.3983 | G62: =CHI!G$53 -> 2118.4741 | H62: =CHI!H$53 -> 2048.3274 | I62: =CHI!I$53 -> 2201.8845 | ... Y62: =CHI!Y$53 -> 1555.3471
A63: Other chemicals | B63: =CHI!B$54 -> 2402.0624 | C63: =CHI!C$54 -> 1821.6775 | D63: =CHI!D$54 -> 1732.3218 | E63: =CHI!E$54 -> 2261.3852 | F63: =CHI!F$54 -> 2234.0422 | G63: =CHI!G$54 -> 2013.6359 | H63: =CHI!H$54 -> 1874.6625 | I63: =CHI!I$54 -> 2237.0152 | ... Y63: =CHI!Y$54 -> 995.00558
A64: Pharmaceutical products etc. | B64: =CHI!B$55 -> 1378.873 | C64: =CHI!C$55 -> 1437.9604 | D64: =CHI!D$55 -> 1483.7824 | E64: =CHI!E$55 -> 1453.3007 | F64: =CHI!F$55 -> 1378.4376 | G64: =CHI!G$55 -> 1292.6455 | H64: =CHI!H$55 -> 1256.5568 | I64: =CHI!I$55 -> 1235.5854 | ... Y64: =CHI!Y$55 -> 823.03936
A65: Non-metallic mineral products | B65: =NMM!B$51 -> 8089.6926 | C65: =NMM!C$51 -> 7624.1777 | D65: =NMM!D$51 -> 7685.5559 | E65: =NMM!E$51 -> 8463.0879 | F65: =NMM!F$51 -> 8814.1635 | G65: =NMM!G$51 -> 8893.1265 | H65: =NMM!H$51 -> 8152.9258 | I65: =NMM!I$51 -> 8122.7839 | ... Y65: =NMM!Y$51 -> 4376.0174
A66: Cement | B66: =NMM!B$52 -> 3172.3875 | C66: =NMM!C$52 -> 3111.3996 | D66: =NMM!D$52 -> 3287.1813 | E66: =NMM!E$52 -> 3366.9136 | F66: =NMM!F$52 -> 3361.6074 | G66: =NMM!G$52 -> 3273.9249 | H66: =NMM!H$52 -> 3356.6991 | I66: =NMM!I$52 -> 3339.1584 | ... Y66: =NMM!Y$52 -> 1413.4559
A67: Ceramics & other NMM | B67: =NMM!B$53 -> 3892.8274 | C67: =NMM!C$53 -> 3513.9322 | D67: =NMM!D$53 -> 3429.4774 | E67: =NMM!E$53 -> 4075.8754 | F67: =NMM!F$53 -> 4390.3226 | G67: =NMM!G$53 -> 4435.0882 | H67: =NMM!H$53 -> 3801.691 | I67: =NMM!I$53 -> 3780.0444 | ... Y67: =NMM!Y$53 -> 1947.4058
A68: Glass production | B68: =NMM!B$54 -> 1024.4777 | C68: =NMM!C$54 -> 998.84596 | D68: =NMM!D$54 -> 968.89723 | E68: =NMM!E$54 -> 1020.2988 | F68: =NMM!F$54 -> 1062.2336 | G68: =NMM!G$54 -> 1184.1133 | H68: =NMM!H$54 -> 994.53568 | I68: =NMM!I$54 -> 1003.5811 | ... Y68: =NMM!Y$54 -> 1015.1557
A69: Pulp, paper and printing | B69: =PPA!B$52 -> 2640.3076 | C69: =PPA!C$52 -> 2680.534 | D69: =PPA!D$52 -> 2719.0975 | E69: =PPA!E$52 -> 2797.762 | F69: =PPA!F$52 -> 2867.3474 | G69: =PPA!G$52 -> 2736.3882 | H69: =PPA!H$52 -> 2771.4937 | I69: =PPA!I$52 -> 2837.482 | ... Y69: =PPA!Y$52 -> 2141.4677
A70: Pulp production | B70: =PPA!B$53 -> 102.52115 | C70: =PPA!C$53 -> 102.07018 | D70: =PPA!D$53 -> 107.52174 | E70: =PPA!E$53 -> 115.53362 | F70: =PPA!F$53 -> 120.53636 | G70: =PPA!G$53 -> 116.96072 | H70: =PPA!H$53 -> 115.89532 | I70: =PPA!I$53 -> 115.34641 | ... Y70: =PPA!Y$53 -> 53.827731
A71: Paper production | B71: =PPA!B$54 -> 2070.8688 | C71: =PPA!C$54 -> 2104.4325 | D71: =PPA!D$54 -> 2130.7248 | E71: =PPA!E$54 -> 2187.4662 | F71: =PPA!F$54 -> 2239.7432 | G71: =PPA!G$54 -> 2135.5188 | H71: =PPA!H$54 -> 2165.4816 | I71: =PPA!I$54 -> 2220.3493 | ... Y71: =PPA!Y$54 -> 1749.8454
A72: Printing and media reproduction | B72: =PPA!B$55 -> 466.91761 | C72: =PPA!C$55 -> 474.03134 | D72: =PPA!D$55 -> 480.85099 | E72: =PPA!E$55 -> 494.76218 | F72: =PPA!F$55 -> 507.06781 | G72: =PPA!G$55 -> 483.90871 | H72: =PPA!H$55 -> 490.11684 | I72: =PPA!I$55 -> 501.78636 | ... Y72: =PPA!Y$55 -> 337.79457
A73: Food, beverages and tobacco | B73: =FBT!B$12 -> 3495.7148 | C73: =FBT!C$12 -> 3576.6573 | D73: =FBT!D$12 -> 3723.3664 | E73: =FBT!E$12 -> 3778.4058 | F73: =FBT!F$12 -> 3645.739 | G73: =FBT!G$12 -> 3444.0169 | H73: =FBT!H$12 -> 3292.3999 | I73: =FBT!I$12 -> 3190.9262 | ... Y73: =FBT!Y$12 -> 2747.1702
A74: Transport equipment | B74: =TRE!B$12 -> 405.07309 | C74: =TRE!C$12 -> 389.25193 | D74: =TRE!D$12 -> 381.16939 | E74: =TRE!E$12 -> 379.01978 | F74: =TRE!F$12 -> 476.5644 | G74: =TRE!G$12 -> 478.47042 | H74: =TRE!H$12 -> 494.06707 | I74: =TRE!I$12 -> 475.28899 | ... Y74: =TRE!Y$12 -> 368.05482
A75: Machinery equipment | B75: =MAE!B$12 -> 4723.7726 | C75: =MAE!C$12 -> 4813.2067 | D75: =MAE!D$12 -> 4874.6458 | E75: =MAE!E$12 -> 4945.0942 | F75: =MAE!F$12 -> 4870.5838 | G75: =MAE!G$12 -> 4793.8808 | H75: =MAE!H$12 -> 4791.0266 | I75: =MAE!I$12 -> 4751.0676 | ... Y75: =MAE!Y$12 -> 3142.699
A76: Textiles and leather | B76: =TEL!B$12 -> 2707.5272 | C76: =TEL!C$12 -> 2687.4165 | D76: =TEL!D$12 -> 2717.4569 | E76: =TEL!E$12 -> 2724.2142 | F76: =TEL!F$12 -> 2554.2371 | G76: =TEL!G$12 -> 2383.0706 | H76: =TEL!H$12 -> 2257.8868 | I76: =TEL!I$12 -> 1907.9058 | ... Y76: =TEL!Y$12 -> 946.45302
A77: Wood and wood products | B77: =WWP!B$12 -> 465.24789 | C77: =WWP!C$12 -> 484.08332 | D77: =WWP!D$12 -> 484.68994 | E77: =WWP!E$12 -> 482.87472 | F77: =WWP!F$12 -> 503.48237 | G77: =WWP!G$12 -> 504.46165 | H77: =WWP!H$12 -> 538.908 | I77: =WWP!I$12 -> 499.58444 | ... Y77: =WWP!Y$12 -> 406.03502
A78: Other industrial sectors | B78: =OIS!B$12 -> 2997.2147 | C78: =OIS!C$12 -> 3151.4778 | D78: =OIS!D$12 -> 3276.5304 | E78: =OIS!E$12 -> 3360.3014 | F78: =OIS!F$12 -> 2666.0503 | G78: =OIS!G$12 -> 2778.1003 | H78: =OIS!H$12 -> 2884.6375 | I78: =OIS!I$12 -> 2800.578 | ... Y78: =OIS!Y$12 -> 1896.2248
A80: Non-energy use (ktoe)
A81: by fuel (EUROSTAT DATA) | B81: 7756.8406 | C81: 8986.8994 | D81: 9005.9496 | E81: 8530.3192 | F81: 7788.626 | G81: 8021.7302 | H81: 8486.6605 | I81: 8340.685 | J81: 8501.5764 | K81: 8176.0509 | L81: 9222.3656 | M81: 8818.9143 | N81: 7414.0512 | O81: 5842.0465 | P81: 6739.1755 | Q81: 6218.0424 | R81: 5928.5683 | S81: 7452.6296 | T81: 6784.2745 | U81: 6778.254 | V81: 6582.48 | W81: 5601.4831 | X81: 5478.7986 | Y81: 4297.7433
A82: Solids | B82: 0 | C82: 0 | D82: 0 | E82: 0 | F82: 0 | G82: 0 | H82: 0 | I82: 0 | J82: 0 | K82: 0 | L82: 0 | M82: 0 | N82: 0 | O82: 0 | P82: 0 | Q82: 0 | R82: 0 | S82: 0 | T82: 0 | U82: 0 | V82: 0 | W82: 4.8882201 | X82: 8.7770421 | Y82: 5.4342218
A83: Liquids | B83: 6779.777 | C83: 7993.4557 | D83: 8085.3993 | E83: 7600.719 | F83: 6801.7386 | G83: 7029.1034 | H83: 7540.6803 | I83: 7571.618 | J83: 7806.2625 | K83: 7609.3484 | L83: 8656.4585 | M83: 8392.2161 | N83: 7043.243 | O83: 5392.412 | P83: 6229.7602 | Q83: 5645.5359 | R83: 5275.9887 | S83: 6797.1097 | T83: 6168.1904 | U83: 6135.337 | V83: 5929.1829 | W83: 4932.7501 | X83: 4919.9932 | Y83: 3834.7654
A84: Refinery gas | B84: 105.22356 | C84: 503.65434 | D84: 367.69132 | E84: 266.01462 | F84: 0 | G84: 5.9114359 | H84: 203.3534 | I84: 422.07653 | J84: 487.10232 | K84: 0 | L84: 0 | M84: 282.56664 | N84: 282.56664 | O84: 277.83749 | P84: 262.46776 | Q84: 294.38951 | R84: 176.16079 | S84: 176.16079 | T84: 147.7859 | U84: 107.62837 | V84: 161.44248 | W84: 52.059673 | X84: 26.819003 | Y84: 21.380482
A85: LPG | B85: 20.87515 | C85: 35.158126 | D85: 32.960705 | E85: 38.45417 | F85: 17.57902 | G85: 3.2960447 | H85: 15.381685 | I85: 14.282975 | J85: 0 | K85: 34.059415 | L85: 8.7895099 | M85: 7.6907997 | N85: 93.388736 | O85: 43.947635 | P85: 46.145056 | Q85: 62.625365 | R85: 34.059415 | S85: 31.862081 | T85: 25.269905 | U85: 21.984781 | V85: 16.708856 | W85: 88.519347 | X85: 0 | Y85: 0
A86: Diesel oil | B86: 1053.0954 | C86: 733.60559 | D86: 1051.0604 | E86: 670.52167 | F86: 661.36432 | G86: 662.38177 | H86: 651.18942 | I86: 661.36432 | J86: 951.34712 | K86: 861.80851 | L86: 1181.2984 | M86: 669.50413 | N86: 524.00404 | O86: 346.96191 | P86: 312.36741 | Q86: 183.14703 | R86: 135.32528 | S86: 127.18547 | T86: 84.722786 | U86: 42.260189 | V86: 14.815563 | W86: 10.993895 | X86: 1.5424764 | Y86: 2.1601032
A87: Fuel oil | B87: 126.11066 | C87: 95.538349 | D87: 159.5491 | E87: 115.60138 | F87: 37.259931 | G87: 140.44136 | H87: 270.37352 | I87: 192.98745 | J87: 210.18435 | K87: 256.04282 | L87: 241.71204 | M87: 279.92743 | N87: 358.26887 | O87: 349.67042 | P87: 333.42889 | Q87: 303.81195 | R87: 262.73052 | S87: 229.29209 | T87: 187.2552 | U87: 131.84291 | V87: 114.31453 | W87: 46.01221 | X87: 147.94402 | Y87: 0.54075666
A88: Other liquids | B88: =IF(ABS(B83-B84-B85-B86-B87-B89)<0.0000001,0,B83-B84-B85-B86-B87-B89) -> 3404.1559 | C88: =IF(ABS(C83-C84-C85-C86-C87-C89)<0.0000001,0,C83-C84-C85-C86-C87-C89) -> 4498.4333 | D88: =IF(ABS(D83-D84-D85-D86-D87-D89)<0.0000001,0,D83-D84-D85-D86-D87-D89) -> 4040.2025 | E88: =IF(ABS(E83-E84-E85-E86-E87-E89)<0.0000001,0,E83-E84-E85-E86-E87-E89) -> 3952.1831 | F88: =IF(ABS(F83-F84-F85-F86-F87-F89)<0.0000001,0,F83-F84-F85-F86-F87-F89) -> 3378.3604 | G88: =IF(ABS(G83-G84-G85-G86-G87-G89)<0.0000001,0,G83-G84-G85-G86-G87-G89) -> 3358.5651 | H88: =IF(ABS(H83-H84-H85-H86-H87-H89)<0.0000001,0,H83-H84-H85-H86-H87-H89) -> 3426.2732 | I88: =IF(ABS(I83-I84-I85-I86-I87-I89)<0.0000001,0,I83-I84-I85-I86-I87-I89) -> 3211.1637 | ... Y88: =IF(ABS(Y83-Y84-Y85-Y86-Y87-Y89)<0.0000001,0,Y83-Y84-Y85-Y86-Y87-Y89) -> 1244.1036
A89: Naphtha | B89: 2070.3163 | C89: 2127.066 | D89: 2433.9353 | E89: 2557.944 | F89: 2707.1749 | G89: 2858.5077 | H89: 2974.1091 | I89: 3069.743 | J89: 3142.2566 | K89: 3082.3541 | L89: 3195.8537 | M89: 2676.6982 | N89: 2477.023 | O89: 1662.5586 | P89: 2454.9537 | Q89: 2368.7781 | R89: 2488.5831 | S89: 4259.9888 | T89: 4167.1367 | U89: 3806.6789 | V89: 3372.7175 | W89: 2447.4574 | X89: 3067.6254 | Y89: 2566.5805
A90: Gas | B90: 977.06363 | C90: 993.44368 | D90: 920.5503 | E90: 929.60017 | F90: 986.88736 | G90: 992.62683 | H90: 945.98022 | I90: 769.06707 | J90: 695.31384 | K90: 566.70249 | L90: 565.90714 | M90: 426.69819 | N90: 370.80825 | O90: 449.63457 | P90: 509.41531 | Q90: 572.50645 | R90: 652.57954 | S90: 655.51986 | T90: 616.08418 | U90: 642.91702 | V90: 653.29708 | W90: 663.8448 | X90: 550.02837 | Y90: 457.54359
A91: Natural gas | B91: 977.06363 | C91: 993.44368 | D91: 920.5503 | E91: 929.60017 | F91: 986.88736 | G91: 992.62683 | H91: 945.98022 | I91: 769.06707 | J91: 695.31384 | K91: 566.70249 | L91: 565.90714 | M91: 426.69819 | N91: 370.80825 | O91: 449.63457 | P91: 509.41531 | Q91: 572.50645 | R91: 652.57954 | S91: 655.51986 | T91: 616.08418 | U91: 642.91702 | V91: 653.29708 | W91: 663.8448 | X91: 550.02837 | Y91: 457.54359
A92: Derived gases | B92: 0 | C92: 0 | D92: 0 | E92: 0 | F92: 0 | G92: 0 | H92: 0 | I92: 0 | J92: 0 | K92: 0 | L92: 0 | M92: 0 | N92: 0 | O92: 0 | P92: 0 | Q92: 0 | R92: 0 | S92: 0 | T92: 0 | U92: 0 | V92: 0 | W92: 0 | X92: 0 | Y92: 0
A93: RES and wastes | B93: 0 | C93: 0 | D93: 0 | E93: 0 | F93: 0 | G93: 0 | H93: 0 | I93: 0 | J93: 0 | K93: 0 | L93: 0 | M93: 0 | N93: 0 | O93: 0 | P93: 0 | Q93: 0 | R93: 0 | S93: 0 | T93: 0 | U93: 0 | V93: 0 | W93: 0 | X93: 0 | Y93: 0
A94: by sector | B94: =SUM(B95:B96) -> 7756.8406 | C94: =SUM(C95:C96) -> 8986.8994 | D94: =SUM(D95:D96) -> 9005.9496 | E94: =SUM(E95:E96) -> 8530.3192 | F94: =SUM(F95:F96) -> 7788.626 | G94: =SUM(G95:G96) -> 8021.7302 | H94: =SUM(H95:H96) -> 8486.6605 | I94: =SUM(I95:I96) -> 8340.685 | ... Y94: =SUM(Y95:Y96) -> 4297.7433
A95: Basic chemicals | B95: =CHI!B58 -> 4818.5776 | C95: =CHI!C58 -> 5405.5866 | D95: =CHI!D58 -> 5437.0856 | E95: =CHI!E58 -> 4926.469 | F95: =CHI!F58 -> 4761.56 | G95: =CHI!G58 -> 5042.5002 | H95: =CHI!H58 -> 5432.366 | I95: =CHI!I58 -> 5472.9579 | ... Y95: =CHI!Y58 -> 3059.3442
A96: Other industrial sectors | B96: 2938.263 | C96: 3581.3128 | D96: 3568.864 | E96: 3603.8502 | F96: 3027.066 | G96: 2979.23 | H96: 3054.2945 | I96: 2867.7272 | J96: 2633.8874 | K96: 2969.8337 | L96: 3589.4718 | M96: 2880.3143 | N96: 2547.0764 | O96: 2146.7087 | P96: 1784.2361 | Q96: 2187.0355 | R96: 1875.5804 | S96: 1688.1789 | T96: 1339.8166 | U96: 1812.5122 | V96: 2167.3629 | W96: 2121.6794 | X96: 1676.9174 | Y96: 1238.3991
A98: CO2 emissions (kt CO2) | B98: =SUM(B99,B102,B108,B112,B116,B120:B126) -> 97005.136 | C98: =SUM(C99,C102,C108,C112,C116,C120:C126) -> 92555.41 | D98: =SUM(D99,D102,D108,D112,D116,D120:D126) -> 93175.371 | E98: =SUM(E99,E102,E108,E112,E116,E120:E126) -> 99108.546 | F98: =SUM(F99,F102,F108,F112,F116,F120:F126) -> 90950.824 | G98: =SUM(G99,G102,G108,G112,G116,G120:G126) -> 91225.651 | H98: =SUM(H99,H102,H108,H112,H116,H120:H126) -> 86976.96 | I98: =SUM(I99,I102,I108,I112,I116,I120:I126) -> 87744.287 | ... Y98: =SUM(Y99,Y102,Y108,Y112,Y116,Y120:Y126) -> 48271.504
A99: Iron and steel | B99: =ISI!B$54 -> 13960.362 | C99: =ISI!C$54 -> 11865.892 | D99: =ISI!D$54 -> 11377.976 | E99: =ISI!E$54 -> 11806.117 | F99: =ISI!F$54 -> 11910.285 | G99: =ISI!G$54 -> 13227.954 | H99: =ISI!H$54 -> 12969.53 | I99: =ISI!I$54 -> 12596.959 | ... Y99: =ISI!Y$54 -> 6293.5588
A100: Integrated steelworks | B100: =ISI!B$55 -> 11344.039 | C100: =ISI!C$55 -> 9577.3979 | D100: =ISI!D$55 -> 9026.926 | E100: =ISI!E$55 -> 9432.0954 | F100: =ISI!F$55 -> 9620.1972 | G100: =ISI!G$55 -> 10950.69 | H100: =ISI!H$55 -> 10599.472 | I100: =ISI!I$55 -> 10273.632 | ... Y100: =ISI!Y$55 -> 3360.1291
A101: Electric arc | B101: =ISI!B$56 -> 2616.3236 | C101: =ISI!C$56 -> 2288.4941 | D101: =ISI!D$56 -> 2351.0499 | E101: =ISI!E$56 -> 2374.0215 | F101: =ISI!F$56 -> 2290.0881 | G101: =ISI!G$56 -> 2277.264 | H101: =ISI!H$56 -> 2370.0574 | I101: =ISI!I$56 -> 2323.3263 | ... Y101: =ISI!Y$56 -> 2933.4296
A102: Non-ferrous metals | B102: =NFM!B$73 -> 2054.3559 | C102: =NFM!C$73 -> 2045.1922 | D102: =NFM!D$73 -> 1985.3022 | E102: =NFM!E$73 -> 1968.5179 | F102: =NFM!F$73 -> 1879.4597 | G102: =NFM!G$73 -> 1865.6829 | H102: =NFM!H$73 -> 1807.8533 | I102: =NFM!I$73 -> 1823.1133 | ... Y102: =NFM!Y$73 -> 1220.9153
A103: Alumina production | B103: =NFM!B$74 -> 668.36982 | C103: =NFM!C$74 -> 397.39397 | D103: =NFM!D$74 -> 682.71537 | E103: =NFM!E$74 -> 748.77419 | F103: =NFM!F$74 -> 755.47136 | G103: =NFM!G$74 -> 695.08337 | H103: =NFM!H$74 -> 706.4681 | I103: =NFM!I$74 -> 668.632 | ... Y103: =NFM!Y$74 -> 0
A104: Aluminium production | B104: =NFM!B$75 -> 492.04277 | C104: =NFM!C$75 -> 505.26199 | D104: =NFM!D$75 -> 468.23071 | E104: =NFM!E$75 -> 520.17059 | F104: =NFM!F$75 -> 483.67476 | G104: =NFM!G$75 -> 534.04804 | H104: =NFM!H$75 -> 561.05834 | I104: =NFM!I$75 -> 610.86969 | ... Y104: =NFM!Y$75 -> 183.24159
...

Sheet Ind_Summary_fec
A1: =index!$A$1&": Industry Summary / final energy consumption" -> IT: Industry Summary / final energy consumption | B1: 2000 | C1: 2001 | D1: 2002 | E1: 2003 | F1: 2004 | G1: 2005 | H1: 2006 | I1: 2007 | J1: 2008 | K1: 2009 | L1: 2010 | M1: 2011 | N1: 2012 | O1: 2013 | P1: 2014 | Q1: 2015 | R1: 2016 | S1: 2017 | T1: 2018 | U1: 2019 | V1: 2020 | W1: 2021 | X1: 2022 | Y1: 2023
A3: Detailed split of energy consumption (ktoe)
A5: All industrial sectors | B5: =SUM(B6:B10,B16,B27) -> 37585.367 | C5: =SUM(C6:C10,C16,C27) -> 36376.509 | D5: =SUM(D6:D10,D16,D27) -> 36622.733 | E5: =SUM(E6:E10,E16,E27) -> 38225.619 | F5: =SUM(F6:F10,F16,F27) -> 37509.213 | G5: =SUM(G6:G10,G16,G27) -> 37211.521 | H5: =SUM(H6:H10,H16,H27) -> 36144.577 | I5: =SUM(I6:I10,I16,I27) -> 35907.652 | ... Y5: =SUM(Y6:Y10,Y16,Y27) -> 23502.313
A6: Lighting | B6: 434.81868 | C6: 433.10836 | D6: 434.28631 | E6: 445.24665 | F6: 443.18326 | G6: 440.45875 | H6: 436.70169 | I6: 433.88089 | J6: 418.49567 | K6: 357.23449 | L6: 368.30095 | M6: 358.11331 | N6: 340.82345 | O6: 325.00302 | P6: 317.94189 | Q6: 325.81521 | R6: 324.09669 | S6: 326.95719 | T6: 326.08086 | U6: 336.20123 | V6: 330.06858 | W6: 338.29175 | X6: 324.36239 | Y6: 308.65081
A7: Air compressors | B7: 723.79945 | C7: 702.67323 | D7: 687.25029 | E7: 704.71037 | F7: 688.42317 | G7: 684.76074 | H7: 676.94487 | I7: 669.93747 | J7: 631.06814 | K7: 544.22993 | L7: 566.88173 | M7: 543.19238 | N7: 527.43025 | O7: 512.95538 | P7: 493.45657 | Q7: 507.97846 | R7: 506.82809 | S7: 512.18057 | T7: 515.50632 | U7: 509.63383 | V7: 503.77708 | W7: 533.30161 | X7: 506.61161 | Y7: 480.80696
A8: Motor drives | B8: 1242.66 | C8: 1229.1996 | D8: 1214.515 | E8: 1235.4541 | F8: 1217.1401 | G8: 1213.612 | H8: 1223.4055 | I8: 1215.0148 | J8: 1151.0488 | K8: 986.53256 | L8: 1040.7587 | M8: 1012.8352 | N8: 978.67561 | O8: 929.98874 | P8: 915.53139 | Q8: 921.23268 | R8: 928.66126 | S8: 944.00081 | T8: 940.63366 | U8: 937.15858 | V8: 919.03351 | W8: 997.21017 | X8: 932.59469 | Y8: 891.2003
A9: Fans and pumps | B9: 1149.3815 | C9: 1118.3494 | D9: 1088.8708 | E9: 1109.2855 | F9: 1079.9208 | G9: 1071.0699 | H9: 1063.7309 | I9: 1050.6658 | J9: 980.96288 | K9: 864.72612 | L9: 897.25165 | M9: 848.16418 | N9: 826.13045 | O9: 800.27305 | P9: 771.54072 | Q9: 795.3711 | R9: 792.66271 | S9: 801.24398 | T9: 804.47766 | U9: 790.88441 | V9: 792.55016 | W9: 824.91973 | X9: 780.0971 | Y9: 739.60663
A10: Low-enthalpy heat | B10: =SUM(B11:B15) -> 956.89401 | C10: =SUM(C11:C15) -> 946.28694 | D10: =SUM(D11:D15) -> 960.87636 | E10: =SUM(E11:E15) -> 991.65601 | F10: =SUM(F11:F15) -> 948.76694 | G10: =SUM(G11:G15) -> 910.72687 | H10: =SUM(H11:H15) -> 888.68524 | I10: =SUM(I11:I15) -> 855.75132 | ... Y10: =SUM(Y11:Y15) -> 546.25629
A11: Diesel oil | B11: 16.971951 | C11: 19.116236 | D11: 19.538603 | E11: 23.703843 | F11: 23.953813 | G11: 21.229127 | H11: 16.527359 | I11: 19.684248 | J11: 16.73856 | K11: 12.873071 | L11: 15.344939 | M11: 34.017524 | N11: 18.783887 | O11: 13.661175 | P11: 16.235434 | Q11: 16.278652 | R11: 14.953076 | S11: 13.046077 | T11: 16.071419 | U11: 15.121616 | V11: 14.944286 | W11: 19.239958 | X11: 14.902937 | Y11: 13.564425
A12: Natural gas | B12: 655.82639 | C12: 629.58929 | D12: 645.02876 | E12: 681.21494 | F12: 599.64287 | G12: 551.39204 | H12: 519.68261 | I12: 491.80297 | J12: 399.33497 | K12: 379.20317 | L12: 338.21164 | M12: 269.29566 | N12: 307.815 | O12: 270.07348 | P12: 277.10332 | Q12: 267.24361 | R12: 272.39797 | S12: 293.75395 | T12: 263.65706 | U12: 241.60177 | V12: 227.1251 | W12: 349.56124 | X12: 283.71707 | Y12: 281.83949
A13: Solar and geothermal | B13: 0 | C13: 0 | D13: 0 | E13: 0 | F13: 0 | G13: 0 | H13: 0 | I13: 0 | J13: 0 | K13: 0 | L13: 9.2672399 | M13: 9.57773 | N13: 9.6732588 | O13: 10.748065 | P13: 10.939123 | Q13: 11.46466 | R13: 12.348323 | S13: 12.689166 | T13: 12.015047 | U13: 12.869304 | V13: 11.584867 | W13: 11.840929 | X13: 11.788306 | Y13: 11.766294
A14: Ambient heat | B14: 0 | C14: 0 | D14: 0 | E14: 0 | F14: 0 | G14: 0 | H14: 0 | I14: 0 | J14: 0 | K14: 0 | L14: 0 | M14: 0 | N14: 0 | O14: 0 | P14: 0 | Q14: 0 | R14: 0 | S14: 0 | T14: 0 | U14: 0 | V14: 0 | W14: 4.2040413 | X14: 6.022012 | Y14: 8.2011178
A15: Electricity | B15: 284.09567 | C15: 297.58142 | D15: 296.30899 | E15: 286.73723 | F15: 325.17026 | G15: 338.1057 | H15: 352.47527 | I15: 344.2641 | J15: 367.70339 | K15: 302.87569 | L15: 327.99869 | M15: 337.23835 | N15: 305.42213 | O15: 307.26851 | P15: 296.79507 | Q15: 286.90634 | R15: 283.58785 | S15: 286.35167 | T15: 293.56177 | U15: 309.76247 | V15: 315.58685 | W15: 235.86798 | X15: 245.79823 | Y15: 230.88496
A16: Steam processes | B16: =SUM(B17:B26) -> 9701.957 | C16: =SUM(C17:C26) -> 9265.9875 | D16: =SUM(D17:D26) -> 9553.4062 | E16: =SUM(E17:E26) -> 10009.594 | F16: =SUM(F17:F26) -> 9947.7602 | G16: =SUM(G17:G26) -> 9555.61 | H16: =SUM(H17:H26) -> 9336.1705 | I16: =SUM(I17:I26) -> 9327.9096 | ... Y16: =SUM(Y17:Y26) -> 5965.7456
A17: Solids | B17: 109.74305 | C17: 98.620716 | D17: 80.847584 | E17: 25.113822 | F17: 12.372202 | G17: 14.997084 | H17: 15.985695 | I17: 20.654974 | J17: 19.306291 | K17: 6.9563844 | L17: 6.2077987 | M17: 7.7294358 | N17: 6.231534 | O17: 3.258756 | P17: 3.2740034 | Q17: 1.8670176 | R17: 11.348447 | S17: 0.98614229 | T17: 18.560149 | U17: 18.065474 | V17: 10.437441 | W17: 3.0757875 | X17: 3.2023003 | Y17: 2.7149993
A18: Refinery gas | B18: 0 | C18: 0 | D18: 0 | E18: 133.59845 | F18: 0 | G18: 0 | H18: 0 | I18: 316.85297 | J18: 228.18143 | K18: 0 | L18: 0 | M18: 21.281169 | N18: 0 | O18: 1.1822872 | P18: 0 | Q18: 0 | R18: 0 | S18: 0 | T18: 0 | U18: 0 | V18: 0 | W18: 0 | X18: 36.785727 | Y18: 63.549097
A19: LPG | B19: 151.3572 | C19: 189.68834 | D19: 168.78725 | E19: 162.08367 | F19: 132.11798 | G19: 133.85324 | H19: 131.58797 | I19: 116.75511 | J19: 91.922882 | K19: 73.606438 | L19: 71.613946 | M19: 89.39285 | N19: 74.42944 | O19: 59.260548 | P19: 44.070394 | Q19: 45.763162 | R19: 56.204339 | S19: 64.298961 | T19: 63.263158 | U19: 65.411513 | V19: 69.426468 | W19: 83.999098 | X19: 106.13552 | Y19: 122.90833
A20: Diesel oil | B20: 159.15954 | C20: 161.30273 | D20: 166.94525 | E20: 202.26371 | F20: 198.50962 | G20: 185.17437 | H20: 144.25335 | I20: 160.91111 | J20: 138.48213 | K20: 114.58389 | L20: 157.2296 | M20: 270.33416 | N20: 144.64573 | O20: 114.29467 | P20: 136.8601 | Q20: 150.26756 | R20: 127.17322 | S20: 111.11521 | T20: 136.79822 | U20: 128.6072 | V20: 146.92854 | W20: 214.53529 | X20: 152.02254 | Y20: 131.1029
A21: Fuel oil | B21: 1531.7624 | C21: 1556.9316 | D21: 1718.9175 | E21: 1852.2527 | F21: 1235.6165 | G21: 1115.8854 | H21: 1044.5376 | I21: 1018.8872 | J21: 1102.7285 | K21: 684.21629 | L21: 291.56694 | M21: 247.51083 | N21: 239.47235 | O21: 245.67483 | P21: 226.83962 | Q21: 322.35957 | R21: 405.62836 | S21: 259.0544 | T21: 233.63435 | U21: 128.70624 | V21: 109.88126 | W21: 218.79939 | X21: 218.71162 | Y21: 221.63061
A22: Other liquids | B22: 713.53309 | C22: 122.85388 | D22: 321.69666 | E22: 458.86452 | F22: 401.63337 | G22: 413.58554 | H22: 375.40449 | I22: 471.19395 | J22: 320.4846 | K22: 292.10991 | L22: 234.44021 | M22: 80.033753 | N22: 526.05085 | O22: 352.07221 | P22: 344.63154 | Q22: 42.946487 | R22: 166.43574 | S22: 149.71577 | T22: 152.39288 | U22: 143.19298 | V22: 70.534396 | W22: 715.76055 | X22: 813.45516 | Y22: 808.24449
A23: Natural gas | B23: 6765.5743 | C23: 6894.078 | D23: 6863.3014 | E23: 6948.822 | F23: 4946.0521 | G23: 4622.4366 | H23: 4522.5002 | I23: 4195.5104 | J23: 3619.5047 | K23: 3562.1246 | L23: 3675.3989 | M23: 3196.0596 | N23: 3001.2614 | O23: 2880.4301 | P23: 2808.7107 | Q23: 2765.9897 | R23: 2751.5402 | S23: 2918.8065 | T23: 2817.9498 | U23: 2778.117 | V23: 2687.0084 | W23: 4552.2344 | X23: 3896.698 | Y23: 3683.7651
A24: Derived gases | B24: 43.563125 | C24: 6.7815366 | D24: 3.6115524 | E24: 3.340785 | F24: 0.31831473 | G24: 2.5687429 | H24: 0.6698427 | I24: 0 | J24: 0 | K24: 0 | L24: 0 | M24: 0 | N24: 21.54616 | O24: 19.012764 | P24: 31.285781 | Q24: 19.7417 | R24: 19.685228 | S24: 14.950825 | T24: 16.976937 | U24: 10.638117 | V24: 9.4427308 | W24: 13.000197 | X24: 11.453786 | Y24: 7.6483377
A25: Biomass and waste | B25: 227.26431 | C25: 235.73066 | D25: 229.29901 | E25: 223.25422 | F25: 220.38543 | G25: 214.85908 | H25: 215.44732 | I25: 193.1417 | J25: 268.83663 | K25: 341.71668 | L25: 222.39819 | M25: 241.95572 | N25: 222.28968 | O25: 231.92899 | P25: 290.92172 | Q25: 329.40807 | R25: 356.40619 | S25: 342.65723 | T25: 347.01912 | U25: 383.13066 | V25: 360.83074 | W25: 356.45706 | X25: 352.23077 | Y25: 362.19328
A26: Distributed steam | B26: 0 | C26: 0 | D26: 0 | E26: 0 | F26: 2800.7547 | G26: 2852.25 | H26: 2885.784 | I26: 2834.0021 | J26: 3028.781 | K26: 2937.6612 | L26: 3129.4066 | M26: 2444.9699 | N26: 2583.0466 | O26: 2560.1892 | P26: 2629.1679 | Q26: 2695.6863 | R26: 2735.6454 | S26: 2873.934 | T26: 2601.7455 | U26: 2942.36 | V26: 2687.3108 | W26: 587.02399 | X26: 555.43646 | Y26: 561.98839
A27: Other processes | B27: =SUM(B28:B37) -> 23375.857 | C27: =SUM(C28:C37) -> 22680.904 | D27: =SUM(D28:D37) -> 22683.528 | E27: =SUM(E28:E37) -> 23729.672 | F27: =SUM(F28:F37) -> 23184.019 | G27: =SUM(G28:G37) -> 23335.283 | H27: =SUM(H28:H37) -> 22518.938 | I27: =SUM(I28:I37) -> 22354.493 | ... Y27: =SUM(Y28:Y37) -> 14570.046
A28: Solids | B28: 453.49083 | C28: 456.29519 | D28: 398.97236 | E28: 503.52444 | F28: 273.3241 | G28: 362.18022 | H28: 123.05928 | I28: 569.59034 | J28: 586.51366 | K28: 117.73029 | L28: 73.206819 | M28: 341.43703 | N28: 307.98351 | O28: 243.28484 | P28: 312.42531 | Q28: 139.82851 | R28: 270.79979 | S28: 146.77319 | T28: 194.33375 | U28: 195.1985 | V28: 158.33556 | W28: 42.062648 | X28: 34.305266 | Y28: 27.396609
A29: Coke | B29: 917.74385 | C29: 773.53697 | D29: 757.76251 | E29: 777.84944 | F29: 812.48212 | G29: 948.93474 | H29: 918.45804 | I29: 897.67842 | J29: 765.38169 | K29: 441.91264 | L29: 540.26939 | M29: 637.24084 | N29: 636.54824 | O29: 457.84368 | P29: 424.18126 | Q29: 397.7546 | R29: 405.8859 | S29: 341.51333 | T29: 410.38504 | U29: 381.79776 | V29: 240.58874 | W29: 257.13439 | X29: 268.69295 | Y29: 266.86148
A30: LPG | B30: 294.71116 | C30: 311.31484 | D30: 283.87354 | E30: 299.36655 | F30: 298.56895 | G30: 297.93231 | H30: 291.40816 | I30: 279.87232 | J30: 219.0067 | K30: 198.86906 | L30: 242.61168 | M30: 213.84602 | N30: 189.25646 | O30: 153.88563 | P30: 96.562108 | Q30: 154.19866 | R30: 164.63255 | S30: 113.689 | T30: 111.42885 | U30: 116.90414 | V30: 121.23716 | W30: 124.06109 | X30: 111.45579 | Y30: 129.6148
A31: Diesel oil | B31: 218.65217 | C31: 234.71439 | D31: 228.64942 | E31: 277.6867 | F31: 330.03003 | G31: 300.30339 | H31: 250.28266 | I31: 271.16749 | J31: 244.65033 | K31: 198.1377 | L31: 301.57275 | M31: 409.92183 | N31: 250.68621 | O31: 208.831 | P31: 239.65322 | Q31: 241.46462 | R31: 218.06296 | S31: 218.73063 | T31: 244.96638 | U31: 234.84126 | V31: 201.55504 | W31: 272.62604 | X31: 254.19301 | Y31: 222.25529
A32: Fuel oil | B32: 1810.1694 | C32: 1381.8284 | D32: 1418.5623 | E32: 1496.3667 | F32: 1128.0025 | G32: 1019.397 | H32: 985.65239 | I32: 1048.5628 | J32: 1141.4675 | K32: 832.93289 | L32: 369.55852 | M32: 333.36235 | N32: 277.39017 | O32: 292.20599 | P32: 295.75513 | Q32: 438.12581 | R32: 596.56897 | S32: 408.27131 | T32: 418.89265 | U32: 295.63976 | V32: 231.37506 | W32: 270.92546 | X32: 289.10825 | Y32: 300.73878
A33: Other liquids | B33: 1800.2483 | C33: 1758.0576 | D33: 1848.2899 | E33: 2328.5864 | F33: 2840.0788 | G33: 2942.3904 | H33: 2716.6707 | I33: 2496.5618 | J33: 2801.3267 | K33: 1918.17 | L33: 1796.6813 | M33: 1791.6343 | N33: 1547.7047 | O33: 1309.6742 | P33: 834.40733 | Q33: 1365.7188 | R33: 911.49969 | S33: 616.3924 | T33: 641.92191 | U33: 627.40263 | V33: 788.00928 | W33: 944.19182 | X33: 1127.3544 | Y33: 862.04021
A34: Natural gas | B34: 9203.7498 | C34: 9129.1057 | D34: 9080.6208 | E34: 9333.3552 | F34: 8792.912 | G34: 8688.0157 | H34: 8251.8413 | I34: 7885.6015 | J34: 7282.4286 | K34: 5955.7273 | L34: 6336.7978 | M34: 5842.4693 | N34: 5753.7353 | O34: 5600.2918 | P34: 5480.4371 | Q34: 5259.8234 | R34: 5357.7686 | S34: 5676.6135 | T34: 5586.2993 | U34: 5537.1683 | V34: 5183.5531 | W34: 6781.4975 | X34: 5999.4763 | Y34: 5730.3067
A35: Derived gases | B35: 252.75863 | C35: 38.677965 | D35: 20.256289 | E35: 18.95311 | F35: 2.094067 | G35: 16.562813 | H35: 3.6293834 | I35: 0 | J35: 0 | K35: 0 | L35: 0 | M35: 0 | N35: 184.24344 | O35: 146.18982 | P35: 249.01181 | Q35: 189.60671 | R35: 215.01907 | S35: 144.20154 | T35: 114.64465 | U35: 98.750877 | V35: 85.768963 | W35: 84.507112 | X35: 76.593935 | Y35: 53.120364
A36: Biomass and waste | B36: 62.441453 | C36: 64.87115 | D36: 62.785598 | E36: 62.004165 | F36: 61.653349 | G36: 60.195859 | H36: 60.343309 | I36: 50.863202 | J36: 73.854683 | K36: 114.02038 | L36: 208.26492 | M36: 250.23414 | N36: 299.99467 | O36: 293.00669 | P36: 277.41216 | Q36: 310.38849 | R36: 280.59579 | S36: 263.934 | T36: 280.66256 | U36: 294.81645 | V36: 358.84965 | W36: 424.70192 | X36: 403.74489 | Y36: 451.48849
A37: Electricity | B37: 8361.8913 | C37: 8532.5016 | D37: 8583.7557 | E37: 8631.9797 | F37: 8644.8727 | G37: 8699.3704 | H37: 8917.593 | I37: 8854.5946 | J37: 8630.0848 | K37: 7314.7365 | L37: 7793.4773 | M37: 7913.0104 | N37: 7367.4339 | O37: 7011.0977 | P37: 6913.9347 | Q37: 6850.1425 | R37: 6902.5125 | S37: 7069.8873 | T37: 7099.9754 | U37: 7394.5039 | V37: 7225.3591 | W37: 7177.9622 | X37: 6809.6546 | Y37: 6526.2234
A39: Market shares of energy uses (%)
A41: =$A$5 -> All industrial sectors | B41: =SUM(B42:B46,B47,B48) -> 1 | C41: =SUM(C42:C46,C47,C48) -> 1 | D41: =SUM(D42:D46,D47,D48) -> 1 | E41: =SUM(E42:E46,E47,E48) -> 1 | F41: =SUM(F42:F46,F47,F48) -> 1 | G41: =SUM(G42:G46,G47,G48) -> 1 | H41: =SUM(H42:H46,H47,H48) -> 1 | I41: =SUM(I42:I46,I47,I48) -> 1 | ... Y41: =SUM(Y42:Y46,Y47,Y48) -> 1
A42: Lighting | B42: =IF(B6=0,0,B6/B$5) -> 0.011568829 | C42: =IF(C6=0,0,C6/C$5) -> 0.011906265 | D42: =IF(D6=0,0,D6/D$5) -> 0.011858381 | E42: =IF(E6=0,0,E6/E$5) -> 0.01164786 | F42: =IF(F6=0,0,F6/F$5) -> 0.011815317 | G42: =IF(G6=0,0,G6/G$5) -> 0.011836623 | H42: =IF(H6=0,0,H6/H$5) -> 0.012082081 | I42: =IF(I6=0,0,I6/I$5) -> 0.012083243 | ... Y42: =IF(Y6=0,0,Y6/Y$5) -> 0.013132785
A43: Air compressors | B43: =IF(B7=0,0,B7/B$5) -> 0.01925748 | C43: =IF(C7=0,0,C7/C$5) -> 0.019316676 | D43: =IF(D7=0,0,D7/D$5) -> 0.018765674 | E43: =IF(E7=0,0,E7/E$5) -> 0.018435552 | F43: =IF(F7=0,0,F7/F$5) -> 0.018353442 | G43: =IF(G7=0,0,G7/G$5) -> 0.018401848 | H43: =IF(H7=0,0,H7/H$5) -> 0.018728809 | I43: =IF(I7=0,0,I7/I$5) -> 0.018657234 | ... Y43: =IF(Y7=0,0,Y7/Y$5) -> 0.020457857
A44: Motor drives | B44: =IF(B8=0,0,B8/B$5) -> 0.033062334 | C44: =IF(C8=0,0,C8/C$5) -> 0.033791026 | D44: =IF(D8=0,0,D8/D$5) -> 0.033162871 | E44: =IF(E8=0,0,E8/E$5) -> 0.032320056 | F44: =IF(F8=0,0,F8/F$5) -> 0.032449096 | G44: =IF(G8=0,0,G8/G$5) -> 0.032613877 | H44: =IF(H8=0,0,H8/H$5) -> 0.033847555 | I44: =IF(I8=0,0,I8/I$5) -> 0.033837211 | ... Y44: =IF(Y8=0,0,Y8/Y$5) -> 0.037919685
A45: Fans and pumps | B45: =IF(B9=0,0,B9/B$5) -> 0.030580558 | C45: =IF(C9=0,0,C9/C$5) -> 0.030743725 | D45: =IF(D9=0,0,D9/D$5) -> 0.029732101 | E45: =IF(E9=0,0,E9/E$5) -> 0.029019425 | F45: =IF(F9=0,0,F9/F$5) -> 0.028790815 | G45: =IF(G9=0,0,G9/G$5) -> 0.028783287 | H45: =IF(H9=0,0,H9/H$5) -> 0.02942989 | I45: =IF(I9=0,0,I9/I$5) -> 0.029260219 | ... Y45: =IF(Y9=0,0,Y9/Y$5) -> 0.031469525
A46: Low-enthalpy heat | B46: =IF(B10=0,0,B10/B$5) -> 0.025459217 | C46: =IF(C10=0,0,C10/C$5) -> 0.026013682 | D46: =IF(D10=0,0,D10/D$5) -> 0.026237156 | E46: =IF(E10=0,0,E10/E$5) -> 0.025942183 | F46: =IF(F10=0,0,F10/F$5) -> 0.025294238 | G46: =IF(G10=0,0,G10/G$5) -> 0.024474325 | H46: =IF(H10=0,0,H10/H$5) -> 0.024586959 | I46: =IF(I10=0,0,I10/I$5) -> 0.023832004 | ... Y46: =IF(Y10=0,0,Y10/Y$5) -> 0.023242661
A47: =$A$16 -> Steam processes | B47: =IF(B16=0,0,B16/B$5) -> 0.25813123 | C47: =IF(C16=0,0,C16/C$5) -> 0.25472449 | D47: =IF(D16=0,0,D16/D$5) -> 0.26086 | E47: =IF(E16=0,0,E16/E$5) -> 0.26185564 | F47: =IF(F16=0,0,F16/F$5) -> 0.26520845 | G47: =IF(G16=0,0,G16/G$5) -> 0.25679171 | H47: =IF(H16=0,0,H16/H$5) -> 0.25830073 | I47: =IF(I16=0,0,I16/I$5) -> 0.25977498 | ... Y47: =IF(Y16=0,0,Y16/Y$5) -> 0.25383653
A48: =$A$27 -> Other processes | B48: =IF(B27=0,0,B27/B$5) -> 0.62194036 | C48: =IF(C27=0,0,C27/C$5) -> 0.62350414 | D48: =IF(D27=0,0,D27/D$5) -> 0.61938382 | E48: =IF(E27=0,0,E27/E$5) -> 0.62077928 | F48: =IF(F27=0,0,F27/F$5) -> 0.61808864 | G48: =IF(G27=0,0,G27/G$5) -> 0.62709833 | H48: =IF(H27=0,0,H27/H$5) -> 0.62302398 | I48: =IF(I27=0,0,I27/I$5) -> 0.62255511 | ... Y48: =IF(Y27=0,0,Y27/Y$5) -> 0.61994095

Sheet Ind_Summary_ued
A1: =index!$A$1&": Industry Summary / useful energy demand" -> IT: Industry Summary / useful energy demand | B1: 2000 | C1: 2001 | D1: 2002 | E1: 2003 | F1: 2004 | G1: 2005 | H1: 2006 | I1: 2007 | J1: 2008 | K1: 2009 | L1: 2010 | M1: 2011 | N1: 2012 | O1: 2013 | P1: 2014 | Q1: 2015 | R1: 2016 | S1: 2017 | T1: 2018 | U1: 2019 | V1: 2020 | W1: 2021 | X1: 2022 | Y1: 2023
A3: Detailed split of useful energy demand (ktoe)
A5: All industrial sectors | B5: =SUM(B6:B10,B16,B27) -> 19685.662 | C5: =SUM(C6:C10,C16,C27) -> 18999.973 | D5: =SUM(D6:D10,D16,D27) -> 19090.039 | E5: =SUM(E6:E10,E16,E27) -> 20023.5 | F5: =SUM(F6:F10,F16,F27) -> 20113.94 | G5: =SUM(G6:G10,G16,G27) -> 19968.779 | H5: =SUM(H6:H10,H16,H27) -> 19461.884 | I5: =SUM(I6:I10,I16,I27) -> 19485.183 | ... Y5: =SUM(Y6:Y10,Y16,Y27) -> 13100.662
A6: Lighting | B6: 204.1994 | C6: 203.11142 | D6: 203.43935 | E6: 208.99685 | F6: 208.25144 | G6: 207.07581 | H6: 205.18945 | I6: 203.79348 | J6: 196.89614 | K6: 167.21557 | L6: 172.56642 | M6: 167.84268 | N6: 159.65287 | O6: 152.58511 | P6: 149.08874 | Q6: 152.99185 | R6: 152.3644 | S6: 153.9239 | T6: 153.83362 | U6: 158.11378 | V6: 154.97676 | W6: 160.24524 | X6: 153.75371 | Y6: 146.37405
A7: Air compressors | B7: 91.424655 | C7: 88.394749 | D7: 86.272344 | E7: 89.06506 | F7: 86.995472 | G7: 86.712795 | H7: 85.658187 | I7: 85.301507 | J7: 80.105282 | K7: 68.952179 | L7: 71.833234 | M7: 68.895142 | N7: 66.835953 | O7: 65.374836 | P7: 62.64175 | Q7: 64.514578 | R7: 64.767852 | S7: 65.959594 | T7: 66.781868 | U7: 65.783398 | V7: 64.959182 | W7: 69.450908 | X7: 65.698716 | Y7: 62.330719
A8: Motor drives | B8: 826.7876 | C8: 815.94807 | D8: 804.63392 | E8: 821.36765 | F8: 810.02763 | G8: 809.15485 | H8: 817.81933 | I8: 813.66536 | J8: 770.98551 | K8: 659.68162 | L8: 697.69268 | M8: 679.7179 | N8: 655.92904 | O8: 625.77117 | P8: 614.9922 | Q8: 619.20926 | R8: 626.52377 | S8: 639.77128 | T8: 639.83015 | U8: 635.86039 | V8: 623.16914 | W8: 682.89986 | X8: 638.44715 | Y8: 611.3494
A9: Fans and pumps | B9: 560.44943 | C9: 542.39975 | D9: 526.74007 | E9: 540.98609 | F9: 526.23299 | G9: 523.09698 | H9: 519.17921 | I9: 516.76143 | J9: 479.84476 | K9: 422.91316 | L9: 438.51093 | M9: 415.22484 | N9: 403.93447 | O9: 394.03629 | P9: 377.97599 | Q9: 389.71994 | R9: 391.38986 | S9: 399.57479 | T9: 404.12562 | U9: 396.21899 | V9: 396.27518 | W9: 416.84744 | X9: 392.51453 | Y9: 372.26392
A10: Low-enthalpy heat | B10: =SUM(B11:B15) -> 665.64458 | C10: =SUM(C11:C15) -> 657.46532 | D10: =SUM(D11:D15) -> 666.24603 | E10: =SUM(E11:E15) -> 688.30755 | F10: =SUM(F11:F15) -> 667.5576 | G10: =SUM(G11:G15) -> 645.8455 | H10: =SUM(H11:H15) -> 633.78112 | I10: =SUM(I11:I15) -> 612.37613 | ... Y10: =SUM(Y11:Y15) -> 410.69758
A11: Diesel oil | B11: 10.205923 | C11: 11.528862 | D11: 11.760391 | E11: 14.279711 | F11: 14.382709 | G11: 12.747723 | H11: 9.9435787 | I11: 11.896543 | J11: 10.122595 | K11: 7.8266129 | L11: 9.3281106 | M11: 19.59858 | N11: 10.963861 | O11: 8.1262234 | P11: 9.5744782 | Q11: 9.7759393 | R11: 9.0500793 | S11: 7.9957527 | T11: 9.8905761 | U11: 9.3116404 | V11: 9.1687162 | W11: 11.976102 | X11: 9.3041169 | Y11: 8.487261
A12: Natural gas | B12: 429.3428 | C12: 410.13973 | D12: 419.92944 | E12: 445.94196 | F12: 395.30594 | G12: 364.81639 | H12: 343.43773 | I12: 325.44383 | J12: 264.64636 | K12: 249.14775 | L12: 222.20979 | M12: 177.36355 | N12: 202.45749 | O12: 179.10251 | P12: 182.7165 | Q12: 177.88863 | R12: 182.6529 | S12: 199.10789 | T12: 179.08082 | U12: 164.17396 | V12: 154.2056 | W12: 240.95689 | X12: 195.21265 | Y12: 194.3206
A13: Solar and geothermal | B13: 0 | C13: 0 | D13: 0 | E13: 0 | F13: 0 | G13: 0 | H13: 0 | I13: 0 | J13: 0 | K13: 0 | L13: 6.2489673 | M13: 6.458333 | N13: 6.5227488 | O13: 7.2474986 | P13: 7.3763302 | Q13: 7.7307039 | R13: 8.3265642 | S13: 8.5563969 | T13: 8.1018338 | U13: 8.677865 | V13: 7.8117599 | W13: 7.9844243 | X13: 7.9489406 | Y13: 7.9340977
A14: Ambient heat | B14: 0 | C14: 0 | D14: 0 | E14: 0 | F14: 0 | G14: 0 | H14: 0 | I14: 0 | J14: 0 | K14: 0 | L14: 0 | M14: 0 | N14: 0 | O14: 0 | P14: 0 | Q14: 0 | R14: 0 | S14: 0 | T14: 0 | U14: 0 | V14: 0 | W14: 4.1082063 | X14: 5.885182 | Y14: 8.0285407
A15: Electricity | B15: 226.09585 | C15: 235.79673 | D15: 234.55619 | E15: 228.08588 | F15: 257.86895 | G15: 268.28139 | H15: 280.39981 | I15: 275.03576 | J15: 292.29589 | K15: 240.86123 | L15: 260.94868 | M15: 267.76936 | N15: 242.82102 | O15: 244.50888 | P15: 236.20335 | Q15: 230.80444 | R15: 229.99322 | S15: 235.20068 | T15: 241.43805 | U15: 253.53681 | V15: 257.58967 | W15: 195.48498 | X15: 204.21269 | Y15: 191.92708
A16: Steam processes | B16: =SUM(B17:B26) -> 5284.1084 | C16: =SUM(C17:C26) -> 5006.9528 | D16: =SUM(D17:D26) -> 5105.9181 | E16: =SUM(E17:E26) -> 5400.6515 | F16: =SUM(F17:F26) -> 5605.1028 | G16: =SUM(G17:G26) -> 5403.5074 | H16: =SUM(H17:H26) -> 5274.7273 | I16: =SUM(I17:I26) -> 5385.2444 | ... Y16: =SUM(Y17:Y26) -> 3575.9084
A17: Solids | B17: 44.547591 | C17: 40.584037 | D17: 32.850553 | E17: 10.54276 | F17: 5.1814796 | G17: 6.3040478 | H17: 6.1612691 | I17: 8.779625 | J17: 8.2357664 | K17: 3.1013312 | L17: 2.8653588 | M17: 3.8138342 | N17: 3.1073798 | O17: 1.6278712 | P17: 1.6726174 | Q17: 0.92092041 | R17: 3.6195827 | S17: 0.51383556 | T17: 7.8981285 | U17: 7.5870718 | V17: 4.3600817 | W17: 1.4138118 | X17: 1.4594848 | Y17: 1.2363999
A18: Refinery gas | B18: 0 | C18: 0 | D18: 0 | E18: 86.393884 | F18: 0 | G18: 0 | H18: 0 | I18: 210.50123 | J18: 148.23924 | K18: 0 | L18: 0 | M18: 13.66105 | N18: 0 | O18: 0.77324356 | P18: 0 | Q18: 0 | R18: 0 | S18: 0 | T18: 0 | U18: 0 | V18: 0 | W18: 0 | X18: 26.03611 | Y18: 45.054309
A19: LPG | B19: 76.597206 | C19: 102.16846 | D19: 89.737825 | E19: 83.315765 | F19: 68.070218 | G19: 69.749943 | H19: 69.582084 | I19: 62.861186 | J19: 49.074419 | K19: 40.628627 | L19: 40.165877 | M19: 49.480747 | N19: 40.803025 | O19: 31.827722 | P19: 23.778747 | Q19: 25.597495 | R19: 30.986288 | S19: 35.217187 | T19: 35.085385 | U19: 36.351278 | V19: 39.874121 | W19: 50.133706 | X19: 64.187997 | Y19: 74.359433
A20: Diesel oil | B20: 76.507644 | C20: 77.908529 | D20: 80.263856 | E20: 97.335048 | F20: 104.07443 | G20: 96.112459 | H20: 74.960912 | I20: 85.527758 | J20: 73.396852 | K20: 60.265773 | L20: 82.993877 | M20: 163.33575 | N20: 85.433193 | O20: 65.402001 | P20: 78.798947 | Q20: 88.281671 | R20: 74.787947 | S20: 64.839111 | T20: 83.924376 | U20: 79.313071 | V20: 90.582979 | W20: 127.73118 | X20: 94.080258 | Y20: 81.304959
A21: Fuel oil | B21: 715.54161 | C21: 702.56031 | D21: 755.96756 | E21: 831.82502 | F21: 559.34775 | G21: 507.82419 | H21: 478.66988 | I21: 481.27941 | J21: 512.70025 | K21: 321.46676 | L21: 135.06059 | M21: 128.14785 | N21: 114.65724 | O21: 118.22928 | P21: 110.06187 | Q21: 158.86511 | R21: 194.92693 | S21: 126.13098 | T21: 115.49077 | U21: 65.856613 | V21: 57.212232 | W21: 114.94759 | X21: 119.81779 | Y21: 123.37621
A22: Other liquids | B22: 423.28655 | C22: 69.151224 | D22: 185.8979 | E22: 270.46353 | F22: 237.64238 | G22: 245.43675 | H22: 222.83269 | I22: 286.10719 | J22: 189.73807 | K22: 174.80244 | L22: 139.26788 | M22: 46.41683 | N22: 314.21719 | O22: 212.20314 | P22: 205.37557 | Q22: 24.885896 | R22: 102.36798 | S22: 93.353604 | T22: 96.457069 | U22: 91.389468 | V22: 44.119051 | W22: 467.05198 | X22: 529.84179 | Y22: 528.01602
A23: Natural gas | B23: 3846.7223 | C23: 3928.762 | D23: 3880.4046 | E23: 3942.4078 | F23: 2812.8782 | G23: 2626.7358 | H23: 2581.6302 | I23: 2422.2034 | J23: 2054.3106 | K23: 2064.7062 | L23: 2139.2399 | M23: 1810.5439 | N23: 1702.4064 | O23: 1632.072 | P23: 1593.9238 | Q23: 1594.0015 | R23: 1587.022 | S23: 1688.0592 | T23: 1633.581 | U23: 1617.6388 | V23: 1567.1837 | W23: 2774.1761 | X23: 2313.5875 | Y23: 2187.2348
A24: Derived gases | B24: 21.682508 | C24: 3.3794617 | D24: 1.8009787 | E24: 1.6678928 | F24: 0.15963945 | G24: 1.2916538 | H24: 0.33983661 | I24: 0 | J24: 0 | K24: 0 | L24: 0 | M24: 0 | N24: 10.967916 | O24: 9.6993983 | P24: 15.965742 | Q24: 10.102689 | R24: 10.158675 | S24: 7.8965363 | T24: 9.0730865 | U24: 5.6866209 | V24: 5.0619943 | W24: 7.0451722 | X24: 6.2017847 | Y24: 4.1558118
A25: Biomass and waste | B25: 79.22299 | C25: 82.438692 | D25: 78.994794 | E25: 76.699818 | F25: 75.579375 | G25: 73.528352 | H25: 73.741316 | I25: 65.709937 | J25: 94.760078 | K25: 120.13665 | L25: 97.468701 | M25: 103.15247 | N25: 93.395871 | O25: 98.807299 | P25: 117.44479 | Q25: 134.76195 | R25: 146.49326 | S25: 142.05237 | T25: 146.7488 | U25: 158.05659 | V25: 148.69937 | W25: 157.48343 | X25: 156.26002 | Y25: 161.2679
A26: Distributed steam | B26: 0 | C26: 0 | D26: 0 | E26: 0 | F26: 1742.1693 | G26: 1776.5242 | H26: 1766.8091 | I26: 1762.2746 | J26: 1805.5064 | K26: 1780.3374 | L26: 1805.3301 | M26: 1587.687 | N26: 1651.1989 | O26: 1688.121 | P26: 1675.5806 | Q26: 1747.954 | R26: 1776.1639 | S26: 1885.2744 | T26: 1715.3643 | U26: 1873.8159 | V26: 1759.3005 | W26: 396.02235 | X26: 376.61638 | Y26: 369.90258
A27: Other processes | B27: =SUM(B28:B37) -> 12053.048 | C27: =SUM(C28:C37) -> 11685.701 | D27: =SUM(D28:D37) -> 11696.79 | E27: =SUM(E28:E37) -> 12274.126 | F27: =SUM(F28:F37) -> 12209.772 | G27: =SUM(G28:G37) -> 12293.385 | H27: =SUM(H28:H37) -> 11925.53 | I27: =SUM(I28:I37) -> 11868.04 | ... Y27: =SUM(Y28:Y37) -> 7921.7375
A28: Solids | B28: 223.95056 | C28: 224.5908 | D28: 198.76092 | E28: 265.75308 | F28: 141.74139 | G28: 186.59936 | H28: 61.286273 | I28: 299.43267 | J28: 307.41152 | K28: 58.695188 | L28: 35.35194 | M28: 174.02459 | N28: 156.8674 | O28: 125.01309 | P28: 162.67934 | Q28: 70.150707 | R28: 125.69135 | S28: 77.195102 | T28: 94.863992 | U28: 95.972268 | V28: 78.434878 | W28: 19.830069 | X28: 15.765323 | Y28: 12.332778
A29: Coke | B29: 494.46449 | C29: 416.76832 | D29: 408.26931 | E29: 419.0918 | F29: 440.04345 | G29: 516.84992 | H29: 503.47249 | I29: 492.0817 | J29: 419.5604 | K29: 242.2439 | L29: 296.16026 | M29: 349.31725 | N29: 348.93758 | O29: 250.97684 | P29: 232.52406 | Q29: 218.03772 | R29: 222.49507 | S29: 187.20786 | T29: 224.96137 | U29: 209.29064 | V29: 131.88388 | W29: 140.95374 | X29: 147.28981 | Y29: 146.28585
A30: LPG | B30: 143.34772 | C30: 149.65552 | D30: 137.52978 | E30: 146.16376 | F30: 145.54894 | G30: 144.07245 | H30: 140.67905 | I30: 138.77825 | J30: 109.37878 | K30: 97.672824 | L30: 118.15442 | M30: 103.29671 | N30: 91.453706 | O30: 74.815705 | P30: 46.655959 | Q30: 75.219978 | R30: 81.450168 | S30: 53.377696 | T30: 52.806043 | U30: 55.397723 | V30: 57.369454 | W30: 60.623346 | X30: 54.926661 | Y30: 64.055015
A31: Diesel oil | B31: 75.80898 | C31: 91.224041 | D31: 88.140804 | E31: 107.03828 | F31: 127.06769 | G31: 115.09431 | H31: 96.120494 | I31: 110.55268 | J31: 97.000357 | K31: 80.063616 | L31: 118.86884 | M31: 169.05435 | N31: 104.55986 | O31: 84.540715 | P31: 98.090086 | Q31: 100.9897 | R31: 92.340804 | S31: 91.607272 | T31: 105.90123 | U31: 101.46172 | V31: 89.343124 | W31: 120.1028 | X31: 117.03006 | Y31: 102.54251
A32: Fuel oil | B32: 769.93643 | C32: 530.83571 | D32: 543.93804 | E32: 575.02112 | F32: 473.19949 | G32: 436.75346 | H32: 420.64115 | I32: 419.47122 | J32: 461.26197 | K32: 336.10282 | L32: 163.59881 | M32: 134.98023 | N32: 116.12158 | O32: 117.94779 | P32: 121.18459 | Q32: 185.23335 | R32: 256.14625 | S32: 177.05624 | T32: 179.24467 | U32: 125.31079 | V32: 97.98706 | W32: 117.65609 | X32: 131.97071 | Y32: 136.68732
A33: Other liquids | B33: 1011.4198 | C33: 986.13291 | D33: 1036.7099 | E33: 1313.8145 | F33: 1618.063 | G33: 1677.6312 | H33: 1543.3541 | I33: 1418.269 | J33: 1603.3253 | K33: 1091.4788 | L33: 1020.2074 | M33: 1019.5566 | N33: 885.03502 | O33: 750.82607 | P33: 477.64716 | Q33: 784.57647 | R33: 521.74326 | S33: 352.3301 | T33: 366.95814 | U33: 358.01588 | V33: 448.66418 | W33: 538.13417 | X33: 643.09177 | Y33: 493.55194
A34: Natural gas | B34: 4489.5122 | C34: 4441.7174 | D34: 4421.9412 | E34: 4554.9673 | F34: 4357.3947 | G34: 4274.2915 | H34: 4076.7244 | I34: 3947.3859 | J34: 3643.9123 | K34: 2934.5483 | L34: 3124.7064 | M34: 2811.4155 | N34: 2778.2785 | O34: 2710.3862 | P34: 2651.6164 | Q34: 2531.9533 | R34: 2606.7956 | S34: 2786.0666 | T34: 2756.5853 | U34: 2734.7322 | V34: 2545.9575 | W34: 3301.6213 | X34: 2920.6573 | Y34: 2794.2861
A35: Derived gases | B35: 119.40388 | C35: 18.351899 | D35: 9.5651537 | E35: 8.9648491 | F35: 0.99385567 | G35: 7.8770175 | H35: 1.7360248 | I35: 0 | J35: 0 | K35: 0 | L35: 0 | M35: 0 | N35: 88.747741 | O35: 70.23037 | P35: 119.83396 | Q35: 89.802507 | R35: 103.38375 | S35: 69.794269 | T35: 55.305694 | U35: 47.707613 | V35: 41.564376 | W35: 41.411918 | X35: 37.482133 | Y35: 25.877712
A36: Biomass and waste | B36: 36.928494 | C36: 38.241729 | D36: 36.954319 | E36: 36.820681 | F36: 37.023203 | G36: 36.20249 | H36: 36.032828 | I36: 30.370261 | J36: 44.595012 | K36: 68.093523 | L36: 123.88268 | M36: 149.46308 | N36: 180.83986 | O36: 177.47604 | P36: 167.55913 | Q36: 188.73734 | R36: 169.46089 | S36: 158.97772 | T36: 169.08475 | U36: 177.01108 | V36: 214.55187 | W36: 254.41231 | X36: 242.26147 | Y36: 272.79292
A37: Electricity | B37: 4688.275 | C37: 4788.1824 | D37: 4814.9801 | E37: 4846.4903 | F37: 4868.6968 | G37: 4898.0135 | H37: 5045.4831 | I37: 5011.6988 | J37: 4896.3528 | K37: 4109.7561 | L37: 4402.9332 | M37: 4485.6012 | N37: 4178.85 | O37: 3995.9611 | P37: 3945.1638 | Q37: 3906.0156 | R37: 3959.8062 | S37: 4095.559 | T37: 4137.9879 | U37: 4285.2619 | V37: 4159.7652 | W37: 4244.7487 | X37: 4026.078 | Y37: 3873.3253
A39: Market shares of useful energy demand (%)
A41: =$A$5 -> All industrial sectors | B41: =SUM(B42:B46,B47,B48) -> 1 | C41: =SUM(C42:C46,C47,C48) -> 1 | D41: =SUM(D42:D46,D47,D48) -> 1 | E41: =SUM(E42:E46,E47,E48) -> 1 | F41: =SUM(F42:F46,F47,F48) -> 1 | G41: =SUM(G42:G46,G47,G48) -> 1 | H41: =SUM(H42:H46,H47,H48) -> 1 | I41: =SUM(I42:I46,I47,I48) -> 1 | ... Y41: =SUM(Y42:Y46,Y47,Y48) -> 1
A42: Lighting | B42: =IF(B6=0,0,B6/B$5) -> 0.010373002 | C42: =IF(C6=0,0,C6/C$5) -> 0.01069009 | D42: =IF(D6=0,0,D6/D$5) -> 0.010656833 | E42: =IF(E6=0,0,E6/E$5) -> 0.010437578 | F42: =IF(F6=0,0,F6/F$5) -> 0.010353587 | G42: =IF(G6=0,0,G6/G$5) -> 0.010369979 | H42: =IF(H6=0,0,H6/H$5) -> 0.010543144 | I42: =IF(I6=0,0,I6/I$5) -> 0.010458895 | ... Y42: =IF(Y6=0,0,Y6/Y$5) -> 0.011173027
A43: Air compressors | B43: =IF(B7=0,0,B7/B$5) -> 0.0046442257 | C43: =IF(C7=0,0,C7/C$5) -> 0.0046523619 | D43: =IF(D7=0,0,D7/D$5) -> 0.0045192334 | E43: =IF(E7=0,0,E7/E$5) -> 0.0044480265 | F43: =IF(F7=0,0,F7/F$5) -> 0.0043251332 | G43: =IF(G7=0,0,G7/G$5) -> 0.0043424186 | H43: =IF(H7=0,0,H7/H$5) -> 0.0044013306 | I43: =IF(I7=0,0,I7/I$5) -> 0.0043777627 | ... Y43: =IF(Y7=0,0,Y7/Y$5) -> 0.0047578299
A44: Motor drives | B44: =IF(B8=0,0,B8/B$5) -> 0.041999483 | C44: =IF(C8=0,0,C8/C$5) -> 0.042944697 | D44: =IF(D8=0,0,D8/D$5) -> 0.042149412 | E44: =IF(E8=0,0,E8/E$5) -> 0.041020183 | F44: =IF(F8=0,0,F8/F$5) -> 0.040271952 | G44: =IF(G8=0,0,G8/G$5) -> 0.040520998 | H44: =IF(H8=0,0,H8/H$5) -> 0.04202159 | I44: =IF(I8=0,0,I8/I$5) -> 0.041758159 | ... Y44: =IF(Y8=0,0,Y8/Y$5) -> 0.046665537
A45: Fans and pumps | B45: =IF(B9=0,0,B9/B$5) -> 0.028469931 | C45: =IF(C9=0,0,C9/C$5) -> 0.028547396 | D45: =IF(D9=0,0,D9/D$5) -> 0.027592403 | E45: =IF(E9=0,0,E9/E$5) -> 0.027017558 | F45: =IF(F9=0,0,F9/F$5) -> 0.026162601 | G45: =IF(G9=0,0,G9/G$5) -> 0.026195742 | H45: =IF(H9=0,0,H9/H$5) -> 0.026676718 | I45: =IF(I9=0,0,I9/I$5) -> 0.026520738 | ... Y45: =IF(Y9=0,0,Y9/Y$5) -> 0.028415658
A46: Low-enthalpy heat | B46: =IF(B10=0,0,B10/B$5) -> 0.033813676 | C46: =IF(C10=0,0,C10/C$5) -> 0.034603488 | D46: =IF(D10=0,0,D10/D$5) -> 0.034900191 | E46: =IF(E10=0,0,E10/E$5) -> 0.034374986 | F46: =IF(F10=0,0,F10/F$5) -> 0.033188803 | G46: =IF(G10=0,0,G10/G$5) -> 0.032342764 | H46: =IF(H10=0,0,H10/H$5) -> 0.032565249 | I46: =IF(I10=0,0,I10/I$5) -> 0.031427785 | ... Y46: =IF(Y10=0,0,Y10/Y$5) -> 0.031349377
A47: =$A$16 -> Steam processes | B47: =IF(B16=0,0,B16/B$5) -> 0.26842422 | C47: =IF(C16=0,0,C16/C$5) -> 0.26352421 | D47: =IF(D16=0,0,D16/D$5) -> 0.26746504 | E47: =IF(E16=0,0,E16/E$5) -> 0.26971565 | F47: =IF(F16=0,0,F16/F$5) -> 0.27866757 | G47: =IF(G16=0,0,G16/G$5) -> 0.27059779 | H47: =IF(H16=0,0,H16/H$5) -> 0.2710286 | I47: =IF(I16=0,0,I16/I$5) -> 0.27637639 | ... Y47: =IF(Y16=0,0,Y16/Y$5) -> 0.27295632
A48: =$A$27 -> Other processes | B48: =IF(B27=0,0,B27/B$5) -> 0.61227546 | C48: =IF(C27=0,0,C27/C$5) -> 0.61503776 | D48: =IF(D27=0,0,D27/D$5) -> 0.61271689 | E48: =IF(E27=0,0,E27/E$5) -> 0.61298602 | F48: =IF(F27=0,0,F27/F$5) -> 0.60703036 | G48: =IF(G27=0,0,G27/G$5) -> 0.61563031 | H48: =IF(H27=0,0,H27/H$5) -> 0.61276337 | I48: =IF(I27=0,0,I27/I$5) -> 0.60908028 | ... Y48: =IF(Y27=0,0,Y27/Y$5) -> 0.60468225

Sheet Ind_Summary_emi
A1: =index!$A$1&": Industry Summary / CO2 emissions" -> IT: Industry Summary / CO2 emissions | B1: 2000 | C1: 2001 | D1: 2002 | E1: 2003 | F1: 2004 | G1: 2005 | H1: 2006 | I1: 2007 | J1: 2008 | K1: 2009 | L1: 2010 | M1: 2011 | N1: 2012 | O1: 2013 | P1: 2014 | Q1: 2015 | R1: 2016 | S1: 2017 | T1: 2018 | U1: 2019 | V1: 2020 | W1: 2021 | X1: 2022 | Y1: 2023 | DA1: Code
A3: Detailed split of CO2 emissions (kt of CO2)
A5: All industrial sectors | B5: =SUM(B6:B10,B16,B27,B38) -> 97005.136 | C5: =SUM(C6:C10,C16,C27,C38) -> 92555.41 | D5: =SUM(D6:D10,D16,D27,D38) -> 93175.371 | E5: =SUM(E6:E10,E16,E27,E38) -> 99108.546 | F5: =SUM(F6:F10,F16,F27,F38) -> 90950.824 | G5: =SUM(G6:G10,G16,G27,G38) -> 91225.651 | H5: =SUM(H6:H10,H16,H27,H38) -> 86976.96 | I5: =SUM(I6:I10,I16,I27,I38) -> 87744.287 | ... Y5: =SUM(Y6:Y10,Y16,Y27,Y38) -> 48271.504
A6: Lighting | B6: 0 | C6: 0 | D6: 0 | E6: 0 | F6: 0 | G6: 0 | H6: 0 | I6: 0 | J6: 0 | K6: 0 | L6: 0 | M6: 0 | N6: 0 | O6: 0 | P6: 0 | Q6: 0 | R6: 0 | S6: 0 | T6: 0 | U6: 0 | V6: 0 | W6: 0 | X6: 0 | Y6: 0
A7: Air compressors | B7: 0 | C7: 0 | D7: 0 | E7: 0 | F7: 0 | G7: 0 | H7: 0 | I7: 0 | J7: 0 | K7: 0 | L7: 0 | M7: 0 | N7: 0 | O7: 0 | P7: 0 | Q7: 0 | R7: 0 | S7: 0 | T7: 0 | U7: 0 | V7: 0 | W7: 0 | X7: 0 | Y7: 0
A8: Motor drives | B8: 0 | C8: 0 | D8: 0 | E8: 0 | F8: 0 | G8: 0 | H8: 0 | I8: 0 | J8: 0 | K8: 0 | L8: 0 | M8: 0 | N8: 0 | O8: 0 | P8: 0 | Q8: 0 | R8: 0 | S8: 0 | T8: 0 | U8: 0 | V8: 0 | W8: 0 | X8: 0 | Y8: 0
A9: Fans and pumps | B9: 0 | C9: 0 | D9: 0 | E9: 0 | F9: 0 | G9: 0 | H9: 0 | I9: 0 | J9: 0 | K9: 0 | L9: 0 | M9: 0 | N9: 0 | O9: 0 | P9: 0 | Q9: 0 | R9: 0 | S9: 0 | T9: 0 | U9: 0 | V9: 0 | W9: 0 | X9: 0 | Y9: 0
A10: Low-enthalpy heat | B10: =SUM(B11:B15) -> 1593.0557 | C10: =SUM(C11:C15) -> 1538.0826 | D10: =SUM(D11:D15) -> 1575.6571 | E10: =SUM(E11:E15) -> 1673.5733 | F10: =SUM(F11:F15) -> 1482.7528 | G10: =SUM(G11:G15) -> 1360.9684 | H10: =SUM(H11:H15) -> 1271.9026 | I10: =SUM(I11:I15) -> 1216.213 | ... Y10: =SUM(Y11:Y15) -> 699.82122
A11: Diesel oil | B11: 52.654099 | C11: 59.30657 | D11: 60.61693 | E11: 73.539249 | F11: 74.31476 | G11: 65.861641 | H11: 51.274788 | I11: 61.068782 | J11: 51.930022 | K11: 39.937656 | L11: 47.606429 | M11: 105.5366 | N11: 58.275483 | O11: 42.382688 | P11: 50.369115 | Q11: 50.503197 | R11: 46.390703 | S11: 40.474395 | T11: 49.860273 | U11: 46.913586 | V11: 46.363434 | W11: 59.114824 | X11: 45.990797 | Y11: 41.841741
A12: Natural gas | B12: 1540.4016 | C12: 1478.776 | D12: 1515.0402 | E12: 1600.0341 | F12: 1408.4381 | G12: 1295.1068 | H12: 1220.6278 | I12: 1155.1443 | J12: 937.95589 | K12: 890.67043 | L12: 794.38974 | M12: 632.52025 | N12: 721.43896 | O12: 632.81301 | P12: 649.3191 | Q12: 626.27066 | R12: 638.25964 | S12: 688.44322 | T12: 617.63245 | U12: 565.92859 | V12: 531.61805 | W12: 818.13193 | X12: 663.12678 | Y12: 657.97948
A13: Solar and geothermal | B13: 0 | C13: 0 | D13: 0 | E13: 0 | F13: 0 | G13: 0 | H13: 0 | I13: 0 | J13: 0 | K13: 0 | L13: 0 | M13: 0 | N13: 0 | O13: 0 | P13: 0 | Q13: 0 | R13: 0 | S13: 0 | T13: 0 | U13: 0 | V13: 0 | W13: 0 | X13: 0 | Y13: 0
A14: Ambient heat | B14: 0 | C14: 0 | D14: 0 | E14: 0 | F14: 0 | G14: 0 | H14: 0 | I14: 0 | J14: 0 | K14: 0 | L14: 0 | M14: 0 | N14: 0 | O14: 0 | P14: 0 | Q14: 0 | R14: 0 | S14: 0 | T14: 0 | U14: 0 | V14: 0 | W14: 0 | X14: 0 | Y14: 0
A15: Electricity | B15: 0 | C15: 0 | D15: 0 | E15: 0 | F15: 0 | G15: 0 | H15: 0 | I15: 0 | J15: 0 | K15: 0 | L15: 0 | M15: 0 | N15: 0 | O15: 0 | P15: 0 | Q15: 0 | R15: 0 | S15: 0 | T15: 0 | U15: 0 | V15: 0 | W15: 0 | X15: 0 | Y15: 0
A16: Steam processes | B16: =SUM(B17:B26) -> 25083.245 | C16: =SUM(C17:C26) -> 23518.746 | D16: =SUM(D17:D26) -> 24422.103 | E16: =SUM(E17:E26) -> 25669.616 | F16: =SUM(F17:F26) -> 18252.599 | G16: =SUM(G17:G26) -> 17147.296 | H16: =SUM(H17:H26) -> 16409.075 | I16: =SUM(I17:I26) -> 16622.248 | ... Y16: =SUM(Y17:Y26) -> 13285.482
A17: Solids | B17: 463.86928 | C17: 422.81958 | D17: 353.50897 | E17: 106.75102 | F17: 52.509594 | G17: 65.289569 | H17: 72.033319 | I17: 89.846066 | J17: 82.106322 | K17: 29.894723 | L17: 26.813008 | M17: 32.357505 | N17: 26.253054 | O17: 13.653766 | P17: 13.557591 | Q17: 8.0578599 | R17: 39.273198 | S17: 3.8800937 | T17: 74.093076 | U17: 72.524395 | V17: 41.197499 | W17: 12.097544 | X17: 12.587437 | Y17: 10.663296
A18: Refinery gas | B18: 0 | C18: 0 | D18: 0 | E18: 322.1856 | F18: 0 | G18: 0 | H18: 0 | I18: 764.1216 | J18: 550.2816 | K18: 0 | L18: 0 | M18: 51.3216 | N18: 0 | O18: 2.8512 | P18: 0 | Q18: 0 | R18: 0 | S18: 0 | T18: 0 | U18: 0 | V18: 0 | W18: 0 | X18: 88.71234 | Y18: 153.2548
A19: LPG | B19: 399.86617 | C19: 501.13209 | D19: 445.91411 | E19: 428.2041 | F19: 349.03864 | G19: 353.62298 | H19: 347.63841 | I19: 308.45192 | J19: 242.84838 | K19: 194.4587 | L19: 189.19479 | M19: 236.16436 | N19: 196.63296 | O19: 156.55871 | P19: 116.42829 | Q19: 120.90036 | R19: 148.4846 | S19: 169.86955 | T19: 167.13309 | U19: 172.80877 | V19: 183.41576 | W19: 221.91476 | X19: 280.39634 | Y19: 324.70794
A20: Diesel oil | B20: 493.77956 | C20: 500.42863 | D20: 517.93409 | E20: 627.50674 | F20: 615.85999 | G20: 574.48843 | H20: 447.53431 | I20: 499.21366 | J20: 429.62957 | K20: 355.48723 | L20: 487.79208 | M20: 838.68979 | N20: 448.75163 | O20: 354.58993 | P20: 424.59733 | Q20: 466.1929 | R20: 394.54458 | S20: 344.72591 | T20: 424.40538 | U20: 398.99341 | V20: 455.83386 | W20: 637.88581 | X20: 458.67581 | Y20: 397.69568
A21: Fuel oil | B21: 4963.8036 | C21: 5045.3663 | D21: 5570.2951 | E21: 6002.3791 | F21: 4004.118 | G21: 3616.1195 | H21: 3384.9111 | I21: 3301.7888 | J21: 3573.4835 | K21: 2217.2598 | L21: 944.84691 | M21: 802.07943 | N21: 776.03006 | O21: 796.12974 | P21: 735.09267 | Q21: 1044.633 | R21: 1314.4725 | S21: 839.48734 | T21: 757.11155 | U21: 417.08328 | V21: 356.07935 | W21: 709.03762 | X21: 708.75319 | Y21: 718.21242
A22: Other liquids | B22: 2238.2301 | C22: 423.25273 | D22: 1015.6812 | E22: 1462.2543 | F22: 1238.546 | G22: 1280.858 | H22: 1155.4412 | I22: 1432.6328 | J22: 999.20232 | K22: 898.80028 | L22: 727.92594 | M22: 278.21547 | N22: 1564.6712 | O22: 1053.2758 | P22: 1021.3811 | Q22: 148.85556 | R22: 496.47392 | S22: 443.11035 | T22: 450.31644 | U22: 422.54758 | V22: 213.43233 | W22: 2218.2298 | X22: 2523.1093 | Y22: 2500.8816
A23: Natural gas | B23: 15890.946 | C23: 16192.775 | D23: 16120.487 | E23: 16321.357 | F23: 11617.262 | G23: 10857.155 | H23: 10622.425 | I23: 9854.393 | J23: 8501.4739 | K23: 8366.6997 | L23: 8632.7579 | M23: 7506.8882 | N23: 7019.9827 | O23: 6736.7259 | P23: 6568.1149 | Q23: 6466.5337 | R23: 6433.3922 | S23: 6827.5594 | T23: 6588.4221 | U23: 6496.4469 | V23: 6277.4447 | W23: 10639.791 | X23: 9093.9909 | Y23: 8587.6152
A24: Derived gases | B24: 260.95098 | C24: 61.172056 | D24: 26.483411 | E24: 27.178295 | F24: 3.4650723 | G24: 27.962514 | H24: 7.2916933 | I24: 0 | J24: 0 | K24: 0 | L24: 0 | M24: 0 | N24: 56.373476 | O24: 46.112402 | P24: 155.26127 | Q24: 86.143034 | R24: 98.176058 | S24: 55.700322 | T24: 59.607567 | U24: 40.164073 | V24: 31.913697 | W24: 41.34787 | X24: 36.144156 | Y24: 20.974097
A25: Biomass and waste | B25: 371.79989 | C25: 371.79989 | D25: 371.79989 | E25: 371.79989 | F25: 371.79989 | G25: 371.79989 | H25: 371.79989 | I25: 371.79989 | J25: 371.79989 | K25: 371.79989 | L25: 488.23768 | M25: 498.62256 | N25: 444.999 | O25: 491.70208 | P25: 589.78003 | Q25: 615.19734 | R25: 737.6744 | S25: 679.24381 | T25: 615.45637 | U25: 728.47481 | V25: 843.36993 | W25: 574.11778 | X25: 584.6615 | Y25: 571.47734
A26: Distributed steam | B26: 0 | C26: 0 | D26: 0 | E26: 0 | F26: 0 | G26: 0 | H26: 0 | I26: 0 | J26: 0 | K26: 0 | L26: 0 | M26: 0 | N26: 0 | O26: 0 | P26: 0 | Q26: 0 | R26: 0 | S26: 0 | T26: 0 | U26: 0 | V26: 0 | W26: 0 | X26: 0 | Y26: 0
A27: Other energy use related | B27: =SUM(B28:B37) -> 43683.631 | C27: =SUM(C28:C37) -> 40279.736 | D27: =SUM(D28:D37) -> 40059.816 | E27: =SUM(E28:E37) -> 43549.131 | F27: =SUM(F28:F37) -> 41991.269 | G27: =SUM(G28:G37) -> 43062.898 | H27: =SUM(H28:H37) -> 39630.701 | I27: =SUM(I28:I37) -> 39784.379 | ... Y27: =SUM(Y28:Y37) -> 21623.777
A28: Solids | B28: 1806.9679 | C28: 1850.1935 | D28: 1618.4481 | E28: 2013.5141 | F28: 1098.7841 | G28: 1445.7671 | H28: 495.76801 | I28: 2258.0252 | J28: 2306.535 | K28: 469.4989 | L28: 294.3299 | M28: 1342.7547 | N28: 1217.7804 | O28: 962.1283 | P28: 1235.9528 | Q28: 557.28758 | R28: 1050.5565 | S28: 577.49649 | T28: 770.79255 | U28: 781.14116 | V28: 624.04548 | W28: 171.40597 | X28: 139.85909 | Y28: 110.01585
A29: Coke | B29: 4073.0826 | C29: 3433.0712 | D29: 3363.0618 | E29: 3452.2106 | F29: 3605.9155 | G29: 4409.654 | H29: 4273.1594 | I29: 4205.268 | J29: 3580.2248 | K29: 2060.7201 | L29: 2469.0487 | M29: 2946.8836 | N29: 3012.7783 | O29: 2131.3575 | P29: 1940.5744 | Q29: 1828.5532 | R29: 1862.6235 | S29: 1556.0813 | T29: 1871.7607 | U29: 1736.9886 | V29: 1083.2545 | W29: 1168.5066 | X29: 1218.2186 | Y29: 1244.5163
A30: LPG | B30: 778.5888 | C30: 822.45359 | D30: 749.95721 | E30: 790.88775 | F30: 788.78058 | G30: 787.09867 | H30: 769.86272 | I30: 739.3865 | J30: 578.5874 | K30: 525.38635 | L30: 640.94871 | M30: 564.95354 | N30: 499.99111 | O30: 406.54594 | P30: 255.10461 | Q30: 407.37294 | R30: 434.93792 | S30: 300.35165 | T30: 294.38061 | U30: 308.84562 | V30: 320.29291 | W30: 327.75337 | X30: 294.45181 | Y30: 342.42554
A31: Diesel oil | B31: 678.3506 | C31: 728.18235 | D31: 709.36626 | E31: 861.50044 | F31: 1023.8914 | G31: 931.66687 | H31: 776.48163 | I31: 841.27513 | J31: 759.00779 | K31: 614.70614 | L31: 935.60496 | M31: 1271.7492 | N31: 777.7336 | O31: 647.88122 | P31: 743.50467 | Q31: 749.12439 | R31: 676.52262 | S31: 678.59402 | T31: 759.98832 | U31: 728.57593 | V31: 625.30813 | W31: 839.55751 | X31: 785.68139 | Y31: 687.07436
A32: Fuel oil | B32: 5866.0045 | C32: 4477.9297 | D32: 4596.9692 | E32: 4849.1007 | F32: 3655.3861 | G32: 3303.4407 | H32: 3194.0886 | I32: 3397.9551 | J32: 3699.0205 | K32: 2699.1883 | L32: 1197.5851 | M32: 1080.2884 | N32: 898.90591 | O32: 946.91783 | P32: 958.41911 | Q32: 1419.7831 | R32: 1933.2314 | S32: 1323.0371 | T32: 1357.4565 | U32: 958.04524 | V32: 749.79015 | W32: 877.9565 | X32: 936.87933 | Y32: 974.56905
A33: Other liquids | B33: 7348.8474 | C33: 7176.6195 | D33: 7544.9598 | E33: 9505.5923 | F33: 11142.97 | G33: 11598.607 | H33: 10699.951 | I33: 9820.809 | J33: 11008.322 | K33: 7830.2192 | L33: 7334.2866 | M33: 7313.684 | N33: 6317.9318 | O33: 5346.2604 | P33: 3406.1592 | Q33: 5575.0416 | R33: 3720.8602 | S33: 2516.1939 | T33: 2620.4087 | U33: 2561.1391 | V33: 3216.7563 | W33: 3854.3137 | X33: 4602.0071 | Y33: 3518.9602
A34: Natural gas | B34: 21617.72 | C34: 21442.396 | D34: 21328.515 | E34: 21922.136 | F34: 20652.746 | G34: 20406.366 | H34: 19381.882 | I34: 18521.66 | J34: 17104.93 | K34: 13988.781 | L34: 14883.838 | M34: 13722.762 | N34: 13498.813 | O34: 13137.833 | P34: 12856.481 | Q34: 12339.433 | R34: 12568.807 | S34: 13316.715 | T34: 13100.92 | U34: 12983.993 | V34: 12145.183 | W34: 15880.893 | X34: 14031.004 | Y34: 13384.028
A35: Derived gases | B35: 1514.0698 | C35: 348.89005 | D35: 148.5388 | E35: 154.18927 | F35: 22.795344 | G35: 180.29749 | H35: 39.508307 | I35: 0 | J35: 0 | K35: 0 | L35: 0 | M35: 0 | N35: 482.05541 | O35: 354.55989 | P35: 1235.7655 | Q35: 827.35008 | R35: 1072.3637 | S35: 537.23272 | T35: 402.52777 | U35: 372.83265 | V35: 289.87427 | W35: 268.7797 | X35: 241.70376 | Y35: 145.6724
A36: Biomass and waste | B36: 0 | C36: 0 | D36: 0 | E36: 0 | F36: 0 | G36: 0 | H36: 0 | I36: 0 | J36: 0 | K36: 0 | L36: 845.23743 | M36: 991.00839 | N36: 1235.3942 | O36: 1189.9781 | P36: 1038.275 | Q36: 992.69449 | R36: 917.5502 | S36: 788.47776 | T36: 894.64714 | U36: 969.44834 | V36: 1027.7 | W36: 1136.0504 | X36: 1099.6709 | Y36: 1216.5157
A37: Electricity | B37: 0 | C37: 0 | D37: 0 | E37: 0 | F37: 0 | G37: 0 | H37: 0 | I37: 0 | J37: 0 | K37: 0 | L37: 0 | M37: 0 | N37: 0 | O37: 0 | P37: 0 | Q37: 0 | R37: 0 | S37: 0 | T37: 0 | U37: 0 | V37: 0 | W37: 0 | X37: 0 | Y37: 0
A38: Process emissions | B38: =SUM(B39:B43) -> 26645.204 | C38: =SUM(C39:C43) -> 27218.846 | D38: =SUM(D39:D43) -> 27117.794 | E38: =SUM(E39:E43) -> 28216.225 | F38: =SUM(F39:F43) -> 29224.204 | G38: =SUM(G39:G43) -> 29654.489 | H38: =SUM(H39:H43) -> 29665.281 | I38: =SUM(I39:I43) -> 30121.448 | ... Y38: =SUM(Y39:Y43) -> 12662.423
A39: Iron and Steel | B39: =ISI!B$53 -> 3411.7997 | C39: =ISI!C$53 -> 3246.227 | D39: =ISI!D$53 -> 3067.9987 | E39: =ISI!E$53 -> 3244.9 | F39: =ISI!F$53 -> 3465.3543 | G39: =ISI!G$53 -> 3737.0553 | H39: =ISI!H$53 -> 3842.9548 | I39: =ISI!I$53 -> 3777.1008 | ... Y39: =ISI!Y$53 -> 1395.9782
A40: Non-Ferrous Metals | B40: =NFM!B$72 -> 795.99859 | C40: =NFM!C$72 -> 794.86421 | D40: =NFM!D$72 -> 802.27378 | E40: =NFM!E$72 -> 734.21905 | F40: =NFM!F$72 -> 656.60063 | G40: =NFM!G$72 -> 674.30128 | H40: =NFM!H$72 -> 581.94945 | I40: =NFM!I$72 -> 651.31656 | ... Y40: =NFM!Y$72 -> 161.2828
A41: Chemical and Petrochemical | B41: =CHI!B$78 -> 1356.3698 | C41: =CHI!C$78 -> 1348.261 | D41: =CHI!D$78 -> 1384.7989 | E41: =CHI!E$78 -> 1509.7214 | F41: =CHI!F$78 -> 1624.6309 | G41: =CHI!G$78 -> 1635.0246 | H41: =CHI!H$78 -> 1591.2892 | I41: =CHI!I$78 -> 1614.9712 | ... Y41: =CHI!Y$78 -> 1149.3573
A42: Non-Metallic Minerals | B42: =NMM!B$58 -> 20749.019 | C42: =NMM!C$58 -> 21531.349 | D42: =NMM!D$58 -> 21554.557 | E42: =NMM!E$58 -> 22429.73 | F42: =NMM!F$58 -> 23186.819 | G42: =NMM!G$58 -> 23304.749 | H42: =NMM!H$58 -> 23361.755 | I42: =NMM!I$58 -> 23781.944 | ... Y42: =NMM!Y$58 -> 9642.643
A43: Solvent use and other process | B43: 332.01731 | C43: 298.14442 | D43: 308.16631 | E43: 297.65489 | F43: 290.79914 | G43: 303.35909 | H43: 287.33317 | I43: 296.11514 | J43: 280.16373 | K43: 228.07008 | L43: 270.32008 | M43: 262.56138 | N43: 228.36955 | O43: 237.62676 | P43: 274.33811 | Q43: 277.29824 | R43: 299.75274 | S43: 301.67442 | T43: 312.05192 | U43: 304.23673 | V43: 269.0977 | W43: 303.53827 | X43: 290.68807 | Y43: 313.16162 | DA43: PROCESS_EMI.ktCO2.IT.NSI.TOTAL
A45: Market shares of CO2 emissions (%)
A47: =$A$5 -> All industrial sectors | B47: =SUM(B48:B55) -> 1 | C47: =SUM(C48:C55) -> 1 | D47: =SUM(D48:D55) -> 1 | E47: =SUM(E48:E55) -> 1 | F47: =SUM(F48:F55) -> 1 | G47: =SUM(G48:G55) -> 1 | H47: =SUM(H48:H55) -> 1 | I47: =SUM(I48:I55) -> 1 | ... Y47: =SUM(Y48:Y55) -> 1
A48: Lighting | B48: =IF(B6=0,0,B6/B$5) -> 0 | C48: =IF(C6=0,0,C6/C$5) -> 0 | D48: =IF(D6=0,0,D6/D$5) -> 0 | E48: =IF(E6=0,0,E6/E$5) -> 0 | F48: =IF(F6=0,0,F6/F$5) -> 0 | G48: =IF(G6=0,0,G6/G$5) -> 0 | H48: =IF(H6=0,0,H6/H$5) -> 0 | I48: =IF(I6=0,0,I6/I$5) -> 0 | ... Y48: =IF(Y6=0,0,Y6/Y$5) -> 0
A49: Air compressors | B49: =IF(B7=0,0,B7/B$5) -> 0 | C49: =IF(C7=0,0,C7/C$5) -> 0 | D49: =IF(D7=0,0,D7/D$5) -> 0 | E49: =IF(E7=0,0,E7/E$5) -> 0 | F49: =IF(F7=0,0,F7/F$5) -> 0 | G49: =IF(G7=0,0,G7/G$5) -> 0 | H49: =IF(H7=0,0,H7/H$5) -> 0 | I49: =IF(I7=0,0,I7/I$5) -> 0 | ... Y49: =IF(Y7=0,0,Y7/Y$5) -> 0
A50: Motor drives | B50: =IF(B8=0,0,B8/B$5) -> 0 | C50: =IF(C8=0,0,C8/C$5) -> 0 | D50: =IF(D8=0,0,D8/D$5) -> 0 | E50: =IF(E8=0,0,E8/E$5) -> 0 | F50: =IF(F8=0,0,F8/F$5) -> 0 | G50: =IF(G8=0,0,G8/G$5) -> 0 | H50: =IF(H8=0,0,H8/H$5) -> 0 | I50: =IF(I8=0,0,I8/I$5) -> 0 | ... Y50: =IF(Y8=0,0,Y8/Y$5) -> 0
A51: Fans and pumps | B51: =IF(B9=0,0,B9/B$5) -> 0 | C51: =IF(C9=0,0,C9/C$5) -> 0 | D51: =IF(D9=0,0,D9/D$5) -> 0 | E51: =IF(E9=0,0,E9/E$5) -> 0 | F51: =IF(F9=0,0,F9/F$5) -> 0 | G51: =IF(G9=0,0,G9/G$5) -> 0 | H51: =IF(H9=0,0,H9/H$5) -> 0 | I51: =IF(I9=0,0,I9/I$5) -> 0 | ... Y51: =IF(Y9=0,0,Y9/Y$5) -> 0
A52: Low-enthalpy heat | B52: =IF(B10=0,0,B10/B$5) -> 0.016422385 | C52: =IF(C10=0,0,C10/C$5) -> 0.016617966 | D52: =IF(D10=0,0,D10/D$5) -> 0.016910661 | E52: =IF(E10=0,0,E10/E$5) -> 0.016886267 | F52: =IF(F10=0,0,F10/F$5) -> 0.016302797 | G52: =IF(G10=0,0,G10/G$5) -> 0.014918703 | H52: =IF(H10=0,0,H10/H$5) -> 0.014623443 | I52: =IF(I10=0,0,I10/I$5) -> 0.01386088 | ... Y52: =IF(Y10=0,0,Y10/Y$5) -> 0.014497606
A53: =$A$16 -> Steam processes | B53: =IF(B16=0,0,B16/B$5) -> 0.25857647 | C53: =IF(C16=0,0,C16/C$5) -> 0.2541045 | D53: =IF(D16=0,0,D16/D$5) -> 0.262109 | E53: =IF(E16=0,0,E16/E$5) -> 0.25900507 | F53: =IF(F16=0,0,F16/F$5) -> 0.20068646 | G53: =IF(G16=0,0,G16/G$5) -> 0.18796573 | H53: =IF(H16=0,0,H16/H$5) -> 0.18866002 | I53: =IF(I16=0,0,I16/I$5) -> 0.18943966 | ... Y53: =IF(Y16=0,0,Y16/Y$5) -> 0.27522412
A54: =$A$27 -> Other energy use related | B54: =IF(B27=0,0,B27/B$5) -> 0.45032287 | C54: =IF(C27=0,0,C27/C$5) -> 0.43519591 | D54: =IF(D27=0,0,D27/D$5) -> 0.42993997 | E54: =IF(E27=0,0,E27/E$5) -> 0.43940844 | F54: =IF(F27=0,0,F27/F$5) -> 0.46169201 | G54: =IF(G27=0,0,G27/G$5) -> 0.47204813 | H54: =IF(H27=0,0,H27/H$5) -> 0.45564597 | I54: =IF(I27=0,0,I27/I$5) -> 0.45341275 | ... Y54: =IF(Y27=0,0,Y27/Y$5) -> 0.44796154
A55: Process emissions | B55: =IF(B38=0,0,B38/B$5) -> 0.27467828 | C55: =IF(C38=0,0,C38/C$5) -> 0.29408163 | D55: =IF(D38=0,0,D38/D$5) -> 0.29104037 | E55: =IF(E38=0,0,E38/E$5) -> 0.28470022 | F55: =IF(F38=0,0,F38/F$5) -> 0.32131873 | G55: =IF(G38=0,0,G38/G$5) -> 0.32506744 | H55: =IF(H38=0,0,H38/H$5) -> 0.34107057 | I55: =IF(I38=0,0,I38/I$5) -> 0.34328671 | ... Y55: =IF(Y38=0,0,Y38/Y$5) -> 0.26231673

Sheet ISI
A1: =index!A$1&": Iron and steel" -> IT: Iron and steel | B1: 2000 | C1: 2001 | D1: 2002 | E1: 2003 | F1: 2004 | G1: 2005 | H1: 2006 | I1: 2007 | J1: 2008 | K1: 2009 | L1: 2010 | M1: 2011 | N1: 2012 | O1: 2013 | P1: 2014 | Q1: 2015 | R1: 2016 | S1: 2017 | T1: 2018 | U1: 2019 | V1: 2020 | W1: 2021 | X1: 2022 | Y1: 2023 | DA1: Code
A3: Value added (M€2023) | B3: =SUM(B4:B5) -> 9253.4118 | C3: =SUM(C4:C5) -> 8328.0125 | D3: =SUM(D4:D5) -> 7657.9868 | E3: =SUM(E4:E5) -> 8305.7841 | F3: =SUM(F4:F5) -> 8622.7112 | G3: =SUM(G4:G5) -> 9049.7471 | H3: =SUM(H4:H5) -> 9662.0193 | I3: =SUM(I4:I5) -> 10913.955 | ... Y3: =SUM(Y4:Y5) -> 9646.4752
A4: Integrated steelworks | B4: 4006.2548 | C4: 3424.9622 | D4: 3000.4181 | E4: 3331.807 | F4: 3506.2717 | G4: 3920.3236 | H4: 3943.2476 | I4: 4357.4296 | J4: 3830.5518 | K4: 1566.9459 | L4: 2428.7987 | M4: 2773.5042 | N4: 2410.6831 | O4: 1833.8485 | P4: 1915.9742 | Q4: 1415.0182 | R4: 1783.5098 | S4: 1619.5249 | T4: 1526.365 | U4: 1300.8477 | V4: 932.03238 | W4: 1549.9417 | X4: 1991.0059 | Y4: 1532.7776 | DA4: VA.Meuro2023.IT.ISI.BF_BOF
A5: Electric arc | B5: 5247.1569 | C5: 4903.0503 | D5: 4657.5687 | E5: 4973.9771 | F5: 5116.4395 | G5: 5129.4235 | H5: 5718.7717 | I5: 6556.5254 | J5: 5993.4003 | K5: 3257.7059 | L5: 4182.3902 | M5: 4549.602 | N5: 3988.8779 | O5: 4016.5158 | P5: 4367.4113 | Q5: 4379.6831 | R5: 4802.3554 | S5: 5722.0931 | T5: 5848.9263 | U5: 5149.4301 | V5: 4461.0637 | W5: 7478.8473 | X5: 9185.6484 | Y5: 8113.6976 | DA5: VA.Meuro2023.IT.ISI.EAF
A7: Physical output (kt steel) | B7: =SUM(B8:B9) -> 26759 | C7: =SUM(C8:C9) -> 26545 | D7: =SUM(D8:D9) -> 26066 | E7: =SUM(E8:E9) -> 27058.175 | F7: =SUM(F8:F9) -> 28603.533 | G7: =SUM(G8:G9) -> 29349.805 | H7: =SUM(H8:H9) -> 31624.489 | I7: =SUM(I8:I9) -> 31552.548 | ... Y7: =SUM(Y8:Y9) -> 21056
A8: Integrated steelworks | B8: 10676 | C8: 10010 | D8: 9327 | E8: 9934.45 | F8: 10649.33 | G8: 11688.343 | H8: 11822.794 | I8: 11556.106 | J8: 10910.775 | K8: 5811.657 | L8: 8587.068 | M8: 9891.988 | N8: 9312.341 | O8: 6798.478 | P8: 6513.938 | Q8: 4791.143 | R8: 5668.926 | S8: 4731.895 | T8: 4520.143 | U8: 4160.356 | V8: 3117.834 | W8: 3735.036 | X8: 3455.84 | Y8: 2989.952 | DA8: OUTPUT.kt.IT.ISI.BF_BOF
A9: Electric arc | B9: 16083 | C9: 16535 | D9: 16739 | E9: 17123.725 | F9: 17954.203 | G9: 17661.462 | H9: 19801.695 | I9: 19996.442 | J9: 19678.969 | K9: 14036.25 | L9: 17163.161 | M9: 18842.784 | N9: 17939.196 | O9: 17294.699 | P9: 17200.444 | Q9: 17166.435 | R9: 17643.184 | S9: 19275.311 | T9: 19975.625 | U9: 19030.008 | V9: 17260.166 | W9: 20676.964 | X9: 18143.16 | Y9: 18066.048 | DA9: OUTPUT.kt.IT.ISI.EAF
A11: Installed capacity (kt steel production) | B11: =SUM(B12:B13) -> 28508.421 | C11: =SUM(C12:C13) -> 29834.238 | D11: =SUM(D12:D13) -> 28861.346 | E11: =SUM(E12:E13) -> 28861.346 | F11: =SUM(F12:F13) -> 31160.055 | G11: =SUM(G12:G13) -> 32132.947 | H11: =SUM(H12:H13) -> 33458.764 | I11: =SUM(I12:I13) -> 34784.581 | ... Y11: =SUM(Y12:Y13) -> 28594.303
A12: Integrated steelworks | B12: 11578.947 | C12: 11578.947 | D12: 10606.055 | E12: 10606.055 | F12: 11578.947 | G12: 12551.84 | H12: 12551.84 | I12: 12551.84 | J12: 12551.84 | K12: 11578.947 | L12: 11578.947 | M12: 11578.947 | N12: 10606.055 | O12: 10606.055 | P12: 10606.055 | Q12: 10606.055 | R12: 9633.1626 | S12: 9633.1626 | T12: 9633.1626 | U12: 8660.2702 | V12: 8660.2702 | W12: 8660.2702 | X12: 7687.3778 | Y12: 7687.3778 | DA12: CAP.kt.IT.ISI.BF_BOF
A13: Electric arc | B13: 16929.474 | C13: 18255.291 | D13: 18255.291 | E13: 18255.291 | F13: 19581.108 | G13: 19581.108 | H13: 20906.925 | I13: 22232.742 | J13: 22232.742 | K13: 20906.925 | L13: 20906.925 | M13: 20906.925 | N13: 19581.108 | O13: 19581.108 | P13: 18255.291 | Q13: 18255.291 | R13: 19581.108 | S13: 20906.925 | T13: 22232.742 | U13: 22232.742 | V13: 20906.925 | W13: 22232.742 | X13: 22232.742 | Y13: 20906.925 | DA13: CAP.kt.IT.ISI.EAF
A14: Capacity investment (kt steel production) | C14: =SUM(C15:C16) -> 2651.634 | D14: =SUM(D15:D16) -> 0 | E14: =SUM(E15:E16) -> 1325.817 | F14: =SUM(F15:F16) -> 2298.7094 | G14: =SUM(G15:G16) -> 972.89239 | H14: =SUM(H15:H16) -> 3624.5264 | I14: =SUM(I15:I16) -> 1325.817 | J14: =SUM(J15:J16) -> 0 | ... Y14: =SUM(Y15:Y16) -> 0
A15: Integrated steelworks | B15: 0 | C15: 0 | D15: 0 | E15: 0 | F15: 972.89239 | G15: 972.89239 | H15: 972.89239 | I15: 0 | J15: 0 | K15: 0 | L15: 0 | M15: 0 | N15: 0 | O15: 0 | P15: 0 | Q15: 0 | R15: 0 | S15: 0 | T15: 0 | U15: 0 | V15: 0 | W15: 0 | X15: 0 | Y15: 0 | DA15: NEWCAP.kt.IT.ISI.BF_BOF
A16: Electric arc | B16: 0 | C16: 2651.634 | D16: 0 | E16: 1325.817 | F16: 1325.817 | G16: 0 | H16: 2651.634 | I16: 1325.817 | J16: 0 | K16: 0 | L16: 0 | M16: 0 | N16: 0 | O16: 0 | P16: 0 | Q16: 0 | R16: 1325.817 | S16: 2651.634 | T16: 1325.817 | U16: 0 | V16: 0 | W16: 1325.817 | X16: 0 | Y16: 0 | DA16: NEWCAP.kt.IT.ISI.EAF
A17: Decommissioned capacity (kt steel production) | C17: =SUM(C18:C19) -> 1325.817 | D17: =SUM(D18:D19) -> 972.89239 | E17: =SUM(E18:E19) -> 1325.817 | F17: =SUM(F18:F19) -> 0 | G17: =SUM(G18:G19) -> 0 | H17: =SUM(H18:H19) -> 2298.7094 | I17: =SUM(I18:I19) -> 0 | J17: =SUM(J18:J19) -> 0 | ... Y17: =SUM(Y18:Y19) -> 1325.817
A18: Integrated steelworks | C18: =B12+C15-C12 -> 0 | D18: =C12+D15-D12 -> 972.89239 | E18: =D12+E15-E12 -> 0 | F18: =E12+F15-F12 -> 0 | G18: =F12+G15-G12 -> 0 | H18: =G12+H15-H12 -> 972.89239 | I18: =H12+I15-I12 -> 0 | J18: =I12+J15-J12 -> 0 | ... Y18: =X12+Y15-Y12 -> 0
A19: Electric arc | C19: =B13+C16-C13 -> 1325.817 | D19: =C13+D16-D13 -> 0 | E19: =D13+E16-E13 -> 1325.817 | F19: =E13+F16-F13 -> 0 | G19: =F13+G16-G13 -> 0 | H19: =G13+H16-H13 -> 1325.817 | I19: =H13+I16-I13 -> 0 | J19: =I13+J16-J13 -> 0 | ... Y19: =X13+Y16-Y13 -> 1325.817
A20: Idle capacity (kt steel production) | B20: =SUM(B21:B22) -> 1749.4211 | C20: =SUM(C21:C22) -> 3289.2381 | D20: =SUM(D21:D22) -> 2795.3457 | E20: =SUM(E21:E22) -> 1803.1707 | F20: =SUM(F21:F22) -> 2556.5221 | G20: =SUM(G21:G22) -> 2783.1425 | H20: =SUM(H21:H22) -> 1834.2755 | I20: =SUM(I21:I22) -> 3232.0335 | ... Y20: =SUM(Y21:Y22) -> 7538.3025
A21: Integrated steelworks | B21: =B12-B8 -> 902.94737 | C21: =C12-C8 -> 1568.9474 | D21: =D12-D8 -> 1279.055 | E21: =E12-E8 -> 671.60498 | F21: =F12-F8 -> 929.61737 | G21: =G12-G8 -> 863.49676 | H21: =H12-H8 -> 729.04576 | I21: =I12-I8 -> 995.73376 | ... Y21: =Y12-Y8 -> 4697.4258
A22: Electric arc | B22: =B13-B9 -> 846.47368 | C22: =C13-C9 -> 1720.2907 | D22: =D13-D9 -> 1516.2907 | E22: =E13-E9 -> 1131.5657 | F22: =F13-F9 -> 1626.9047 | G22: =G13-G9 -> 1919.6457 | H22: =H13-H9 -> 1105.2297 | I22: =I13-I9 -> 2236.2997 | ... Y22: =Y13-Y9 -> 2840.8767
A24: Energy consumption (ktoe)
A25: by fuel (EUROSTAT DATA) | B25: 4933.2665 | C25: 4605.1459 | D25: 4493.4032 | E25: 4570.118 | F25: 4595.3975 | G25: 4811.018 | H25: 4799.6968 | I25: 4700.4586 | J25: 4569.4206 | K25: 3274.6871 | L25: 3650.7094 | M25: 3842.548 | N25: 4010.7003 | O25: 3560.2991 | P25: 3635.3353 | Q25: 3546.5174 | R25: 3681.1606 | S25: 3597.0695 | T25: 3619.6316 | U25: 3620.0685 | V25: 3166.5695 | W25: 3878.5672 | X25: 3517.8033 | Y25: 3431.8083 | DA25: FEC.ktoe.IT.ISI.TOTAL.TOTAL.TOTAL.TOTAL
A26: Solids | B26: =B27+B28 -> 917.74385 | C26: =C27+C28 -> 773.53697 | D26: =D27+D28 -> 757.76251 | E26: =E27+E28 -> 777.84944 | F26: =F27+F28 -> 812.48212 | G26: =G27+G28 -> 948.93474 | H26: =H27+H28 -> 918.45804 | I26: =I27+I28 -> 897.67842 | ... Y26: =Y27+Y28 -> 266.86148
A27: Hard coal and others | B27: 0 | C27: 0 | D27: 0 | E27: 0 | F27: 0 | G27: 0 | H27: 0 | I27: 0 | J27: 0 | K27: 0 | L27: 0 | M27: 0 | N27: 0 | O27: 0 | P27: 0 | Q27: 0 | R27: 0 | S27: 0 | T27: 0 | U27: 0 | V27: 0 | W27: 0 | X27: 0 | Y27: 0 | DA27: FEC.ktoe.IT.ISI.TOTAL.TOTAL.TOTAL.NONCOKE_SOLIDS
A28: Coke | B28: 917.74385 | C28: 773.53697 | D28: 757.76251 | E28: 777.84944 | F28: 812.48212 | G28: 948.93474 | H28: 918.45804 | I28: 897.67842 | J28: 765.38169 | K28: 441.91264 | L28: 540.26939 | M28: 637.24084 | N28: 636.54824 | O28: 457.84368 | P28: 424.18126 | Q28: 397.7546 | R28: 405.8859 | S28: 341.51333 | T28: 410.38504 | U28: 381.79776 | V28: 240.58874 | W28: 257.13439 | X28: 268.69295 | Y28: 266.86148 | DA28: FEC.ktoe.IT.ISI.TOTAL.TOTAL.TOTAL.COKE
A29: Liquids | B29: =SUM(B30:B34) -> 97.468272 | C29: =SUM(C30:C34) -> 118.20017 | D29: =SUM(D30:D34) -> 109.60172 | E29: =SUM(E30:E34) -> 114.83706 | F29: =SUM(F30:F34) -> 127.76819 | G29: =SUM(G30:G34) -> 112.48212 | H29: =SUM(H30:H34) -> 121.70163 | I29: =SUM(I30:I34) -> 94.458813 | ... Y29: =SUM(Y30:Y34) -> 128.2442
A30: Refinery gas | B30: 0 | C30: 0 | D30: 0 | E30: 0 | F30: 0 | G30: 0 | H30: 0 | I30: 0 | J30: 0 | K30: 0 | L30: 0 | M30: 0 | N30: 0 | O30: 0 | P30: 0 | Q30: 0 | R30: 0 | S30: 0 | T30: 0 | U30: 0 | V30: 0 | W30: 0 | X30: 0 | Y30: 0 | DA30: FEC.ktoe.IT.ISI.TOTAL.TOTAL.TOTAL.RFG
A31: LPG | B31: 24.171195 | C31: 21.973861 | D31: 21.973861 | E31: 23.072485 | F31: 27.46724 | G31: 27.46724 | H31: 26.368616 | I31: 27.46724 | J31: 21.973861 | K31: 19.77644 | L31: 24.171195 | M31: 18.67773 | N31: 17.57902 | O31: 14.282975 | P31: 9.8882201 | Q31: 14.282975 | R31: 16.480396 | S31: 14.282975 | T31: 13.184265 | U31: 13.760017 | V31: 30.551333 | W31: 30.612812 | X31: 11.4319 | Y31: 13.258985 | DA31: FEC.ktoe.IT.ISI.TOTAL.TOTAL.TOTAL.LPG
A32: Diesel oil (without biofuels) | B32: 8.1398968 | C32: 8.1398968 | D32: 8.1398968 | E32: 10.174807 | F32: 9.1573517 | G32: 9.1573517 | H32: 9.1573517 | I32: 8.1398968 | J32: 7.122356 | K32: 6.1049011 | L32: 20.349699 | M32: 16.279708 | N32: 11.192347 | O32: 13.227257 | P32: 15.262253 | Q32: 14.244798 | R32: 12.209802 | S32: 12.209802 | T32: 12.209802 | U32: 11.618659 | V32: 10.991917 | W32: 29.955718 | X32: 21.774119 | Y32: 19.003525 | DA32: FEC.ktoe.IT.ISI.TOTAL.TOTAL.TOTAL.DIESEL
A33: Fuel oil | B33: 62.099914 | C33: 85.029149 | D33: 76.430696 | E33: 79.296819 | F33: 88.850645 | G33: 73.564574 | H33: 83.118401 | I33: 57.323044 | J33: 66.87687 | K33: 101.27068 | L33: 23.884609 | M33: 40.126139 | N33: 26.750731 | O33: 39.170765 | P33: 46.813758 | Q33: 61.14454 | R33: 61.14454 | S33: 41.740671 | T33: 52.546088 | U33: 43.212038 | V33: 38.514359 | W33: 58.529665 | X33: 99.386672 | Y33: 95.981685 | DA33: FEC.ktoe.IT.ISI.TOTAL.TOTAL.TOTAL.RFO
A34: Other liquids | B34: 3.0572657 | C34: 3.0572657 | D34: 3.0572657 | E34: 2.2929493 | F34: 2.2929493 | G34: 2.2929493 | H34: 3.0572657 | I34: 1.5286328 | J34: 0.76431642 | K34: 0.76431642 | L34: 0.76431642 | M34: 0.76431642 | N34: 0 | O34: 0 | P34: 0 | Q34: 0 | R34: 0 | S34: 0 | T34: 0 | U34: 0 | V34: 0 | W34: 0 | X34: 0 | Y34: 0 | DA34: FEC.ktoe.IT.ISI.TOTAL.TOTAL.TOTAL.OTHER
A35: Gas | B35: =B36+B37 -> 2168.6132 | C35: =C36+C37 -> 1920.9754 | D35: =D36+D37 -> 1909.272 | E35: =E36+E37 -> 1967.4573 | F35: =F36+F37 -> 1881.8836 | G35: =G36+G37 -> 1945.3353 | H35: =H36+H37 -> 1888.9725 | I35: =I36+I37 -> 1841.2726 | ... Y35: =Y36+Y37 -> 1372.6737
A36: Natural gas | B36: 1872.2915 | C36: 1875.5159 | D36: 1885.4041 | E36: 1945.1634 | F36: 1879.4712 | G36: 1926.2038 | H36: 1884.6733 | I36: 1841.2726 | J36: 1842.7988 | K36: 1085.2537 | L36: 1397.485 | M36: 1311.8659 | N36: 1287.7902 | O36: 1209.9957 | P36: 1186.9948 | Q36: 1190.7567 | R36: 1192.7773 | S36: 1255.7036 | T36: 1283.4655 | U36: 1263.576 | V36: 1186.495 | W36: 1615.4692 | X36: 1379.0666 | Y36: 1311.905 | DA36: FEC.ktoe.IT.ISI.TOTAL.TOTAL.TOTAL.NG
A37: Derived gases | B37: 296.32175 | C37: 45.459501 | D37: 23.867842 | E37: 22.293895 | F37: 2.4123818 | G37: 19.131556 | H37: 4.2992261 | I37: 0 | J37: 0 | K37: 0 | L37: 0 | M37: 0 | N37: 205.7896 | O37: 165.20258 | P37: 280.29759 | Q37: 209.34841 | R37: 234.7043 | S37: 159.15236 | T37: 131.62158 | U37: 109.38899 | V37: 95.211694 | W37: 97.507309 | X37: 88.047721 | Y37: 60.768702 | DA37: FEC.ktoe.IT.ISI.TOTAL.TOTAL.TOTAL.DERIVED
A38: RES and wastes | B38: =B39+B40+B41+B42+B43+B44 -> 0 | C38: =C39+C40+C41+C42+C43+C44 -> 0 | D38: =D39+D40+D41+D42+D43+D44 -> 0 | E38: =E39+E40+E41+E42+E43+E44 -> 0 | F38: =F39+F40+F41+F42+F43+F44 -> 0 | G38: =G39+G40+G41+G42+G43+G44 -> 0 | H38: =H39+H40+H41+H42+H43+H44 -> 0 | I38: =I39+I40+I41+I42+I43+I44 -> 0 | ... Y38: =Y39+Y40+Y41+Y42+Y43+Y44 -> 7.1675793
A39: Biomass and waste | B39: 0 | C39: 0 | D39: 0 | E39: 0 | F39: 0 | G39: 0 | H39: 0 | I39: 0 | J39: 0 | K39: 0 | L39: 0 | M39: 0 | N39: 0 | O39: 0 | P39: 0 | Q39: 0 | R39: 0 | S39: 0 | T39: 0.0013757524 | U39: 0.0013757524 | V39: 0.0022355976 | W39: 0.0024075666 | X39: 0.0022355976 | Y39: 0.0028374893 | DA39: FEC.ktoe.IT.ISI.TOTAL.TOTAL.TOTAL.BIOMASS_WASTE
A40: Biogas | B40: 0 | C40: 0 | D40: 0 | E40: 0 | F40: 0 | G40: 0 | H40: 0 | I40: 0 | J40: 0 | K40: 0 | L40: 0 | M40: 0 | N40: 0 | O40: 0 | P40: 0 | Q40: 0 | R40: 0 | S40: 0.1496062 | T40: 0.50806113 | U40: 0.86317376 | V40: 1.7001761 | W40: 3.5877905 | X40: 4.6238777 | Y40: 5.9676322 | DA40: FEC.ktoe.IT.ISI.TOTAL.TOTAL.TOTAL.BIOGAS
A41: Liquid biofuels | B41: 0 | C41: 0 | D41: 0 | E41: 0 | F41: 0 | G41: 0 | H41: 0 | I41: 0 | J41: 0 | K41: 0 | L41: 0 | M41: 0 | N41: 0 | O41: 0 | P41: 0 | Q41: 0 | R41: 0 | S41: 0 | T41: 0 | U41: 0 | V41: 0 | W41: 0 | X41: 0 | Y41: 0 | DA41: FEC.ktoe.IT.ISI.TOTAL.TOTAL.TOTAL.LIQBIO
A42: Solar | B42: 0 | C42: 0 | D42: 0 | E42: 0 | F42: 0 | G42: 0 | H42: 0 | I42: 0 | J42: 0 | K42: 0 | L42: 0 | M42: 0 | N42: 0 | O42: 0 | P42: 0 | Q42: 0 | R42: 0 | S42: 0 | T42: 0 | U42: 0 | V42: 0 | W42: 0 | X42: 0 | Y42: 0 | DA42: FEC.ktoe.IT.ISI.TOTAL.TOTAL.TOTAL.SOLAR
A43: Geothermal | B43: 0 | C43: 0 | D43: 0 | E43: 0 | F43: 0 | G43: 0 | H43: 0 | I43: 0 | J43: 0 | K43: 0 | L43: 0 | M43: 0 | N43: 0 | O43: 0 | P43: 0 | Q43: 0 | R43: 0 | S43: 0 | T43: 0 | U43: 0 | V43: 0 | W43: 0 | X43: 0 | Y43: 0 | DA43: FEC.ktoe.IT.ISI.TOTAL.TOTAL.TOTAL.GEO
A44: Ambient heat | B44: 0 | C44: 0 | D44: 0 | E44: 0 | F44: 0 | G44: 0 | H44: 0 | I44: 0 | J44: 0 | K44: 0 | L44: 0 | M44: 0 | N44: 0 | O44: 0 | P44: 0 | Q44: 0 | R44: 0 | S44: 0 | T44: 0 | U44: 0 | V44: 0 | W44: 0.61662955 | X44: 0.86000787 | Y44: 1.1971097 | DA44: FEC.ktoe.IT.ISI.TOTAL.TOTAL.TOTAL.AMBIENT
A45: Distributed steam | B45: 0 | C45: 0 | D45: 0 | E45: 0 | F45: 49.703869 | G45: 50.611436 | H45: 5.7323302 | I45: 3.2483233 | J45: 5.0874463 | K45: 266.98194 | L45: 38.024248 | M45: 42.872829 | N45: 124.96414 | O45: 87.059329 | P45: 93.651505 | Q45: 159.50129 | R45: 187.70903 | S45: 162.28469 | T45: 89.874205 | U45: 167.77446 | V45: 135.81436 | W45: 63.852279 | X45: 71.560189 | Y45: 90.225881 | DA45: FEC.ktoe.IT.ISI.TOTAL.TOTAL.TOTAL.STEAM_DISTR
A46: Electricity | B46: 1749.4411 | C46: 1792.4334 | D46: 1716.767 | E46: 1709.9742 | F46: 1723.5598 | G46: 1753.6543 | H46: 1864.8323 | I46: 1863.8005 | J46: 1859.4153 | K46: 1352.6225 | L46: 1605.761 | M46: 1774.7206 | N46: 1700.086 | O46: 1573.5168 | P46: 1578.2459 | Q46: 1499.4841 | R46: 1570.2494 | S46: 1610.0324 | T46: 1625.8356 | U46: 1628.076 | V46: 1426.6997 | W46: 1721.299 | X46: 1572.357 | Y46: 1566.6354 | DA46: FEC.ktoe.IT.ISI.TOTAL.TOTAL.TOTAL.ELEC
A47: by subsector (calibration output) | B47: =SUM(B48:B49) -> 4933.2665 | C47: =SUM(C48:C49) -> 4605.1459 | D47: =SUM(D48:D49) -> 4493.4032 | E47: =SUM(E48:E49) -> 4570.118 | F47: =SUM(F48:F49) -> 4595.3975 | G47: =SUM(G48:G49) -> 4811.018 | H47: =SUM(H48:H49) -> 4799.6968 | I47: =SUM(I48:I49) -> 4700.4586 | ... Y47: =SUM(Y48:Y49) -> 3431.8083
A48: Integrated steelworks | B48: =ISI_fec!B5 -> 2883.6874 | C48: =ISI_fec!C5 -> 2583.1481 | D48: =ISI_fec!D5 -> 2429.2649 | E48: =ISI_fec!E5 -> 2513.3354 | F48: =ISI_fec!F5 -> 2546.244 | G48: =ISI_fec!G5 -> 2795.037 | H48: =ISI_fec!H5 -> 2660.3495 | I48: =ISI_fec!I5 -> 2565.935 | ... Y48: =ISI_fec!Y5 -> 897.61506
A49: Electric arc | B49: =ISI_fec!B54 -> 2049.5791 | C49: =ISI_fec!C54 -> 2021.9978 | D49: =ISI_fec!D54 -> 2064.1383 | E49: =ISI_fec!E54 -> 2056.7826 | F49: =ISI_fec!F54 -> 2049.1535 | G49: =ISI_fec!G54 -> 2015.981 | H49: =ISI_fec!H54 -> 2139.3473 | I49: =ISI_fec!I54 -> 2134.5237 | ... Y49: =ISI_fec!Y54 -> 2534.1932
A51: CO2 emissions (kt CO2) | B51: =B52+B53 -> 13960.362 | C51: =C52+C53 -> 11865.892 | D51: =D52+D53 -> 11377.976 | E51: =E52+E53 -> 11806.117 | F51: =F52+F53 -> 11910.285 | G51: =G52+G53 -> 13227.954 | H51: =H52+H53 -> 12969.53 | I51: =I52+I53 -> 12596.959 | ... Y51: =Y52+Y53 -> 6293.5588
A52: energy use related | B52: =(ISI_emi!B5-ISI_emi!B52)+(ISI_emi!B54-ISI_emi!B96) -> 10548.563 | C52: =(ISI_emi!C5-ISI_emi!C52)+(ISI_emi!C54-ISI_emi!C96) -> 8619.665 | D52: =(ISI_emi!D5-ISI_emi!D52)+(ISI_emi!D54-ISI_emi!D96) -> 8309.9771 | E52: =(ISI_emi!E5-ISI_emi!E52)+(ISI_emi!E54-ISI_emi!E96) -> 8561.2169 | F52: =(ISI_emi!F5-ISI_emi!F52)+(ISI_emi!F54-ISI_emi!F96) -> 8444.931 | G52: =(ISI_emi!G5-ISI_emi!G52)+(ISI_emi!G54-ISI_emi!G96) -> 9490.8985 | H52: =(ISI_emi!H5-ISI_emi!H52)+(ISI_emi!H54-ISI_emi!H96) -> 9126.5748 | I52: =(ISI_emi!I5-ISI_emi!I52)+(ISI_emi!I54-ISI_emi!I96) -> 8819.8578 | ... Y52: =(ISI_emi!Y5-ISI_emi!Y52)+(ISI_emi!Y54-ISI_emi!Y96) -> 4897.5806
A53: process emissions | B53: =ISI_emi!B52+ISI_emi!B96 -> 3411.7997 | C53: =ISI_emi!C52+ISI_emi!C96 -> 3246.227 | D53: =ISI_emi!D52+ISI_emi!D96 -> 3067.9987 | E53: =ISI_emi!E52+ISI_emi!E96 -> 3244.9 | F53: =ISI_emi!F52+ISI_emi!F96 -> 3465.3543 | G53: =ISI_emi!G52+ISI_emi!G96 -> 3737.0553 | H53: =ISI_emi!H52+ISI_emi!H96 -> 3842.9548 | I53: =ISI_emi!I52+ISI_emi!I96 -> 3777.1008 | ... Y53: =ISI_emi!Y52+ISI_emi!Y96 -> 1395.9782
A54: by subsector (calibration output) | B54: =SUM(B55:B56) -> 13960.362 | C54: =SUM(C55:C56) -> 11865.892 | D54: =SUM(D55:D56) -> 11377.976 | E54: =SUM(E55:E56) -> 11806.117 | F54: =SUM(F55:F56) -> 11910.285 | G54: =SUM(G55:G56) -> 13227.954 | H54: =SUM(H55:H56) -> 12969.53 | I54: =SUM(I55:I56) -> 12596.959 | ... Y54: =SUM(Y55:Y56) -> 6293.5588
A55: Integrated steelworks | B55: =ISI_emi!B$5 -> 11344.039 | C55: =ISI_emi!C$5 -> 9577.3979 | D55: =ISI_emi!D$5 -> 9026.926 | E55: =ISI_emi!E$5 -> 9432.0954 | F55: =ISI_emi!F$5 -> 9620.1972 | G55: =ISI_emi!G$5 -> 10950.69 | H55: =ISI_emi!H$5 -> 10599.472 | I55: =ISI_emi!I$5 -> 10273.632 | ... Y55: =ISI_emi!Y$5 -> 3360.1291
A56: Electric arc | B56: =ISI_emi!B$54 -> 2616.3236 | C56: =ISI_emi!C$54 -> 2288.4941 | D56: =ISI_emi!D$54 -> 2351.0499 | E56: =ISI_emi!E$54 -> 2374.0215 | F56: =ISI_emi!F$54 -> 2290.0881 | G56: =ISI_emi!G$54 -> 2277.264 | H56: =ISI_emi!H$54 -> 2370.0574 | I56: =ISI_emi!I$54 -> 2323.3263 | ... Y56: =ISI_emi!Y$54 -> 2933.4296
A58: Value added intensity (VA in €2015/t of output) | B58: =IF(B$7=0,"",B$3/B$7*1000) -> 345.80559 | C58: =IF(C$7=0,"",C$3/C$7*1000) -> 313.73187 | D58: =IF(D$7=0,"",D$3/D$7*1000) -> 293.79217 | E58: =IF(E$7=0,"",E$3/E$7*1000) -> 306.96025 | F58: =IF(F$7=0,"",F$3/F$7*1000) -> 301.45616 | G58: =IF(G$7=0,"",G$3/G$7*1000) -> 308.34096 | H58: =IF(H$7=0,"",H$3/H$7*1000) -> 305.52333 | I58: =IF(I$7=0,"",I$3/I$7*1000) -> 345.89774 | ... Y58: =IF(Y$7=0,"",Y$3/Y$7*1000) -> 458.13427
A59: Energy intensity (toe/t of output) | B59: =IF(B$47=0,"",B$47/B$7) -> 0.18435915 | C59: =IF(C$47=0,"",C$47/C$7) -> 0.17348449 | D59: =IF(D$47=0,"",D$47/D$7) -> 0.17238561 | E59: =IF(E$47=0,"",E$47/E$7) -> 0.16889971 | F59: =IF(F$47=0,"",F$47/F$7) -> 0.16065839 | G59: =IF(G$47=0,"",G$47/G$7) -> 0.16391993 | H59: =IF(H$47=0,"",H$47/H$7) -> 0.15177152 | I59: =IF(I$47=0,"",I$47/I$7) -> 0.14897239 | ... Y59: =IF(Y$47=0,"",Y$47/Y$7) -> 0.16298482
A60: Integrated steelworks | B60: =IF(B$48=0,"",B$48/B$8) -> 0.27010935 | C60: =IF(C$48=0,"",C$48/C$8) -> 0.25805675 | D60: =IF(D$48=0,"",D$48/D$8) -> 0.26045512 | E60: =IF(E$48=0,"",E$48/E$8) -> 0.2529919 | F60: =IF(F$48=0,"",F$48/F$8) -> 0.23909899 | G60: =IF(G$48=0,"",G$48/G$8) -> 0.2391303 | H60: =IF(H$48=0,"",H$48/H$8) -> 0.22501868 | I60: =IF(I$48=0,"",I$48/I$8) -> 0.22204149 | ... Y60: =IF(Y$48=0,"",Y$48/Y$8) -> 0.30021052
A61: Electric arc | B61: =IF(B$49=0,"",B$49/B$9) -> 0.12743761 | C61: =IF(C$49=0,"",C$49/C$9) -> 0.12228593 | D61: =IF(D$49=0,"",D$49/D$9) -> 0.12331312 | E61: =IF(E$49=0,"",E$49/E$9) -> 0.12011303 | F61: =IF(F$49=0,"",F$49/F$9) -> 0.11413224 | G61: =IF(G$49=0,"",G$49/G$9) -> 0.11414576 | H61: =IF(H$49=0,"",H$49/H$9) -> 0.1080386 | I61: =IF(I$49=0,"",I$49/I$9) -> 0.10674517 | ... Y61: =IF(Y$49=0,"",Y$49/Y$9) -> 0.1402738
A62: Useful energy demand intensity (toe useful/t of output) | B62: =IF(SUM(ISI_ued!B$5,ISI_ued!B$54)=0,"",SUM(ISI_ued!B$5,ISI_ued!B$54)/B$7) -> 0.10157127 | C62: =IF(SUM(ISI_ued!C$5,ISI_ued!C$54)=0,"",SUM(ISI_ued!C$5,ISI_ued!C$54)/C$7) -> 0.096584626 | D62: =IF(SUM(ISI_ued!D$5,ISI_ued!D$54)=0,"",SUM(ISI_ued!D$5,ISI_ued!D$54)/D$7) -> 0.095889993 | E62: =IF(SUM(ISI_ued!E$5,ISI_ued!E$54)=0,"",SUM(ISI_ued!E$5,ISI_ued!E$54)/E$7) -> 0.093917905 | F62: =IF(SUM(ISI_ued!F$5,ISI_ued!F$54)=0,"",SUM(ISI_ued!F$5,ISI_ued!F$54)/F$7) -> 0.089850288 | G62: =IF(SUM(ISI_ued!G$5,ISI_ued!G$54)=0,"",SUM(ISI_ued!G$5,ISI_ued!G$54)/G$7) -> 0.091781067 | H62: =IF(SUM(ISI_ued!H$5,ISI_ued!H$54)=0,"",SUM(ISI_ued!H$5,ISI_ued!H$54)/H$7) -> 0.086089928 | I62: =IF(SUM(ISI_ued!I$5,ISI_ued!I$54)=0,"",SUM(ISI_ued!I$5,ISI_ued!I$54)/I$7) -> 0.084929211 | ... Y62: =IF(SUM(ISI_ued!Y$5,ISI_ued!Y$54)=0,"",SUM(ISI_ued!Y$5,ISI_ued!Y$54)/Y$7) -> 0.099647505
A63: Integrated steelworks | B63: =IF(ISI_ued!B$5=0,"",ISI_ued!B$5/B$8) -> 0.14342964 | C63: =IF(ISI_ued!C$5=0,"",ISI_ued!C$5/C$8) -> 0.13803104 | D63: =IF(ISI_ued!D$5=0,"",ISI_ued!D$5/D$8) -> 0.13901947 | E63: =IF(ISI_ued!E$5=0,"",ISI_ued!E$5/E$8) -> 0.13489795 | F63: =IF(ISI_ued!F$5=0,"",ISI_ued!F$5/F$8) -> 0.12837666 | G63: =IF(ISI_ued!G$5=0,"",ISI_ued!G$5/G$8) -> 0.12913779 | H63: =IF(ISI_ued!H$5=0,"",ISI_ued!H$5/H$8) -> 0.12255201 | I63: =IF(ISI_ued!I$5=0,"",ISI_ued!I$5/I$8) -> 0.12113675 | ... Y63: =IF(ISI_ued!Y$5=0,"",ISI_ued!Y$5/Y$8) -> 0.16281757
A64: Electric arc | B64: =IF(ISI_ued!B$54=0,"",ISI_ued!B$54/B$9) -> 0.073785415 | C64: =IF(ISI_ued!C$54=0,"",ISI_ued!C$54/C$9) -> 0.071493689 | D64: =IF(ISI_ued!D$54=0,"",ISI_ued!D$54/D$9) -> 0.071858172 | E64: =IF(ISI_ued!E$54=0,"",ISI_ued!E$54/E$9) -> 0.070143041 | F64: =IF(ISI_ued!F$54=0,"",ISI_ued!F$54/F$9) -> 0.066998814 | G64: =IF(ISI_ued!G$54=0,"",ISI_ued!G$54/G$9) -> 0.067058412 | H64: =IF(ISI_ued!H$54=0,"",ISI_ued!H$54/H$9) -> 0.064319891 | I64: =IF(ISI_ued!I$54=0,"",ISI_ued!I$54/I$9) -> 0.064004581 | ... Y64: =IF(ISI_ued!Y$54=0,"",ISI_ued!Y$54/Y$9) -> 0.089192785
A65: Emission intensity (kt of CO2 / ktoe) | B65: =IF(B$47=0,"",B$54/B$47) -> 2.8298415 | C65: =IF(C$47=0,"",C$54/C$47) -> 2.5766593 | D65: =IF(D$47=0,"",D$54/D$47) -> 2.5321511 | E65: =IF(E$47=0,"",E$54/E$47) -> 2.5833287 | F65: =IF(F$47=0,"",F$54/F$47) -> 2.5917856 | G65: =IF(G$47=0,"",G$54/G$47) -> 2.7495124 | H65: =IF(H$47=0,"",H$54/H$47) -> 2.702156 | I65: =IF(I$47=0,"",I$54/I$47) -> 2.6799424 | ... Y65: =IF(Y$47=0,"",Y$54/Y$47) -> 1.83389
A66: Integrated steelworks (including process emissions) | B66: =IF(B$48=0,"",B$55/B$48) -> 3.9338656 | C66: =IF(C$48=0,"",C$55/C$48) -> 3.7076457 | D66: =IF(D$48=0,"",D$55/D$48) -> 3.7159085 | E66: =IF(E$48=0,"",E$55/E$48) -> 3.75282 | F66: =IF(F$48=0,"",F$55/F$48) -> 3.7781914 | G66: =IF(G$48=0,"",G$55/G$48) -> 3.9179052 | H66: =IF(H$48=0,"",H$55/H$48) -> 3.9842406 | I66: =IF(I$48=0,"",I$55/I$48) -> 4.0038553 | ... Y66: =IF(Y$48=0,"",Y$55/Y$48) -> 3.7433966
A67: Electric arc (including process emissions) | B67: =IF(B$49=0,"",B$56/B$49) -> 1.2765176 | C67: =IF(C$49=0,"",C$56/C$49) -> 1.1317985 | D67: =IF(D$49=0,"",D$56/D$49) -> 1.1389982 | E67: =IF(E$49=0,"",E$56/E$49) -> 1.1542404 | F67: =IF(F$49=0,"",F$56/F$49) -> 1.1175776 | G67: =IF(G$49=0,"",G$56/G$49) -> 1.1296059 | H67: =IF(H$49=0,"",H$56/H$49) -> 1.1078413 | I67: =IF(I$49=0,"",I$56/I$49) -> 1.0884519 | ... Y67: =IF(Y$49=0,"",Y$56/Y$49) -> 1.1575398

Sheet ISI_fec
A1: =index!A$1&": Iron and steel / final energy consumption" -> IT: Iron and steel / final energy consumption | B1: 2000 | C1: 2001 | D1: 2002 | E1: 2003 | F1: 2004 | G1: 2005 | H1: 2006 | I1: 2007 | J1: 2008 | K1: 2009 | L1: 2010 | M1: 2011 | N1: 2012 | O1: 2013 | P1: 2014 | Q1: 2015 | R1: 2016 | S1: 2017 | T1: 2018 | U1: 2019 | V1: 2020 | W1: 2021 | X1: 2022 | Y1: 2023 | DA1: Code
A3: Detailed split of energy consumption by subsector (ktoe)
A5: Integrated steelworks | B5: 2883.6874 | C5: 2583.1481 | D5: 2429.2649 | E5: 2513.3354 | F5: 2546.244 | G5: 2795.037 | H5: 2660.3495 | I5: 2565.935 | J5: 2448.5122 | K5: 1528.4776 | L5: 1859.7202 | M5: 1997.1888 | N5: 2083.1227 | O5: 1606.9331 | P5: 1611.1507 | Q5: 1319.5949 | R5: 1488.8551 | S5: 1227.9084 | T5: 1170.0032 | U5: 1147.7013 | V5: 879.15361 | W5: 1078.5574 | X5: 1017.432 | Y5: 897.61506 | DA5: FEC.ktoe.IT.ISI.BF_BOF.TOTAL.TOTAL.TOTAL
A6: Lighting | B6: 6.7555654 | C6: 6.5388261 | D6: 5.9383946 | E6: 6.1370945 | F6: 6.170636 | G6: 6.6896839 | H6: 6.4553308 | I6: 6.2356999 | J6: 6.1885366 | K6: 3.55815 | L6: 4.8767472 | M6: 5.2757402 | N6: 5.0652329 | O6: 3.8956964 | P6: 3.8117757 | Q6: 2.8020547 | R6: 3.3250294 | S6: 2.7283985 | T6: 2.4468718 | U6: 2.4141453 | V6: 1.8938311 | W6: 2.4045387 | X6: 2.246922 | Y6: 1.9178973 | DA6: FEC.ktoe.IT.ISI.BF_BOF.LIGHT.GENERIC.ELEC
A7: Air compressors | B7: 3.6029682 | C7: 3.4873739 | D7: 3.1671438 | E7: 3.2731171 | F7: 3.2910059 | G7: 3.5678314 | H7: 3.4428431 | I7: 3.3257066 | J7: 3.3005529 | K7: 1.89768 | L7: 2.6009319 | M7: 2.8137281 | N7: 2.7014575 | O7: 2.0777048 | P7: 2.032947 | Q7: 1.4944292 | R7: 1.773349 | S7: 1.4551458 | T7: 1.3049983 | U7: 1.2875442 | V7: 1.0100433 | W7: 1.2824206 | X7: 1.1983584 | Y7: 1.0228785 | DA7: FEC.ktoe.IT.ISI.BF_BOF.AIRCOMP.GENERIC.ELEC
A8: Motor drives | B8: 90.074205 | C8: 87.184348 | D8: 79.178595 | E8: 81.827927 | F8: 82.275146 | G8: 89.195785 | H8: 86.071077 | I8: 83.142665 | J8: 82.513821 | K8: 47.442 | L8: 65.023297 | M8: 70.343203 | N8: 67.536438 | O8: 51.942619 | P8: 50.823676 | Q8: 37.36073 | R8: 44.333725 | S8: 36.378646 | T8: 32.624958 | U8: 32.188604 | V8: 25.251081 | W8: 32.060516 | X8: 29.95896 | Y8: 25.571964 | DA8: FEC.ktoe.IT.ISI.BF_BOF.MOTOR.GENERIC.ELEC
A9: Fans and pumps | B9: 2.2518551 | C9: 2.1796087 | D9: 1.9794649 | E9: 2.0456982 | F9: 2.0568787 | G9: 2.2298946 | H9: 2.1517769 | I9: 2.0785666 | J9: 2.0628455 | K9: 1.18605 | L9: 1.6255824 | M9: 1.7585801 | N9: 1.688411 | O9: 1.2985655 | P9: 1.2705919 | Q9: 0.93401825 | R9: 1.1083431 | S9: 0.90946615 | T9: 0.81562394 | U9: 0.80471511 | V9: 0.63127704 | W9: 0.8015129 | X9: 0.748974 | Y9: 0.63929909 | DA9: FEC.ktoe.IT.ISI.BF_BOF.FANS.GENERIC.ELEC
A10: Low-enthalpy heat | B10: 5.1067088 | C10: 4.8073982 | D10: 4.4637573 | E10: 4.6324529 | F10: 4.6336483 | G10: 5.0038293 | H10: 4.7688991 | I10: 4.5880085 | J10: 4.5268281 | K10: 2.6309566 | L10: 3.4980426 | M10: 3.6906494 | N10: 3.6660686 | O10: 2.87006 | P10: 2.8432332 | Q10: 2.1944869 | R10: 2.5355176 | S10: 2.1107708 | T10: 1.9200909 | U10: 1.8877118 | V10: 1.5170705 | W10: 2.0486001 | X10: 1.9268469 | Y10: 1.6898454 | DA10: FEC.ktoe.IT.ISI.BF_BOF.LOW_ENTH.TOTAL.TOTAL
A11: Diesel oil and liquid biofuels | B11: 0.02305327 | C11: 0.022081744 | D11: 0.020976787 | E11: 0.026803649 | F11: 0.024801586 | G11: 0.02588668 | H11: 0.023983058 | I11: 0.020726859 | J11: 0.018093114 | K11: 0.014966455 | L11: 0.049862812 | M11: 0.040200175 | N11: 0.028680934 | O11: 0.028865715 | P11: 0.032866416 | Q11: 0.024976779 | R11: 0.02419723 | S11: 0.019659146 | T11: 0.017281752 | U11: 0.016633839 | V11: 0.014139496 | W11: 0.036766624 | X11: 0.0272564 | Y11: 0.020466847 | DA11: FEC.ktoe.IT.ISI.BF_BOF.LOW_ENTH.THERM.DIESEL_LIQBIO
A12: Natural gas and biogas | B12: 3.1693654 | C12: 2.8579515 | D12: 2.7731447 | E12: 2.9198313 | F12: 2.8661965 | G12: 3.088387 | H12: 2.8180888 | I12: 2.6766225 | J12: 2.6238729 | K12: 1.4323189 | L12: 1.8434198 | M12: 1.733333 | N12: 1.8741931 | O12: 1.5189368 | P12: 1.5211945 | Q12: 1.2878627 | R12: 1.4148158 | S12: 1.2142695 | T12: 1.1317074 | U12: 1.1018294 | V12: 0.93204325 | W12: 1.2188914 | X12: 1.0658351 | Y12: 0.87911657 | DA12: FEC.ktoe.IT.ISI.BF_BOF.LOW_ENTH.THERM.NG_BIOGAS
A13: Solar and geothermal | B13: 0 | C13: 0 | D13: 0 | E13: 0 | F13: 0 | G13: 0 | H13: 0 | I13: 0 | J13: 0 | K13: 0 | L13: 0 | M13: 0 | N13: 0 | O13: 0 | P13: 0 | Q13: 0 | R13: 0 | S13: 0 | T13: 0 | U13: 0 | V13: 0 | W13: 0 | X13: 0 | Y13: 0 | DA13: FEC.ktoe.IT.ISI.BF_BOF.LOW_ENTH.THERM.SOLAR_GEO
A14: Ambient heat | B14: 0 | C14: 0 | D14: 0 | E14: 0 | F14: 0 | G14: 0 | H14: 0 | I14: 0 | J14: 0 | K14: 0 | L14: 0 | M14: 0 | N14: 0 | O14: 0 | P14: 0 | Q14: 0 | R14: 0 | S14: 0 | T14: 0 | U14: 0 | V14: 0 | W14: 0.15242514 | X14: 0.21904104 | Y14: 0.268483 | DA14: FEC.ktoe.IT.ISI.BF_BOF.LOW_ENTH.HP.AMBIENT
A15: Electricity | B15: 1.9142901 | C15: 1.9273649 | D15: 1.6696358 | E15: 1.6858179 | F15: 1.7426502 | G15: 1.8895557 | H15: 1.9268272 | I15: 1.8906592 | J15: 1.8848621 | K15: 1.1836712 | L15: 1.6047599 | M15: 1.9171162 | N15: 1.7631945 | O15: 1.3222575 | P15: 1.2891723 | Q15: 0.88164739 | R15: 1.0965046 | S15: 0.87684217 | T15: 0.77110181 | U15: 0.7692485 | V15: 0.5708878 | W15: 0.64051696 | X15: 0.61471435 | Y15: 0.52177895 | DA15: FEC.ktoe.IT.ISI.BF_BOF.LOW_ENTH.THERM.ELEC
A16: Steel: Sinter/Pellet-making | B16: 496.7254 | C16: 446.41555 | D16: 413.19233 | E16: 428.56879 | F16: 427.46703 | G16: 462.60065 | H16: 439.84857 | I16: 422.38927 | J16: 416.94397 | K16: 243.52733 | L16: 320.70389 | M16: 338.8696 | N16: 352.31319 | O16: 274.935 | P16: 281.50165 | Q16: 217.09041 | R16: 250.62772 | S16: 204.02928 | T16: 184.62711 | U16: 180.20713 | V16: 144.73034 | W16: 186.09249 | X16: 172.25863 | Y16: 146.26969 | DA16: FEC.ktoe.IT.ISI.BF_BOF.SINTERING.TOTAL.TOTAL
... A34: Steel: Furnaces, refining and rolling - Electric | B34: 204.87226 | C34: 205.14029 | D34: 178.01541 | E34: 179.59193 | F34: 184.63227 | G34: 201.34662 | H34: 204.97315 | I34: 202.56498 | J34: 201.80041 | K34: 122.76271 | L34: 173.27568 | M34: 206.52382 | N34: 190.72954 | O34: 142.30282 | P34: 138.55933 | Q34: 93.743313 | R34: 116.60751 | S34: 94.236609 | T34: 82.561333 | U34: 82.646248 | V34: 60.682247 | W34: 70.846972 | X34: 68.66994 | Y34: 59.770882 | DA34: FEC.ktoe.IT.ISI.BF_BOF.REFINING.ELEC.ELEC
A35: Steel: Product finishing | B35: =B36+B40+B51 -> 375.93601 | C35: =C36+C40+C51 -> 346.83729 | D35: =D36+D40+D51 -> 322.56618 | E35: =E36+E40+E51 -> 334.48293 | F35: =F36+F40+F51 -> 348.68546 | G35: =G36+G40+G51 -> 376.15948 | H35: =H36+H40+H51 -> 345.42866 | I35: =I36+I40+I51 -> 331.14582 | ... Y35: =Y36+Y40+Y51 -> 127.42379
A36: Steel: Product finishing - Thermal | B36: 167.89489 | C36: 151.48143 | D36: 146.87149 | E36: 154.89386 | F36: 152.4126 | G36: 164.11144 | H36: 149.78278 | I36: 142.30213 | J36: 139.02701 | K36: 76.773305 | L36: 100.29288 | M36: 93.763578 | N36: 100.39061 | O36: 81.462713 | P36: 81.472905 | Q36: 68.999265 | R36: 75.820651 | S36: 64.850732 | T36: 60.292537 | U36: 58.742848 | V36: 50.309514 | W36: 68.91699 | X36: 60.806555 | Y36: 51.452615 | DA36: FEC.ktoe.IT.ISI.BF_BOF.FINISHING.THERM.TOTAL
A37: LPG | B37: 3.5427331 | C37: 3.0871867 | D37: 2.9321099 | E37: 3.1461846 | F37: 3.8431097 | G37: 4.0125973 | H37: 3.5709529 | I37: 3.6142815 | J37: 2.8909036 | K37: 2.5021893 | L37: 3.0572077 | M37: 2.388211 | N37: 2.3336713 | O37: 1.6163881 | P37: 1.1070189 | Q37: 1.2984607 | R37: 1.6916712 | S37: 1.1927503 | T37: 0.96851714 | U37: 1.0220412 | V37: 2.0165781 | W37: 2.0119918 | X37: 0.78959348 | Y37: 0.80781339 | DA37: FEC.ktoe.IT.ISI.BF_BOF.FINISHING.THERM.LPG
A38: Diesel oil and liquid biofuels | B38: 1.1868288 | C38: 1.137766 | D38: 1.0806208 | E38: 1.3803513 | F38: 1.2745629 | G38: 1.3307846 | H38: 1.2338205 | I38: 1.0656994 | J38: 0.93230804 | K38: 0.76804156 | L38: 2.5608665 | M38: 2.0711796 | N38: 1.4779562 | O38: 1.4890926 | P38: 1.6996365 | Q38: 1.2880082 | R38: 1.2464904 | S38: 1.0142091 | T38: 0.89228257 | U38: 0.85842659 | V38: 0.72167643 | W38: 1.9590294 | X38: 1.4965319 | Y38: 1.1522438 | DA38: FEC.ktoe.IT.ISI.BF_BOF.FINISHING.THERM.DIESEL_LIQBIO
A39: Natural gas and biogas | B39: 163.16532 | C39: 147.25648 | D39: 142.85876 | E39: 150.36733 | F39: 147.29492 | G39: 158.76806 | H39: 144.978 | I39: 137.62215 | J39: 135.2038 | K39: 73.503074 | L39: 94.674806 | M39: 89.304187 | N39: 96.578981 | O39: 78.357233 | P39: 78.66625 | Q39: 66.412796 | R39: 72.882489 | S39: 62.643773 | T39: 58.431737 | U39: 56.86238 | V39: 47.57126 | W39: 64.945968 | X39: 58.52043 | Y39: 49.492558 | DA39: FEC.ktoe.IT.ISI.BF_BOF.FINISHING.THERM.NG_BIOGAS
A40: Steel: Product finishing - Steam | B40: 109.48961 | C40: 96.048025 | D40: 89.683267 | E40: 92.771751 | F40: 106.7174 | G40: 114.9096 | H40: 96.519287 | I40: 91.632893 | J40: 90.270779 | K40: 144.95874 | L40: 78.458417 | M40: 82.674239 | N40: 114.98757 | O40: 82.966718 | P40: 86.713065 | Q40: 85.537513 | R40: 105.03301 | S40: 80.679526 | T40: 57.778941 | U40: 73.297328 | V40: 56.235545 | W40: 52.249482 | X40: 50.616514 | Y40: 46.596033 | DA40: FEC.ktoe.IT.ISI.BF_BOF.FINISHING_STEAM.TOTAL.TOTAL
A41: Solids | B41: 0 | C41: 0 | D41: 0 | E41: 0 | F41: 0 | G41: 0 | H41: 0 | I41: 0 | J41: 0 | K41: 0 | L41: 0 | M41: 0 | N41: 0 | O41: 0 | P41: 0 | Q41: 0 | R41: 0 | S41: 0 | T41: 0 | U41: 0 | V41: 0 | W41: 0 | X41: 0 | Y41: 0 | DA41: FEC.ktoe.IT.ISI.BF_BOF.FINISHING_STEAM.STEAM.NONCOKE_SOLIDS
A42: Refinery gas | B42: 0 | C42: 0 | D42: 0 | E42: 0 | F42: 0 | G42: 0 | H42: 0 | I42: 0 | J42: 0 | K42: 0 | L42: 0 | M42: 0 | N42: 0 | O42: 0 | P42: 0 | Q42: 0 | R42: 0 | S42: 0 | T42: 0 | U42: 0 | V42: 0 | W42: 0 | X42: 0 | Y42: 0 | DA42: FEC.ktoe.IT.ISI.BF_BOF.FINISHING_STEAM.STEAM.RFG
A43: LPG | B43: 1.6657581 | C43: 1.7516261 | D43: 1.6414042 | E43: 1.7397932 | F43: 1.8453248 | G43: 1.926801 | H43: 2.0712905 | I43: 2.1838116 | J43: 1.7387614 | K43: 0.47343482 | L43: 1.7279261 | M43: 1.4541505 | N43: 0.83806923 | O43: 0.64239232 | P43: 0.38724508 | Q43: 0.34320895 | R43: 0.4180687 | S43: 0.34277606 | T43: 0.37271708 | U43: 0.29804958 | V43: 0.60483827 | W43: 0.8512664 | X43: 0.31525629 | Y43: 0.3066389 | DA43: FEC.ktoe.IT.ISI.BF_BOF.FINISHING_STEAM.STEAM.LPG
A44: Diesel oil and liquid biofuels | B44: 0.55803517 | C44: 0.64555234 | D44: 0.60493483 | E44: 0.76331372 | F44: 0.61199985 | G44: 0.63902678 | H44: 0.71566355 | I44: 0.64391409 | J44: 0.56074553 | K44: 0.14531979 | L44: 1.4473953 | M44: 1.2611142 | N44: 0.5307644 | O44: 0.59180197 | P44: 0.59454799 | Q44: 0.34044615 | R44: 0.3080496 | S44: 0.29146636 | T44: 0.34337952 | U44: 0.25033598 | V44: 0.21645457 | W44: 0.82885822 | X44: 0.59751139 | Y44: 0.43738165 | DA44: FEC.ktoe.IT.ISI.BF_BOF.FINISHING_STEAM.STEAM.DIESEL_LIQBIO
A45: Fuel oil | B45: 2.9956929 | C45: 4.3958833 | D45: 3.7680431 | E45: 3.941727 | F45: 3.8935315 | G45: 3.3965201 | H45: 4.3095614 | I45: 3.0019167 | J45: 3.4133308 | K45: 1.5155803 | L45: 1.0506303 | M45: 1.9076713 | N45: 0.84137479 | O45: 1.1749764 | P45: 1.274652 | Q45: 1.0658101 | R45: 1.088799 | S45: 0.70173011 | T45: 1.0806139 | U45: 0.66496618 | V45: 0.54185842 | W45: 1.1599475 | X45: 1.9676751 | Y45: 1.6047166 | DA45: FEC.ktoe.IT.ISI.BF_BOF.FINISHING_STEAM.STEAM.RFO
A46: Other liquids | B46: 1.8067619 | C46: 1.7723475 | D46: 1.6944523 | E46: 1.2926532 | F46: 1.2991414 | G46: 1.3519965 | H46: 1.7226199 | I46: 0.84786176 | J46: 0.42296849 | K46: 0.36801036 | L46: 0.40833036 | M46: 0.41467667 | N46: 0 | O46: 0 | P46: 0 | Q46: 0 | R46: 0 | S46: 0 | T46: 0 | U46: 0 | V46: 0 | W46: 0 | X46: 0 | Y46: 0 | DA46: FEC.ktoe.IT.ISI.BF_BOF.FINISHING_STEAM.STEAM.OTHER
A47: Natural gas and biogas | B47: 76.718722 | C47: 83.551246 | D47: 79.972774 | E47: 83.150891 | F47: 70.725791 | G47: 76.238514 | H47: 84.09284 | I47: 83.153694 | J47: 81.319608 | K47: 13.907387 | L47: 53.509964 | M47: 54.376153 | N47: 34.683493 | O47: 31.141089 | P47: 27.518155 | Q47: 17.554221 | R47: 18.011708 | S47: 18.00275 | T47: 22.486444 | U47: 16.582315 | V47: 14.26819 | W47: 27.478403 | X47: 23.365104 | Y47: 18.786942 | DA47: FEC.ktoe.IT.ISI.BF_BOF.FINISHING_STEAM.STEAM.NG_BIOGAS
... A78: Steel: Furnaces, refining and rolling - Electric | B78: 222.34947 | C78: 233.2096 | D78: 224.50887 | E78: 217.92258 | F78: 221.47388 | G78: 219.73817 | H78: 249.0247 | I78: 255.04058 | J78: 255.37604 | K78: 207.3032 | L78: 236.87968 | M78: 273.05506 | N78: 262.01749 | O78: 255.8314 | P78: 259.47784 | Q78: 250.80891 | R78: 262.21129 | S78: 279.19182 | T78: 283.5276 | U78: 286.99964 | V78: 245.2562 | W78: 278.22282 | X78: 259.11678 | Y78: 266.58324 | DA78: FEC.ktoe.IT.ISI.EAF.REFINING.ELEC.ELEC
A79: Steel: Product finishing | B79: =B80+B84+B95 -> 260.19443 | C79: =C80+C84+C95 -> 251.45043 | D79: =D80+D84+D95 -> 259.43339 | E79: =E80+E84+E95 -> 258.83352 | F79: =F80+F84+F95 -> 266.73492 | G79: =G80+G84+G95 -> 261.79678 | H79: =H80+H84+H95 -> 267.6301 | I79: =I80+I84+I95 -> 265.88591 | ... Y79: =Y80+Y84+Y95 -> 362.43058
A80: Steel: Product finishing - Thermal | B80: 116.20412 | C80: 109.82115 | D80: 118.12574 | E80: 119.86179 | F80: 116.5915 | G80: 114.21711 | H80: 116.04821 | I80: 114.25822 | J80: 112.19886 | K80: 82.676277 | L80: 87.436233 | M80: 79.05792 | N80: 87.950144 | O80: 93.396449 | P80: 97.299101 | Q80: 117.7276 | R80: 108.72853 | S80: 122.52623 | T80: 132.04238 | U80: 130.09013 | V80: 129.67003 | W80: 172.59527 | X80: 146.32226 | Y80: 146.34631 | DA80: FEC.ktoe.IT.ISI.EAF.FINISHING.THERM.TOTAL
A81: LPG | B81: 2.4520116 | C81: 2.2381516 | D81: 2.3582362 | E81: 2.4346176 | F81: 2.9398747 | G81: 2.7926588 | H81: 2.7666913 | I81: 2.9020042 | J81: 2.3330437 | K81: 2.6945784 | L81: 2.6653011 | M81: 2.0136497 | N81: 2.0444813 | O81: 1.853178 | P81: 1.3220585 | Q81: 2.2154534 | R81: 2.4258947 | S81: 2.2535318 | T81: 2.1210802 | U81: 2.2633814 | V81: 5.1976201 | W81: 5.0388195 | X81: 1.9000436 | Y81: 2.2976579 | DA81: FEC.ktoe.IT.ISI.EAF.FINISHING.THERM.LPG
A82: Diesel oil and liquid biofuels | B82: 0.82143303 | C82: 0.82485867 | D82: 0.86912123 | E82: 1.0681597 | F82: 0.97500608 | G82: 0.92618996 | H82: 0.95593548 | I82: 0.85567883 | J82: 0.75239984 | K82: 0.827095 | L82: 2.2325864 | M82: 1.7463407 | N82: 1.294807 | O82: 1.7072345 | P82: 2.0297926 | Q82: 2.1976192 | R82: 1.7874954 | S82: 1.9162036 | T82: 1.9541244 | U82: 1.9010455 | V82: 1.8600817 | W82: 4.9061809 | X82: 3.6011897 | Y82: 3.2773187 | DA82: FEC.ktoe.IT.ISI.EAF.FINISHING.THERM.DIESEL_LIQBIO
A83: Natural gas and biogas | B83: 112.93068 | C83: 106.75814 | D83: 114.89839 | E83: 116.35901 | F83: 112.67662 | G83: 110.49826 | H83: 112.32559 | I83: 110.50054 | J83: 109.11342 | K83: 79.154604 | L83: 82.538345 | M83: 75.297929 | N83: 84.610856 | O83: 89.836037 | P83: 93.94725 | Q83: 113.31452 | R83: 104.51514 | S83: 118.35649 | T83: 127.96717 | U83: 125.9257 | V83: 122.61233 | W83: 162.65027 | X83: 140.82103 | Y83: 140.77133 | DA83: FEC.ktoe.IT.ISI.EAF.FINISHING.THERM.NG_BIOGAS
A84: Steel: Product finishing - Steam | B84: 75.780414 | C84: 69.63299 | D84: 72.130421 | E84: 71.789727 | F84: 81.635921 | G84: 79.97396 | H84: 74.7809 | I84: 73.574523 | J84: 72.851156 | K84: 156.10438 | L84: 68.400752 | M84: 69.707807 | N84: 100.73824 | O84: 95.12078 | P84: 103.55717 | Q84: 145.94541 | R84: 150.61971 | S84: 152.43248 | T84: 126.53753 | U84: 162.32204 | V84: 144.94405 | W84: 130.85327 | X84: 121.80139 | Y84: 132.53276 | DA84: FEC.ktoe.IT.ISI.EAF.FINISHING_STEAM.TOTAL.TOTAL
A85: Solids | B85: 0 | C85: 0 | D85: 0 | E85: 0 | F85: 0 | G85: 0 | H85: 0 | I85: 0 | J85: 0 | K85: 0 | L85: 0 | M85: 0 | N85: 0 | O85: 0 | P85: 0 | Q85: 0 | R85: 0 | S85: 0 | T85: 0 | U85: 0 | V85: 0 | W85: 0 | X85: 0 | Y85: 0 | DA85: FEC.ktoe.IT.ISI.EAF.FINISHING_STEAM.STEAM.NONCOKE_SOLIDS
A86: Refinery gas | B86: 0 | C86: 0 | D86: 0 | E86: 0 | F86: 0 | G86: 0 | H86: 0 | I86: 0 | J86: 0 | K86: 0 | L86: 0 | M86: 0 | N86: 0 | O86: 0 | P86: 0 | Q86: 0 | R86: 0 | S86: 0 | T86: 0 | U86: 0 | V86: 0 | W86: 0 | X86: 0 | Y86: 0 | DA86: FEC.ktoe.IT.ISI.EAF.FINISHING_STEAM.STEAM.RFG
A87: LPG | B87: 1.1529116 | C87: 1.2698956 | D87: 1.3201478 | E87: 1.3463072 | F87: 1.4116234 | G87: 1.3410012 | H87: 1.6047878 | I87: 1.7534413 | J87: 1.4032313 | K87: 0.50983644 | L87: 1.5064215 | M87: 1.226085 | N87: 0.73421519 | O87: 0.73649845 | P87: 0.46246783 | Q87: 0.58558833 | R87: 0.59951998 | S87: 0.64762656 | T87: 0.81626105 | U87: 0.66005156 | V87: 1.5589377 | W87: 2.1319062 | X87: 0.75861909 | Y87: 0.87217083 | DA87: FEC.ktoe.IT.ISI.EAF.FINISHING_STEAM.STEAM.LPG
A88: Diesel oil and liquid biofuels | B88: 0.38622969 | C88: 0.46801316 | D88: 0.48653673 | E88: 0.5906764 | F88: 0.46816329 | G88: 0.44474529 | H88: 0.55447948 | I88: 0.517016 | J88: 0.45253803 | K88: 0.15649319 | L88: 1.2618522 | M88: 1.063324 | N88: 0.46499176 | O88: 0.67849695 | P88: 0.71003955 | Q88: 0.58087439 | R88: 0.4417501 | S88: 0.55068419 | T88: 0.75201097 | U88: 0.55438647 | V88: 0.55789985 | W88: 2.0757873 | X88: 1.4378256 | Y88: 1.2440415 | DA88: FEC.ktoe.IT.ISI.EAF.FINISHING_STEAM.STEAM.DIESEL_LIQBIO
A89: Fuel oil | B89: 2.0733918 | C89: 3.1869317 | D89: 3.0305602 | E89: 3.0502336 | F89: 2.978446 | G89: 2.3638858 | H89: 3.338948 | I89: 2.4103199 | J89: 2.7546577 | K89: 1.6321108 | L89: 0.91594895 | M89: 1.6084766 | N89: 0.73711113 | O89: 1.3471024 | P89: 1.5222544 | Q89: 1.8185015 | R89: 1.5613624 | S89: 1.3258191 | T89: 2.3665754 | U89: 1.4726139 | V89: 1.3966106 | W89: 2.9049651 | X89: 4.7349283 | Y89: 4.564284 | DA89: FEC.ktoe.IT.ISI.EAF.FINISHING_STEAM.STEAM.RFO
A90: Other liquids | B90: 1.2505038 | C90: 1.2849182 | D90: 1.3628134 | E90: 1.0002961 | F90: 0.99380791 | G90: 0.94095282 | H90: 1.3346458 | I90: 0.68077109 | J90: 0.34134793 | K90: 0.39630606 | L90: 0.35598607 | M90: 0.34963976 | N90: 0 | O90: 0 | P90: 0 | Q90: 0 | R90: 0 | S90: 0 | T90: 0 | U90: 0 | V90: 0 | W90: 0 | X90: 0 | Y90: 0 | DA90: FEC.ktoe.IT.ISI.EAF.FINISHING_STEAM.STEAM.OTHER
A91: Natural gas and biogas | B91: 53.098889 | C91: 60.573063 | D91: 64.320469 | E91: 64.344801 | F91: 54.103312 | G91: 53.059935 | H91: 65.153178 | I91: 66.766346 | J91: 65.6273 | K91: 14.976703 | L91: 46.650467 | M91: 45.847926 | N91: 30.385494 | O91: 35.703048 | P91: 32.863585 | Q91: 29.951279 | R91: 25.829197 | S91: 34.013634 | T91: 49.245955 | U91: 36.722691 | V91: 36.775482 | W91: 68.816738 | X91: 56.224774 | Y91: 53.435565 | DA91: FEC.ktoe.IT.ISI.EAF.FINISHING_STEAM.STEAM.NG_BIOGAS
... A95: Steel: Product finishing - Electric | B95: 68.209895 | C95: 71.99629 | D95: 69.177228 | E95: 67.182 | F95: 68.507496 | G95: 67.605717 | H95: 76.800984 | I95: 78.053167 | J95: 78.381748 | K95: 65.413522 | L95: 71.852449 | M95: 83.281678 | N95: 79.599799 | O95: 78.203629 | P95: 79.617821 | Q95: 77.573063 | R95: 81.000883 | S95: 85.466995 | T95: 87.191904 | U95: 87.915745 | V95: 75.101539 | W95: 85.471324 | X95: 81.217731 | Y95: 83.55151 | DA95: FEC.ktoe.IT.ISI.EAF.FINISHING.ELEC.ELEC
A98: Market shares of energy uses by subsector (%)
A100: Integrated steelworks | B100: =SUM(B$101:B$105,B$109:B$110,B$112:B$114,B$107,B$106) -> 1 | C100: =SUM(C$101:C$105,C$109:C$110,C$112:C$114,C$107,C$106) -> 1 | D100: =SUM(D$101:D$105,D$109:D$110,D$112:D$114,D$107,D$106) -> 1 | E100: =SUM(E$101:E$105,E$109:E$110,E$112:E$114,E$107,E$106) -> 1 | F100: =SUM(F$101:F$105,F$109:F$110,F$112:F$114,F$107,F$106) -> 1 | G100: =SUM(G$101:G$105,G$109:G$110,G$112:G$114,G$107,G$106) -> 1 | H100: =SUM(H$101:H$105,H$109:H$110,H$112:H$114,H$107,H$106) -> 1 | I100: =SUM(I$101:I$105,I$109:I$110,I$112:I$114,I$107,I$106) -> 1 | ... Y100: =SUM(Y$101:Y$105,Y$109:Y$110,Y$112:Y$114,Y$107,Y$106) -> 1
A101: Lighting | B101: =IF(B$6=0,0,B$6/B$5) -> 0.002342683 | C101: =IF(C$6=0,0,C$6/C$5) -> 0.00253134 | D101: =IF(D$6=0,0,D$6/D$5) -> 0.0024445233 | E101: =IF(E$6=0,0,E$6/E$5) -> 0.0024418128 | F101: =IF(F$6=0,0,F$6/F$5) -> 0.0024234268 | G101: =IF(G$6=0,0,G$6/G$5) -> 0.0023934152 | H101: =IF(H$6=0,0,H$6/H$5) -> 0.0024264973 | I101: =IF(I$6=0,0,I$6/I$5) -> 0.0024301863 | ... Y101: =IF(Y$6=0,0,Y$6/Y$5) -> 0.002136659
A102: Air compressors | B102: =IF(B$7=0,0,B$7/B$5) -> 0.0012494309 | C102: =IF(C$7=0,0,C$7/C$5) -> 0.001350048 | D102: =IF(D$7=0,0,D$7/D$5) -> 0.0013037458 | E102: =IF(E$7=0,0,E$7/E$5) -> 0.0013023002 | F102: =IF(F$7=0,0,F$7/F$5) -> 0.0012924943 | G102: =IF(G$7=0,0,G$7/G$5) -> 0.0012764881 | H102: =IF(H$7=0,0,H$7/H$5) -> 0.0012941319 | I102: =IF(I$7=0,0,I$7/I$5) -> 0.0012960993 | ... Y102: =IF(Y$7=0,0,Y$7/Y$5) -> 0.0011395515
A103: Motor drives | B103: =IF(B$8=0,0,B$8/B$5) -> 0.031235773 | C103: =IF(C$8=0,0,C$8/C$5) -> 0.0337512 | D103: =IF(D$8=0,0,D$8/D$5) -> 0.032593644 | E103: =IF(E$8=0,0,E$8/E$5) -> 0.032557504 | F103: =IF(F$8=0,0,F$8/F$5) -> 0.032312357 | G103: =IF(G$8=0,0,G$8/G$5) -> 0.031912202 | H103: =IF(H$8=0,0,H$8/H$5) -> 0.032353297 | I103: =IF(I$8=0,0,I$8/I$5) -> 0.032402483 | ... Y103: =IF(Y$8=0,0,Y$8/Y$5) -> 0.028488786
A104: Fans and pumps | B104: =IF(B$9=0,0,B$9/B$5) -> 0.00078089432 | C104: =IF(C$9=0,0,C$9/C$5) -> 0.00084378001 | D104: =IF(D$9=0,0,D$9/D$5) -> 0.0008148411 | E104: =IF(E$9=0,0,E$9/E$5) -> 0.0008139376 | F104: =IF(F$9=0,0,F$9/F$5) -> 0.00080780893 | G104: =IF(G$9=0,0,G$9/G$5) -> 0.00079780506 | H104: =IF(H$9=0,0,H$9/H$5) -> 0.00080883243 | I104: =IF(I$9=0,0,I$9/I$5) -> 0.00081006209 | ... Y104: =IF(Y$9=0,0,Y$9/Y$5) -> 0.00071221966
A105: Low-enthalpy heat | B105: =IF(B$10=0,0,B$10/B$5) -> 0.0017708954 | C105: =IF(C$10=0,0,C$10/C$5) -> 0.0018610618 | D105: =IF(D$10=0,0,D$10/D$5) -> 0.001837493 | E105: =IF(E$10=0,0,E$10/E$5) -> 0.0018431495 | F105: =IF(F$10=0,0,F$10/F$5) -> 0.0018197974 | G105: =IF(G$10=0,0,G$10/G$5) -> 0.0017902552 | H105: =IF(H$10=0,0,H$10/H$5) -> 0.0017925837 | I105: =IF(I$10=0,0,I$10/I$5) -> 0.0017880455 | ... Y105: =IF(Y$10=0,0,Y$10/Y$5) -> 0.0018825947
A106: Steel: Sinter/Pellet-making | B106: =IF(B$16=0,0,B$16/B$5) -> 0.17225355 | C106: =IF(C$16=0,0,C$16/C$5) -> 0.17281841 | D106: =IF(D$16=0,0,D$16/D$5) -> 0.17008945 | E106: =IF(E$16=0,0,E$16/E$5) -> 0.17051795 | F106: =IF(F$16=0,0,F$16/F$5) -> 0.16788141 | G106: =IF(G$16=0,0,G$16/G$5) -> 0.16550788 | H106: =IF(H$16=0,0,H$16/H$5) -> 0.16533488 | I106: =IF(I$16=0,0,I$16/I$5) -> 0.16461417 | ... Y106: =IF(Y$16=0,0,Y$16/Y$5) -> 0.16295369
A107: Steel: Blast /Basic oxygen furnace | B107: =IF(B$22=0,0,B$22/B$5) -> 0.46332763 | C107: =IF(C$22=0,0,C$22/C$5) -> 0.44582726 | D107: =IF(D$22=0,0,D$22/D$5) -> 0.45398788 | E107: =IF(E$22=0,0,E$22/E$5) -> 0.45263111 | F107: =IF(F$22=0,0,F$22/F$5) -> 0.45403844 | G107: =IF(G$22=0,0,G$22/G$5) -> 0.46275411 | H107: =IF(H$22=0,0,H$22/H$5) -> 0.46690345 | I107: =IF(I$22=0,0,I$22/I$5) -> 0.46906353 | ... Y107: =IF(Y$22=0,0,Y$22/Y$5) -> 0.46792228
A108: Steel: Furnaces, refining and rolling | B108: =IF(B$28=0,0,B$28/B$5) -> 0.19667272 | C108: =IF(C$28=0,0,C$28/C$5) -> 0.20674768 | D108: =IF(D$28=0,0,D$28/D$5) -> 0.20414497 | E108: =IF(E$28=0,0,E$28/E$5) -> 0.20480895 | F108: =IF(F$28=0,0,F$28/F$5) -> 0.20248317 | G108: =IF(G$28=0,0,G$28/G$5) -> 0.19898662 | H108: =IF(H$28=0,0,H$28/H$5) -> 0.19924299 | I108: =IF(I$28=0,0,I$28/I$5) -> 0.19854078 | ... Y108: =IF(Y$28=0,0,Y$28/Y$5) -> 0.19280604
A109: Steel: Furnaces, refining and rolling - Thermal | B109: =IF(B$29=0,0,B$29/B$5) -> 0.12562748 | C109: =IF(C$29=0,0,C$29/C$5) -> 0.12733284 | D109: =IF(D$29=0,0,D$29/D$5) -> 0.13086543 | E109: =IF(E$29=0,0,E$29/E$5) -> 0.13335333 | F109: =IF(F$29=0,0,F$29/F$5) -> 0.12997155 | G109: =IF(G$29=0,0,G$29/G$5) -> 0.12694943 | H109: =IF(H$29=0,0,H$29/H$5) -> 0.12219553 | I109: =IF(I$29=0,0,I$29/I$5) -> 0.11959685 | ... Y109: =IF(Y$29=0,0,Y$29/Y$5) -> 0.12621749
A110: Steel: Furnaces, refining and rolling - Electric | B110: =IF(B$34=0,0,B$34/B$5) -> 0.071045239 | C110: =IF(C$34=0,0,C$34/C$5) -> 0.079414838 | D110: =IF(D$34=0,0,D$34/D$5) -> 0.07327954 | E110: =IF(E$34=0,0,E$34/E$5) -> 0.071455618 | F110: =IF(F$34=0,0,F$34/F$5) -> 0.072511616 | G110: =IF(G$34=0,0,G$34/G$5) -> 0.072037194 | H110: =IF(H$34=0,0,H$34/H$5) -> 0.077047453 | I110: =IF(I$34=0,0,I$34/I$5) -> 0.078943927 | ... Y110: =IF(Y$34=0,0,Y$34/Y$5) -> 0.066588546
A111: Steel: Product finishing | B111: =IF(B$35=0,0,B$35/B$5) -> 0.13036642 | C111: =IF(C$35=0,0,C$35/C$5) -> 0.13426922 | D111: =IF(D$35=0,0,D$35/D$5) -> 0.13278345 | E111: =IF(E$35=0,0,E$35/E$5) -> 0.13308329 | F111: =IF(F$35=0,0,F$35/F$5) -> 0.1369411 | G111: =IF(G$35=0,0,G$35/G$5) -> 0.13458122 | H111: =IF(H$35=0,0,H$35/H$5) -> 0.12984334 | I111: =IF(I$35=0,0,I$35/I$5) -> 0.12905464 | ... Y111: =IF(Y$35=0,0,Y$35/Y$5) -> 0.14195817
A112: Steel: Product finishing - Thermal | B112: =IF(B$36=0,0,B$36/B$5) -> 0.05822229 | C112: =IF(C$36=0,0,C$36/C$5) -> 0.058642179 | D112: =IF(D$36=0,0,D$36/D$5) -> 0.060459234 | E112: =IF(E$36=0,0,E$36/E$5) -> 0.061628807 | F112: =IF(F$36=0,0,F$36/F$5) -> 0.059857812 | G112: =IF(G$36=0,0,G$36/G$5) -> 0.058715303 | H112: =IF(H$36=0,0,H$36/H$5) -> 0.056301918 | I112: =IF(I$36=0,0,I$36/I$5) -> 0.0554582 | ... Y112: =IF(Y$36=0,0,Y$36/Y$5) -> 0.057321471
A113: Steel: Product finishing - Steam | B113: =IF(B$40=0,0,B$40/B$5) -> 0.037968611 | C113: =IF(C$40=0,0,C$40/C$5) -> 0.037182547 | D113: =IF(D$40=0,0,D$40/D$5) -> 0.036917863 | E113: =IF(E$40=0,0,E$40/E$5) -> 0.036911807 | F113: =IF(F$40=0,0,F$40/F$5) -> 0.041911696 | G113: =IF(G$40=0,0,G$40/G$5) -> 0.041112014 | H113: =IF(H$40=0,0,H$40/H$5) -> 0.03628068 | I113: =IF(I$40=0,0,I$40/I$5) -> 0.035711308 | ... Y113: =IF(Y$40=0,0,Y$40/Y$5) -> 0.051910931
A114: Steel: Product finishing - Electric | B114: =IF(B$51=0,0,B$51/B$5) -> 0.034175519 | C114: =IF(C$51=0,0,C$51/C$5) -> 0.038444499 | D114: =IF(D$51=0,0,D$51/D$5) -> 0.035406356 | E114: =IF(E$51=0,0,E$51/E$5) -> 0.034542672 | F114: =IF(F$51=0,0,F$51/F$5) -> 0.035171592 | G114: =IF(G$51=0,0,G$51/G$5) -> 0.034753902 | H114: =IF(H$51=0,0,H$51/H$5) -> 0.037260743 | I114: =IF(I$51=0,0,I$51/I$5) -> 0.037885134 | ... Y114: =IF(Y$51=0,0,Y$51/Y$5) -> 0.032725769
A117: Electric arc | B117: =SUM(B$118:B$122,B$126:B$127,B$129:B$131,B$124,B$123) -> 1 | C117: =SUM(C$118:C$122,C$126:C$127,C$129:C$131,C$124,C$123) -> 1 | D117: =SUM(D$118:D$122,D$126:D$127,D$129:D$131,D$124,D$123) -> 1 | E117: =SUM(E$118:E$122,E$126:E$127,E$129:E$131,E$124,E$123) -> 1 | F117: =SUM(F$118:F$122,F$126:F$127,F$129:F$131,F$124,F$123) -> 1 | G117: =SUM(G$118:G$122,G$126:G$127,G$129:G$131,G$124,G$123) -> 1 | H117: =SUM(H$118:H$122,H$126:H$127,H$129:H$131,H$124,H$123) -> 1 | I117: =SUM(I$118:I$122,I$126:I$127,I$129:I$131,I$124,I$123) -> 1 | ... Y117: =SUM(Y$118:Y$122,Y$126:Y$127,Y$129:Y$131,Y$124,Y$123) -> 1
A118: Lighting | B118: =IF(B$55=0,0,B$55/B$54) -> 0.0027741578 | C118: =IF(C$55=0,0,C$55/C$54) -> 0.0028509905 | D118: =IF(D$55=0,0,D$55/D$54) -> 0.0028137621 | E118: =IF(E$55=0,0,E$55/E$54) -> 0.0028078315 | F118: =IF(F$55=0,0,F$55/F$54) -> 0.0028012479 | G118: =IF(G$55=0,0,G$55/G$54) -> 0.0028084165 | H118: =IF(H$55=0,0,H$55/H$54) -> 0.0028429148 | I118: =IF(I$55=0,0,I$55/I$54) -> 0.0028523995 | ... Y118: =IF(Y$55=0,0,Y$55/Y$54) -> 0.0026176404
A119: Air compressors | B119: =IF(B$56=0,0,B$56/B$54) -> 0.0020498087 | C119: =IF(C$56=0,0,C$56/C$54) -> 0.0021065799 | D119: =IF(D$56=0,0,D$56/D$54) -> 0.002079072 | E119: =IF(E$56=0,0,E$56/E$54) -> 0.0020746899 | F119: =IF(F$56=0,0,F$56/F$54) -> 0.0020698253 | G119: =IF(G$56=0,0,G$56/G$54) -> 0.0020751222 | H119: =IF(H$56=0,0,H$56/H$54) -> 0.0021006128 | I119: =IF(I$56=0,0,I$56/I$54) -> 0.002107621 | ... Y119: =IF(Y$56=0,0,Y$56/Y$54) -> 0.0019341589
A120: Motor drives | B120: =IF(B$57=0,0,B$57/B$54) -> 0.051245217 | C120: =IF(C$57=0,0,C$57/C$54) -> 0.052664497 | D120: =IF(D$57=0,0,D$57/D$54) -> 0.0519768 | E120: =IF(E$57=0,0,E$57/E$54) -> 0.051867249 | F120: =IF(F$57=0,0,F$57/F$54) -> 0.051745634 | G120: =IF(G$57=0,0,G$57/G$54) -> 0.051878055 | H120: =IF(H$57=0,0,H$57/H$54) -> 0.05251532 | I120: =IF(I$57=0,0,I$57/I$54) -> 0.052690524 | ... Y120: =IF(Y$57=0,0,Y$57/Y$54) -> 0.048353973
A121: Fans and pumps | B121: =IF(B$58=0,0,B$58/B$54) -> 0.0012811304 | C121: =IF(C$58=0,0,C$58/C$54) -> 0.0013166124 | D121: =IF(D$58=0,0,D$58/D$54) -> 0.00129942 | E121: =IF(E$58=0,0,E$58/E$54) -> 0.0012966812 | F121: =IF(F$58=0,0,F$58/F$54) -> 0.0012936408 | G121: =IF(G$58=0,0,G$58/G$54) -> 0.0012969514 | H121: =IF(H$58=0,0,H$58/H$54) -> 0.001312883 | I121: =IF(I$58=0,0,I$58/I$54) -> 0.0013172631 | ... Y121: =IF(Y$58=0,0,Y$58/Y$54) -> 0.0012088493
A122: Low-enthalpy heat | B122: =IF(B$59=0,0,B$59/B$54) -> 0.0020970585 | C122: =IF(C$59=0,0,C$59/C$54) -> 0.0020960714 | D122: =IF(D$59=0,0,D$59/D$54) -> 0.0021150415 | E122: =IF(E$59=0,0,E$59/E$54) -> 0.0021194308 | F122: =IF(F$59=0,0,F$59/F$54) -> 0.0021035105 | G122: =IF(G$59=0,0,G$59/G$54) -> 0.0021006728 | H122: =IF(H$59=0,0,H$59/H$54) -> 0.0021002136 | I122: =IF(I$59=0,0,I$59/I$54) -> 0.0020986951 | ... Y122: =IF(Y$59=0,0,Y$59/Y$54) -> 0.002306384
A123: Steel: Smelters | B123: =IF(B$65=0,0,B$65/B$54) -> 0.13268382 | C123: =IF(C$65=0,0,C$65/C$54) -> 0.12320057 | D123: =IF(D$65=0,0,D$65/D$54) -> 0.12498955 | E123: =IF(E$65=0,0,E$65/E$54) -> 0.12508204 | F123: =IF(F$65=0,0,F$65/F$54) -> 0.12369295 | G123: =IF(G$65=0,0,G$65/G$54) -> 0.12359579 | H123: =IF(H$65=0,0,H$65/H$54) -> 0.12298137 | I123: =IF(I$65=0,0,I$65/I$54) -> 0.122537 | ... Y123: =IF(Y$65=0,0,Y$65/Y$54) -> 0.13684609
A124: Steel: Electric arc | B124: =IF(B$71=0,0,B$71/B$54) -> 0.38060118 | C124: =IF(C$71=0,0,C$71/C$54) -> 0.39114226 | D124: =IF(D$71=0,0,D$71/D$54) -> 0.38603469 | E124: =IF(E$71=0,0,E$71/E$54) -> 0.38522105 | F124: =IF(F$71=0,0,F$71/F$54) -> 0.38431781 | G124: =IF(G$71=0,0,G$71/G$54) -> 0.38530131 | H124: =IF(H$71=0,0,H$71/H$54) -> 0.39003431 | I124: =IF(I$71=0,0,I$71/I$54) -> 0.39133556 | ... Y124: =IF(Y$71=0,0,Y$71/Y$54) -> 0.35912775
A125: Steel: Furnaces, refining and rolling | B125: =IF(B$72=0,0,B$72/B$54) -> 0.30031745 | C125: =IF(C$72=0,0,C$72/C$54) -> 0.300265 | D125: =IF(D$72=0,0,D$72/D$54) -> 0.30300561 | E125: =IF(E$72=0,0,E$72/E$54) -> 0.30368714 | F125: =IF(F$72=0,0,F$72/F$54) -> 0.30180704 | G125: =IF(G$72=0,0,G$72/G$54) -> 0.30108294 | H125: =IF(H$72=0,0,H$72/H$54) -> 0.30101343 | I125: =IF(I$72=0,0,I$72/I$54) -> 0.30049642 | ... Y125: =IF(Y$72=0,0,Y$72/Y$54) -> 0.304589
A126: Steel: Furnaces, refining and rolling - Thermal | B126: =IF(B$73=0,0,B$73/B$54) -> 0.19183202 | C126: =IF(C$73=0,0,C$73/C$54) -> 0.18492878 | D126: =IF(D$73=0,0,D$73/D$54) -> 0.19423922 | E126: =IF(E$73=0,0,E$73/E$54) -> 0.19773399 | F126: =IF(F$73=0,0,F$73/F$54) -> 0.19372637 | G126: =IF(G$73=0,0,G$73/G$54) -> 0.19208481 | H126: =IF(H$73=0,0,H$73/H$54) -> 0.18461125 | I126: =IF(I$73=0,0,I$73/I$54) -> 0.18101282 | ... Y126: =IF(Y$73=0,0,Y$73/Y$54) -> 0.19939448
A127: Steel: Furnaces, refining and rolling - Electric | B127: =IF(B$78=0,0,B$78/B$54) -> 0.10848543 | C127: =IF(C$78=0,0,C$78/C$54) -> 0.11533623 | D127: =IF(D$78=0,0,D$78/D$54) -> 0.10876639 | E127: =IF(E$78=0,0,E$78/E$54) -> 0.10595315 | F127: =IF(F$78=0,0,F$78/F$54) -> 0.10808067 | G127: =IF(G$78=0,0,G$78/G$54) -> 0.10899813 | H127: =IF(H$78=0,0,H$78/H$54) -> 0.11640218 | I127: =IF(I$78=0,0,I$78/I$54) -> 0.1194836 | ... Y127: =IF(Y$78=0,0,Y$78/Y$54) -> 0.10519452
A128: Steel: Product finishing | B128: =IF(B$79=0,0,B$79/B$54) -> 0.12695018 | C128: =IF(C$79=0,0,C$79/C$54) -> 0.12435742 | D128: =IF(D$79=0,0,D$79/D$54) -> 0.12568605 | E128: =IF(E$79=0,0,E$79/E$54) -> 0.12584389 | F128: =IF(F$79=0,0,F$79/F$54) -> 0.13016835 | G128: =IF(G$79=0,0,G$79/G$54) -> 0.12986074 | H128: =IF(H$79=0,0,H$79/H$54) -> 0.12509895 | I128: =IF(I$79=0,0,I$79/I$54) -> 0.12456452 | ... Y128: =IF(Y$79=0,0,Y$79/Y$54) -> 0.14301616
A129: Steel: Product finishing - Thermal | B129: =IF(B$80=0,0,B$80/B$54) -> 0.056696581 | C129: =IF(C$80=0,0,C$80/C$54) -> 0.054313191 | D129: =IF(D$80=0,0,D$80/D$54) -> 0.05722763 | E129: =IF(E$80=0,0,E$80/E$54) -> 0.058276355 | F129: =IF(F$80=0,0,F$80/F$54) -> 0.056897399 | G129: =IF(G$80=0,0,G$80/G$54) -> 0.056655845 | H129: =IF(H$80=0,0,H$80/H$54) -> 0.054244681 | I129: =IF(I$80=0,0,I$80/I$54) -> 0.053528675 | ... Y129: =IF(Y$80=0,0,Y$80/Y$54) -> 0.057748677
A130: Steel: Product finishing - Steam | B130: =IF(B$84=0,0,B$84/B$54) -> 0.036973648 | C130: =IF(C$84=0,0,C$84/C$54) -> 0.034437717 | D130: =IF(D$84=0,0,D$84/D$54) -> 0.034944568 | E130: =IF(E$84=0,0,E$84/E$54) -> 0.034903897 | F130: =IF(F$84=0,0,F$84/F$54) -> 0.039838851 | G130: =IF(G$84=0,0,G$84/G$54) -> 0.039669997 | H130: =IF(H$84=0,0,H$84/H$54) -> 0.034955006 | I130: =IF(I$84=0,0,I$84/I$54) -> 0.034468825 | ... Y130: =IF(Y$84=0,0,Y$84/Y$54) -> 0.052297813
A131: Steel: Product finishing - Electric | B131: =IF(B$95=0,0,B$95/B$54) -> 0.033279953 | C131: =IF(C$95=0,0,C$95/C$54) -> 0.035606512 | D131: =IF(D$95=0,0,D$95/D$54) -> 0.033513853 | E131: =IF(E$95=0,0,E$95/E$54) -> 0.032663637 | F131: =IF(F$95=0,0,F$95/F$54) -> 0.033432096 | G131: =IF(G$95=0,0,G$95/G$54) -> 0.033534898 | H131: =IF(H$95=0,0,H$95/H$54) -> 0.035899259 | I131: =IF(I$95=0,0,I$95/I$54) -> 0.036567019 | ... Y131: =IF(Y$95=0,0,Y$95/Y$54) -> 0.032969668
A134: Energy intensity (kgoe per t of output)
A136: Integrated steelworks | B136: =SUM(B$137:B$145) -> 270.10935 | C136: =SUM(C$137:C$145) -> 258.05675 | D136: =SUM(D$137:D$145) -> 260.45512 | E136: =SUM(E$137:E$145) -> 252.9919 | F136: =SUM(F$137:F$145) -> 239.09899 | G136: =SUM(G$137:G$145) -> 239.1303 | H136: =SUM(H$137:H$145) -> 225.01868 | I136: =SUM(I$137:I$145) -> 222.04149 | ... Y136: =SUM(Y$137:Y$145) -> 300.21052
A137: Lighting | B137: =IF(B$6=0,0,B$6/ISI!B$8*1000) -> 0.63278057 | C137: =IF(C$6=0,0,C$6/ISI!C$8*1000) -> 0.65322938 | D137: =IF(D$6=0,0,D$6/ISI!D$8*1000) -> 0.63668861 | E137: =IF(E$6=0,0,E$6/ISI!E$8*1000) -> 0.61775886 | F137: =IF(F$6=0,0,F$6/ISI!F$8*1000) -> 0.57943889 | G137: =IF(G$6=0,0,G$6/ISI!G$8*1000) -> 0.57233809 | H137: =IF(H$6=0,0,H$6/ISI!H$8*1000) -> 0.54600721 | I137: =IF(I$6=0,0,I$6/ISI!I$8*1000) -> 0.53960217 | ... Y137: =IF(Y$6=0,0,Y$6/ISI!Y$8*1000) -> 0.64144752
A138: Air compressors | B138: =IF(B$7=0,0,B$7/ISI!B$8*1000) -> 0.33748297 | C138: =IF(C$7=0,0,C$7/ISI!C$8*1000) -> 0.348389 | D138: =IF(D$7=0,0,D$7/ISI!D$8*1000) -> 0.33956726 | E138: =IF(E$7=0,0,E$7/ISI!E$8*1000) -> 0.32947139 | F138: =IF(F$7=0,0,F$7/ISI!F$8*1000) -> 0.30903408 | G138: =IF(G$7=0,0,G$7/ISI!G$8*1000) -> 0.30524698 | H138: =IF(H$7=0,0,H$7/ISI!H$8*1000) -> 0.29120385 | I138: =IF(I$7=0,0,I$7/ISI!I$8*1000) -> 0.28778782 | ... Y138: =IF(Y$7=0,0,Y$7/ISI!Y$8*1000) -> 0.34210534
A139: Motor drives | B139: =IF(B$8=0,0,B$8/ISI!B$8*1000) -> 8.4370743 | C139: =IF(C$8=0,0,C$8/ISI!C$8*1000) -> 8.7097251 | D139: =IF(D$8=0,0,D$8/ISI!D$8*1000) -> 8.4891814 | E139: =IF(E$8=0,0,E$8/ISI!E$8*1000) -> 8.2367848 | F139: =IF(F$8=0,0,F$8/ISI!F$8*1000) -> 7.7258519 | G139: =IF(G$8=0,0,G$8/ISI!G$8*1000) -> 7.6311745 | H139: =IF(H$8=0,0,H$8/ISI!H$8*1000) -> 7.2800962 | I139: =IF(I$8=0,0,I$8/ISI!I$8*1000) -> 7.1946956 | ... Y139: =IF(Y$8=0,0,Y$8/ISI!Y$8*1000) -> 8.5526335
A140: Fans and pumps | B140: =IF(B$9=0,0,B$9/ISI!B$8*1000) -> 0.21092686 | C140: =IF(C$9=0,0,C$9/ISI!C$8*1000) -> 0.21774313 | D140: =IF(D$9=0,0,D$9/ISI!D$8*1000) -> 0.21222954 | E140: =IF(E$9=0,0,E$9/ISI!E$8*1000) -> 0.20591962 | F140: =IF(F$9=0,0,F$9/ISI!F$8*1000) -> 0.1931463 | G140: =IF(G$9=0,0,G$9/ISI!G$8*1000) -> 0.19077936 | H140: =IF(H$9=0,0,H$9/ISI!H$8*1000) -> 0.1820024 | I140: =IF(I$9=0,0,I$9/ISI!I$8*1000) -> 0.17986739 | ... Y140: =IF(Y$9=0,0,Y$9/ISI!Y$8*1000) -> 0.21381584
A141: Low-enthalpy heat | B141: =IF(B$10=0,0,B$10/ISI!B$8*1000) -> 0.4783354 | C141: =IF(C$10=0,0,C$10/ISI!C$8*1000) -> 0.48025956 | D141: =IF(D$10=0,0,D$10/ISI!D$8*1000) -> 0.47858447 | E141: =IF(E$10=0,0,E$10/ISI!E$8*1000) -> 0.4663019 | F141: =IF(F$10=0,0,F$10/ISI!F$8*1000) -> 0.43511172 | G141: =IF(G$10=0,0,G$10/ISI!G$8*1000) -> 0.42810425 | H141: =IF(H$10=0,0,H$10/ISI!H$8*1000) -> 0.40336481 | I141: =IF(I$10=0,0,I$10/ISI!I$8*1000) -> 0.39702029 | ... Y141: =IF(Y$10=0,0,Y$10/ISI!Y$8*1000) -> 0.56517475
A142: Steel: Sinter/Pellet-making | B142: =IF(B$16=0,0,B$16/ISI!B$8*1000) -> 46.527294 | C142: =IF(C$16=0,0,C$16/ISI!C$8*1000) -> 44.596958 | D142: =IF(D$16=0,0,D$16/ISI!D$8*1000) -> 44.300668 | E142: =IF(E$16=0,0,E$16/ISI!E$8*1000) -> 43.13966 | F142: =IF(F$16=0,0,F$16/ISI!F$8*1000) -> 40.140274 | G142: =IF(G$16=0,0,G$16/ISI!G$8*1000) -> 39.57795 | H142: =IF(H$16=0,0,H$16/ISI!H$8*1000) -> 37.203437 | I142: =IF(I$16=0,0,I$16/ISI!I$8*1000) -> 36.551176 | ... Y142: =IF(Y$16=0,0,Y$16/ISI!Y$8*1000) -> 48.920413
A143: Steel: Blast /Basic oxygen furnace | B143: =IF(B$22=0,0,B$22/ISI!B$8*1000) -> 125.14913 | C143: =IF(C$22=0,0,C$22/ISI!C$8*1000) -> 115.04873 | D143: =IF(D$22=0,0,D$22/ISI!D$8*1000) -> 118.24347 | E143: =IF(E$22=0,0,E$22/ISI!E$8*1000) -> 114.51201 | F143: =IF(F$22=0,0,F$22/ISI!F$8*1000) -> 108.56013 | G143: =IF(G$22=0,0,G$22/ISI!G$8*1000) -> 110.65853 | H143: =IF(H$22=0,0,H$22/ISI!H$8*1000) -> 105.062 | I143: =IF(I$22=0,0,I$22/ISI!I$8*1000) -> 104.15156 | ... Y143: =IF(Y$22=0,0,Y$22/ISI!Y$8*1000) -> 140.47519
A144: Steel: Furnaces, refining and rolling | B144: =IF(B$28=0,0,B$28/ISI!B$8*1000) -> 53.12314 | C144: =IF(C$28=0,0,C$28/ISI!C$8*1000) -> 53.352634 | D144: =IF(D$28=0,0,D$28/ISI!D$8*1000) -> 53.170602 | E144: =IF(E$28=0,0,E$28/ISI!E$8*1000) -> 51.815005 | F144: =IF(F$28=0,0,F$28/ISI!F$8*1000) -> 48.413521 | G144: =IF(G$28=0,0,G$28/ISI!G$8*1000) -> 47.583731 | H144: =IF(H$28=0,0,H$28/ISI!H$8*1000) -> 44.833394 | I144: =IF(I$28=0,0,I$28/ISI!I$8*1000) -> 44.084289 | ... Y144: =IF(Y$28=0,0,Y$28/ISI!Y$8*1000) -> 57.882403
A145: Steel: Product finishing | B145: =IF(B$35=0,0,B$35/ISI!B$8*1000) -> 35.213189 | C145: =IF(C$35=0,0,C$35/ISI!C$8*1000) -> 34.64908 | D145: =IF(D$35=0,0,D$35/ISI!D$8*1000) -> 34.58413 | E145: =IF(E$35=0,0,E$35/ISI!E$8*1000) -> 33.668994 | F145: =IF(F$35=0,0,F$35/ISI!F$8*1000) -> 32.742478 | G145: =IF(G$35=0,0,G$35/ISI!G$8*1000) -> 32.182447 | H145: =IF(H$35=0,0,H$35/ISI!H$8*1000) -> 29.217177 | I145: =IF(I$35=0,0,I$35/ISI!I$8*1000) -> 28.655485 | ... Y145: =IF(Y$35=0,0,Y$35/ISI!Y$8*1000) -> 42.617337
A147: Electric arc | B147: =SUM(B$148:B$152,B$155,B$156,B$154,B$153) -> 127.43761 | C147: =SUM(C$148:C$152,C$155,C$156,C$154,C$153) -> 122.28593 | D147: =SUM(D$148:D$152,D$155,D$156,D$154,D$153) -> 123.31312 | E147: =SUM(E$148:E$152,E$155,E$156,E$154,E$153) -> 120.11303 | F147: =SUM(F$148:F$152,F$155,F$156,F$154,F$153) -> 114.13224 | G147: =SUM(G$148:G$152,G$155,G$156,G$154,G$153) -> 114.14576 | H147: =SUM(H$148:H$152,H$155,H$156,H$154,H$153) -> 108.0386 | I147: =SUM(I$148:I$152,I$155,I$156,I$154,I$153) -> 106.74517 | ... Y147: =SUM(Y$148:Y$152,Y$155,Y$156,Y$154,Y$153) -> 140.2738
A148: Lighting | B148: =IF(B$55=0,0,B$55/ISI!B$9*1000) -> 0.35353204 | C148: =IF(C$55=0,0,C$55/ISI!C$9*1000) -> 0.34863602 | D148: =IF(D$55=0,0,D$55/ISI!D$9*1000) -> 0.34697377 | E148: =IF(E$55=0,0,E$55/ISI!E$9*1000) -> 0.33725716 | F148: =IF(F$55=0,0,F$55/ISI!F$9*1000) -> 0.31971271 | G148: =IF(G$55=0,0,G$55/ISI!G$9*1000) -> 0.32056883 | H148: =IF(H$55=0,0,H$55/ISI!H$9*1000) -> 0.30714452 | I148: =IF(I$55=0,0,I$55/ISI!I$9*1000) -> 0.30447988 | ... Y148: =IF(Y$55=0,0,Y$55/ISI!Y$9*1000) -> 0.36718637
A149: Air compressors | B149: =IF(B$56=0,0,B$56/ISI!B$9*1000) -> 0.26122271 | C149: =IF(C$56=0,0,C$56/ISI!C$9*1000) -> 0.25760508 | D149: =IF(D$56=0,0,D$56/ISI!D$9*1000) -> 0.25637685 | E149: =IF(E$56=0,0,E$56/ISI!E$9*1000) -> 0.24919731 | F149: =IF(F$56=0,0,F$56/ISI!F$9*1000) -> 0.23623381 | G149: =IF(G$56=0,0,G$56/ISI!G$9*1000) -> 0.2368664 | H149: =IF(H$56=0,0,H$56/ISI!H$9*1000) -> 0.22694726 | I149: =IF(I$56=0,0,I$56/ISI!I$9*1000) -> 0.22497837 | ... Y149: =IF(Y$56=0,0,Y$56/ISI!Y$9*1000) -> 0.27131182
A150: Motor drives | B150: =IF(B$57=0,0,B$57/ISI!B$9*1000) -> 6.5305679 | C150: =IF(C$57=0,0,C$57/ISI!C$9*1000) -> 6.4401269 | D150: =IF(D$57=0,0,D$57/ISI!D$9*1000) -> 6.4094213 | E150: =IF(E$57=0,0,E$57/ISI!E$9*1000) -> 6.2299326 | F150: =IF(F$57=0,0,F$57/ISI!F$9*1000) -> 5.9058453 | G150: =IF(G$57=0,0,G$57/ISI!G$9*1000) -> 5.92166 | H150: =IF(H$57=0,0,H$57/ISI!H$9*1000) -> 5.6736814 | I150: =IF(I$57=0,0,I$57/ISI!I$9*1000) -> 5.6244591 | ... Y150: =IF(Y$57=0,0,Y$57/ISI!Y$9*1000) -> 6.7827956
A151: Fans and pumps | B151: =IF(B$58=0,0,B$58/ISI!B$9*1000) -> 0.1632642 | C151: =IF(C$58=0,0,C$58/ISI!C$9*1000) -> 0.16100317 | D151: =IF(D$58=0,0,D$58/ISI!D$9*1000) -> 0.16023553 | E151: =IF(E$58=0,0,E$58/ISI!E$9*1000) -> 0.15574832 | F151: =IF(F$58=0,0,F$58/ISI!F$9*1000) -> 0.14764613 | G151: =IF(G$58=0,0,G$58/ISI!G$9*1000) -> 0.1480415 | H151: =IF(H$58=0,0,H$58/ISI!H$9*1000) -> 0.14184204 | I151: =IF(I$58=0,0,I$58/ISI!I$9*1000) -> 0.14061148 | ... Y151: =IF(Y$58=0,0,Y$58/ISI!Y$9*1000) -> 0.16956989
A152: Low-enthalpy heat | B152: =IF(B$59=0,0,B$59/ISI!B$9*1000) -> 0.26724412 | C152: =IF(C$59=0,0,C$59/ISI!C$9*1000) -> 0.25632004 | D152: =IF(D$59=0,0,D$59/ISI!D$9*1000) -> 0.26081236 | E152: =IF(E$59=0,0,E$59/ISI!E$9*1000) -> 0.25457126 | F152: =IF(F$59=0,0,F$59/ISI!F$9*1000) -> 0.24007837 | G152: =IF(G$59=0,0,G$59/ISI!G$9*1000) -> 0.23978289 | H152: =IF(H$59=0,0,H$59/ISI!H$9*1000) -> 0.22690413 | I152: =IF(I$59=0,0,I$59/ISI!I$9*1000) -> 0.22402558 | ... Y152: =IF(Y$59=0,0,Y$59/ISI!Y$9*1000) -> 0.32352525
A153: Steel: Smelters | B153: =IF(B$65=0,0,B$65/ISI!B$9*1000) -> 16.908908 | C153: =IF(C$65=0,0,C$65/ISI!C$9*1000) -> 15.065696 | D153: =IF(D$65=0,0,D$65/ISI!D$9*1000) -> 15.412851 | E153: =IF(E$65=0,0,E$65/ISI!E$9*1000) -> 15.023983 | F153: =IF(F$65=0,0,F$65/ISI!F$9*1000) -> 14.117354 | G153: =IF(G$65=0,0,G$65/ISI!G$9*1000) -> 14.107936 | H153: =IF(H$65=0,0,H$65/ISI!H$9*1000) -> 13.286735 | I153: =IF(I$65=0,0,I$65/ISI!I$9*1000) -> 13.080233 | ... Y153: =IF(Y$65=0,0,Y$65/ISI!Y$9*1000) -> 19.195921
A154: Steel: Electric arc | B154: =IF(B$71=0,0,B$71/ISI!B$9*1000) -> 48.502904 | C154: =IF(C$71=0,0,C$71/ISI!C$9*1000) -> 47.831194 | D154: =IF(D$71=0,0,D$71/ISI!D$9*1000) -> 47.603142 | E154: =IF(E$71=0,0,E$71/ISI!E$9*1000) -> 46.270069 | F154: =IF(F$71=0,0,F$71/ISI!F$9*1000) -> 43.863054 | G154: =IF(G$71=0,0,G$71/ISI!G$9*1000) -> 43.980511 | H154: =IF(H$71=0,0,H$71/ISI!H$9*1000) -> 42.13876 | I154: =IF(I$71=0,0,I$71/ISI!I$9*1000) -> 41.773183 | ... Y154: =IF(Y$71=0,0,Y$71/ISI!Y$9*1000) -> 50.376214
A155: Steel: Furnaces, refining and rolling | B155: =IF(B$72=0,0,B$72/ISI!B$9*1000) -> 38.271737 | C155: =IF(C$72=0,0,C$72/ISI!C$9*1000) -> 36.718185 | D155: =IF(D$72=0,0,D$72/ISI!D$9*1000) -> 37.364567 | E155: =IF(E$72=0,0,E$72/ISI!E$9*1000) -> 36.476784 | F155: =IF(F$72=0,0,F$72/ISI!F$9*1000) -> 34.445915 | G155: =IF(G$72=0,0,G$72/ISI!G$9*1000) -> 34.367341 | H155: =IF(H$72=0,0,H$72/ISI!H$9*1000) -> 32.521069 | I155: =IF(I$72=0,0,I$72/ISI!I$9*1000) -> 32.076542 | ... Y155: =IF(Y$72=0,0,Y$72/ISI!Y$9*1000) -> 42.725857
A156: Steel: Product finishing | B156: =IF(B$79=0,0,B$79/ISI!B$9*1000) -> 16.178228 | C156: =IF(C$79=0,0,C$79/ISI!C$9*1000) -> 15.207163 | D156: =IF(D$79=0,0,D$79/ISI!D$9*1000) -> 15.498739 | E156: =IF(E$79=0,0,E$79/ISI!E$9*1000) -> 15.115491 | F156: =IF(F$79=0,0,F$79/ISI!F$9*1000) -> 14.856406 | G156: =IF(G$79=0,0,G$79/ISI!G$9*1000) -> 14.823053 | H156: =IF(H$79=0,0,H$79/ISI!H$9*1000) -> 13.515515 | I156: =IF(I$79=0,0,I$79/ISI!I$9*1000) -> 13.296661 | ... Y156: =IF(Y$79=0,0,Y$79/ISI!Y$9*1000) -> 20.06142

Sheet ISI_ued
A1: =index!A$1&": Iron and steel / useful energy demand" -> IT: Iron and steel / useful energy demand | B1: 2000 | C1: 2001 | D1: 2002 | E1: 2003 | F1: 2004 | G1: 2005 | H1: 2006 | I1: 2007 | J1: 2008 | K1: 2009 | L1: 2010 | M1: 2011 | N1: 2012 | O1: 2013 | P1: 2014 | Q1: 2015 | R1: 2016 | S1: 2017 | T1: 2018 | U1: 2019 | V1: 2020 | W1: 2021 | X1: 2022 | Y1: 2023 | DA1: Code
A3: Detailed split of useful energy demand by subsector (ktoe)
A5: Integrated steelworks | B5: 1531.2549 | C5: 1381.6908 | D5: 1296.6346 | E5: 1340.137 | F5: 1367.1254 | G5: 1509.4068 | H5: 1448.9071 | I5: 1399.8691 | J5: 1336.8442 | K5: 837.7698 | L5: 1021.8573 | M5: 1102.8436 | N5: 1141.1642 | O5: 878.66634 | P5: 877.30233 | Q5: 715.95631 | R5: 810.20179 | S5: 669.22356 | T5: 636.06764 | U5: 625.6598 | V5: 477.95067 | W5: 583.8068 | X5: 550.87886 | Y5: 486.81672 | DA5: UED.ktoe.IT.ISI.BF_BOF.TOTAL.TOTAL.TOTAL
A6: Lighting | B6: 3.1467577 | C6: 3.0458001 | D6: 2.7661177 | E6: 2.8586726 | F6: 2.8893467 | G6: 3.1500808 | H6: 3.059306 | I6: 2.9552186 | J6: 2.932867 | K6: 1.686276 | L6: 2.3111847 | M6: 2.5002752 | N6: 2.4005117 | O6: 1.8462458 | P6: 1.8064741 | Q6: 1.3279479 | R6: 1.5757957 | S6: 1.2930407 | T6: 1.1596198 | U6: 1.1441101 | V6: 0.89752315 | W6: 1.1395573 | X6: 1.0648597 | Y6: 0.90892857 | DA6: UED.ktoe.IT.ISI.BF_BOF.LIGHT.GENERIC.ELEC
A7: Air compressors | B7: 0.43526701 | C7: 0.42130231 | D7: 0.38261598 | E7: 0.39541839 | F7: 0.39966131 | G7: 0.43572666 | H7: 0.42317047 | I7: 0.40877287 | J7: 0.40568114 | K7: 0.23324971 | L7: 0.31968856 | M7: 0.34584401 | N7: 0.33204448 | O7: 0.25537711 | P7: 0.2498758 | Q7: 0.18368491 | R7: 0.2179678 | S7: 0.17885647 | T7: 0.16040137 | U7: 0.15825603 | V7: 0.12414754 | W7: 0.15762628 | X7: 0.14729393 | Y7: 0.12572516 | DA7: UED.ktoe.IT.ISI.BF_BOF.AIRCOMP.GENERIC.ELEC
A8: Motor drives | B8: 60.105795 | C8: 58.177417 | D8: 52.835242 | E8: 54.60312 | F8: 55.189023 | G8: 60.169269 | H8: 58.435391 | I8: 56.447233 | J8: 56.020298 | K8: 32.209331 | L8: 44.145628 | M8: 47.75742 | N8: 45.851851 | O8: 35.264892 | P8: 34.505219 | Q8: 25.364953 | R8: 30.099061 | S8: 24.698197 | T8: 22.149742 | U8: 21.853493 | V8: 17.143469 | W8: 21.766531 | X8: 20.339742 | Y8: 17.361322 | DA8: UED.ktoe.IT.ISI.BF_BOF.MOTOR.GENERIC.ELEC
A9: Fans and pumps | B9: 1.038241 | C9: 1.004931 | D9: 0.91265266 | E9: 0.94319021 | F9: 0.95331084 | G9: 1.0393374 | H9: 1.0093872 | I9: 0.9750446 | J9: 0.96766992 | K9: 0.55636978 | L9: 0.76255211 | M9: 0.8249406 | N9: 0.79202464 | O9: 0.60915019 | P9: 0.59602793 | Q9: 0.43814302 | R9: 0.5199179 | S9: 0.42662576 | T9: 0.38260487 | U9: 0.3774876 | V9: 0.29612872 | W9: 0.37598546 | X9: 0.35133974 | Y9: 0.29989182 | DA9: UED.ktoe.IT.ISI.BF_BOF.FANS.GENERIC.ELEC
A10: Low-enthalpy heat | B10: 3.684464 | C10: 3.4888547 | D10: 3.2199324 | E10: 3.3336652 | F10: 3.3613343 | G10: 3.6516973 | H10: 3.5235509 | I10: 3.3961604 | J10: 3.3542408 | K10: 1.9637528 | L10: 2.6140863 | M10: 2.7958951 | N10: 2.7546718 | O10: 2.1465186 | P10: 2.1227434 | Q10: 1.6196658 | R10: 1.884553 | S10: 1.5629361 | T10: 1.4173974 | U10: 1.3953634 | V10: 1.113513 | W10: 1.5237423 | X10: 1.4569621 | Y10: 1.2965826 | DA10: UED.ktoe.IT.ISI.BF_BOF.LOW_ENTH.TOTAL.TOTAL
A11: Diesel oil and liquid biofuels | B11: 0.013732124 | C11: 0.013153416 | D11: 0.012495227 | E11: 0.01596611 | F11: 0.0148509 | G11: 0.015588202 | H11: 0.014534917 | I11: 0.0125615 | J11: 0.01096532 | K11: 0.0090704106 | L11: 0.030219325 | M11: 0.02436329 | N11: 0.017382062 | O11: 0.017494048 | P11: 0.01991867 | Q11: 0.015137161 | R11: 0.014664716 | S11: 0.011914413 | T11: 0.010473595 | U11: 0.010080928 | V11: 0.0085692327 | W11: 0.022282389 | X11: 0.016518724 | Y11: 0.012403919 | DA11: UED.ktoe.IT.ISI.BF_BOF.LOW_ENTH.THERM.DIESEL_LIQBIO
A12: Natural gas and biogas | B12: 2.0944628 | C12: 1.8886661 | D12: 1.8326219 | E12: 1.9295592 | F12: 1.9040328 | G12: 2.0632248 | H12: 1.8947758 | I12: 1.7996592 | J12: 1.7641924 | K12: 0.96303679 | L12: 1.2394454 | M12: 1.1654272 | N12: 1.2601362 | O12: 1.0212754 | P12: 1.0227934 | Q12: 0.86590991 | R12: 0.95126837 | S12: 0.81642863 | T12: 0.76091701 | U12: 0.74082823 | V12: 0.62667045 | W12: 0.81953621 | X12: 0.716627 | Y12: 0.59108456 | DA12: UED.ktoe.IT.ISI.BF_BOF.LOW_ENTH.THERM.NG_BIOGAS
A13: Solar and geothermal | B13: 0 | C13: 0 | D13: 0 | E13: 0 | F13: 0 | G13: 0 | H13: 0 | I13: 0 | J13: 0 | K13: 0 | L13: 0 | M13: 0 | N13: 0 | O13: 0 | P13: 0 | Q13: 0 | R13: 0 | S13: 0 | T13: 0 | U13: 0 | V13: 0 | W13: 0 | X13: 0 | Y13: 0 | DA13: UED.ktoe.IT.ISI.BF_BOF.LOW_ENTH.THERM.SOLAR_GEO
A14: Ambient heat | B14: 0 | C14: 0 | D14: 0 | E14: 0 | F14: 0 | G14: 0 | H14: 0 | I14: 0 | J14: 0 | K14: 0 | L14: 0 | M14: 0 | N14: 0 | O14: 0 | P14: 0 | Q14: 0 | R14: 0 | S14: 0 | T14: 0 | U14: 0 | V14: 0 | W14: 0.14531708 | X14: 0.20882647 | Y14: 0.25596279 | DA14: UED.ktoe.IT.ISI.BF_BOF.LOW_ENTH.HP.AMBIENT
A15: Electricity | B15: 1.576269 | C15: 1.5870351 | D15: 1.3748153 | E15: 1.3881399 | F15: 1.4424506 | G15: 1.5728843 | H15: 1.6142402 | I15: 1.5839397 | J15: 1.5790831 | K15: 0.99164557 | L15: 1.3444216 | M15: 1.6061046 | N15: 1.4771535 | O15: 1.1077492 | P15: 1.0800314 | Q15: 0.73861874 | R15: 0.9186199 | S15: 0.73459306 | T15: 0.64600684 | U15: 0.64445419 | V15: 0.47827332 | W15: 0.53660662 | X15: 0.51498994 | Y15: 0.43713135 | DA15: UED.ktoe.IT.ISI.BF_BOF.LOW_ENTH.THERM.ELEC
A16: Steel: Sinter/Pellet-making | B16: 244.75559 | C16: 226.35865 | D16: 208.8145 | E16: 216.14893 | F16: 217.5479 | G16: 236.73317 | H16: 228.06197 | I16: 219.90087 | J16: 217.10885 | K16: 126.81403 | L16: 169.21231 | M16: 180.8408 | N16: 181.47512 | O16: 141.28084 | P16: 142.03297 | Q16: 108.77175 | R16: 126.19888 | S16: 103.67771 | T16: 93.796891 | U16: 92.025115 | V16: 73.481872 | W16: 94.081319 | X16: 87.050725 | Y16: 74.262017 | DA16: UED.ktoe.IT.ISI.BF_BOF.SINTERING.TOTAL.TOTAL
... A34: Steel: Furnaces, refining and rolling - Electric | B34: 124.53916 | C34: 124.70209 | D34: 108.21323 | E34: 109.17158 | F34: 112.82323 | G34: 123.73188 | H34: 126.77177 | I34: 125.28237 | J34: 124.80949 | K34: 75.926268 | L34: 107.16752 | M34: 127.73083 | N34: 117.96238 | O34: 88.01143 | P34: 85.696161 | Q34: 57.978353 | R34: 72.119399 | S34: 58.283447 | T34: 51.062524 | U34: 51.115042 | V34: 37.530749 | W34: 43.817427 | X34: 42.470977 | Y34: 36.967088 | DA34: UED.ktoe.IT.ISI.BF_BOF.REFINING.ELEC.ELEC
A35: Steel: Product finishing | B35: =B36+B40+B51 -> 189.90841 | C35: =C36+C40+C51 -> 176.14778 | D35: =D36+D40+D51 -> 163.17492 | E35: =E36+E40+E51 -> 168.94388 | F35: =F36+F40+F51 -> 178.67445 | G35: =G36+G40+G51 -> 193.91327 | H35: =H36+H40+H51 -> 178.75244 | I35: =I36+I40+I51 -> 171.65993 | ... Y35: =Y36+Y40+Y51 -> 66.608005
A36: Steel: Product finishing - Thermal | B36: 77.944409 | C36: 70.323881 | D36: 68.185524 | E36: 71.900521 | F36: 71.110338 | G36: 77.004627 | H36: 70.73476 | I36: 67.20233 | J36: 65.66986 | K36: 36.240425 | L36: 47.289747 | M36: 44.230301 | N36: 47.386761 | O36: 38.446306 | P36: 38.45168 | Q36: 32.564351 | R36: 35.785579 | S36: 30.613991 | T36: 28.466295 | U36: 27.733768 | V36: 23.734386 | W36: 32.48971 | X36: 28.690395 | Y36: 24.278806 | DA36: UED.ktoe.IT.ISI.BF_BOF.FINISHING.THERM.TOTAL
A37: LPG | B37: 1.5908959 | C37: 1.3863287 | D37: 1.3166902 | E37: 1.4128223 | F37: 1.7348193 | G37: 1.8215597 | H37: 1.631512 | I37: 1.6513081 | J37: 1.3208082 | K37: 1.1432108 | L37: 1.3967899 | M37: 1.0911359 | N37: 1.0662175 | O37: 0.73850218 | P37: 0.50577944 | Q37: 0.59324618 | R37: 0.77289784 | S37: 0.54494876 | T37: 0.44250018 | U37: 0.46695447 | V37: 0.92134266 | W37: 0.91924726 | X37: 0.36075279 | Y37: 0.36907718 | DA37: UED.ktoe.IT.ISI.BF_BOF.FINISHING.THERM.LPG
A38: Diesel oil and liquid biofuels | B38: 0.50946264 | C38: 0.48840173 | D38: 0.46387137 | E38: 0.59253484 | F38: 0.54998858 | G38: 0.57749273 | H38: 0.53886386 | I38: 0.46543795 | J38: 0.40718005 | K38: 0.33543763 | L38: 1.1184434 | M38: 0.9045755 | N38: 0.64548868 | O38: 0.65035242 | P38: 0.74230623 | Q38: 0.56253001 | R38: 0.54439735 | S38: 0.44294983 | T38: 0.38969916 | U38: 0.37491276 | V38: 0.31518794 | W38: 0.85559457 | X38: 0.65360151 | Y38: 0.50323569 | DA38: UED.ktoe.IT.ISI.BF_BOF.FINISHING.THERM.DIESEL_LIQBIO
A39: Natural gas and biogas | B39: 75.84405 | C39: 68.449151 | D39: 66.404963 | E39: 69.895164 | F39: 68.82553 | G39: 74.605575 | H39: 68.564384 | I39: 65.085584 | J39: 63.941872 | K39: 34.761776 | L39: 44.774514 | M39: 42.23459 | N39: 45.675055 | O39: 37.057451 | P39: 37.203595 | Q39: 31.408574 | R39: 34.468283 | S39: 29.626092 | T39: 27.634096 | U39: 26.8919 | V39: 22.497855 | W39: 30.714868 | X39: 27.676041 | Y39: 23.406494 | DA39: UED.ktoe.IT.ISI.BF_BOF.FINISHING.THERM.NG_BIOGAS
A40: Steel: Product finishing - Steam | B40: 55.096848 | C40: 48.520331 | D40: 45.35825 | E40: 46.947189 | F40: 55.617369 | G40: 60.245089 | H40: 49.821947 | I40: 47.386604 | J40: 46.730524 | K40: 80.873208 | L40: 41.512448 | M40: 43.777976 | N40: 62.412776 | O40: 44.642136 | P40: 46.578986 | Q40: 46.836016 | R40: 57.755631 | S40: 44.257015 | T40: 31.085035 | U40: 40.283158 | V40: 30.803728 | W40: 27.774395 | X40: 27.007767 | Y40: 25.083493 | DA40: UED.ktoe.IT.ISI.BF_BOF.FINISHING_STEAM.TOTAL.TOTAL
A41: Solids | B41: 0 | C41: 0 | D41: 0 | E41: 0 | F41: 0 | G41: 0 | H41: 0 | I41: 0 | J41: 0 | K41: 0 | L41: 0 | M41: 0 | N41: 0 | O41: 0 | P41: 0 | Q41: 0 | R41: 0 | S41: 0 | T41: 0 | U41: 0 | V41: 0 | W41: 0 | X41: 0 | Y41: 0 | DA41: UED.ktoe.IT.ISI.BF_BOF.FINISHING_STEAM.STEAM.NONCOKE_SOLIDS
A42: Refinery gas | B42: 0 | C42: 0 | D42: 0 | E42: 0 | F42: 0 | G42: 0 | H42: 0 | I42: 0 | J42: 0 | K42: 0 | L42: 0 | M42: 0 | N42: 0 | O42: 0 | P42: 0 | Q42: 0 | R42: 0 | S42: 0 | T42: 0 | U42: 0 | V42: 0 | W42: 0 | X42: 0 | Y42: 0 | DA42: UED.ktoe.IT.ISI.BF_BOF.FINISHING_STEAM.STEAM.RFG
A43: LPG | B43: 0.82449678 | C43: 0.86699871 | D43: 0.81244237 | E43: 0.8611418 | F43: 0.91815919 | G43: 0.964114 | H43: 1.0430878 | I43: 1.0997527 | J43: 0.8756284 | K43: 0.23841855 | L43: 0.87017183 | M43: 0.73230029 | N43: 0.42204596 | O43: 0.3235044 | P43: 0.19501398 | Q43: 0.17283769 | R43: 0.21053655 | S43: 0.17261969 | T43: 0.18769778 | U43: 0.15009574 | V43: 0.30459243 | W43: 0.42869196 | X43: 0.15876092 | Y43: 0.15442126 | DA43: UED.ktoe.IT.ISI.BF_BOF.FINISHING_STEAM.STEAM.LPG
A44: Diesel oil and liquid biofuels | B44: 0.26905489 | C44: 0.31125102 | D44: 0.29166742 | E44: 0.3680293 | F44: 0.29661886 | G44: 0.3114676 | H44: 0.35106782 | I44: 0.31587122 | J44: 0.27507299 | K44: 0.071286434 | L44: 0.71001789 | M44: 0.61863793 | N44: 0.26036579 | O44: 0.29030768 | P44: 0.29165474 | Q44: 0.16700541 | R44: 0.15111333 | S44: 0.14297844 | T44: 0.16844438 | U44: 0.12280199 | V44: 0.10618151 | W44: 0.40659532 | X44: 0.29310843 | Y44: 0.214557 | DA44: UED.ktoe.IT.ISI.BF_BOF.FINISHING_STEAM.STEAM.DIESEL_LIQBIO
A45: Fuel oil | B45: 1.3053231 | C45: 1.9154326 | D45: 1.6418618 | E45: 1.7175416 | F45: 1.7054247 | G45: 1.4961303 | H45: 1.9105421 | I45: 1.3308287 | J45: 1.5132194 | K45: 0.67189667 | L45: 0.4657721 | M45: 0.84572092 | N45: 0.37300361 | O45: 0.52089797 | P45: 0.56508679 | Q45: 0.47250171 | R45: 0.48269327 | S45: 0.31109544 | T45: 0.47906461 | U45: 0.29479702 | V45: 0.24022011 | W45: 0.51423526 | X45: 0.87232221 | Y45: 0.71141314 | DA45: UED.ktoe.IT.ISI.BF_BOF.FINISHING_STEAM.STEAM.RFO
A46: Other liquids | B46: 0.80003277 | C46: 0.78479409 | D46: 0.75030216 | E46: 0.57238582 | F46: 0.57827097 | G46: 0.60519717 | H46: 0.7760668 | I46: 0.38197479 | J46: 0.19055382 | K46: 0.16579434 | L46: 0.18395912 | M46: 0.18681823 | N46: 0 | O46: 0 | P46: 0 | Q46: 0 | R46: 0 | S46: 0 | T46: 0 | U46: 0 | V46: 0 | W46: 0 | X46: 0 | Y46: 0 | DA46: UED.ktoe.IT.ISI.BF_BOF.FINISHING_STEAM.STEAM.OTHER
A47: Natural gas and biogas | B47: 39.212463 | C47: 42.704702 | D47: 40.875674 | E47: 42.500073 | F47: 36.338643 | G47: 39.39233 | H47: 43.730515 | I47: 43.242134 | J47: 42.28836 | K47: 7.2322114 | L47: 27.826605 | M47: 28.277047 | N47: 18.03634 | O47: 16.194195 | P47: 14.310173 | Q47: 9.128662 | R47: 9.3665676 | S47: 9.3619093 | T47: 11.693549 | U47: 8.623245 | V47: 7.4198384 | W47: 14.289501 | X47: 12.150476 | Y47: 9.7697098 | DA47: UED.ktoe.IT.ISI.BF_BOF.FINISHING_STEAM.STEAM.NG_BIOGAS
... A78: Steel: Furnaces, refining and rolling - Electric | B78: 134.8966 | C78: 141.79826 | D78: 136.50797 | E78: 132.92746 | F78: 135.61131 | G78: 134.54852 | H78: 154.12218 | I78: 158.68933 | J78: 158.89806 | K78: 128.98656 | L78: 147.3894 | M78: 169.89816 | N78: 163.03045 | O78: 159.18139 | P78: 161.45025 | Q78: 156.05634 | R78: 165.82199 | S78: 181.94356 | T78: 187.21543 | U78: 189.50804 | V78: 161.94454 | W78: 186.58292 | X78: 173.76995 | Y78: 178.77713 | DA78: UED.ktoe.IT.ISI.EAF.REFINING.ELEC.ELEC
A79: Steel: Product finishing | B79: =B80+B84+B95 -> 132.19903 | C79: =C80+C84+C95 -> 128.67501 | D79: =D80+D84+D95 -> 132.24521 | E79: =E80+E84+E95 -> 132.15862 | F79: =F80+F84+F95 -> 138.10973 | G79: =G80+G84+G95 -> 135.60066 | H79: =H80+H84+H95 -> 139.62262 | I79: =I80+I84+I95 -> 139.68687 | ... Y79: =Y80+Y84+Y95 -> 207.00081
A80: Steel: Product finishing - Thermal | B80: 53.840759 | C80: 50.995418 | D80: 54.853071 | E80: 55.830083 | F80: 54.508131 | G80: 53.400493 | H80: 54.841158 | I80: 54.284177 | J80: 53.317309 | K80: 39.262398 | L80: 41.476414 | M80: 37.518371 | N80: 41.765084 | O80: 44.34442 | P80: 46.198068 | Q80: 55.897077 | R80: 52.472193 | S80: 60.945627 | T80: 66.558181 | U80: 65.572075 | V80: 65.311281 | W80: 88.227095 | X80: 74.860046 | Y80: 74.878165 | DA80: UED.ktoe.IT.ISI.EAF.FINISHING.THERM.TOTAL
A81: LPG | B81: 1.0989248 | C81: 1.0052974 | D81: 1.0592351 | E81: 1.0970433 | F81: 1.3297892 | G81: 1.2631992 | H81: 1.2649227 | I81: 1.3338809 | J81: 1.0723631 | K81: 1.2385394 | L81: 1.2250824 | M81: 0.92555647 | N81: 0.93972799 | O81: 0.85179707 | P81: 0.60767262 | Q81: 1.0183138 | R81: 1.1332958 | S81: 1.0848714 | T81: 1.0346274 | U81: 1.1040395 | V81: 2.5353119 | W81: 2.4962524 | X81: 0.94128959 | Y81: 1.1382694 | DA81: UED.ktoe.IT.ISI.EAF.FINISHING.THERM.LPG
A82: Diesel oil and liquid biofuels | B82: 0.35191562 | C82: 0.3541649 | D82: 0.37316966 | E82: 0.46009777 | F82: 0.42158215 | G82: 0.40047459 | H82: 0.41778495 | I82: 0.37596786 | J82: 0.33058917 | K82: 0.36340871 | L82: 0.98095299 | M82: 0.76730654 | N82: 0.56891184 | O82: 0.7501241 | P82: 0.89184955 | Q82: 0.96558913 | R82: 0.79824678 | S82: 0.88181432 | T82: 0.91117118 | U82: 0.8864215 | V82: 0.86732086 | W82: 2.323401 | X82: 1.7054014 | Y82: 1.5520271 | DA82: UED.ktoe.IT.ISI.EAF.FINISHING.THERM.DIESEL_LIQBIO
A83: Natural gas and biogas | B83: 52.389919 | C83: 49.635955 | D83: 53.420666 | E83: 54.272942 | F83: 52.756759 | G83: 51.736819 | H83: 53.15845 | I83: 52.574328 | J83: 51.914357 | K83: 37.66045 | L83: 39.270378 | M83: 35.825508 | N83: 40.256445 | O83: 42.742499 | P83: 44.698546 | Q83: 53.913174 | R83: 50.540651 | S83: 58.978941 | T83: 64.612383 | U83: 63.581614 | V83: 61.908648 | W83: 83.407441 | X83: 72.213355 | Y83: 72.187869 | DA83: UED.ktoe.IT.ISI.EAF.FINISHING.THERM.NG_BIOGAS
A84: Steel: Product finishing - Steam | B84: 39.076812 | C84: 36.125864 | D84: 37.465473 | E84: 37.429324 | F84: 43.782919 | G84: 42.905623 | H84: 39.661899 | I84: 39.302325 | J84: 38.95659 | K84: 90.026556 | L84: 37.391776 | M84: 38.137451 | N84: 56.507796 | O84: 52.890332 | P84: 57.484006 | Q84: 82.592991 | R84: 86.67724 | S84: 88.911315 | T84: 73.553633 | U84: 96.337024 | V84: 86.223164 | W84: 76.799455 | X84: 71.821679 | Y84: 78.935236 | DA84: UED.ktoe.IT.ISI.EAF.FINISHING_STEAM.TOTAL.TOTAL
A85: Solids | B85: 0 | C85: 0 | D85: 0 | E85: 0 | F85: 0 | G85: 0 | H85: 0 | I85: 0 | J85: 0 | K85: 0 | L85: 0 | M85: 0 | N85: 0 | O85: 0 | P85: 0 | Q85: 0 | R85: 0 | S85: 0 | T85: 0 | U85: 0 | V85: 0 | W85: 0 | X85: 0 | Y85: 0 | DA85: UED.ktoe.IT.ISI.EAF.FINISHING_STEAM.STEAM.NONCOKE_SOLIDS
A86: Refinery gas | B86: 0 | C86: 0 | D86: 0 | E86: 0 | F86: 0 | G86: 0 | H86: 0 | I86: 0 | J86: 0 | K86: 0 | L86: 0 | M86: 0 | N86: 0 | O86: 0 | P86: 0 | Q86: 0 | R86: 0 | S86: 0 | T86: 0 | U86: 0 | V86: 0 | W86: 0 | X86: 0 | Y86: 0 | DA86: UED.ktoe.IT.ISI.EAF.FINISHING_STEAM.STEAM.RFG
A87: LPG | B87: 0.58476495 | C87: 0.64552481 | D87: 0.67106949 | E87: 0.68655774 | F87: 0.72262453 | G87: 0.68647227 | H87: 0.83034918 | I87: 0.91211608 | J87: 0.72994162 | K87: 0.26520991 | L87: 0.78361977 | M87: 0.63779256 | N87: 0.38192866 | O87: 0.38311637 | P87: 0.24056941 | Q87: 0.304615 | R87: 0.31696758 | S87: 0.35284104 | T87: 0.45060479 | U87: 0.36437166 | V87: 0.86058839 | W87: 1.1952745 | X87: 0.42532736 | Y87: 0.48899128 | DA87: UED.ktoe.IT.ISI.EAF.FINISHING_STEAM.STEAM.LPG
A88: Diesel oil and liquid biofuels | B88: 0.19082412 | C88: 0.23174227 | D88: 0.24091444 | E88: 0.29341667 | F88: 0.23344979 | G88: 0.22177239 | H88: 0.27946725 | I88: 0.26197819 | J88: 0.22930643 | K88: 0.079296971 | L88: 0.63939563 | M88: 0.53879901 | N88: 0.23561689 | O88: 0.34380252 | P88: 0.35978554 | Q88: 0.29433601 | R88: 0.22750457 | S88: 0.29225324 | T88: 0.40438327 | U88: 0.29811349 | V88: 0.30000276 | W88: 1.1336649 | X88: 0.78525017 | Y88: 0.67941748 | DA88: UED.ktoe.IT.ISI.EAF.FINISHING_STEAM.STEAM.DIESEL_LIQBIO
A89: Fuel oil | B89: 0.92578554 | C89: 1.4261374 | D89: 1.3561618 | E89: 1.3693349 | F89: 1.342231 | G89: 1.0652806 | H89: 1.5208854 | I89: 1.1037666 | J89: 1.2614505 | K89: 0.74739845 | L89: 0.41944386 | M89: 0.73657558 | N89: 0.337548 | O89: 0.61688355 | P89: 0.69709154 | Q89: 0.83275304 | R89: 0.72670573 | S89: 0.63589061 | T89: 1.1500872 | U89: 0.71564775 | V89: 0.67871232 | W89: 1.4337854 | X89: 2.3369889 | Y89: 2.2527651 | DA89: UED.ktoe.IT.ISI.EAF.FINISHING_STEAM.STEAM.RFO
A90: Other liquids | B90: 0.56741413 | C90: 0.58431927 | D90: 0.61974227 | E90: 0.45634286 | F90: 0.45512019 | G90: 0.43091489 | H90: 0.61778734 | I90: 0.31680337 | J90: 0.15884954 | K90: 0.18442484 | L90: 0.16566154 | M90: 0.16270822 | N90: 0 | O90: 0 | P90: 0 | Q90: 0 | R90: 0 | S90: 0 | T90: 0 | U90: 0 | V90: 0 | W90: 0 | X90: 0 | Y90: 0 | DA90: UED.ktoe.IT.ISI.EAF.FINISHING_STEAM.STEAM.OTHER
A91: Natural gas and biogas | B91: 27.810993 | C91: 31.795831 | D91: 33.762908 | E91: 33.883797 | F91: 28.599828 | G91: 28.048283 | H91: 34.81164 | I91: 35.864287 | J91: 35.252436 | K91: 8.0449031 | L91: 25.058819 | M91: 24.627725 | N91: 16.321907 | O91: 19.17829 | P91: 17.653042 | Q91: 16.088664 | R91: 14.101581 | S91: 19.13609 | T91: 28.072624 | U91: 20.933746 | V91: 20.963839 | W91: 39.841838 | X91: 32.55165 | Y91: 30.936821 | DA91: UED.ktoe.IT.ISI.EAF.FINISHING_STEAM.STEAM.NG_BIOGAS
... A95: Steel: Product finishing - Electric | B95: 39.281464 | C95: 41.553727 | D95: 39.926664 | E95: 38.899208 | F95: 39.818683 | G95: 39.294541 | H95: 45.119564 | I95: 46.100364 | J95: 46.294433 | K95: 38.635039 | L95: 42.438048 | M95: 49.188468 | N95: 47.013848 | O95: 46.189232 | P95: 47.024492 | Q95: 45.816802 | R95: 48.624582 | S95: 52.869819 | T95: 54.650965 | U95: 55.104661 | V95: 47.072852 | W95: 54.409526 | X95: 51.701764 | Y95: 53.187406 | DA95: UED.ktoe.IT.ISI.EAF.FINISHING.ELEC.ELEC
A98: Market shares of useful energy demand by subsector (%)
A100: Integrated steelworks | B100: =SUM(B$101:B$105,B$109:B$110,B$112:B$114,B$107,B$106) -> 1 | C100: =SUM(C$101:C$105,C$109:C$110,C$112:C$114,C$107,C$106) -> 1 | D100: =SUM(D$101:D$105,D$109:D$110,D$112:D$114,D$107,D$106) -> 1 | E100: =SUM(E$101:E$105,E$109:E$110,E$112:E$114,E$107,E$106) -> 1 | F100: =SUM(F$101:F$105,F$109:F$110,F$112:F$114,F$107,F$106) -> 1 | G100: =SUM(G$101:G$105,G$109:G$110,G$112:G$114,G$107,G$106) -> 1 | H100: =SUM(H$101:H$105,H$109:H$110,H$112:H$114,H$107,H$106) -> 1 | I100: =SUM(I$101:I$105,I$109:I$110,I$112:I$114,I$107,I$106) -> 1 | ... Y100: =SUM(Y$101:Y$105,Y$109:Y$110,Y$112:Y$114,Y$107,Y$106) -> 1
A101: Lighting | B101: =IF(B$6=0,0,B$6/B$5) -> 0.0020550189 | C101: =IF(C$6=0,0,C$6/C$5) -> 0.0022044007 | D101: =IF(D$6=0,0,D$6/D$5) -> 0.0021333055 | E101: =IF(E$6=0,0,E$6/E$5) -> 0.0021331197 | F101: =IF(F$6=0,0,F$6/F$5) -> 0.0021134468 | G101: =IF(G$6=0,0,G$6/G$5) -> 0.002086966 | H101: =IF(H$6=0,0,H$6/H$5) -> 0.0021114576 | I101: =IF(I$6=0,0,I$6/I$5) -> 0.0021110678 | ... Y101: =IF(Y$6=0,0,Y$6/Y$5) -> 0.0018670858
A102: Air compressors | B102: =IF(B$7=0,0,B$7/B$5) -> 0.0002842551 | C102: =IF(C$7=0,0,C$7/C$5) -> 0.00030491795 | D102: =IF(D$7=0,0,D$7/D$5) -> 0.00029508388 | E102: =IF(E$7=0,0,E$7/E$5) -> 0.00029505819 | F102: =IF(F$7=0,0,F$7/F$5) -> 0.00029233699 | G102: =IF(G$7=0,0,G$7/G$5) -> 0.0002886741 | H102: =IF(H$7=0,0,H$7/H$5) -> 0.00029206183 | I102: =IF(I$7=0,0,I$7/I$5) -> 0.00029200792 | ... Y102: =IF(Y$7=0,0,Y$7/Y$5) -> 0.00025825974
A103: Motor drives | B103: =IF(B$8=0,0,B$8/B$5) -> 0.039252639 | C103: =IF(C$8=0,0,C$8/C$5) -> 0.042105961 | D103: =IF(D$8=0,0,D$8/D$5) -> 0.040747981 | E103: =IF(E$8=0,0,E$8/E$5) -> 0.040744432 | F103: =IF(F$8=0,0,F$8/F$5) -> 0.040368663 | G103: =IF(G$8=0,0,G$8/G$5) -> 0.039862857 | H103: =IF(H$8=0,0,H$8/H$5) -> 0.040330667 | I103: =IF(I$8=0,0,I$8/I$5) -> 0.040323222 | ... Y103: =IF(Y$8=0,0,Y$8/Y$5) -> 0.035662954
A104: Fans and pumps | B104: =IF(B$9=0,0,B$9/B$5) -> 0.00067803277 | C104: =IF(C$9=0,0,C$9/C$5) -> 0.0007273198 | D104: =IF(D$9=0,0,D$9/D$5) -> 0.00070386264 | E104: =IF(E$9=0,0,E$9/E$5) -> 0.00070380135 | F104: =IF(F$9=0,0,F$9/F$5) -> 0.00069731047 | G104: =IF(G$9=0,0,G$9/G$5) -> 0.0006885734 | H104: =IF(H$9=0,0,H$9/H$5) -> 0.00069665415 | I104: =IF(I$9=0,0,I$9/I$5) -> 0.00069652555 | ... Y104: =IF(Y$9=0,0,Y$9/Y$5) -> 0.00061602613
A105: Low-enthalpy heat | B105: =IF(B$10=0,0,B$10/B$5) -> 0.0024061729 | C105: =IF(C$10=0,0,C$10/C$5) -> 0.0025250619 | D105: =IF(D$10=0,0,D$10/D$5) -> 0.0024832997 | E105: =IF(E$10=0,0,E$10/E$5) -> 0.0024875556 | F105: =IF(F$10=0,0,F$10/F$5) -> 0.0024586877 | G105: =IF(G$10=0,0,G$10/G$5) -> 0.0024192929 | H105: =IF(H$10=0,0,H$10/H$5) -> 0.002431868 | I105: =IF(I$10=0,0,I$10/I$5) -> 0.0024260557 | ... Y105: =IF(Y$10=0,0,Y$10/Y$5) -> 0.0026633897
A106: Steel: Sinter/Pellet-making | B106: =IF(B$16=0,0,B$16/B$5) -> 0.15983987 | C106: =IF(C$16=0,0,C$16/C$5) -> 0.16382729 | D106: =IF(D$16=0,0,D$16/D$5) -> 0.16104344 | E106: =IF(E$16=0,0,E$16/E$5) -> 0.16128869 | F106: =IF(F$16=0,0,F$16/F$5) -> 0.15912798 | G106: =IF(G$16=0,0,G$16/G$5) -> 0.15683855 | H106: =IF(H$16=0,0,H$16/H$5) -> 0.15740275 | I106: =IF(I$16=0,0,I$16/I$5) -> 0.15708674 | ... Y106: =IF(Y$16=0,0,Y$16/Y$5) -> 0.15254615
A107: Steel: Blast /Basic oxygen furnace | B107: =IF(B$22=0,0,B$22/B$5) -> 0.47500873 | C107: =IF(C$22=0,0,C$22/C$5) -> 0.45492149 | D107: =IF(D$22=0,0,D$22/D$5) -> 0.46410489 | E107: =IF(E$22=0,0,E$22/E$5) -> 0.46326166 | F107: =IF(F$22=0,0,F$22/F$5) -> 0.46356996 | G107: =IF(G$22=0,0,G$22/G$5) -> 0.47183119 | H107: =IF(H$22=0,0,H$22/H$5) -> 0.47497486 | I107: =IF(I$22=0,0,I$22/I$5) -> 0.47638777 | ... Y107: =IF(Y$22=0,0,Y$22/Y$5) -> 0.47914319
A108: Steel: Furnaces, refining and rolling | B108: =IF(B$28=0,0,B$28/B$5) -> 0.19645386 | C108: =IF(C$28=0,0,C$28/C$5) -> 0.20589643 | D108: =IF(D$28=0,0,D$28/D$5) -> 0.20264319 | E108: =IF(E$28=0,0,E$28/E$5) -> 0.20302105 | F108: =IF(F$28=0,0,F$28/F$5) -> 0.20067807 | G108: =IF(G$28=0,0,G$28/G$5) -> 0.19751405 | H108: =IF(H$28=0,0,H$28/H$5) -> 0.19838915 | I108: =IF(I$28=0,0,I$28/I$5) -> 0.19805091 | ... Y108: =IF(Y$28=0,0,Y$28/Y$5) -> 0.19041937
A109: Steel: Furnaces, refining and rolling - Thermal | B109: =IF(B$29=0,0,B$29/B$5) -> 0.11512242 | C109: =IF(C$29=0,0,C$29/C$5) -> 0.11564317 | D109: =IF(D$29=0,0,D$29/D$5) -> 0.11918619 | E109: =IF(E$29=0,0,E$29/E$5) -> 0.12155805 | F109: =IF(F$29=0,0,F$29/F$5) -> 0.11815219 | G109: =IF(G$29=0,0,G$29/G$5) -> 0.11554021 | H109: =IF(H$29=0,0,H$29/H$5) -> 0.11089439 | I109: =IF(I$29=0,0,I$29/I$5) -> 0.10855514 | ... Y109: =IF(Y$29=0,0,Y$29/Y$5) -> 0.11448302
A110: Steel: Furnaces, refining and rolling - Electric | B110: =IF(B$34=0,0,B$34/B$5) -> 0.081331438 | C110: =IF(C$34=0,0,C$34/C$5) -> 0.090253256 | D110: =IF(D$34=0,0,D$34/D$5) -> 0.083457 | E110: =IF(E$34=0,0,E$34/E$5) -> 0.081463003 | F110: =IF(F$34=0,0,F$34/F$5) -> 0.082525881 | G110: =IF(G$34=0,0,G$34/G$5) -> 0.081973843 | H110: =IF(H$34=0,0,H$34/H$5) -> 0.087494753 | I110: =IF(I$34=0,0,I$34/I$5) -> 0.089495772 | ... Y110: =IF(Y$34=0,0,Y$34/Y$5) -> 0.075936357
A111: Steel: Product finishing | B111: =IF(B$35=0,0,B$35/B$5) -> 0.12402142 | C111: =IF(C$35=0,0,C$35/C$5) -> 0.12748712 | D111: =IF(D$35=0,0,D$35/D$5) -> 0.12584495 | E111: =IF(E$35=0,0,E$35/E$5) -> 0.12606464 | F111: =IF(F$35=0,0,F$35/F$5) -> 0.13069354 | G111: =IF(G$35=0,0,G$35/G$5) -> 0.12846985 | H111: =IF(H$35=0,0,H$35/H$5) -> 0.12337053 | I111: =IF(I$35=0,0,I$35/I$5) -> 0.1226257 | ... Y111: =IF(Y$35=0,0,Y$35/Y$5) -> 0.13682358
A112: Steel: Product finishing - Thermal | B112: =IF(B$36=0,0,B$36/B$5) -> 0.050902309 | C112: =IF(C$36=0,0,C$36/C$5) -> 0.050896976 | D112: =IF(D$36=0,0,D$36/D$5) -> 0.052586537 | E112: =IF(E$36=0,0,E$36/E$5) -> 0.053651621 | F112: =IF(F$36=0,0,F$36/F$5) -> 0.052014497 | G112: =IF(G$36=0,0,G$36/G$5) -> 0.051016483 | H112: =IF(H$36=0,0,H$36/H$5) -> 0.048819388 | I112: =IF(I$36=0,0,I$36/I$5) -> 0.048006153 | ... Y112: =IF(Y$36=0,0,Y$36/Y$5) -> 0.049872581
A113: Steel: Product finishing - Steam | B113: =IF(B$40=0,0,B$40/B$5) -> 0.0359815 | C113: =IF(C$40=0,0,C$40/C$5) -> 0.035116636 | D113: =IF(D$40=0,0,D$40/D$5) -> 0.03498152 | E113: =IF(E$40=0,0,E$40/E$5) -> 0.035031635 | F113: =IF(F$40=0,0,F$40/F$5) -> 0.040681981 | G113: =IF(G$40=0,0,G$40/G$5) -> 0.039913089 | H113: =IF(H$40=0,0,H$40/H$5) -> 0.03438588 | I113: =IF(I$40=0,0,I$40/I$5) -> 0.033850739 | ... Y113: =IF(Y$40=0,0,Y$40/Y$5) -> 0.051525538
A114: Steel: Product finishing - Electric | B114: =IF(B$51=0,0,B$51/B$5) -> 0.037137612 | C114: =IF(C$51=0,0,C$51/C$5) -> 0.041473512 | D114: =IF(D$51=0,0,D$51/D$5) -> 0.038276891 | E114: =IF(E$51=0,0,E$51/E$5) -> 0.037381381 | F114: =IF(F$51=0,0,F$51/F$5) -> 0.03799706 | G114: =IF(G$51=0,0,G$51/G$5) -> 0.037540276 | H114: =IF(H$51=0,0,H$51/H$5) -> 0.040165263 | I114: =IF(I$51=0,0,I$51/I$5) -> 0.040768807 | ... Y114: =IF(Y$51=0,0,Y$51/Y$5) -> 0.035425457
A117: Electric arc | B117: =SUM(B$118:B$122,B$126:B$127,B$129:B$131,B$124,B$123) -> 1 | C117: =SUM(C$118:C$122,C$126:C$127,C$129:C$131,C$124,C$123) -> 1 | D117: =SUM(D$118:D$122,D$126:D$127,D$129:D$131,D$124,D$123) -> 1 | E117: =SUM(E$118:E$122,E$126:E$127,E$129:E$131,E$124,E$123) -> 1 | F117: =SUM(F$118:F$122,F$126:F$127,F$129:F$131,F$124,F$123) -> 1 | G117: =SUM(G$118:G$122,G$126:G$127,G$129:G$131,G$124,G$123) -> 1 | H117: =SUM(H$118:H$122,H$126:H$127,H$129:H$131,H$124,H$123) -> 1 | I117: =SUM(I$118:I$122,I$126:I$127,I$129:I$131,I$124,I$123) -> 1 | ... Y117: =SUM(Y$118:Y$122,Y$126:Y$127,Y$129:Y$131,Y$124,Y$123) -> 1
A118: Lighting | B118: =IF(B$55=0,0,B$55/B$54) -> 0.0022462665 | C118: =IF(C$55=0,0,C$55/C$54) -> 0.002291222 | D118: =IF(D$55=0,0,D$55/D$54) -> 0.0022687315 | E118: =IF(E$55=0,0,E$55/E$54) -> 0.002266351 | F118: =IF(F$55=0,0,F$55/F$54) -> 0.002257898 | G118: =IF(G$55=0,0,G$55/G$54) -> 0.0022619322 | H118: =IF(H$55=0,0,H$55/H$54) -> 0.0022838014 | I118: =IF(I$55=0,0,I$55/I$54) -> 0.0022873052 | ... Y118: =IF(Y$55=0,0,Y$55/Y$54) -> 0.0021334088
A119: Air compressors | B119: =IF(B$56=0,0,B$56/B$54) -> 0.00043071196 | C119: =IF(C$56=0,0,C$56/C$54) -> 0.00043933197 | D119: =IF(D$56=0,0,D$56/D$54) -> 0.00043501952 | E119: =IF(E$56=0,0,E$56/E$54) -> 0.00043456307 | F119: =IF(F$56=0,0,F$56/F$54) -> 0.00043294225 | G119: =IF(G$56=0,0,G$56/G$54) -> 0.00043371578 | H119: =IF(H$56=0,0,H$56/H$54) -> 0.00043790911 | I119: =IF(I$56=0,0,I$56/I$54) -> 0.00043858094 | ... Y119: =IF(Y$56=0,0,Y$56/Y$54) -> 0.00040907198
A120: Motor drives | B120: =IF(B$57=0,0,B$57/B$54) -> 0.059582794 | C120: =IF(C$57=0,0,C$57/C$54) -> 0.060775249 | D120: =IF(D$57=0,0,D$57/D$54) -> 0.060178684 | E120: =IF(E$57=0,0,E$57/E$54) -> 0.06011554 | F120: =IF(F$57=0,0,F$57/F$54) -> 0.059891322 | G120: =IF(G$57=0,0,G$57/G$54) -> 0.059998329 | H120: =IF(H$57=0,0,H$57/H$54) -> 0.060578416 | I120: =IF(I$57=0,0,I$57/I$54) -> 0.060671354 | ... Y120: =IF(Y$57=0,0,Y$57/Y$54) -> 0.055784402
A121: Fans and pumps | B121: =IF(B$58=0,0,B$58/B$54) -> 0.0010273146 | C121: =IF(C$58=0,0,C$58/C$54) -> 0.0010478747 | D121: =IF(D$58=0,0,D$58/D$54) -> 0.0010375888 | E121: =IF(E$58=0,0,E$58/E$54) -> 0.0010365001 | F121: =IF(F$58=0,0,F$58/F$54) -> 0.0010326342 | G121: =IF(G$58=0,0,G$58/G$54) -> 0.0010344792 | H121: =IF(H$58=0,0,H$58/H$54) -> 0.0010444809 | I121: =IF(I$58=0,0,I$58/I$54) -> 0.0010460833 | ... Y121: =IF(Y$58=0,0,Y$58/Y$54) -> 0.0009756999
A122: Low-enthalpy heat | B122: =IF(B$59=0,0,B$59/B$54) -> 0.0026313879 | C122: =IF(C$59=0,0,C$59/C$54) -> 0.0026257975 | D122: =IF(D$59=0,0,D$59/D$54) -> 0.002642237 | E122: =IF(E$59=0,0,E$59/E$54) -> 0.0026442184 | F122: =IF(F$59=0,0,F$59/F$54) -> 0.0026280217 | G122: =IF(G$59=0,0,G$59/G$54) -> 0.0026234043 | H122: =IF(H$59=0,0,H$59/H$54) -> 0.0026316526 | I122: =IF(I$59=0,0,I$59/I$54) -> 0.0026298759 | ... Y122: =IF(Y$59=0,0,Y$59/Y$54) -> 0.0030447883
A123: Steel: Smelters | B123: =IF(B$65=0,0,B$65/B$54) -> 0.10612473 | C123: =IF(C$65=0,0,C$65/C$54) -> 0.099505696 | D123: =IF(D$65=0,0,D$65/D$54) -> 0.10153189 | E123: =IF(E$65=0,0,E$65/E$54) -> 0.1017315 | F123: =IF(F$65=0,0,F$65/F$54) -> 0.10053805 | G123: =IF(G$65=0,0,G$65/G$54) -> 0.10036491 | H123: =IF(H$65=0,0,H$65/H$54) -> 0.099655612 | I123: =IF(I$65=0,0,I$65/I$54) -> 0.099348846 | ... Y123: =IF(Y$65=0,0,Y$65/Y$54) -> 0.11120284
A124: Steel: Electric arc | B124: =IF(B$71=0,0,B$71/B$54) -> 0.44197751 | C124: =IF(C$71=0,0,C$71/C$54) -> 0.45082299 | D124: =IF(D$71=0,0,D$71/D$54) -> 0.44639774 | E124: =IF(E$71=0,0,E$71/E$54) -> 0.44592935 | F124: =IF(F$71=0,0,F$71/F$54) -> 0.44426613 | G124: =IF(G$71=0,0,G$71/G$54) -> 0.44505989 | H124: =IF(H$71=0,0,H$71/H$54) -> 0.44936291 | I124: =IF(I$71=0,0,I$71/I$54) -> 0.45005231 | ... Y124: =IF(Y$71=0,0,Y$71/Y$54) -> 0.41977152
A125: Steel: Furnaces, refining and rolling | B125: =IF(B$72=0,0,B$72/B$54) -> 0.27457787 | C125: =IF(C$72=0,0,C$72/C$54) -> 0.27364338 | D125: =IF(D$72=0,0,D$72/D$54) -> 0.27556342 | E125: =IF(E$72=0,0,E$72/E$54) -> 0.27581159 | F125: =IF(F$72=0,0,F$72/F$54) -> 0.27414001 | G125: =IF(G$72=0,0,G$72/G$54) -> 0.27372956 | H125: =IF(H$72=0,0,H$72/H$54) -> 0.27438059 | I125: =IF(I$72=0,0,I$72/I$54) -> 0.27438368 | ... Y125: =IF(Y$72=0,0,Y$72/Y$54) -> 0.27821494
