Workbook

Sheet cover
B6: JRC-IDEES-2023 - Integrated Database of the European Energy System
C10: Lithuania
C15: Residential sector
L28: Prepared by JRC C.6
L30: 45967.477
L31: v2023-1.00
B33: Legal Notice
B35: The information made available is property of the Joint Research Centre of the European Commission.
B36: Neither the European Commission nor any person acting on behalf of the Commission is responsible for the use which might be made of this information.
B38: Use conditions
B39: This work is licensed under
B40: CC BY 4.0

Sheet index
A1: LT | B1: Lithuania
B3: Click on the link to jump to the sheet
B4: =HYPERLINK("#"&CELL("address",RES_summary!$B$2),MID(CELL("filename",RES_summary!$B$2),FIND("]",CELL("filename",RES_summary!$B$2))+1,256)) -> RES_summary | D4: Residential sector summary
B6: Thermal uses
B7: =HYPERLINK("#"&CELL("address",RES_hh_num!$B$2),MID(CELL("filename",RES_hh_num!$B$2),FIND("]",CELL("filename",RES_hh_num!$B$2))+1,256)) -> RES_hh_num | D7: Number of households
B8: =HYPERLINK("#"&CELL("address",RES_hh_fec!$B$2),MID(CELL("filename",RES_hh_fec!$B$2),FIND("]",CELL("filename",RES_hh_fec!$B$2))+1,256)) -> RES_hh_fec | D8: Final energy consumption
B9: =HYPERLINK("#"&CELL("address",RES_hh_tes!$B$2),MID(CELL("filename",RES_hh_tes!$B$2),FIND("]",CELL("filename",RES_hh_tes!$B$2))+1,256)) -> RES_hh_tes | D9: Thermal energy service
B10: =HYPERLINK("#"&CELL("address",RES_hh_eff!$B$2),MID(CELL("filename",RES_hh_eff!$B$2),FIND("]",CELL("filename",RES_hh_eff!$B$2))+1,256)) -> RES_hh_eff | D10: System efficiency indicator of total stock
B11: =HYPERLINK("#"&CELL("address",RES_hh_emi!$B$2),MID(CELL("filename",RES_hh_emi!$B$2),FIND("]",CELL("filename",RES_hh_emi!$B$2))+1,256)) -> RES_hh_emi | D11: CO2 emissions
B12: =HYPERLINK("#"&CELL("address",RES_hh_fech!$B$2),MID(CELL("filename",RES_hh_fech!$B$2),FIND("]",CELL("filename",RES_hh_fech!$B$2))+1,256)) -> RES_hh_fech | D12: Final energy consumption per household
B13: =HYPERLINK("#"&CELL("address",RES_hh_tesh!$B$2),MID(CELL("filename",RES_hh_tesh!$B$2),FIND("]",CELL("filename",RES_hh_tesh!$B$2))+1,256)) -> RES_hh_tesh | D13: Thermal energy service per household
B14: =HYPERLINK("#"&CELL("address",RES_hh_emih!$B$2),MID(CELL("filename",RES_hh_emih!$B$2),FIND("]",CELL("filename",RES_hh_emih!$B$2))+1,256)) -> RES_hh_emih | D14: CO2 emissions per household
B15: =HYPERLINK("#"&CELL("address",RES_hh_fecs!$B$2),MID(CELL("filename",RES_hh_fecs!$B$2),FIND("]",CELL("filename",RES_hh_fecs!$B$2))+1,256)) -> RES_hh_fecs | D15: Final energy consumption per surface area
B16: =HYPERLINK("#"&CELL("address",RES_hh_tess!$B$2),MID(CELL("filename",RES_hh_tess!$B$2),FIND("]",CELL("filename",RES_hh_tess!$B$2))+1,256)) -> RES_hh_tess | D16: Thermal energy service per surface area
B17: =HYPERLINK("#"&CELL("address",RES_hh_emis!$B$2),MID(CELL("filename",RES_hh_emis!$B$2),FIND("]",CELL("filename",RES_hh_emis!$B$2))+1,256)) -> RES_hh_emis | D17: CO2 emissions per surface area
B19: Thermal uses in new and renovated households
B20: =HYPERLINK("#"&CELL("address",RES_hh_num_in!$B$2),MID(CELL("filename",RES_hh_num_in!$B$2),FIND("]",CELL("filename",RES_hh_num_in!$B$2))+1,256)) -> RES_hh_num_in | D20: Number of new and renovated households
B21: =HYPERLINK("#"&CELL("address",RES_hh_fec_in!$B$2),MID(CELL("filename",RES_hh_fec_in!$B$2),FIND("]",CELL("filename",RES_hh_fec_in!$B$2))+1,256)) -> RES_hh_fec_in | D21: Final energy consumption
B22: =HYPERLINK("#"&CELL("address",RES_hh_tes_in!$B$2),MID(CELL("filename",RES_hh_tes_in!$B$2),FIND("]",CELL("filename",RES_hh_tes_in!$B$2))+1,256)) -> RES_hh_tes_in | D22: Thermal energy service
B23: =HYPERLINK("#"&CELL("address",RES_hh_eff_in!$B$2),MID(CELL("filename",RES_hh_eff_in!$B$2),FIND("]",CELL("filename",RES_hh_eff_in!$B$2))+1,256)) -> RES_hh_eff_in | D23: System efficiency indicator of total stock
B24: =HYPERLINK("#"&CELL("address",RES_hh_emi_in!$B$2),MID(CELL("filename",RES_hh_emi_in!$B$2),FIND("]",CELL("filename",RES_hh_emi_in!$B$2))+1,256)) -> RES_hh_emi_in | D24: CO2 emissions
B25: =HYPERLINK("#"&CELL("address",RES_hh_fech_in!$B$2),MID(CELL("filename",RES_hh_fech_in!$B$2),FIND("]",CELL("filename",RES_hh_fech_in!$B$2))+1,256)) -> RES_hh_fech_in | D25: Final energy consumption per household
B26: =HYPERLINK("#"&CELL("address",RES_hh_tesh_in!$B$2),MID(CELL("filename",RES_hh_tesh_in!$B$2),FIND("]",CELL("filename",RES_hh_tesh_in!$B$2))+1,256)) -> RES_hh_tesh_in | D26: Thermal energy service per household
B27: =HYPERLINK("#"&CELL("address",RES_hh_emih_in!$B$2),MID(CELL("filename",RES_hh_emih_in!$B$2),FIND("]",CELL("filename",RES_hh_emih_in!$B$2))+1,256)) -> RES_hh_emih_in | D27: CO2 emissions per household
B28: =HYPERLINK("#"&CELL("address",RES_hh_fecs_in!$B$2),MID(CELL("filename",RES_hh_fecs_in!$B$2),FIND("]",CELL("filename",RES_hh_fecs_in!$B$2))+1,256)) -> RES_hh_fecs_in | D28: Final energy consumption per surface area
B29: =HYPERLINK("#"&CELL("address",RES_hh_tess_in!$B$2),MID(CELL("filename",RES_hh_tess_in!$B$2),FIND("]",CELL("filename",RES_hh_tess_in!$B$2))+1,256)) -> RES_hh_tess_in | D29: Thermal energy service per surface area
B30: =HYPERLINK("#"&CELL("address",RES_hh_emis_in!$B$2),MID(CELL("filename",RES_hh_emis_in!$B$2),FIND("]",CELL("filename",RES_hh_emis_in!$B$2))+1,256)) -> RES_hh_emis_in | D30: CO2 emissions per surface area
B32: Specific electric uses
B33: =HYPERLINK("#"&CELL("address",'RES_se-appl'!$B$2),MID(CELL("filename",'RES_se-appl'!$B$2),FIND("]",CELL("filename",'RES_se-appl'!$B$2))+1,256)) -> RES_se-appl | D33: Residential / specific electric uses
B34: =HYPERLINK("#"&CELL("address",RES_RF!$B$2),MID(CELL("filename",RES_RF!$B$2),FIND("]",CELL("filename",RES_RF!$B$2))+1,256)) -> RES_RF | D34: Refrigerators and freezers
B35: =HYPERLINK("#"&CELL("address",RES_WM!$B$2),MID(CELL("filename",RES_WM!$B$2),FIND("]",CELL("filename",RES_WM!$B$2))+1,256)) -> RES_WM | D35: Washing machines
B36: =HYPERLINK("#"&CELL("address",RES_DR!$B$2),MID(CELL("filename",RES_DR!$B$2),FIND("]",CELL("filename",RES_DR!$B$2))+1,256)) -> RES_DR | D36: Clothes dryers
B37: =HYPERLINK("#"&CELL("address",RES_DW!$B$2),MID(CELL("filename",RES_DW!$B$2),FIND("]",CELL("filename",RES_DW!$B$2))+1,256)) -> RES_DW | D37: Dishwashers
B38: =HYPERLINK("#"&CELL("address",RES_TV!$B$2),MID(CELL("filename",RES_TV!$B$2),FIND("]",CELL("filename",RES_TV!$B$2))+1,256)) -> RES_TV | D38: TV and multimedia
B39: =HYPERLINK("#"&CELL("address",RES_IT!$B$2),MID(CELL("filename",RES_IT!$B$2),FIND("]",CELL("filename",RES_IT!$B$2))+1,256)) -> RES_IT | D39: ICT equipment
B40: =HYPERLINK("#"&CELL("address",RES_LI!$B$2),MID(CELL("filename",RES_LI!$B$2),FIND("]",CELL("filename",RES_LI!$B$2))+1,256)) -> RES_LI | D40: Lighting
B41: =HYPERLINK("#"&CELL("address",RES_OA!$B$2),MID(CELL("filename",RES_OA!$B$2),FIND("]",CELL("filename",RES_OA!$B$2))+1,256)) -> RES_OA | D41: Other appliances (vacuum cleaners, irons etc.)
B43: Number of households - detailed structure
B44: =HYPERLINK("#"&CELL("address",RES_hhdet_num!$B$2),MID(CELL("filename",RES_hhdet_num!$B$2),FIND("]",CELL("filename",RES_hhdet_num!$B$2))+1,256)) -> RES_hhdet_num | D44: Number of households
B45: =HYPERLINK("#"&CELL("address",RES_hhdet_out!$B$2),MID(CELL("filename",RES_hhdet_out!$B$2),FIND("]",CELL("filename",RES_hhdet_out!$B$2))+1,256)) -> RES_hhdet_out | D45: Retired equipment
B46: =HYPERLINK("#"&CELL("address",RES_hhdet_in!$B$2),MID(CELL("filename",RES_hhdet_in!$B$2),FIND("]",CELL("filename",RES_hhdet_in!$B$2))+1,256)) -> RES_hhdet_in | D46: New equipment installations
B47: =HYPERLINK("#"&CELL("address",RES_hhdet_in_new!$B$2),MID(CELL("filename",RES_hhdet_in_new!$B$2),FIND("]",CELL("filename",RES_hhdet_in_new!$B$2))+1,256)) -> RES_hhdet_in_new | D47: New equipment installations in new and renovated households
B48: =HYPERLINK("#"&CELL("address",RES_hhdet_in_repl!$B$2),MID(CELL("filename",RES_hhdet_in_repl!$B$2),FIND("]",CELL("filename",RES_hhdet_in_repl!$B$2))+1,256)) -> RES_hhdet_in_repl | D48: New equipment installations via replacement
B49: =HYPERLINK("#"&CELL("address",RES_hhdet_numvin!$B$2),MID(CELL("filename",RES_hhdet_numvin!$B$2),FIND("]",CELL("filename",RES_hhdet_numvin!$B$2))+1,256)) -> RES_hhdet_numvin | D49: Equipment installations in 2015 - vintage structure
B51: Thermal uses - detailed structure
B52: =HYPERLINK("#"&CELL("address",RES_hhdet_fec!$B$2),MID(CELL("filename",RES_hhdet_fec!$B$2),FIND("]",CELL("filename",RES_hhdet_fec!$B$2))+1,256)) -> RES_hhdet_fec | D52: Final energy consumption
B53: =HYPERLINK("#"&CELL("address",RES_hhdet_tes!$B$2),MID(CELL("filename",RES_hhdet_tes!$B$2),FIND("]",CELL("filename",RES_hhdet_tes!$B$2))+1,256)) -> RES_hhdet_tes | D53: Thermal energy service
B54: =HYPERLINK("#"&CELL("address",RES_hhdet_eff!$B$2),MID(CELL("filename",RES_hhdet_eff!$B$2),FIND("]",CELL("filename",RES_hhdet_eff!$B$2))+1,256)) -> RES_hhdet_eff | D54: System efficiency indicator
B55: =HYPERLINK("#"&CELL("address",RES_hhdet_emi!$B$2),MID(CELL("filename",RES_hhdet_emi!$B$2),FIND("]",CELL("filename",RES_hhdet_emi!$B$2))+1,256)) -> RES_hhdet_emi | D55: CO2 emissions
B56: =HYPERLINK("#"&CELL("address",RES_hhdet_fech!$B$2),MID(CELL("filename",RES_hhdet_fech!$B$2),FIND("]",CELL("filename",RES_hhdet_fech!$B$2))+1,256)) -> RES_hhdet_fech | D56: Final energy consumption per household
B57: =HYPERLINK("#"&CELL("address",RES_hhdet_tesh!$B$2),MID(CELL("filename",RES_hhdet_tesh!$B$2),FIND("]",CELL("filename",RES_hhdet_tesh!$B$2))+1,256)) -> RES_hhdet_tesh | D57: Thermal energy service per household
B58: =HYPERLINK("#"&CELL("address",RES_hhdet_emih!$B$2),MID(CELL("filename",RES_hhdet_emih!$B$2),FIND("]",CELL("filename",RES_hhdet_emih!$B$2))+1,256)) -> RES_hhdet_emih | D58: CO2 emissions per household
B59: =HYPERLINK("#"&CELL("address",RES_hhdet_fecs!$B$2),MID(CELL("filename",RES_hhdet_fecs!$B$2),FIND("]",CELL("filename",RES_hhdet_fecs!$B$2))+1,256)) -> RES_hhdet_fecs | D59: Final energy consumption per surface area
B60: =HYPERLINK("#"&CELL("address",RES_hhdet_tess!$B$2),MID(CELL("filename",RES_hhdet_tess!$B$2),FIND("]",CELL("filename",RES_hhdet_tess!$B$2))+1,256)) -> RES_hhdet_tess | D60: Thermal energy service per surface area
B61: =HYPERLINK("#"&CELL("address",RES_hhdet_emis!$B$2),MID(CELL("filename",RES_hhdet_emis!$B$2),FIND("]",CELL("filename",RES_hhdet_emis!$B$2))+1,256)) -> RES_hhdet_emis | D61: CO2 emissions per surface area
B63: Thermal uses in new and renovated households - detailed structure
B64: =HYPERLINK("#"&CELL("address",RES_hhdet_in_fec!$B$2),MID(CELL("filename",RES_hhdet_in_fec!$B$2),FIND("]",CELL("filename",RES_hhdet_in_fec!$B$2))+1,256)) -> RES_hhdet_in_fec | D64: Final energy consumption
B65: =HYPERLINK("#"&CELL("address",RES_hhdet_in_tes!$B$2),MID(CELL("filename",RES_hhdet_in_tes!$B$2),FIND("]",CELL("filename",RES_hhdet_in_tes!$B$2))+1,256)) -> RES_hhdet_in_tes | D65: Thermal energy service
B66: =HYPERLINK("#"&CELL("address",RES_hhdet_in_eff!$B$2),MID(CELL("filename",RES_hhdet_in_eff!$B$2),FIND("]",CELL("filename",RES_hhdet_in_eff!$B$2))+1,256)) -> RES_hhdet_in_eff | D66: System efficiency indicator
B67: =HYPERLINK("#"&CELL("address",RES_hhdet_in_emi!$B$2),MID(CELL("filename",RES_hhdet_in_emi!$B$2),FIND("]",CELL("filename",RES_hhdet_in_emi!$B$2))+1,256)) -> RES_hhdet_in_emi | D67: CO2 emissions
B68: =HYPERLINK("#"&CELL("address",RES_hhdet_in_fech!$B$2),MID(CELL("filename",RES_hhdet_in_fech!$B$2),FIND("]",CELL("filename",RES_hhdet_in_fech!$B$2))+1,256)) -> RES_hhdet_in_fech | D68: Final energy consumption per household
B69: =HYPERLINK("#"&CELL("address",RES_hhdet_in_tesh!$B$2),MID(CELL("filename",RES_hhdet_in_tesh!$B$2),FIND("]",CELL("filename",RES_hhdet_in_tesh!$B$2))+1,256)) -> RES_hhdet_in_tesh | D69: Thermal energy service per household
B70: =HYPERLINK("#"&CELL("address",RES_hhdet_in_emih!$B$2),MID(CELL("filename",RES_hhdet_in_emih!$B$2),FIND("]",CELL("filename",RES_hhdet_in_emih!$B$2))+1,256)) -> RES_hhdet_in_emih | D70: CO2 emissions per household
B71: =HYPERLINK("#"&CELL("address",RES_hhdet_in_fecs!$B$2),MID(CELL("filename",RES_hhdet_in_fecs!$B$2),FIND("]",CELL("filename",RES_hhdet_in_fecs!$B$2))+1,256)) -> RES_hhdet_in_fecs | D71: Final energy consumption per surface area
B72: =HYPERLINK("#"&CELL("address",RES_hhdet_in_tess!$B$2),MID(CELL("filename",RES_hhdet_in_tess!$B$2),FIND("]",CELL("filename",RES_hhdet_in_tess!$B$2))+1,256)) -> RES_hhdet_in_tess | D72: Thermal energy service per surface area
B73: =HYPERLINK("#"&CELL("address",RES_hhdet_in_emis!$B$2),MID(CELL("filename",RES_hhdet_in_emis!$B$2),FIND("]",CELL("filename",RES_hhdet_in_emis!$B$2))+1,256)) -> RES_hhdet_in_emis | D73: CO2 emissions per surface area
B75: Detailed information by household type
B76: =HYPERLINK("#"&CELL("address",RES_hh_SLD!$B$2),MID(CELL("filename",RES_hh_SLD!$B$2),FIND("]",CELL("filename",RES_hh_SLD!$B$2))+1,256)) -> RES_hh_SLD | D76: Solid households
B77: =HYPERLINK("#"&CELL("address",RES_hh_LPG!$B$2),MID(CELL("filename",RES_hh_LPG!$B$2),FIND("]",CELL("filename",RES_hh_LPG!$B$2))+1,256)) -> RES_hh_LPG | D77: LPG households
B78: =HYPERLINK("#"&CELL("address",RES_hh_GDO!$B$2),MID(CELL("filename",RES_hh_GDO!$B$2),FIND("]",CELL("filename",RES_hh_GDO!$B$2))+1,256)) -> RES_hh_GDO | D78: Diesel oil households
B79: =HYPERLINK("#"&CELL("address",RES_hh_NGS!$B$2),MID(CELL("filename",RES_hh_NGS!$B$2),FIND("]",CELL("filename",RES_hh_NGS!$B$2))+1,256)) -> RES_hh_NGS | D79: Gas households
B80: =HYPERLINK("#"&CELL("address",RES_hh_BMS!$B$2),MID(CELL("filename",RES_hh_BMS!$B$2),FIND("]",CELL("filename",RES_hh_BMS!$B$2))+1,256)) -> RES_hh_BMS | D80: Biomass households
B81: =HYPERLINK("#"&CELL("address",RES_hh_GEO!$B$2),MID(CELL("filename",RES_hh_GEO!$B$2),FIND("]",CELL("filename",RES_hh_GEO!$B$2))+1,256)) -> RES_hh_GEO | D81: Geothermal households
B82: =HYPERLINK("#"&CELL("address",RES_hh_DHT!$B$2),MID(CELL("filename",RES_hh_DHT!$B$2),FIND("]",CELL("filename",RES_hh_DHT!$B$2))+1,256)) -> RES_hh_DHT | D82: Distributed heat households
B83: =HYPERLINK("#"&CELL("address",RES_hh_AEL!$B$2),MID(CELL("filename",RES_hh_AEL!$B$2),FIND("]",CELL("filename",RES_hh_AEL!$B$2))+1,256)) -> RES_hh_AEL | D83: Advanced electric heating households
B84: =HYPERLINK("#"&CELL("address",RES_hh_CEL!$B$2),MID(CELL("filename",RES_hh_CEL!$B$2),FIND("]",CELL("filename",RES_hh_CEL!$B$2))+1,256)) -> RES_hh_CEL | D84: Conventional electric heating households

Sheet RES_summary
A1: LT - Residential sector summary | B1: 2000 | C1: 2001 | D1: 2002 | E1: 2003 | F1: 2004 | G1: 2005 | H1: 2006 | I1: 2007 | J1: 2008 | K1: 2009 | L1: 2010 | M1: 2011 | N1: 2012 | O1: 2013 | P1: 2014 | Q1: 2015 | R1: 2016 | S1: 2017 | T1: 2018 | U1: 2019 | V1: 2020 | W1: 2021 | X1: 2022 | Y1: 2023 | DA1: Code
A3: Household consumption expenditure (M€2023) | B3: 18688.775 | C3: 19469.29 | D3: 20644.071 | E3: 22988.243 | F3: 25489.213 | G3: 28458.99 | H3: 31070.659 | I3: 34959.577 | J3: 36318.928 | K3: 30005.602 | L3: 28705.116 | M3: 29833.491 | N3: 30723.726 | O3: 31842.932 | P3: 33133.691 | Q3: 34519.613 | R3: 35826.538 | S3: 36939.538 | T3: 38251.064 | U3: 39329.726 | V3: 38077.778 | W3: 41147.431 | X3: 41966.651 | Y3: 41822.7 | DA3: Macro.Meuro2015.LT.ConsumptionExpenditure
A4: Population (inhabitants) | B4: 3512074 | C4: 3486998 | D4: 3454637 | E4: 3431497 | F4: 3398929 | G4: 3355220 | H4: 3289835 | I4: 3249983 | J4: 3212605 | K4: 3183856 | L4: 3141976 | M4: 3052588 | N4: 3003641 | O4: 2974637 | P4: 2947862 | Q4: 2926644 | R4: 2895573 | S4: 2859077 | T4: 2826200 | U4: 2812200 | V4: 2809977 | W4: 2810761 | X4: 2805998 | Y4: 2857279 | DA4: Macro.number.LT.Population
A6: Number of households | B6: 1369971 | C6: 1365154 | D6: 1357439 | E6: 1353304 | F6: 1345406 | G6: 1333023 | H6: 1293683 | I6: 1274503 | J6: 1310198 | K6: 1297415 | L6: 1315735 | M6: 1302299 | N6: 1295231 | O6: 1308683 | P6: 1302059 | Q6: 1310047 | R6: 1319168 | S6: 1317547 | T6: 1301197 | U6: 1301944 | V6: 1293728 | W6: 1340372 | X6: 1371120 | Y6: 1398570 | DA6: NUM.number.LT.Res.HH
A7: Total households useful surface area (in thousand sqm) | B7: 82971.546 | C7: 82679.807 | D7: 82183.16 | E7: 82050.123 | F7: 81838.655 | G7: 81753.752 | H7: 79942.489 | I7: 79092.159 | J7: 82072.129 | K7: 81618.685 | L7: 82868.709 | M7: 82175.067 | N7: 82402.985 | O7: 84738.878 | P7: 85320.589 | Q7: 87047.042 | R7: 88881.376 | S7: 89836.36 | T7: 89652.473 | U7: 90354.914 | V7: 90172.842 | W7: 93826.04 | X7: 96252.624 | Y7: 98459.328 | DA7: SurfaceArea.ksqm.LT.Res.HH
A8: Number of new and renovated households | B8: 0 | C8: 32618 | D8: 32504 | E8: 32320 | F8: 32222 | G8: 32033 | H8: 31739 | I8: 30802 | J8: 66040 | K8: 31195 | L8: 49211 | M8: 31327 | N8: 31007 | O8: 44291 | P8: 31159 | Q8: 38989 | R8: 40313 | S8: 31409 | T8: 31370 | U8: 31728 | V8: 30999 | W8: 77447 | X8: 62662 | Y8: 60096 | DA8: NUM.number.LT.Res.HHnew
A9: New and renovated households useful surface area (in thousand sqm) | B9: 0 | C9: 1975.4914 | D9: 1939.1946 | E9: 2074.84 | F9: 2218.3779 | G9: 2605.1278 | H9: 2493.5985 | I9: 2176.8017 | J9: 4817.7987 | K9: 2210.06 | L9: 3120.9199 | M9: 2017.4049 | N9: 2533.9095 | O9: 4203.6407 | P9: 2870.018 | Q9: 3604.0112 | R9: 3723.4609 | S9: 2955.4278 | T9: 2706.2488 | U9: 2578.7877 | V9: 2192.9631 | W9: 5518.7653 | X9: 4359.438 | Y9: 4183.8912 | DA9: SurfaceArea.ksqm.LT.Res.HHnew
A11: Actual heating degree-days | B11: 3566.72 | C11: 4011.72 | D11: 3834.5 | E11: 4085.35 | F11: 4071.09 | G11: 4020.15 | H11: 3892.89 | I11: 3739.7 | J11: 3555.94 | K11: 3949.81 | L11: 4415 | M11: 3767.86 | N11: 4081.27 | O11: 3873.17 | P11: 3729.28 | Q11: 3523.32 | R11: 3829.94 | S11: 3761.5 | T11: 3687.57 | U11: 3391.36 | V11: 3304.68 | W11: 4016.22 | X11: 3772.72 | Y11: 3461.92 | DA11: HDD.Celsius.LT.Actual
A12: Mean heating degree-days over period 2000 - 2020 | B12: =AVERAGE($B11:$V11) -> 3813.9438 | C12: =AVERAGE($B11:$V11) -> 3813.9438 | D12: =AVERAGE($B11:$V11) -> 3813.9438 | E12: =AVERAGE($B11:$V11) -> 3813.9438 | F12: =AVERAGE($B11:$V11) -> 3813.9438 | G12: =AVERAGE($B11:$V11) -> 3813.9438 | H12: =AVERAGE($B11:$V11) -> 3813.9438 | I12: =AVERAGE($B11:$V11) -> 3813.9438 | ... Y12: =AVERAGE($B11:$V11) -> 3813.9438 | DA12: HDD.Celsius.LT.Mean
A13: Relative heating degree-days | B13: =B11/B12 -> 0.93517896 | C13: =C11/C12 -> 1.0518561 | D13: =D11/D12 -> 1.0053897 | E13: =E11/E12 -> 1.0711616 | F13: =F11/F12 -> 1.0674226 | G13: =G11/G12 -> 1.0540664 | H13: =H11/H12 -> 1.0206994 | I13: =I11/I12 -> 0.98053359 | ... Y13: =Y11/Y12 -> 0.90770084 | DA13: HDD.ratio.LT.Relative
A15: Indicators
A17: Households size (inhabitants/household) | B17: =B4/B6 -> 2.5636119 | C17: =C4/C6 -> 2.5542891 | D17: =D4/D6 -> 2.5449667 | E17: =E4/E6 -> 2.5356439 | F17: =F4/F6 -> 2.5263222 | G17: =G4/G6 -> 2.5170008 | H17: =H4/H6 -> 2.5429993 | I17: =I4/I6 -> 2.5500003 | ... Y17: =Y4/Y6 -> 2.0430004
A18: Households useful surface area (in sqm/capita) | B18: =B7*1000/B4 -> 23.624658 | C18: =C7*1000/C4 -> 23.710885 | D18: =D7*1000/D4 -> 23.789232 | E18: =E7*1000/E4 -> 23.910883 | F18: =F7*1000/F4 -> 24.077777 | G18: =G7*1000/G4 -> 24.366137 | H18: =H7*1000/H4 -> 24.299848 | I18: =I7*1000/I4 -> 24.336176 | ... Y18: =Y7*1000/Y4 -> 34.459123
A19: Households useful surface area (in sqm/household) | B19: =B7*1000/B6 -> 60.564454 | C19: =C7*1000/C6 -> 60.564454 | D19: =D7*1000/D6 -> 60.542802 | E19: =E7*1000/E6 -> 60.629484 | F19: =F7*1000/F6 -> 60.828222 | G19: =G7*1000/G6 -> 61.329588 | H19: =H7*1000/H6 -> 61.794496 | I19: =I7*1000/I6 -> 62.057256 | ... Y19: =Y7*1000/Y6 -> 70.4
A20: New and renovated households useful surface area (in sqm/capita) | B20: =IF(SUM(B21)=0,"",B21/B17) | C20: =IF(SUM(C21)=0,"",C21/C17) -> 23.710885 | D20: =IF(SUM(D21)=0,"",D21/D17) -> 23.442422 | E20: =IF(SUM(E21)=0,"",E21/E17) -> 25.317743 | F20: =IF(SUM(F21)=0,"",F21/F17) -> 27.251745 | G20: =IF(SUM(G21)=0,"",G21/G17) -> 32.310826 | H20: =IF(SUM(H21)=0,"",H21/H17) -> 30.894918 | I20: =IF(SUM(I21)=0,"",I21/I17) -> 27.714033 | ... Y20: =IF(SUM(Y21)=0,"",Y21/Y17) -> 34.077394
A21: New and renovated households useful surface area (in sqm/household) | B21: =IF(SUM(B9)=0,"",B9*1000/B8) | C21: =IF(SUM(C9)=0,"",C9*1000/C8) -> 60.564454 | D21: =IF(SUM(D9)=0,"",D9*1000/D8) -> 59.660182 | E21: =IF(SUM(E9)=0,"",E9*1000/E8) -> 64.196781 | F21: =IF(SUM(F9)=0,"",F9*1000/F8) -> 68.846687 | G21: =IF(SUM(G9)=0,"",G9*1000/G8) -> 81.326377 | H21: =IF(SUM(H9)=0,"",H9*1000/H8) -> 78.565756 | I21: =IF(SUM(I9)=0,"",I9*1000/I8) -> 70.670791 | ... Y21: =IF(SUM(Y9)=0,"",Y9*1000/Y8) -> 69.620127
A22: Household consumption expenditure per capita (€2023) | B22: =B3*1000000/B4 -> 5321.2932 | C22: =C3*1000000/C4 -> 5583.3957 | D22: =D3*1000000/D4 -> 5975.757 | E22: =E3*1000000/E4 -> 6699.1879 | F22: =F3*1000000/F4 -> 7499.1896 | G22: =G3*1000000/G4 -> 8482.0041 | H22: =H3*1000000/H4 -> 9444.4431 | I22: =I3*1000000/I4 -> 10756.849 | ... Y22: =Y3*1000000/Y4 -> 14637.248
A23: Household consumption expenditure per household (€2023) | B23: =B3*1000000/B6 -> 13641.731 | C23: =C3*1000000/C6 -> 14261.607 | D23: =D3*1000000/D6 -> 15208.102 | E23: =E3*1000000/E6 -> 16986.755 | F23: =F3*1000000/F6 -> 18945.369 | G23: =G3*1000000/G6 -> 21349.211 | H23: =H3*1000000/H6 -> 24017.212 | I23: =I3*1000000/I6 -> 27429.968 | ... Y23: =Y3*1000000/Y6 -> 29903.902
A24: Consumption expenditure per household relative to the EU average | B24: 0.33872091 | C24: 0.34968565 | D24: 0.37036582 | E24: 0.41097614 | F24: 0.4528549 | G24: 0.50229068 | H24: 0.55654106 | I24: 0.62680479 | J24: 0.63740582 | K24: 0.54142683 | L24: 0.50939425 | M24: 0.53440486 | N24: 0.5624855 | O24: 0.58309842 | P24: 0.60727797 | Q24: 0.61874942 | R24: 0.6272648 | S24: 0.63604304 | T24: 0.65750054 | U24: 0.66891873 | V24: 0.70348411 | W24: 0.70102349 | X24: 0.6704738 | Y24: 0.65839035
A26: Energy consumption
A28: Energy consumption by fuel - Eurostat structure (ktoe) | B28: =SUM(B29:B30,B33:B34,B41:B42) -> 1367.1114 | C28: =SUM(C29:C30,C33:C34,C41:C42) -> 1418.913 | D28: =SUM(D29:D30,D33:D34,D41:D42) -> 1441.7541 | E28: =SUM(E29:E30,E33:E34,E41:E42) -> 1466.2307 | F28: =SUM(F29:F30,F33:F34,F41:F42) -> 1478.962 | G28: =SUM(G29:G30,G33:G34,G41:G42) -> 1507.7003 | H28: =SUM(H29:H30,H33:H34,H41:H42) -> 1570.1086 | I28: =SUM(I29:I30,I33:I34,I41:I42) -> 1504.68 | ... Y28: =SUM(Y29:Y30,Y33:Y34,Y41:Y42) -> 1531.8763 | DA28: FEC.ktoe.LT.ES.Res
A29: Solids | B29: 21.982459 | C29: 21.927257 | D29: 28.563027 | E29: 33.667412 | F29: 31.250645 | G29: 35.939123 | H29: 46.637661 | I29: 49.789166 | J29: 51.762597 | K29: 48.1773 | L29: 63.84196 | M29: 66.012124 | N29: 65.25804 | O29: 67.800172 | P29: 57.449183 | Q29: 46.439295 | R29: 50.685125 | S29: 57.363543 | T29: 59.114961 | U29: 46.065778 | V29: 34.930525 | W29: 42.523216 | X29: 39.841445 | Y29: 21.417283 | DA29: FEC.ktoe.LT.ES.Res.Solids
A30: Liquids | B30: =SUM(B31:B32) -> 78.787188 | C30: =SUM(C31:C32) -> 77.677472 | D30: =SUM(D31:D32) -> 75.458126 | E30: =SUM(E31:E32) -> 73.238779 | F30: =SUM(F31:F32) -> 64.361307 | G30: =SUM(G31:G32) -> 64.273431 | H30: =SUM(H31:H32) -> 56.505675 | I30: =SUM(I31:I32) -> 39.833964 | ... Y30: =SUM(Y31:Y32) -> 82.715735
A31: Liquified petroleum gas (LPG) | B31: 78.787188 | C31: 77.677472 | D31: 75.458126 | E31: 73.238779 | F31: 64.361307 | G31: 63.251677 | H31: 55.483921 | I31: 38.805245 | J31: 36.587876 | K31: 36.587876 | L31: 39.914015 | M31: 45.45761 | N31: 46.56638 | O31: 39.914015 | P31: 36.58779 | Q31: 31.688908 | R31: 34.966982 | S31: 37.51307 | T31: 35.6227 | U31: 38.791574 | V31: 32.700946 | W31: 27.560619 | X31: 31.4227 | Y31: 53.301462 | DA31: FEC.ktoe.LT.ES.Res.LPG
A32: Diesel oil and other liquids (without biofuels) | B32: 0 | C32: 0 | D32: 0 | E32: 0 | F32: 0 | G32: 1.0217541 | H32: 1.0217541 | I32: 1.0287188 | J32: 2.0574377 | K32: 3.0861565 | L32: 7.2009458 | M32: 8.2296647 | N32: 12.34454 | O32: 10.287102 | P32: 11.315821 | Q32: 9.2132416 | R32: 14.331728 | S32: 19.040671 | T32: 22.214187 | U32: 21.292863 | V32: 22.035082 | W32: 25.51969 | X32: 30.234222 | Y32: 29.414273 | DA32: FEC.ktoe.LT.ES.Res.Oil
A33: Natural gas | B33: 104.04127 | C33: 107.48065 | D33: 110.14617 | E33: 117.49785 | F33: 127.02064 | G33: 134.4583 | H33: 140.04729 | I33: 147.2055 | J33: 145.80825 | K33: 145.09888 | L33: 158.38349 | M33: 144.77644 | N33: 135.42562 | O33: 123.17283 | P33: 119.9914 | Q33: 122.67842 | R33: 145.46432 | S33: 153.7853 | T33: 164.72373 | U33: 160.85873 | V33: 174.37463 | W33: 219.90525 | X33: 197.52966 | Y33: 180.90545 | DA33: FEC.ktoe.LT.ES.Res.NG
A34: Renewable energies and wastes | B34: =SUM(B35:B40) -> 526.6313 | C34: =SUM(C35:C40) -> 538.33474 | D34: =SUM(D35:D40) -> 528.08831 | E34: =SUM(E35:E40) -> 532.88908 | F34: =SUM(F35:F40) -> 541.79802 | G34: =SUM(G35:G40) -> 555.57945 | H34: =SUM(H35:H40) -> 574.16165 | I34: =SUM(I35:I40) -> 552.30722 | ... Y34: =SUM(Y35:Y40) -> 524.08346
A35: Biomass and waste | B35: 526.6313 | C35: 538.33474 | D35: 528.08831 | E35: 532.88908 | F35: 541.79802 | G35: 555.57945 | H35: 574.16165 | I35: 552.30722 | J35: 573.06294 | K35: 584.1454 | L35: 573.80335 | M35: 558.15899 | N35: 560.49966 | O35: 539.67231 | P35: 508.28796 | Q35: 490.66113 | R35: 483.90181 | S35: 470.192 | T35: 479.6742 | U35: 461.37859 | V35: 460.25606 | W35: 462.23844 | X35: 440.67068 | Y35: 421.0853 | DA35: FEC.ktoe.LT.ES.Res.Biomass_Waste
A36: Biogas | B36: 0 | C36: 0 | D36: 0 | E36: 0 | F36: 0 | G36: 0 | H36: 0 | I36: 0 | J36: 0 | K36: 0 | L36: 0 | M36: 0 | N36: 0 | O36: 0 | P36: 0 | Q36: 0 | R36: 0 | S36: 0 | T36: 0 | U36: 0 | V36: 0 | W36: 0 | X36: 0 | Y36: 0.86772045 | DA36: FEC.ktoe.LT.ES.Res.Biogas
A37: Liquid biofuels | B37: 0 | C37: 0 | D37: 0 | E37: 0 | F37: 0 | G37: 0 | H37: 0 | I37: 0 | J37: 0 | K37: 0 | L37: 0 | M37: 0 | N37: 0 | O37: 0 | P37: 0 | Q37: 0 | R37: 0 | S37: 0 | T37: 0 | U37: 0 | V37: 0 | W37: 0 | X37: 0 | Y37: 0 | DA37: FEC.ktoe.LT.ES.Res.LiqBio
A38: Solar | B38: 0 | C38: 0 | D38: 0 | E38: 0 | F38: 0 | G38: 0 | H38: 0 | I38: 0 | J38: 0 | K38: 0 | L38: 0 | M38: 0 | N38: 0 | O38: 0 | P38: 0 | Q38: 0 | R38: 0 | S38: 0 | T38: 0 | U38: 0 | V38: 0 | W38: 0 | X38: 0 | Y38: 0 | DA38: FEC.ktoe.LT.ES.Res.Solar
A39: Geothermal | B39: 0 | C39: 0 | D39: 0 | E39: 0 | F39: 0 | G39: 0 | H39: 0 | I39: 0 | J39: 0 | K39: 0 | L39: 0 | M39: 0 | N39: 0 | O39: 0 | P39: 0 | Q39: 0 | R39: 0 | S39: 0 | T39: 0 | U39: 0 | V39: 0 | W39: 0 | X39: 0 | Y39: 0 | DA39: FEC.ktoe.LT.ES.Res.Geo
A40: Ambient heat | B40: 0 | C40: 0 | D40: 0 | E40: 0 | F40: 0 | G40: 0 | H40: 0 | I40: 0 | J40: 0 | K40: 0 | L40: 0 | M40: 0 | N40: 0 | O40: 1.3215731 | P40: 2.2258453 | Q40: 3.9766155 | R40: 7.5104683 | S40: 15.003649 | T40: 22.284351 | U40: 23.383061 | V40: 27.80172 | W40: 58.469475 | X40: 78.580224 | Y40: 102.13044 | DA40: FEC.ktoe.LT.ES.Res.Ambient
A41: Distributed heat | B41: 483.73457 | C41: 517.173 | D41: 543.78048 | E41: 544.01926 | F41: 534.82373 | G41: 531.5515 | H41: 548.62906 | I41: 501.52863 | J41: 507.78641 | K41: 517.24471 | L41: 527.37171 | M41: 485.57369 | N41: 487.53224 | O41: 464.67472 | P41: 440.00189 | Q41: 429.73156 | R41: 466.3466 | S41: 474.80172 | T41: 472.03113 | U41: 445.6626 | V41: 420.32098 | W41: 501.12261 | X41: 457.62872 | Y41: 452.13525 | DA41: FEC.ktoe.LT.ES.Res.Steam_Distr
A42: Electricity | B42: 151.93465 | C42: 156.31986 | D42: 155.71797 | E42: 164.91831 | F42: 179.70765 | G42: 185.89854 | H42: 204.12726 | I42: 214.01548 | J42: 234.73775 | K42: 234.30782 | L42: 222.69991 | M42: 225.10748 | N42: 227.17111 | O42: 222.7859 | P42: 228.37489 | Q42: 228.71883 | R42: 238.60705 | S42: 243.98968 | T42: 256.62081 | U42: 250.44712 | V42: 261.75408 | W42: 293.21582 | X42: 282.81169 | Y42: 270.61909 | DA42: FEC.ktoe.LT.ES.Res.Elec
A44: Energy consumption by end-uses (ktoe) | B44: =SUM(B45,B50) -> 1367.1114 | C44: =SUM(C45,C50) -> 1418.913 | D44: =SUM(D45,D50) -> 1441.7541 | E44: =SUM(E45,E50) -> 1466.2307 | F44: =SUM(F45,F50) -> 1478.962 | G44: =SUM(G45,G50) -> 1507.7003 | H44: =SUM(H45,H50) -> 1570.1086 | I44: =SUM(I45,I50) -> 1504.68 | ... Y44: =SUM(Y45,Y50) -> 1429.7458 | DA44: FEC.ktoe.LT.Res.HH
A45: Thermal uses | B45: =SUM(B46:B49) -> 1230.3048 | C45: =SUM(C46:C49) -> 1279.4047 | D45: =SUM(D46:D49) -> 1299.7692 | E45: =SUM(E46:E49) -> 1319.3491 | F45: =SUM(F46:F49) -> 1328.495 | G45: =SUM(G46:G49) -> 1354.1333 | H45: =SUM(H46:H49) -> 1415.0082 | I45: =SUM(I46:I49) -> 1348.2486 | ... Y45: =SUM(Y46:Y49) -> 1237.5924 | DA45: FEC.ktoe.LT.Res.HH.Thermal
A46: Space heating (without ambient heat) | B46: 1082.1876 | C46: 1129.3752 | D46: 1158.2728 | E46: 1171.714 | F46: 1171.8469 | G46: 1195.5709 | H46: 1245.6325 | I46: 1190.6129 | J46: 1215.9401 | K46: 1233.6358 | L46: 1269.1396 | M46: 1199.4171 | N46: 1199.7868 | O46: 1145.2745 | P46: 1079.21 | Q46: 1047.8706 | R46: 1109.4144 | S46: 1129.482 | T46: 1146.9476 | U46: 1087.2581 | V46: 1073.7845 | W46: 1181.9622 | X46: 1104.6561 | Y46: 1076.5543 | DA46: FEC.ktoe.LT.Res.HH.Thermal.SH
A47: Cooling | B47: 0.001141309 | C47: 0.0013836495 | D47: 0.0018870592 | E47: 0.0031938935 | F47: 0.0057012816 | G47: 0.010309815 | H47: 0.03312332 | I47: 0.018276916 | J47: 0.018145073 | K47: 0.022971355 | L47: 0.19619309 | M47: 0.025320899 | N47: 0.076057011 | O47: 0.041686415 | P47: 0.09883377 | Q47: 0.069077735 | R47: 0.049556293 | S47: 0.0456924 | T47: 0.076889076 | U47: 0.063131721 | V47: 0.041112518 | W47: 0.14091814 | X47: 0.10243956 | Y47: 0.089710774 | DA47: FEC.ktoe.LT.Res.HH.Thermal.SC
A48: Water heating | B48: 55.489588 | C48: 58.276559 | D48: 54.275107 | E48: 58.628791 | F48: 68.134681 | G48: 70.290682 | H48: 77.139119 | I48: 71.485342 | J48: 79.295034 | K48: 80.196243 | L48: 75.586787 | M48: 78.76889 | N48: 80.399683 | O48: 75.790693 | P48: 78.597024 | Q48: 77.442024 | R48: 82.09629 | S48: 82.257343 | T48: 80.371308 | U48: 75.204059 | V48: 71.90737 | W48: 114.5122 | X48: 104.26096 | Y48: 75.425487 | DA48: FEC.ktoe.LT.Res.HH.Thermal.WH
A49: Cooking | B49: 92.626422 | C49: 91.751543 | D49: 87.21938 | E49: 89.003205 | F49: 88.507682 | G49: 88.261447 | H49: 92.20349 | I49: 86.132126 | J49: 94.204811 | K49: 89.828954 | L49: 80.105141 | M49: 88.226876 | N49: 88.749143 | O49: 78.342703 | P49: 74.281152 | Q49: 60.954258 | R49: 63.327983 | S49: 60.51058 | T49: 69.963639 | U49: 72.497625 | V49: 66.239153 | W49: 69.713798 | X49: 71.727516 | Y49: 85.522839 | DA49: FEC.ktoe.LT.Res.HH.Thermal.CO
A50: Specific electricity uses (appliances and lighting) | B50: 136.80666 | C50: 139.50826 | D50: 141.98493 | E50: 146.88155 | F50: 150.46701 | G50: 153.56705 | H50: 155.10039 | I50: 156.43132 | J50: 162.34517 | K50: 164.96419 | L50: 168.18771 | M50: 166.87784 | N50: 165.78587 | O50: 168.85744 | P50: 169.82192 | Q50: 172.7954 | R50: 179.41534 | S50: 184.39042 | T50: 192.64227 | U50: 189.47433 | V50: 194.40018 | W50: 205.75648 | X50: 199.39213 | Y50: 192.15346 | DA50: FEC.ktoe.LT.Res.HH.Appl
A52: Shares of energy consumption in end-uses (in %) | B52: =IF(B44=0,0,B44/B$44) -> 1 | C52: =IF(C44=0,0,C44/C$44) -> 1 | D52: =IF(D44=0,0,D44/D$44) -> 1 | E52: =IF(E44=0,0,E44/E$44) -> 1 | F52: =IF(F44=0,0,F44/F$44) -> 1 | G52: =IF(G44=0,0,G44/G$44) -> 1 | H52: =IF(H44=0,0,H44/H$44) -> 1 | I52: =IF(I44=0,0,I44/I$44) -> 1 | ... Y52: =IF(Y44=0,0,Y44/Y$44) -> 1
A53: Thermal uses | B53: =IF(B45=0,0,B45/B$44) -> 0.89993013 | C53: =IF(C45=0,0,C45/C$44) -> 0.90167948 | D53: =IF(D45=0,0,D45/D$44) -> 0.90151932 | E53: =IF(E45=0,0,E45/E$44) -> 0.89982371 | F53: =IF(F45=0,0,F45/F$44) -> 0.89826175 | G53: =IF(G45=0,0,G45/G$44) -> 0.89814484 | H53: =IF(H45=0,0,H45/H$44) -> 0.90121677 | I53: =IF(I45=0,0,I45/I$44) -> 0.89603682 | ... Y53: =IF(Y45=0,0,Y45/Y$44) -> 0.86560307
A54: Space heating | B54: =IF(B46=0,0,B46/B$44) -> 0.79158699 | C54: =IF(C46=0,0,C46/C$44) -> 0.79594397 | D54: =IF(D46=0,0,D46/D$44) -> 0.80337749 | E54: =IF(E46=0,0,E46/E$44) -> 0.79913342 | F54: =IF(F46=0,0,F46/F$44) -> 0.79234418 | G54: =IF(G46=0,0,G46/G$44) -> 0.79297644 | H54: =IF(H46=0,0,H46/H$44) -> 0.7933416 | I54: =IF(I46=0,0,I46/I$44) -> 0.79127318 | ... Y54: =IF(Y46=0,0,Y46/Y$44) -> 0.75296903
A55: Cooling | B55: =IF(B47=0,0,B47/B$44) -> 8.3483245e-07 | C55: =IF(C47=0,0,C47/C$44) -> 9.7514753e-07 | D55: =IF(D47=0,0,D47/D$44) -> 1.3088635e-06 | E55: =IF(E47=0,0,E47/E$44) -> 2.1783022e-06 | F55: =IF(F47=0,0,F47/F$44) -> 3.854921e-06 | G55: =IF(G47=0,0,G47/G$44) -> 6.838106e-06 | H55: =IF(H47=0,0,H47/H$44) -> 2.1096197e-05 | I55: =IF(I47=0,0,I47/I$44) -> 1.2146713e-05 | ... Y55: =IF(Y47=0,0,Y47/Y$44) -> 6.274596e-05
A56: Water heating | B56: =IF(B48=0,0,B48/B$44) -> 0.040588928 | C56: =IF(C48=0,0,C48/C$44) -> 0.041071271 | D56: =IF(D48=0,0,D48/D$44) -> 0.03764519 | E56: =IF(E48=0,0,E48/E$44) -> 0.039986062 | F56: =IF(F48=0,0,F48/F$44) -> 0.046069258 | G56: =IF(G48=0,0,G48/G$44) -> 0.046621122 | H56: =IF(H48=0,0,H48/H$44) -> 0.049129799 | I56: =IF(I48=0,0,I48/I$44) -> 0.047508669 | ... Y56: =IF(Y48=0,0,Y48/Y$44) -> 0.052754473
A57: Cooking | B57: =IF(B49=0,0,B49/B$44) -> 0.067753381 | C57: =IF(C49=0,0,C49/C$44) -> 0.064663262 | D57: =IF(D49=0,0,D49/D$44) -> 0.060495324 | E57: =IF(E49=0,0,E49/E$44) -> 0.060702047 | F57: =IF(F49=0,0,F49/F$44) -> 0.05984446 | G57: =IF(G49=0,0,G49/G$44) -> 0.058540444 | H57: =IF(H49=0,0,H49/H$44) -> 0.058724276 | I57: =IF(I49=0,0,I49/I$44) -> 0.057242821 | ... Y57: =IF(Y49=0,0,Y49/Y$44) -> 0.059816813
A58: Specific electricity uses (appliances and lighting) | B58: =IF(B50=0,0,B50/B$44) -> 0.10006987 | C58: =IF(C50=0,0,C50/C$44) -> 0.098320519 | D58: =IF(D50=0,0,D50/D$44) -> 0.098480683 | E58: =IF(E50=0,0,E50/E$44) -> 0.10017629 | F58: =IF(F50=0,0,F50/F$44) -> 0.10173825 | G58: =IF(G50=0,0,G50/G$44) -> 0.10185516 | H58: =IF(H50=0,0,H50/H$44) -> 0.098783227 | I58: =IF(I50=0,0,I50/I$44) -> 0.10396318 | ... Y58: =IF(Y50=0,0,Y50/Y$44) -> 0.13439693
A60: Emissions
A62: Emissions by fuel - Eurostat structure (kt of CO2) | B62: 543.05628 | C62: 547.77244 | D62: 575.45413 | E62: 607.83153 | F62: 596.89922 | G62: 634.3314 | H62: 670.26556 | I62: 654.95719 | J62: 657.81569 | K62: 644.86083 | L62: 761.03076 | M62: 754.80449 | N62: 746.13794 | O62: 703.22333 | P62: 647.78033 | Q62: 589.85585 | R62: 685.8118 | S62: 753.81548 | T62: 792.15914 | U62: 735.34917 | V62: 707.37852 | W62: 842.53813 | X62: 804.62865 | Y62: 745.22702 | DA62: EMI.ktCO2.LT.ES.Res
A63: Solids | B63: 90.53911 | C63: 90.108598 | D63: 117.39275 | E63: 138.3658 | F63: 128.51955 | G63: 148.24379 | H63: 191.57195 | I63: 203.4917 | J63: 212.29854 | K63: 197.81834 | L63: 261.23241 | M63: 269.12935 | N63: 266.73065 | O63: 276.55306 | P63: 234.17852 | Q63: 189.40808 | R63: 207.3047 | S63: 234.42856 | T63: 242.22861 | U63: 188.98332 | V63: 143.05456 | W63: 174.04147 | X63: 163.85807 | Y63: 88.246265 | DA63: EMI.ktCO2.LT.ES.Res.Solids
A64: Liquids | B64: 208.14557 | C64: 205.21385 | D64: 199.35062 | E64: 193.48739 | F64: 170.03426 | G64: 170.27267 | H64: 149.75126 | I64: 105.70996 | J64: 103.04348 | K64: 106.23499 | L64: 127.78802 | M64: 145.625 | N64: 161.32029 | O64: 137.36257 | P64: 131.76663 | Q64: 112.30133 | R64: 136.84127 | S64: 158.17682 | T64: 163.02828 | U64: 168.5417 | V64: 154.75373 | W64: 151.98436 | X64: 176.81393 | Y64: 232.07097
A65: Liquified petroleum gas (LPG) | B65: 208.14557 | C65: 205.21385 | D65: 199.35062 | E65: 193.48739 | F65: 170.03426 | G65: 167.10276 | H65: 146.58135 | I65: 102.51844 | J65: 96.660442 | K65: 96.660442 | L65: 105.44767 | M65: 120.09313 | N65: 123.02236 | O65: 105.44767 | P65: 96.660215 | Q65: 83.718001 | R65: 92.378249 | S65: 99.104683 | T65: 94.110571 | U65: 102.48233 | V65: 86.391674 | W65: 72.811595 | X65: 83.014713 | Y65: 140.81558 | DA65: EMI.ktCO2.LT.ES.Res.LPG
A66: Diesel oil and other liquids (without biofuels) | B66: 0 | C66: 0 | D66: 0 | E66: 0 | F66: 0 | G66: 3.1699091 | H66: 3.1699091 | I66: 3.1915166 | J66: 6.3830333 | K66: 9.5745499 | L66: 22.34035 | M66: 25.531866 | N66: 38.297933 | O66: 31.9149 | P66: 35.106416 | Q66: 28.583334 | R66: 44.463023 | S66: 59.072135 | T66: 68.917713 | U66: 66.059379 | V66: 68.362052 | W66: 79.172767 | X66: 93.799218 | Y66: 91.255395 | DA66: EMI.ktCO2.LT.ES.Res.Oil
A67: Natural gas | B67: 244.3716 | C67: 252.45 | D67: 258.71076 | E67: 275.97834 | F67: 298.34541 | G67: 315.81495 | H67: 328.94235 | I67: 345.75552 | J67: 342.47367 | K67: 340.8075 | L67: 372.01032 | M67: 340.05015 | N67: 318.087 | O67: 289.3077 | P67: 281.83518 | Q67: 288.14643 | R67: 341.66583 | S67: 361.21011 | T67: 386.90224 | U67: 377.82414 | V67: 409.57023 | W67: 516.5123 | X67: 463.95665 | Y67: 424.90979 | DA67: EMI.ktCO2.LT.ES.Res.NG
A68: Renewable energies and wastes | B68: 0 | C68: 0 | D68: 0 | E68: 0 | F68: 0 | G68: 0 | H68: 0 | I68: 0 | J68: 0 | K68: 0 | L68: 0 | M68: 0 | N68: 0 | O68: 0 | P68: 0 | Q68: 0 | R68: 0 | S68: 0 | T68: 0 | U68: 0 | V68: 0 | W68: 0 | X68: 0 | Y68: 0
A69: Biomass and waste | B69: 0 | C69: 0 | D69: 0 | E69: 0 | F69: 0 | G69: 0 | H69: 0 | I69: 0 | J69: 0 | K69: 0 | L69: 0 | M69: 0 | N69: 0 | O69: 0 | P69: 0 | Q69: 0 | R69: 0 | S69: 0 | T69: 0 | U69: 0 | V69: 0 | W69: 0 | X69: 0 | Y69: 0 | DA69: EMI.ktCO2.LT.ES.Res.Biomass_Waste
A70: Biogas | B70: 0 | C70: 0 | D70: 0 | E70: 0 | F70: 0 | G70: 0 | H70: 0 | I70: 0 | J70: 0 | K70: 0 | L70: 0 | M70: 0 | N70: 0 | O70: 0 | P70: 0 | Q70: 0 | R70: 0 | S70: 0 | T70: 0 | U70: 0 | V70: 0 | W70: 0 | X70: 0 | Y70: 0 | DA70: EMI.ktCO2.LT.ES.Res.Biogas
A71: Liquid biofuels | B71: 0 | C71: 0 | D71: 0 | E71: 0 | F71: 0 | G71: 0 | H71: 0 | I71: 0 | J71: 0 | K71: 0 | L71: 0 | M71: 0 | N71: 0 | O71: 0 | P71: 0 | Q71: 0 | R71: 0 | S71: 0 | T71: 0 | U71: 0 | V71: 0 | W71: 0 | X71: 0 | Y71: 0 | DA71: EMI.ktCO2.LT.ES.Res.LiqBio
A72: Solar | B72: 0 | C72: 0 | D72: 0 | E72: 0 | F72: 0 | G72: 0 | H72: 0 | I72: 0 | J72: 0 | K72: 0 | L72: 0 | M72: 0 | N72: 0 | O72: 0 | P72: 0 | Q72: 0 | R72: 0 | S72: 0 | T72: 0 | U72: 0 | V72: 0 | W72: 0 | X72: 0 | Y72: 0 | DA72: EMI.ktCO2.LT.ES.Res.Solar
A73: Geothermal | B73: 0 | C73: 0 | D73: 0 | E73: 0 | F73: 0 | G73: 0 | H73: 0 | I73: 0 | J73: 0 | K73: 0 | L73: 0 | M73: 0 | N73: 0 | O73: 0 | P73: 0 | Q73: 0 | R73: 0 | S73: 0 | T73: 0 | U73: 0 | V73: 0 | W73: 0 | X73: 0 | Y73: 0 | DA73: EMI.ktCO2.LT.ES.Res.Geo
A74: Ambient heat | B74: 0 | C74: 0 | D74: 0 | E74: 0 | F74: 0 | G74: 0 | H74: 0 | I74: 0 | J74: 0 | K74: 0 | L74: 0 | M74: 0 | N74: 0 | O74: 0 | P74: 0 | Q74: 0 | R74: 0 | S74: 0 | T74: 0 | U74: 0 | V74: 0 | W74: 0 | X74: 0 | Y74: 0 | DA74: EMI.ktCO2.LT.ES.Res.Ambient
A75: Distributed heat | B75: 0 | C75: 0 | D75: 0 | E75: 0 | F75: 0 | G75: 0 | H75: 0 | I75: 0 | J75: 0 | K75: 0 | L75: 0 | M75: 0 | N75: 0 | O75: 0 | P75: 0 | Q75: 0 | R75: 0 | S75: 0 | T75: 0 | U75: 0 | V75: 0 | W75: 0 | X75: 0 | Y75: 0 | DA75: EMI.ktCO2.LT.ES.Res.Steam_Distr
A76: Electricity | B76: 0 | C76: 0 | D76: 0 | E76: 0 | F76: 0 | G76: 0 | H76: 0 | I76: 0 | J76: 0 | K76: 0 | L76: 0 | M76: 0 | N76: 0 | O76: 0 | P76: 0 | Q76: 0 | R76: 0 | S76: 0 | T76: 0 | U76: 0 | V76: 0 | W76: 0 | X76: 0 | Y76: 0 | DA76: EMI.ktCO2.LT.ES.Res.Elec
A78: Emissions by end-uses (kt of CO2) | B78: =B79+B84 -> 543.05628 | C78: =C79+C84 -> 547.77244 | D78: =D79+D84 -> 575.45413 | E78: =E79+E84 -> 607.83153 | F78: =F79+F84 -> 596.89922 | G78: =G79+G84 -> 634.3314 | H78: =H79+H84 -> 670.26556 | I78: =I79+I84 -> 654.95719 | ... Y78: =Y79+Y84 -> 745.22702 | DA78: EMI.ktCO2.LT.Res.HH
A79: Thermal uses | B79: =SUM(B80:B83) -> 543.05628 | C79: =SUM(C80:C83) -> 547.77244 | D79: =SUM(D80:D83) -> 575.45413 | E79: =SUM(E80:E83) -> 607.83153 | F79: =SUM(F80:F83) -> 596.89922 | G79: =SUM(G80:G83) -> 634.3314 | H79: =SUM(H80:H83) -> 670.26556 | I79: =SUM(I80:I83) -> 654.95719 | ... Y79: =SUM(Y80:Y83) -> 745.22702 | DA79: EMI.ktCO2.LT.Res.HH.Thermal
A80: Space heating | B80: 318.41261 | C80: 326.35564 | D80: 360.3723 | E80: 393.98202 | F80: 400.53889 | G80: 438.15746 | H80: 488.41442 | I80: 511.03826 | J80: 515.56903 | K80: 504.77304 | L80: 609.99954 | M80: 586.7965 | N80: 576.69544 | O80: 554.20244 | P80: 506.85827 | Q80: 464.91378 | R80: 544.67623 | S80: 602.94642 | T80: 640.1454 | U80: 577.9547 | V80: 567.31617 | W80: 688.31611 | X80: 646.86639 | Y80: 552.18499 | DA80: EMI.ktCO2.LT.Res.HH.Thermal.SH
A81: Cooling | B81: 0 | C81: 0 | D81: 0 | E81: 0 | F81: 0 | G81: 0 | H81: 0 | I81: 0 | J81: 0 | K81: 0 | L81: 0 | M81: 0 | N81: 0 | O81: 0 | P81: 0 | Q81: 0 | R81: 0 | S81: 0 | T81: 0 | U81: 0 | V81: 0 | W81: 0 | X81: 0 | Y81: 0 | DA81: EMI.ktCO2.LT.Res.HH.Thermal.SC
A82: Water heating | B82: 16.026522 | C82: 16.402842 | D82: 16.670458 | E82: 19.325509 | F82: 21.969609 | G82: 23.992301 | H82: 27.148758 | I82: 28.255511 | J82: 30.144567 | K82: 29.761704 | L82: 33.818201 | M82: 35.433505 | N82: 35.286087 | O82: 33.771336 | P82: 33.684641 | Q82: 31.810275 | R82: 37.278283 | S82: 40.521813 | T82: 40.49889 | U82: 36.79794 | V82: 35.091951 | W82: 58.579402 | X82: 52.442805 | Y82: 33.937884 | DA82: EMI.ktCO2.LT.Res.HH.Thermal.WH
A83: Cooking | B83: 208.61715 | C83: 205.01396 | D83: 198.41138 | E83: 194.524 | F83: 174.39072 | G83: 172.18165 | H83: 154.70238 | I83: 115.66341 | J83: 112.10209 | K83: 110.32609 | L83: 117.21301 | M83: 132.57449 | N83: 134.15641 | O83: 115.24955 | P83: 107.23743 | Q83: 93.131795 | R83: 103.85729 | S83: 110.34725 | T83: 111.51485 | U83: 120.59653 | V83: 104.9704 | W83: 95.64262 | X83: 105.31946 | Y83: 159.10415 | DA83: EMI.ktCO2.LT.Res.HH.Thermal.CO
A84: Specific electricity uses (appliances and lighting) | B84: 0 | C84: 0 | D84: 0 | E84: 0 | F84: 0 | G84: 0 | H84: 0 | I84: 0 | J84: 0 | K84: 0 | L84: 0 | M84: 0 | N84: 0 | O84: 0 | P84: 0 | Q84: 0 | R84: 0 | S84: 0 | T84: 0 | U84: 0 | V84: 0 | W84: 0 | X84: 0 | Y84: 0 | DA84: EMI.ktCO2.LT.Res.HH.Appl
A86: Share of emissions in end-uses (in %) | B86: =IF(B78=0,0,B78/B$78) -> 1 | C86: =IF(C78=0,0,C78/C$78) -> 1 | D86: =IF(D78=0,0,D78/D$78) -> 1 | E86: =IF(E78=0,0,E78/E$78) -> 1 | F86: =IF(F78=0,0,F78/F$78) -> 1 | G86: =IF(G78=0,0,G78/G$78) -> 1 | H86: =IF(H78=0,0,H78/H$78) -> 1 | I86: =IF(I78=0,0,I78/I$78) -> 1 | ... Y86: =IF(Y78=0,0,Y78/Y$78) -> 1
A87: Thermal uses | B87: =IF(B79=0,0,B79/B$78) -> 1 | C87: =IF(C79=0,0,C79/C$78) -> 1 | D87: =IF(D79=0,0,D79/D$78) -> 1 | E87: =IF(E79=0,0,E79/E$78) -> 1 | F87: =IF(F79=0,0,F79/F$78) -> 1 | G87: =IF(G79=0,0,G79/G$78) -> 1 | H87: =IF(H79=0,0,H79/H$78) -> 1 | I87: =IF(I79=0,0,I79/I$78) -> 1 | ... Y87: =IF(Y79=0,0,Y79/Y$78) -> 1
A88: Space heating | B88: =IF(B80=0,0,B80/B$78) -> 0.58633446 | C88: =IF(C80=0,0,C80/C$78) -> 0.59578689 | D88: =IF(D80=0,0,D80/D$78) -> 0.62623983 | E88: =IF(E80=0,0,E80/E$78) -> 0.64817635 | F88: =IF(F80=0,0,F80/F$78) -> 0.67103269 | G88: =IF(G80=0,0,G80/G$78) -> 0.69073903 | H88: =IF(H80=0,0,H80/H$78) -> 0.72868793 | I88: =IF(I80=0,0,I80/I$78) -> 0.78026209 | ... Y88: =IF(Y80=0,0,Y80/Y$78) -> 0.74096212
A89: Cooling | B89: =IF(B81=0,0,B81/B$78) -> 0 | C89: =IF(C81=0,0,C81/C$78) -> 0 | D89: =IF(D81=0,0,D81/D$78) -> 0 | E89: =IF(E81=0,0,E81/E$78) -> 0 | F89: =IF(F81=0,0,F81/F$78) -> 0 | G89: =IF(G81=0,0,G81/G$78) -> 0 | H89: =IF(H81=0,0,H81/H$78) -> 0 | I89: =IF(I81=0,0,I81/I$78) -> 0 | ... Y89: =IF(Y81=0,0,Y81/Y$78) -> 0
A90: Water heating | B90: =IF(B82=0,0,B82/B$78) -> 0.029511715 | C90: =IF(C82=0,0,C82/C$78) -> 0.029944629 | D90: =IF(D82=0,0,D82/D$78) -> 0.028969221 | E90: =IF(E82=0,0,E82/E$78) -> 0.031794186 | F90: =IF(F82=0,0,F82/F$78) -> 0.036806229 | G90: =IF(G82=0,0,G82/G$78) -> 0.037822975 | H90: =IF(H82=0,0,H82/H$78) -> 0.04050448 | I90: =IF(I82=0,0,I82/I$78) -> 0.043141005 | ... Y90: =IF(Y82=0,0,Y82/Y$78) -> 0.04554033
A91: Cooking | B91: =IF(B83=0,0,B83/B$78) -> 0.38415383 | C91: =IF(C83=0,0,C83/C$78) -> 0.37426848 | D91: =IF(D83=0,0,D83/D$78) -> 0.34479095 | E91: =IF(E83=0,0,E83/E$78) -> 0.32002946 | F91: =IF(F83=0,0,F83/F$78) -> 0.29216108 | G91: =IF(G83=0,0,G83/G$78) -> 0.271438 | H91: =IF(H83=0,0,H83/H$78) -> 0.23080759 | I91: =IF(I83=0,0,I83/I$78) -> 0.17659691 | ... Y91: =IF(Y83=0,0,Y83/Y$78) -> 0.21349755
A92: Specific electricity uses (appliances and lighting) | B92: =IF(B84=0,0,B84/B$78) -> 0 | C92: =IF(C84=0,0,C84/C$78) -> 0 | D92: =IF(D84=0,0,D84/D$78) -> 0 | E92: =IF(E84=0,0,E84/E$78) -> 0 | F92: =IF(F84=0,0,F84/F$78) -> 0 | G92: =IF(G84=0,0,G84/G$78) -> 0 | H92: =IF(H84=0,0,H84/H$78) -> 0 | I92: =IF(I84=0,0,I84/I$78) -> 0 | ... Y92: =IF(Y84=0,0,Y84/Y$78) -> 0
A94: Additional household indicators
A96: Energy consumption per household (kWh / household) | B96: =B44*11630*1000/B$6 -> 11605.725 | C96: =C44*11630*1000/C$6 -> 12087.983 | D96: =D44*11630*1000/D$6 -> 12352.378 | E96: =E44*11630*1000/E$6 -> 12600.467 | F96: =F44*11630*1000/F$6 -> 12784.489 | G96: =G44*11630*1000/G$6 -> 13153.978 | H96: =H44*11630*1000/H$6 -> 14115.021 | I96: =I44*11630*1000/I$6 -> 13730.394 | ... Y96: =Y44*11630*1000/Y$6 -> 11889.247 | DA96: FEC_per_household.kWh.LT.Res.HH
A97: Thermal uses | B97: =B45*11630*1000/B$6 -> 10444.341 | C97: =C45*11630*1000/C$6 -> 10899.486 | D97: =D45*11630*1000/D$6 -> 11135.908 | E97: =E45*11630*1000/E$6 -> 11338.199 | F97: =F45*11630*1000/F$6 -> 11483.817 | G97: =G45*11630*1000/G$6 -> 11814.177 | H97: =H45*11630*1000/H$6 -> 12720.694 | I97: =I45*11630*1000/I$6 -> 12302.938 | ... Y97: =Y45*11630*1000/Y$6 -> 10291.369 | DA97: FEC_per_household.kWh.LT.Res.HH.Thermal
A98: Space heating | B98: =B46*11630*1000/B$6 -> 9186.9405 | C98: =C46*11630*1000/C$6 -> 9621.357 | D98: =D46*11630*1000/D$6 -> 9923.6227 | E98: =E46*11630*1000/E$6 -> 10069.455 | F98: =F46*11630*1000/F$6 -> 10129.715 | G98: =G46*11630*1000/G$6 -> 10430.795 | H98: =H46*11630*1000/H$6 -> 11198.034 | I98: =I46*11630*1000/I$6 -> 10864.492 | ... Y98: =Y46*11630*1000/Y$6 -> 8952.2347 | DA98: FEC_per_household.kWh.LT.Res.HH.Thermal.SH
A99: Cooling | B99: =B47*11630*1000/B$6 -> 0.0096888354 | C99: =C47*11630*1000/C$6 -> 0.011787567 | D99: =D47*11630*1000/D$6 -> 0.016167576 | E99: =E47*11630*1000/E$6 -> 0.027447625 | F99: =F47*11630*1000/F$6 -> 0.049283194 | G99: =G47*11630*1000/G$6 -> 0.089948295 | H99: =H47*11630*1000/H$6 -> 0.29777327 | I99: =I47*11630*1000/I$6 -> 0.16677915 | ... Y99: =Y47*11630*1000/Y$6 -> 0.74600221 | DA99: FEC_per_household.kWh.LT.Res.HH.Thermal.SC
A100: Water heating | B100: =B48*11630*1000/B$6 -> 471.06392 | C100: =C48*11630*1000/C$6 -> 496.46881 | D100: =D48*11630*1000/D$6 -> 465.00763 | E100: =E48*11630*1000/E$6 -> 503.84307 | F100: =F48*11630*1000/F$6 -> 588.97191 | G100: =G48*11630*1000/G$6 -> 613.2532 | H100: =H48*11630*1000/H$6 -> 693.46815 | I100: =I48*11630*1000/I$6 -> 652.31273 | ... Y100: =Y48*11630*1000/Y$6 -> 627.21095 | DA100: FEC_per_household.kWh.LT.Res.HH.Thermal.WH
A101: Cooking | B101: =B49*11630*1000/B$6 -> 786.32707 | C101: =C49*11630*1000/C$6 -> 781.6484 | D101: =D49*11630*1000/D$6 -> 747.26112 | E101: =E49*11630*1000/E$6 -> 764.87417 | F101: =F49*11630*1000/F$6 -> 765.08083 | G101: =G49*11630*1000/G$6 -> 770.0397 | H101: =H49*11630*1000/H$6 -> 828.8944 | I101: =I49*11630*1000/I$6 -> 785.96647 | ... Y101: =Y49*11630*1000/Y$6 -> 711.17686 | DA101: FEC_per_household.kWh.LT.Res.HH.Thermal.CO
A102: Specific electricity uses (appliances and lighting) | B102: =B50*11630*1000/B$6 -> 1161.3833 | C102: =C50*11630*1000/C$6 -> 1188.4967 | D102: =D50*11630*1000/D$6 -> 1216.4706 | E102: =E50*11630*1000/E$6 -> 1262.2681 | F102: =F50*11630*1000/F$6 -> 1300.6715 | G102: =G50*11630*1000/G$6 -> 1339.8005 | H102: =H50*11630*1000/H$6 -> 1394.3273 | I102: =I50*11630*1000/I$6 -> 1427.4554 | ... Y102: =Y50*11630*1000/Y$6 -> 1597.8783 | DA102: FEC_per_household.kWh.LT.Res.HH.Appl
A104: Thermal energy service per household (kWh useful / household) | B104: =SUM(B105:B108) -> 5748.5287 | C104: =SUM(C105:C108) -> 6065.5362 | D104: =SUM(D105:D108) -> 6280.6547 | E104: =SUM(E105:E108) -> 6447.5308 | F104: =SUM(F105:F108) -> 6583.6621 | G104: =SUM(G105:G108) -> 6829.8694 | H104: =SUM(H105:H108) -> 7458.5968 | I104: =SUM(I105:I108) -> 7285.1408 | ... Y104: =SUM(Y105:Y108) -> 8688.0535 | DA104: TES_per_household.kWh.LT.Res.HH.Thermal
A105: Space heating | B105: 5021.1492 | C105: 5319.986 | D105: 5572.5132 | E105: 5698.0176 | F105: 5766.1976 | G105: 5990.2272 | H105: 6511.0728 | I105: 6371.7089 | J105: 6447.4034 | K105: 6721.7264 | L105: 6963.8625 | M105: 6765.1586 | N105: 6977.4998 | O105: 6764.8445 | P105: 6454.9228 | Q105: 6308.8038 | R105: 6757.0796 | S105: 7061.0602 | T105: 7408.81 | U105: 7140.8656 | V105: 7219.7622 | W105: 8095.414 | X105: 7702.1793 | Y105: 7714.0279 | DA105: TES_per_household.kWh.LT.Res.HH.Thermal.SH
A106: Cooling | B106: 0.01917171 | C106: 0.023922467 | D106: 0.034600518 | E106: 0.073252283 | F106: 0.14127506 | G106: 0.27152713 | H106: 0.93201056 | I106: 0.53974751 | J106: 0.53618818 | K106: 0.70343487 | L106: 6.0830206 | M106: 0.81255125 | N106: 2.5403497 | O106: 1.433538 | P106: 3.5870375 | Q106: 2.607782 | R106: 1.9315964 | S106: 1.8337963 | T106: 3.1881033 | U106: 2.6517711 | V106: 1.7570538 | W106: 5.8607129 | X106: 4.1917301 | Y106: 3.6167336 | DA106: TES_per_household.kWh.LT.Res.HH.Thermal.SC
A107: Water heating | B107: 277.83953 | C107: 296.97226 | D107: 280.18616 | E107: 306.09469 | F107: 362.5323 | G107: 379.59843 | H107: 434.8948 | I107: 409.76323 | J107: 451.36983 | K107: 469.56833 | L107: 444.63702 | M107: 476.85994 | N107: 500.95073 | O107: 477.20148 | P107: 500.29796 | Q107: 494.80783 | R107: 528.18126 | S107: 537.09611 | T107: 538.16918 | U107: 511.74761 | V107: 499.60601 | W107: 783.96723 | X107: 708.63348 | Y107: 512.22507 | DA107: TES_per_household.kWh.LT.Res.HH.Thermal.WH
A108: Cooking | B108: 449.52082 | C108: 448.55405 | D108: 427.92066 | E108: 443.34531 | F108: 454.79094 | G108: 459.77221 | H108: 511.69713 | I108: 503.12889 | J108: 544.4692 | K108: 522.07655 | L108: 447.77423 | M108: 497.3936 | N108: 503.35469 | O108: 441.64604 | P108: 421.81678 | Q108: 338.66867 | R108: 346.77075 | S108: 325.58999 | T108: 397.67086 | U108: 413.67554 | V108: 387.82346 | W108: 410.17994 | X108: 408.89282 | Y108: 458.18385 | DA108: TES_per_household.kWh.LT.Res.HH.Thermal.CO
A110: Emissions per household (kg CO2 / household) | B110: =B78*1000000/B$6 -> 396.39984 | C110: =C78*1000000/C$6 -> 401.25322 | D110: =D78*1000000/D$6 -> 423.92633 | E110: =E78*1000000/E$6 -> 449.14633 | F110: =F78*1000000/F$6 -> 443.65732 | G110: =G78*1000000/G$6 -> 475.85931 | H110: =H78*1000000/H$6 -> 518.10649 | I110: =I78*1000000/I$6 -> 513.89223 | ... Y110: =Y78*1000000/Y$6 -> 532.84928 | DA110: EMI_per_household.kgCO2.LT.Res.HH
A111: Thermal uses | B111: =B79*1000000/B$6 -> 396.39984 | C111: =C79*1000000/C$6 -> 401.25322 | D111: =D79*1000000/D$6 -> 423.92633 | E111: =E79*1000000/E$6 -> 449.14633 | F111: =F79*1000000/F$6 -> 443.65732 | G111: =G79*1000000/G$6 -> 475.85931 | H111: =H79*1000000/H$6 -> 518.10649 | I111: =I79*1000000/I$6 -> 513.89223 | ... Y111: =Y79*1000000/Y$6 -> 532.84928 | DA111: EMI_per_household.kgCO2.LT.Res.HH.Thermal
A112: Space heating | B112: =B80*1000000/B$6 -> 232.42288 | C112: =C80*1000000/C$6 -> 239.06141 | D112: =D80*1000000/D$6 -> 265.47955 | E112: =E80*1000000/E$6 -> 291.12603 | F112: =F80*1000000/F$6 -> 297.70856 | G112: =G80*1000000/G$6 -> 328.6946 | H112: =H80*1000000/H$6 -> 377.53795 | I112: =I80*1000000/I$6 -> 400.97062 | ... Y112: =Y80*1000000/Y$6 -> 394.82113 | DA112: EMI_per_household.kgCO2.LT.Res.HH.Thermal.SH
A113: Cooling | B113: =B81*1000000/B$6 -> 0 | C113: =C81*1000000/C$6 -> 0 | D113: =D81*1000000/D$6 -> 0 | E113: =E81*1000000/E$6 -> 0 | F113: =F81*1000000/F$6 -> 0 | G113: =G81*1000000/G$6 -> 0 | H113: =H81*1000000/H$6 -> 0 | I113: =I81*1000000/I$6 -> 0 | ... Y113: =Y81*1000000/Y$6 -> 0 | DA113: EMI_per_household.kgCO2.LT.Res.HH.Thermal.SC
A114: Water heating | B114: =B82*1000000/B$6 -> 11.698439 | C114: =C82*1000000/C$6 -> 12.015379 | D114: =D82*1000000/D$6 -> 12.280815 | E114: =E82*1000000/E$6 -> 14.280242 | F114: =F82*1000000/F$6 -> 16.329353 | G114: =G82*1000000/G$6 -> 17.998415 | H114: =H82*1000000/H$6 -> 20.985634 | I114: =I82*1000000/I$6 -> 22.169827 | ... Y114: =Y82*1000000/Y$6 -> 24.266132 | DA114: EMI_per_household.kgCO2.LT.Res.HH.Thermal.WH
A115: Cooking | B115: =B83*1000000/B$6 -> 152.27852 | C115: =C83*1000000/C$6 -> 150.17643 | D115: =D83*1000000/D$6 -> 146.16596 | E115: =E83*1000000/E$6 -> 143.74006 | F115: =F83*1000000/F$6 -> 129.6194 | G115: =G83*1000000/G$6 -> 129.1663 | H115: =H83*1000000/H$6 -> 119.58291 | I115: =I83*1000000/I$6 -> 90.751778 | ... Y115: =Y83*1000000/Y$6 -> 113.76202 | DA115: EMI_per_household.kgCO2.LT.Res.HH.Thermal.CO
A116: Specific electricity uses (appliances and lighting) | B116: =B84*1000000/B$6 -> 0 | C116: =C84*1000000/C$6 -> 0 | D116: =D84*1000000/D$6 -> 0 | E116: =E84*1000000/E$6 -> 0 | F116: =F84*1000000/F$6 -> 0 | G116: =G84*1000000/G$6 -> 0 | H116: =H84*1000000/H$6 -> 0 | I116: =I84*1000000/I$6 -> 0 | ... Y116: =Y84*1000000/Y$6 -> 0 | DA116: EMI_per_household.kgCO2.LT.Res.HH.Appl
A118: Ratio of energy service to energy consumption (system efficiency indicator) | B118: =IF(B104=0,"",B104/B97) -> 0.55039649 | C118: =IF(C104=0,"",C104/C97) -> 0.55649745 | D118: =IF(D104=0,"",D104/D97) -> 0.56400025 | E118: =IF(E104=0,"",E104/E97) -> 0.56865562 | F118: =IF(F104=0,"",F104/F97) -> 0.57329909 | G118: =IF(G104=0,"",G104/G97) -> 0.57810791 | H118: =IF(H104=0,"",H104/H97) -> 0.58633569 | I118: =IF(I104=0,"",I104/I97) -> 0.59214641 | ... Y118: =IF(Y104=0,"",Y104/Y97) -> 0.84420779 | DA118: Eff.ratio.LT.Res.HH.Thermal
...

Sheet RES_hh_num
A1: LT - Number of households | B1: 2000 | C1: 2001 | D1: 2002 | E1: 2003 | F1: 2004 | G1: 2005 | H1: 2006 | I1: 2007 | J1: 2008 | K1: 2009 | L1: 2010 | M1: 2011 | N1: 2012 | O1: 2013 | P1: 2014 | Q1: 2015 | R1: 2016 | S1: 2017 | T1: 2018 | U1: 2019 | V1: 2020 | W1: 2021 | X1: 2022 | Y1: 2023 | DA1: Code
A3: Stock of households | B3: =B4 -> 1369971 | C3: =C4 -> 1365154 | D3: =D4 -> 1357439 | E3: =E4 -> 1353304 | F3: =F4 -> 1345406 | G3: =G4 -> 1333023 | H3: =H4 -> 1293683 | I3: =I4 -> 1274503 | ... Y3: =Y4 -> 1398570 | DA3: NUM.number.LT.Res.HH.Thermal
A4: Space heating | B4: =SUM(B5:B13) -> 1369971 | C4: =SUM(C5:C13) -> 1365154 | D4: =SUM(D5:D13) -> 1357439 | E4: =SUM(E5:E13) -> 1353304 | F4: =SUM(F5:F13) -> 1345406 | G4: =SUM(G5:G13) -> 1333023 | H4: =SUM(H5:H13) -> 1293683 | I4: =SUM(I5:I13) -> 1274503 | ... Y4: =SUM(Y5:Y13) -> 1398570 | DA4: NUM.number.LT.Res.HH.Thermal.SH
A5: Solids | B5: 26676 | C5: 27774 | D5: 31862 | E5: 34992 | F5: 37199 | G5: 40887 | H5: 45773 | I5: 49458 | J5: 52206 | K5: 54067 | L5: 59379 | M5: 63374 | N5: 64904 | O5: 64202 | P5: 59789 | Q5: 55187 | R5: 53725 | S5: 53802 | T5: 51634 | U5: 45879 | V5: 39820 | W5: 35935 | X5: 33160 | Y5: 26150 | DA5: NUM.number.LT.Res.HH.Thermal.SH.Solids
A6: Liquified petroleum gas (LPG) | B6: 6621 | C6: 6488 | D6: 6198 | E6: 5845 | F6: 5344 | G6: 4821 | H6: 4219 | I6: 3623 | J6: 3522 | K6: 3438 | L6: 3348 | M6: 3271 | N6: 3301 | O6: 3126 | P6: 2866 | Q6: 2624 | R6: 2464 | S6: 2319 | T6: 2058 | U6: 1941 | V6: 1797 | W6: 1830 | X6: 1905 | Y6: 2488 | DA6: NUM.number.LT.Res.HH.Thermal.SH.LPG
A7: Diesel oil | B7: 0 | C7: 0 | D7: 0 | E7: 0 | F7: 0 | G7: 685 | H7: 955 | I7: 1327 | J7: 2231 | K7: 3593 | L7: 5861 | M7: 7672 | N7: 9019 | O7: 9894 | P7: 10697 | Q7: 11556 | R7: 14378 | S7: 17416 | T7: 19880 | U7: 21095 | V7: 22408 | W7: 24003 | X7: 26965 | Y7: 28511 | DA7: NUM.number.LT.Res.HH.Thermal.SH.Oil
A8: Natural gas | B8: 99648 | C8: 98914 | D8: 100801 | E8: 104452 | F8: 108745 | G8: 112377 | H8: 114004 | I8: 116735 | J8: 117744 | K8: 118183 | L8: 118844 | M8: 115392 | N8: 110905 | O8: 108525 | P8: 111948 | Q8: 120406 | R8: 132043 | S8: 141720 | T8: 151042 | U8: 161698 | V8: 174622 | W8: 185411 | X8: 189166 | Y8: 182928 | DA8: NUM.number.LT.Res.HH.Thermal.SH.Gas
A9: Biomass | B9: 476744 | C9: 466685 | D9: 456920 | E9: 455659 | F9: 459606 | G9: 463870 | H9: 466550 | I9: 468449 | J9: 490066 | K9: 493257 | L9: 507100 | M9: 506488 | N9: 514540 | O9: 520290 | P9: 517875 | Q9: 508934 | R9: 488039 | S9: 467565 | T9: 454916 | U9: 446943 | V9: 428855 | W9: 423215 | X9: 406513 | Y9: 405054 | DA9: NUM.number.LT.Res.HH.Thermal.SH.Biomass
A10: Geothermal | B10: 0 | C10: 0 | D10: 0 | E10: 0 | F10: 0 | G10: 0 | H10: 0 | I10: 0 | J10: 0 | K10: 0 | L10: 0 | M10: 0 | N10: 0 | O10: 0 | P10: 0 | Q10: 0 | R10: 0 | S10: 0 | T10: 0 | U10: 0 | V10: 0 | W10: 0 | X10: 0 | Y10: 0 | DA10: NUM.number.LT.Res.HH.Thermal.SH.Geo
A11: Distributed heat | B11: 758701 | C11: 763680 | D11: 759953 | E11: 750396 | F11: 731863 | G11: 706272 | H11: 655800 | I11: 626069 | J11: 633387 | K11: 612543 | L11: 607948 | M11: 592044 | N11: 577357 | O11: 581611 | P11: 571904 | Q11: 577135 | R11: 585192 | S11: 579269 | T11: 555219 | U11: 544427 | V11: 526254 | W11: 534178 | X11: 539483 | Y11: 549738 | DA11: NUM.number.LT.Res.HH.Thermal.SH.DistrHeat
A12: Advanced electric heating | B12: 0 | C12: 0 | D12: 0 | E12: 0 | F12: 0 | G12: 0 | H12: 0 | I12: 0 | J12: 0 | K12: 0 | L12: 0 | M12: 0 | N12: 0 | O12: 3792 | P12: 7357 | Q12: 13539 | R12: 22899 | S12: 35134 | T12: 46869 | U12: 60218 | V12: 81359 | W12: 118867 | X12: 163625 | Y12: 194829 | DA12: NUM.number.LT.Res.HH.Thermal.SH.AdvElc
A13: Conventional electric heating | B13: 1581 | C13: 1613 | D13: 1705 | E13: 1960 | F13: 2649 | G13: 4111 | H13: 6382 | I13: 8842 | J13: 11042 | K13: 12334 | L13: 13255 | M13: 14058 | N13: 15205 | O13: 17243 | P13: 19623 | Q13: 20666 | R13: 20428 | S13: 20322 | T13: 19579 | U13: 19743 | V13: 18613 | W13: 16933 | X13: 10303 | Y13: 8872 | DA13: NUM.number.LT.Res.HH.Thermal.SH.ConvElc
A14: Circulation | B14: =SUM(B5:B11) -> 1368390 | C14: =SUM(C5:C11) -> 1363541 | D14: =SUM(D5:D11) -> 1355734 | E14: =SUM(E5:E11) -> 1351344 | F14: =SUM(F5:F11) -> 1342757 | G14: =SUM(G5:G11) -> 1328912 | H14: =SUM(H5:H11) -> 1287301 | I14: =SUM(I5:I11) -> 1265661 | ... Y14: =SUM(Y5:Y11) -> 1194869
A15: Space cooling | B15: =B16 -> 205 | C15: =C16 -> 192 | D15: =D16 -> 196 | E15: =E16 -> 642 | F15: =F16 -> 1237 | G15: =G16 -> 2292 | H15: =H16 -> 3531 | I15: =I16 -> 5443 | ... Y15: =Y16 -> 26853 | DA15: NUM.number.LT.Res.HH.Thermal.SC
A16: Air conditioning | B16: 205 | C16: 192 | D16: 196 | E16: 642 | F16: 1237 | G16: 2292 | H16: 3531 | I16: 5443 | J16: 7648 | K16: 9740 | L16: 11824 | M16: 12902 | N16: 14504 | O16: 15614 | P16: 17302 | Q16: 18476 | R16: 19942 | S16: 21060 | T16: 21959 | U16: 22680 | V16: 23728 | W16: 25196 | X16: 26676 | Y16: 26853 | DA16: NUM.number.LT.Res.HH.Thermal.SC.AC
A17: Water heating | B17: =SUM(B18:B25) -> 1369971 | C17: =SUM(C18:C25) -> 1365154 | D17: =SUM(D18:D25) -> 1357439 | E17: =SUM(E18:E25) -> 1353304 | F17: =SUM(F18:F25) -> 1345406 | G17: =SUM(G18:G25) -> 1333023 | H17: =SUM(H18:H25) -> 1293683 | I17: =SUM(I18:I25) -> 1274503 | ... Y17: =SUM(Y18:Y25) -> 1398570 | DA17: NUM.number.LT.Res.HH.Thermal.WH
A18: Solids | B18: 24398 | C18: 25506 | D18: 29235 | E18: 31028 | F18: 30552 | G18: 31788 | H18: 33984 | I18: 36927 | J18: 38879 | K18: 41298 | L18: 44806 | M18: 45635 | N18: 47196 | O18: 47149 | P18: 46636 | Q18: 45440 | R18: 44343 | S18: 44778 | T18: 42720 | U18: 38377 | V18: 33188 | W18: 29436 | X18: 26612 | Y18: 21410 | DA18: NUM.number.LT.Res.HH.Thermal.WH.Solids
A19: Liquified petroleum gas (LPG) | B19: 4354 | C19: 4287 | D19: 4127 | E19: 3785 | F19: 3251 | G19: 2791 | H19: 2284 | I19: 1902 | J19: 1664 | K19: 1642 | L19: 1761 | M19: 1853 | N19: 1841 | O19: 1738 | P19: 1598 | Q19: 1490 | R19: 1567 | S19: 1698 | T19: 1840 | U19: 2053 | V19: 2482 | W19: 4055 | X19: 6238 | Y19: 10226 | DA19: NUM.number.LT.Res.HH.Thermal.WH.LPG
A20: Diesel oil | B20: 0 | C20: 0 | D20: 0 | E20: 0 | F20: 0 | G20: 663 | H20: 926 | I20: 1289 | J20: 2171 | K20: 3502 | L20: 5715 | M20: 7482 | N20: 8786 | O20: 9655 | P20: 10441 | Q20: 11285 | R20: 14044 | S20: 17002 | T20: 19396 | U20: 20557 | V20: 21803 | W20: 23322 | X20: 26160 | Y20: 27678 | DA20: NUM.number.LT.Res.HH.Thermal.WH.Oil
A21: Natural gas | B21: 96236 | C21: 95554 | D21: 97439 | E21: 101037 | F21: 105252 | G21: 108841 | H21: 110473 | I21: 113194 | J21: 114220 | K21: 114705 | L21: 115412 | M21: 112060 | N21: 107672 | O21: 105331 | P21: 108670 | Q21: 116947 | R21: 128354 | S21: 137831 | T21: 146934 | U21: 157278 | V21: 169783 | W21: 180170 | X21: 183645 | Y21: 177715 | DA21: NUM.number.LT.Res.HH.Thermal.WH.Gas
A22: Biomass | B22: 350989 | C22: 345278 | D22: 338172 | E22: 323651 | F22: 300546 | G22: 284992 | H22: 273136 | I22: 280583 | J22: 291112 | K22: 309300 | L22: 328647 | M22: 344804 | N22: 355881 | O22: 365545 | P22: 363341 | Q22: 358377 | R22: 344217 | S22: 334560 | T22: 330143 | U22: 331227 | V22: 335962 | W22: 342959 | X22: 362223 | Y22: 385769 | DA22: NUM.number.LT.Res.HH.Thermal.WH.Biomass
A23: Geothermal | B23: 0 | C23: 0 | D23: 0 | E23: 0 | F23: 0 | G23: 0 | H23: 0 | I23: 0 | J23: 0 | K23: 0 | L23: 0 | M23: 0 | N23: 0 | O23: 0 | P23: 0 | Q23: 0 | R23: 0 | S23: 0 | T23: 0 | U23: 0 | V23: 0 | W23: 0 | X23: 0 | Y23: 0 | DA23: NUM.number.LT.Res.HH.Thermal.WH.Geo
A24: Distributed heat | B24: 741606 | C24: 746695 | D24: 744882 | E24: 737513 | F24: 720757 | G24: 696453 | H24: 645993 | I24: 611294 | J24: 623656 | K24: 608165 | L24: 606820 | M24: 583121 | N24: 567517 | O24: 573047 | P24: 563068 | Q24: 568076 | R24: 576051 | S24: 570330 | T24: 546665 | U24: 536279 | V24: 513713 | W24: 526596 | X24: 531562 | Y24: 542075 | DA24: NUM.number.LT.Res.HH.Thermal.WH.DistrHeat
A25: Electricity | B25: 152388 | C25: 147834 | D25: 143584 | E25: 156290 | F25: 185048 | G25: 207495 | H25: 226887 | I25: 229314 | J25: 238496 | K25: 218803 | L25: 212574 | M25: 207344 | N25: 206338 | O25: 206218 | P25: 208305 | Q25: 208432 | R25: 210592 | S25: 211348 | T25: 213499 | U25: 216173 | V25: 216797 | W25: 233834 | X25: 234680 | Y25: 233697 | DA25: NUM.number.LT.Res.HH.Thermal.WH.Elc
A26: Solar | B26: 0 | C26: 0 | D26: 0 | E26: 0 | F26: 0 | G26: 0 | H26: 0 | I26: 0 | J26: 0 | K26: 0 | L26: 0 | M26: 0 | N26: 0 | O26: 0 | P26: 0 | Q26: 0 | R26: 0 | S26: 0 | T26: 0 | U26: 0 | V26: 0 | W26: 0 | X26: 0 | Y26: 0 | DA26: NUM.number.LT.Res.HH.Thermal.WH.Solar
A27: Cooking | B27: =SUM(B28:B32) -> 1369971 | C27: =SUM(C28:C32) -> 1365154 | D27: =SUM(D28:D32) -> 1357439 | E27: =SUM(E28:E32) -> 1353304 | F27: =SUM(F28:F32) -> 1345406 | G27: =SUM(G28:G32) -> 1333023 | H27: =SUM(H28:H32) -> 1293683 | I27: =SUM(I28:I32) -> 1274503 | ... Y27: =SUM(Y28:Y32) -> 1398570 | DA27: NUM.number.LT.Res.HH.Thermal.CO
A28: Solids | B28: 3196 | C28: 3391 | D28: 3943 | E28: 4315 | F28: 4499 | G28: 4805 | H28: 5170 | I28: 5445 | J28: 5811 | K28: 6316 | L28: 7403 | M28: 8153 | N28: 8724 | O28: 9308 | P28: 9603 | Q28: 9732 | R28: 9882 | S28: 10102 | T28: 9996 | U28: 9082 | V28: 8455 | W28: 7648 | X28: 7144 | Y28: 6511 | DA28: NUM.number.LT.Res.HH.Thermal.CO.Solids
A29: Liquified petroleum gas (LPG) | B29: 1060956 | C29: 1058506 | D29: 1028735 | E29: 976019 | F29: 888442 | G29: 793695 | H29: 639942 | I29: 526964 | J29: 463008 | K29: 464467 | L29: 513150 | M29: 544627 | N29: 553420 | O29: 563792 | P29: 559506 | Q29: 594094 | R29: 610240 | S29: 604481 | T29: 608547 | U29: 577253 | V29: 511841 | W29: 517620 | X29: 548420 | Y29: 682442 | DA29: NUM.number.LT.Res.HH.Thermal.CO.LPG
A30: Natural gas | B30: 96142 | C30: 95443 | D30: 97277 | E30: 100816 | F30: 104974 | G30: 108508 | H30: 110086 | I30: 112739 | J30: 113707 | K30: 114148 | L30: 114819 | M30: 111426 | N30: 107028 | O30: 104704 | P30: 108059 | Q30: 116358 | R30: 127778 | S30: 137290 | T30: 146426 | U30: 156845 | V30: 169475 | W30: 179981 | X30: 183609 | Y30: 177535 | DA30: NUM.number.LT.Res.HH.Thermal.CO.Gas
A31: Biomass | B31: 139980 | C31: 138873 | D31: 136785 | E31: 134617 | F31: 131681 | G31: 127380 | H31: 120895 | I31: 116683 | J31: 117031 | K31: 121052 | L31: 126947 | M31: 129962 | N31: 134569 | O31: 145071 | P31: 158387 | Q31: 176429 | R31: 180946 | S31: 178562 | T31: 161965 | U31: 150966 | V31: 147316 | W31: 148589 | X31: 153893 | Y31: 150896 | DA31: NUM.number.LT.Res.HH.Thermal.CO.Biomass
A32: Electricity | B32: 69697 | C32: 68941 | D32: 90699 | E32: 137537 | F32: 215810 | G32: 298635 | H32: 417590 | I32: 512672 | J32: 610641 | K32: 591432 | L32: 553416 | M32: 508131 | N32: 491490 | O32: 485808 | P32: 466504 | Q32: 413434 | R32: 390322 | S32: 387112 | T32: 374263 | U32: 407798 | V32: 456641 | W32: 486534 | X32: 478054 | Y32: 381186 | DA32: NUM.number.LT.Res.HH.Thermal.CO.Elc

Sheet RES_hh_fec
A1: LT - Final energy consumption | B1: 2000 | C1: 2001 | D1: 2002 | E1: 2003 | F1: 2004 | G1: 2005 | H1: 2006 | I1: 2007 | J1: 2008 | K1: 2009 | L1: 2010 | M1: 2011 | N1: 2012 | O1: 2013 | P1: 2014 | Q1: 2015 | R1: 2016 | S1: 2017 | T1: 2018 | U1: 2019 | V1: 2020 | W1: 2021 | X1: 2022 | Y1: 2023 | DA1: Code
A3: Final energy consumption (ktoe) | B3: =SUM(B4,B15,B17,B27) -> 1230.3048 | C3: =SUM(C4,C15,C17,C27) -> 1279.4047 | D3: =SUM(D4,D15,D17,D27) -> 1299.7692 | E3: =SUM(E4,E15,E17,E27) -> 1319.3491 | F3: =SUM(F4,F15,F17,F27) -> 1328.495 | G3: =SUM(G4,G15,G17,G27) -> 1354.1333 | H3: =SUM(H4,H15,H17,H27) -> 1415.0082 | I3: =SUM(I4,I15,I17,I27) -> 1348.2486 | ... Y3: =SUM(Y4,Y15,Y17,Y27) -> 1237.5924 | DA3: FEC.ktoe.LT.Res.HH.Thermal
A4: Space heating | B4: =SUM(B5:B14) -> 1082.1876 | C4: =SUM(C5:C14) -> 1129.3752 | D4: =SUM(D5:D14) -> 1158.2728 | E4: =SUM(E5:E14) -> 1171.714 | F4: =SUM(F5:F14) -> 1171.8469 | G4: =SUM(G5:G14) -> 1195.5709 | H4: =SUM(H5:H14) -> 1245.6325 | I4: =SUM(I5:I14) -> 1190.6129 | ... Y4: =SUM(Y5:Y14) -> 1076.5543 | DA4: FEC.ktoe.LT.Res.HH.Thermal.SH
A5: Solids | B5: 20.703971 | C5: 20.684542 | D5: 27.007342 | E5: 31.771646 | F5: 29.477744 | G5: 33.937293 | H5: 44.128834 | I5: 47.011317 | J5: 48.827244 | K5: 45.400794 | L5: 60.162565 | M5: 61.902074 | N5: 61.146866 | O5: 63.456583 | P5: 53.529805 | Q5: 43.160992 | R5: 47.119178 | S5: 53.322246 | T5: 55.264097 | U5: 42.962836 | V5: 32.653201 | W5: 39.132106 | X5: 36.753716 | Y5: 19.995828 | DA5: FEC.ktoe.LT.Res.HH.Thermal.SH.Solids.Solids
A6: Liquified petroleum gas (LPG) | B6: 5.8417881 | C6: 5.9682202 | D6: 6.0403898 | E6: 5.8409466 | F6: 5.1499058 | G6: 5.2039633 | H6: 4.687847 | I6: 3.3562478 | J6: 3.0300791 | K6: 3.0684654 | L6: 3.4295243 | M6: 3.5652901 | N6: 3.5764781 | O6: 3.0613981 | P6: 2.6091111 | Q6: 2.1833961 | R6: 2.3802281 | S6: 2.5154581 | T6: 1.8576526 | U6: 1.9669103 | V6: 1.8593007 | W6: 1.8592481 | X6: 1.5327601 | Y6: 2.9490924 | DA6: FEC.ktoe.LT.Res.HH.Thermal.SH.LPG.LPG
A7: Diesel oil | B7: 0 | C7: 0 | D7: 0 | E7: 0 | F7: 0 | G7: 0.96713514 | H7: 0.96424839 | I7: 0.97265316 | J7: 1.9354786 | K7: 2.9029579 | L7: 6.8062521 | M7: 7.7332676 | N7: 11.585219 | O7: 9.6636218 | P7: 10.565013 | Q7: 8.5939887 | R7: 13.370114 | S7: 17.798824 | T7: 20.833671 | U7: 19.992631 | V7: 20.740351 | W7: 23.486094 | X7: 27.961388 | Y7: 27.788935 | DA7: FEC.ktoe.LT.Res.HH.Thermal.SH.Oil.Oil_LiqBio
A8: Natural gas | B8: 92.688369 | C8: 96.043568 | D8: 99.376672 | E8: 105.57601 | F8: 113.12401 | G8: 119.81561 | H8: 124.22188 | I8: 130.71191 | J8: 128.27846 | K8: 128.25407 | L8: 142.05008 | M8: 128.15629 | N8: 119.79662 | O8: 109.54478 | P8: 106.00593 | Q8: 109.18205 | R8: 129.50833 | S8: 137.5891 | T8: 146.52348 | U8: 142.40463 | V8: 155.11397 | W8: 191.74871 | X8: 172.39058 | Y8: 160.76077 | DA8: FEC.ktoe.LT.Res.HH.Thermal.SH.Gas.NG_Biogas
A9: Biomass | B9: 497.04398 | C9: 508.92047 | D9: 500.16493 | E9: 504.1265 | F9: 512.39127 | G9: 526.02765 | H9: 544.63089 | I9: 523.14839 | J9: 542.16119 | K9: 552.28947 | L9: 542.6398 | M9: 525.31349 | N9: 527.07147 | O9: 507.02363 | P9: 475.47614 | Q9: 457.88102 | R9: 451.59879 | S9: 438.68823 | T9: 448.98251 | U9: 431.85724 | V9: 431.71398 | W9: 423.8559 | X9: 401.45218 | Y9: 388.79735 | DA9: FEC.ktoe.LT.Res.HH.Thermal.SH.Biomass.Biomass_Waste
A10: Geothermal | B10: 0 | C10: 0 | D10: 0 | E10: 0 | F10: 0 | G10: 0 | H10: 0 | I10: 0 | J10: 0 | K10: 0 | L10: 0 | M10: 0 | N10: 0 | O10: 0 | P10: 0 | Q10: 0 | R10: 0 | S10: 0 | T10: 0 | U10: 0 | V10: 0 | W10: 0 | X10: 0 | Y10: 0 | DA10: FEC.ktoe.LT.Res.HH.Thermal.SH.Geo.Geo
A11: Distributed heat | B11: 460.29247 | C11: 491.92389 | D11: 519.68737 | E11: 518.24371 | F11: 505.357 | G11: 501.9631 | H11: 516.62623 | I11: 473.28797 | J11: 476.81602 | K11: 485.76416 | L11: 497.77937 | M11: 455.68275 | N11: 456.97304 | O11: 435.9446 | P11: 410.31246 | Q11: 400.40245 | R11: 434.58109 | S11: 443.20523 | T11: 441.9312 | U11: 417.58781 | V11: 394.57906 | W11: 459.26644 | X11: 421.21642 | Y11: 425.48966 | DA11: FEC.ktoe.LT.Res.HH.Thermal.SH.DistrHeat.Steam_Distr
A12: Advanced electric heating | B12: 0 | C12: 0 | D12: 0 | E12: 0 | F12: 0 | G12: 0 | H12: 0 | I12: 0 | J12: 0 | K12: 0 | L12: 0 | M12: 0 | N12: 0 | O12: 0.76495238 | P12: 1.2240642 | Q12: 2.0637617 | R12: 3.6874067 | S12: 7.0273141 | T12: 10.101911 | U12: 10.287744 | V12: 11.812956 | W12: 23.136471 | X12: 29.599544 | Y12: 37.537675 | DA12: FEC.ktoe.LT.Res.HH.Thermal.SH.AdvElc.Elec
A13: Conventional electric heating | B13: 1.078558 | C13: 1.1632424 | D13: 1.2581003 | E13: 1.360256 | F13: 1.5107074 | G13: 2.6748529 | H13: 5.1576609 | I13: 7.0721334 | J13: 9.7046171 | K13: 10.677628 | L13: 10.730582 | M13: 11.774248 | N13: 14.289006 | O13: 10.646626 | P13: 14.651676 | Q13: 19.733036 | R13: 22.143161 | S13: 24.145812 | T13: 15.99504 | U13: 14.901073 | V13: 19.94627 | W13: 13.399809 | X13: 8.0139046 | Y13: 7.7550017 | DA13: FEC.ktoe.LT.Res.HH.Thermal.SH.ConvElc.Elec
A14: Electricity in circulation | B14: 4.538487 | C14: 4.6712991 | D14: 4.7379777 | E14: 4.7948874 | F14: 4.8362889 | G14: 4.9812527 | H14: 5.2148825 | I14: 5.052278 | J14: 5.1870211 | K14: 5.2782479 | L14: 5.5413836 | M14: 5.289666 | N14: 5.348138 | O14: 5.1683277 | P14: 4.8358189 | Q14: 4.6699289 | R14: 5.0261515 | S14: 5.1897324 | T14: 5.4580632 | U14: 5.2972224 | V14: 5.3654218 | W14: 6.077466 | X14: 5.735587 | Y14: 5.4800271 | DA14: FEC.ktoe.LT.Res.HH.Thermal.SH.TotalCirculation.Elec
A15: Space cooling | B15: =B16 -> 0.001141309 | C15: =C16 -> 0.0013836495 | D15: =D16 -> 0.0018870592 | E15: =E16 -> 0.0031938935 | F15: =F16 -> 0.0057012816 | G15: =G16 -> 0.010309815 | H15: =H16 -> 0.03312332 | I15: =I16 -> 0.018276916 | ... Y15: =Y16 -> 0.089710774 | DA15: FEC.ktoe.LT.Res.HH.Thermal.SC
A16: Air conditioning | B16: 0.001141309 | C16: 0.0013836495 | D16: 0.0018870592 | E16: 0.0031938935 | F16: 0.0057012816 | G16: 0.010309815 | H16: 0.03312332 | I16: 0.018276916 | J16: 0.018145073 | K16: 0.022971355 | L16: 0.19619309 | M16: 0.025320899 | N16: 0.076057011 | O16: 0.041686415 | P16: 0.09883377 | Q16: 0.069077735 | R16: 0.049556293 | S16: 0.0456924 | T16: 0.076889076 | U16: 0.063131721 | V16: 0.041112518 | W16: 0.14091814 | X16: 0.10243956 | Y16: 0.089710774 | DA16: FEC.ktoe.LT.Res.HH.Thermal.SC.AC.Elec
A17: Water heating | B17: =SUM(B18:B26) -> 55.489588 | C17: =SUM(C18:C26) -> 58.276559 | D17: =SUM(D18:D26) -> 54.275107 | E17: =SUM(E18:E26) -> 58.628791 | F17: =SUM(F18:F26) -> 68.134681 | G17: =SUM(G18:G26) -> 70.290682 | H17: =SUM(H18:H26) -> 77.139119 | I17: =SUM(I18:I26) -> 71.485342 | ... Y17: =SUM(Y18:Y26) -> 75.425487 | DA17: FEC.ktoe.LT.Res.HH.Thermal.WH
A18: Solids | B18: 1.060461 | C18: 1.0331273 | D18: 1.2940895 | E18: 1.5866359 | F18: 1.487128 | G18: 1.6826526 | H18: 2.1056499 | I18: 2.3592809 | J18: 2.4794576 | K18: 2.3584345 | L18: 3.1399237 | M18: 3.4969349 | N18: 3.4915912 | O18: 3.6996987 | P18: 3.331733 | Q18: 2.7866393 | R18: 3.022129 | S18: 3.4158546 | T18: 3.2013232 | U18: 2.5857934 | V18: 1.897774 | W18: 2.91349 | X18: 2.5807777 | Y18: 1.0583375 | DA18: FEC.ktoe.LT.Res.HH.Thermal.WH.Solids.Solids
A19: Liquified petroleum gas (LPG) | B19: 0.20308004 | C19: 0.20231738 | D19: 0.19870537 | E19: 0.19797083 | F19: 0.17633309 | G19: 0.17511844 | H19: 0.15181599 | I19: 0.11431722 | J19: 0.10443085 | K19: 0.10818374 | L19: 0.12148063 | M19: 0.13669657 | N19: 0.138607 | O19: 0.12114064 | P19: 0.11021673 | Q19: 0.095675835 | R19: 0.10361301 | S19: 0.10936754 | T19: 0.109272 | U19: 0.109272 | V19: 0.10936754 | W19: 0.21873507 | X19: 0.32846088 | Y19: 0.65534537 | DA19: FEC.ktoe.LT.Res.HH.Thermal.WH.LPG.LPG
A20: Diesel oil | B20: 0 | C20: 0 | D20: 0 | E20: 0 | F20: 0 | G20: 0.054618946 | H20: 0.057505692 | I20: 0.056065667 | J20: 0.12195906 | K20: 0.18319857 | L20: 0.39469368 | M20: 0.49639702 | N20: 0.75932054 | O20: 0.62348051 | P20: 0.75080773 | Q20: 0.61925287 | R20: 0.96161426 | S20: 1.2418471 | T20: 1.3805165 | U20: 1.3002321 | V20: 1.294731 | W20: 2.0335968 | X20: 2.2728342 | Y20: 1.6253383 | DA20: FEC.ktoe.LT.Res.HH.Thermal.WH.Oil.Oil_LiqBio
A21: Natural gas | B21: 4.735319 | C21: 4.9484009 | D21: 4.609536 | E21: 5.2289644 | F21: 6.5513962 | G21: 6.9906092 | H21: 7.6294301 | I21: 7.7218407 | J21: 8.2259575 | K21: 8.1844914 | L21: 8.2700411 | M21: 8.2065261 | N21: 7.788214 | O21: 6.9934331 | P21: 7.4434304 | Q21: 7.7787538 | R21: 9.2219897 | S21: 9.5455411 | T21: 9.7111809 | U21: 9.3099923 | V21: 9.7982462 | W21: 16.931221 | X21: 14.437049 | Y21: 9.7551068 | DA21: FEC.ktoe.LT.Res.HH.Thermal.WH.Gas.NG_Biogas
A22: Biomass | B22: 20.014671 | C22: 19.98345 | D22: 19.05856 | E22: 19.792 | F22: 20.322093 | G22: 20.503992 | H22: 20.430479 | I22: 20.640239 | J22: 21.643898 | K22: 22.554839 | L22: 22.264707 | M22: 23.329933 | N22: 23.660901 | O22: 23.239697 | P22: 23.265686 | Q22: 23.240987 | R22: 22.770924 | S22: 22.093245 | T22: 21.591669 | U22: 20.755708 | V22: 20.254132 | W22: 29.593007 | X22: 29.521353 | Y22: 22.5908 | DA22: FEC.ktoe.LT.Res.HH.Thermal.WH.Biomass.Biomass_Waste
A23: Geothermal | B23: 0 | C23: 0 | D23: 0 | E23: 0 | F23: 0 | G23: 0 | H23: 0 | I23: 0 | J23: 0 | K23: 0 | L23: 0 | M23: 0 | N23: 0 | O23: 0 | P23: 0 | Q23: 0 | R23: 0 | S23: 0 | T23: 0 | U23: 0 | V23: 0 | W23: 0 | X23: 0 | Y23: 0 | DA23: FEC.ktoe.LT.Res.HH.Thermal.WH.Geo.Geo
A24: Distributed heat | B24: 23.442094 | C24: 25.249108 | D24: 24.093108 | E24: 25.775551 | F24: 29.466732 | G24: 29.588409 | H24: 32.00283 | I24: 28.240661 | J24: 30.97039 | K24: 31.480547 | L24: 29.592341 | M24: 29.890941 | N24: 30.559208 | O24: 28.73012 | P24: 29.689428 | Q24: 29.329109 | R24: 31.76551 | S24: 31.596487 | T24: 30.09993 | U24: 28.074783 | V24: 25.741924 | W24: 41.856169 | X24: 36.412296 | Y24: 26.645596 | DA24: FEC.ktoe.LT.Res.HH.Thermal.WH.DistrHeat.Steam_Distr
A25: Electricity | B25: 6.0339627 | C25: 6.8601561 | D25: 5.0211077 | E25: 6.0476693 | F25: 10.130998 | G25: 11.295281 | H25: 14.761408 | I25: 12.352938 | J25: 15.748941 | K25: 15.326548 | L25: 11.8036 | M25: 13.211461 | N25: 14.001841 | O25: 12.383123 | P25: 14.005722 | Q25: 13.591606 | R25: 14.25051 | S25: 14.255 | T25: 14.277416 | U25: 13.068278 | V25: 12.811195 | W25: 20.965981 | X25: 18.708186 | Y25: 13.094963 | DA25: FEC.ktoe.LT.Res.HH.Thermal.WH.Elc.Elec
A26: Solar | B26: 0 | C26: 0 | D26: 0 | E26: 0 | F26: 0 | G26: 0 | H26: 0 | I26: 0 | J26: 0 | K26: 0 | L26: 0 | M26: 0 | N26: 0 | O26: 0 | P26: 0 | Q26: 0 | R26: 0 | S26: 0 | T26: 0 | U26: 0 | V26: 0 | W26: 0 | X26: 0 | Y26: 0 | DA26: FEC.ktoe.LT.Res.HH.Thermal.WH.TotalSolar.Solar
A27: Cooking | B27: =SUM(B28:B32) -> 92.626422 | C27: =SUM(C28:C32) -> 91.751543 | D27: =SUM(D28:D32) -> 87.21938 | E27: =SUM(E28:E32) -> 89.003205 | F27: =SUM(F28:F32) -> 88.507682 | G27: =SUM(G28:G32) -> 88.261447 | H27: =SUM(H28:H32) -> 92.20349 | I27: =SUM(I28:I32) -> 86.132126 | ... Y27: =SUM(Y28:Y32) -> 85.522839 | DA27: FEC.ktoe.LT.Res.HH.Thermal.CO
A28: Solids | B28: 0.21802761 | C28: 0.20958767 | D28: 0.26159524 | E28: 0.30913013 | F28: 0.28577321 | G28: 0.31917761 | H28: 0.40317698 | I28: 0.41856803 | J28: 0.45589472 | K28: 0.41807205 | L28: 0.53947184 | M28: 0.61311478 | N28: 0.6195824 | O28: 0.64389012 | P28: 0.58764502 | Q28: 0.49166352 | R28: 0.54381807 | S28: 0.62544186 | T28: 0.64954142 | U28: 0.51714914 | V28: 0.37955001 | W28: 0.47762014 | X28: 0.50695042 | Y28: 0.36311742 | DA28: FEC.ktoe.LT.Res.HH.Thermal.CO.Solids.Solids
A29: Liquified petroleum gas (LPG) | B29: 72.74232 | C29: 71.506934 | D29: 69.21903 | E29: 67.199862 | F29: 59.035068 | G29: 57.872595 | H29: 50.644258 | I29: 35.33468 | J29: 33.453366 | K29: 33.411227 | L29: 36.363011 | M29: 41.755623 | N29: 42.851295 | O29: 36.731477 | P29: 33.868462 | Q29: 29.409836 | R29: 32.483141 | S29: 34.888244 | T29: 33.655775 | U29: 36.715391 | V29: 30.732278 | W29: 25.482636 | X29: 29.561479 | Y29: 49.697024 | DA29: FEC.ktoe.LT.Res.HH.Thermal.CO.LPG.LPG
A30: Natural gas | B30: 6.6175848 | C30: 6.4886848 | D30: 6.159966 | E30: 6.6928739 | F30: 7.3452333 | G30: 7.6520795 | H30: 8.195981 | I30: 8.7717489 | J30: 9.3038418 | K30: 8.6603235 | L30: 8.0633675 | M30: 8.4136269 | N30: 7.8407851 | O30: 6.6346122 | P30: 6.542046 | Q30: 5.7176137 | R30: 6.7340014 | S30: 6.6506508 | T30: 8.4890722 | U30: 9.1441035 | V30: 9.4624195 | W30: 11.225313 | X30: 10.702036 | Y30: 11.257299 | DA30: FEC.ktoe.LT.Res.HH.Thermal.CO.Gas.NG_Biogas
A31: Biomass | B31: 9.5726498 | C31: 9.4308154 | D31: 8.8648173 | E31: 8.9705829 | F31: 9.0846564 | G31: 9.0478065 | H31: 9.1002862 | I31: 8.5185964 | J31: 9.2578531 | K31: 9.3010925 | L31: 8.898844 | M31: 9.5155665 | N31: 9.7672857 | O31: 9.4089852 | P31: 9.5461364 | Q31: 9.5391289 | R31: 9.5320917 | S31: 9.4105283 | T31: 9.1000287 | U31: 8.7656444 | V31: 8.2879526 | W31: 8.789529 | X31: 9.6971434 | Y31: 9.6971434 | DA31: FEC.ktoe.LT.Res.HH.Thermal.CO.Biomass.Biomass_Waste
A32: Electricity | B32: 3.4758396 | C32: 4.1155204 | D32: 2.7139715 | E32: 5.8307566 | F32: 12.756951 | G32: 13.369788 | H32: 23.859788 | I32: 33.088533 | J32: 41.733855 | K32: 38.038239 | L32: 26.240447 | M32: 27.928945 | N32: 27.670195 | O32: 24.923739 | P32: 23.736862 | Q32: 15.796016 | R32: 14.034931 | S32: 8.9357146 | T32: 18.069221 | U32: 17.355337 | V32: 17.376953 | W32: 23.7387 | X32: 21.259908 | Y32: 14.508255 | DA32: FEC.ktoe.LT.Res.HH.Thermal.CO.Elc.Elec

Sheet RES_hh_tes
A1: LT - Thermal energy service | B1: 2000 | C1: 2001 | D1: 2002 | E1: 2003 | F1: 2004 | G1: 2005 | H1: 2006 | I1: 2007 | J1: 2008 | K1: 2009 | L1: 2010 | M1: 2011 | N1: 2012 | O1: 2013 | P1: 2014 | Q1: 2015 | R1: 2016 | S1: 2017 | T1: 2018 | U1: 2019 | V1: 2020 | W1: 2021 | X1: 2022 | Y1: 2023 | DA1: Code
A3: Thermal energy service (ktoe useful) | B3: =SUM(B4,B15,B17,B27) -> 677.15542 | C3: =SUM(C4,C15,C17,C27) -> 711.98547 | D3: =SUM(D4,D15,D17,D27) -> 733.07013 | E3: =SUM(E4,E15,E17,E27) -> 750.25531 | F3: =SUM(F4,F15,F17,F27) -> 761.62497 | G3: =SUM(G4,G15,G17,G27) -> 782.83517 | H3: =SUM(H4,H15,H17,H27) -> 829.66981 | I3: =SUM(I4,I15,I17,I27) -> 798.3606 | ... Y3: =SUM(Y4,Y15,Y17,Y27) -> 1044.7851 | DA3: TES.ktoe.LT.Res.HH.Thermal
A4: Space heating | B4: =SUM(B5:B14) -> 591.47281 | C4: =SUM(C5:C14) -> 624.47121 | D4: =SUM(D5:D14) -> 650.41675 | E4: =SUM(E5:E14) -> 663.03955 | F4: =SUM(F5:F14) -> 667.05733 | G4: =SUM(G5:G14) -> 686.59593 | H4: =SUM(H5:H14) -> 724.27035 | I4: =SUM(I5:I14) -> 698.25986 | ... Y4: =SUM(Y5:Y14) -> 927.65331 | DA4: TES.ktoe.LT.Res.HH.Thermal.SH
A5: Solids | B5: 11.60976 | C5: 11.672792 | D5: 15.41492 | E5: 18.29992 | F5: 17.110032 | G5: 19.891161 | H5: 26.134905 | I5: 28.07506 | J5: 29.381335 | K5: 27.513411 | L5: 36.827823 | M5: 38.24035 | N5: 38.077419 | O5: 39.765824 | P5: 33.591217 | Q5: 27.125253 | R5: 29.721037 | S5: 34.055235 | T5: 35.699462 | U5: 27.892983 | V5: 21.311357 | W5: 25.765486 | X5: 24.616511 | Y5: 13.512442 | DA5: TES.ktoe.LT.Res.HH.Thermal.SH.Solids.Solids
A6: Liquified petroleum gas (LPG) | B6: 2.8228367 | C6: 2.9013919 | D6: 2.9492042 | E6: 2.8632782 | F6: 2.5289679 | G6: 2.5598072 | H6: 2.3104911 | I6: 1.6581849 | J6: 1.5198033 | K6: 1.5762385 | L6: 1.8099671 | M6: 1.9453086 | N6: 2.0426534 | O6: 1.8196186 | P6: 1.5550115 | Q6: 1.3047112 | R6: 1.4274938 | S6: 1.5168522 | T6: 1.1243066 | U6: 1.1924372 | V6: 1.1286426 | W6: 1.1411458 | X6: 0.96264749 | Y6: 1.9521656 | DA6: TES.ktoe.LT.Res.HH.Thermal.SH.LPG.LPG
A7: Diesel oil | B7: 0 | C7: 0 | D7: 0 | E7: 0 | F7: 0 | G7: 0.50829735 | H7: 0.50817657 | I7: 0.51497639 | J7: 1.0343291 | K7: 1.5664565 | L7: 3.7135665 | M7: 4.2607818 | N7: 6.4506086 | O7: 5.4368214 | P7: 6.0230884 | Q7: 4.9766511 | R7: 8.0249732 | S7: 10.990079 | T7: 13.108593 | U7: 12.728687 | V7: 13.368622 | W7: 15.335977 | X7: 18.521169 | Y7: 18.612998 | DA7: TES.ktoe.LT.Res.HH.Thermal.SH.Oil.Oil_LiqBio
A8: Natural gas | B8: 42.27512 | C8: 44.099858 | D8: 46.078884 | E8: 49.547279 | F8: 53.785986 | G8: 57.721756 | H8: 60.565609 | I8: 64.569563 | J8: 64.180041 | K8: 65.035704 | L8: 73.112194 | M8: 66.93447 | N8: 63.724768 | O8: 59.651509 | P8: 58.823274 | Q8: 62.592232 | R8: 77.234621 | S8: 85.234764 | T8: 94.063451 | U8: 94.621679 | V8: 106.41648 | W8: 134.95154 | X8: 123.69809 | Y8: 116.98737 | DA8: TES.ktoe.LT.Res.HH.Thermal.SH.Gas.NG_Biogas
A9: Biomass | B9: 205.4379 | C9: 212.96451 | D9: 212.2788 | E9: 218.31757 | F9: 227.43028 | G9: 239.92597 | H9: 255.48213 | I9: 252.54132 | J9: 271.86773 | K9: 286.02735 | L9: 291.6765 | M9: 292.61248 | N9: 305.98521 | O9: 305.18707 | P9: 287.90559 | Q9: 279.0762 | R9: 277.16901 | S9: 272.13228 | T9: 282.36374 | U9: 276.11505 | V9: 280.12634 | W9: 279.82207 | X9: 269.07942 | Y9: 265.50717 | DA9: TES.ktoe.LT.Res.HH.Thermal.SH.Biomass.Biomass_Waste
A10: Geothermal | B10: 0 | C10: 0 | D10: 0 | E10: 0 | F10: 0 | G10: 0 | H10: 0 | I10: 0 | J10: 0 | K10: 0 | L10: 0 | M10: 0 | N10: 0 | O10: 0 | P10: 0 | Q10: 0 | R10: 0 | S10: 0 | T10: 0 | U10: 0 | V10: 0 | W10: 0 | X10: 0 | Y10: 0 | DA10: TES.ktoe.LT.Res.HH.Thermal.SH.Geo.Geo
A11: Distributed heat | B11: 324.11126 | C11: 347.42655 | D11: 368.1558 | E11: 368.33927 | F11: 360.37287 | G11: 359.21466 | H11: 370.54705 | I11: 340.99617 | J11: 346.47174 | K11: 355.45851 | L11: 367.69388 | M11: 340.04228 | N11: 345.43465 | O11: 334.60178 | P11: 316.10805 | Q11: 310.82869 | R11: 340.85144 | S11: 351.47433 | T11: 353.18854 | U11: 336.98233 | V11: 321.07864 | W11: 378.34272 | X11: 351.25718 | Y11: 360.11017 | DA11: TES.ktoe.LT.Res.HH.Thermal.SH.DistrHeat.Steam_Distr
A12: Advanced electric heating | B12: 0 | C12: 0 | D12: 0 | E12: 0 | F12: 0 | G12: 0 | H12: 0 | I12: 0 | J12: 0 | K12: 0 | L12: 0 | M12: 0 | N12: 0 | O12: 2.0865255 | P12: 3.4499095 | Q12: 6.0403773 | R12: 11.197875 | S12: 22.030963 | T12: 32.386262 | U12: 33.670805 | V12: 39.614676 | W12: 81.605947 | X12: 108.17977 | Y12: 139.66811 | DA12: TES.ktoe.LT.Res.HH.Thermal.SH.AdvElc.Elec
A13: Conventional electric heating | B13: 0.67743854 | C13: 0.73480672 | D13: 0.80116625 | E13: 0.87734571 | F13: 0.99290192 | G13: 1.7930287 | H13: 3.5071025 | I13: 4.8522974 | J13: 6.7015174 | K13: 7.403813 | L13: 7.466275 | M13: 8.2206093 | N13: 10.019438 | O13: 7.5066855 | P13: 10.381324 | Q13: 14.033376 | R13: 15.789623 | S13: 17.313744 | T13: 11.526008 | U13: 10.89753 | V13: 14.72039 | W13: 9.9642016 | X13: 5.9988254 | Y13: 5.8228499 | DA13: TES.ktoe.LT.Res.HH.Thermal.SH.ConvElc.Elec
A14: Electricity in circulation | B14: 4.538487 | C14: 4.6712991 | D14: 4.7379777 | E14: 4.7948874 | F14: 4.8362889 | G14: 4.9812527 | H14: 5.2148825 | I14: 5.052278 | J14: 5.1870211 | K14: 5.2782479 | L14: 5.5413836 | M14: 5.289666 | N14: 5.348138 | O14: 5.1683277 | P14: 4.8358189 | Q14: 4.6699289 | R14: 5.0261515 | S14: 5.1897324 | T14: 5.4580632 | U14: 5.2972224 | V14: 5.3654218 | W14: 6.077466 | X14: 5.735587 | Y14: 5.4800271 | DA14: TES.ktoe.LT.Res.HH.Thermal.SH.TotalCirculation.Elec
A15: Space cooling | B15: =B16 -> 0.0022583566 | C15: =C16 -> 0.0028080698 | D15: =D16 -> 0.004038529 | E15: =E16 -> 0.00852387 | F15: =F16 -> 0.016343277 | G15: =G16 -> 0.031122262 | H15: =H16 -> 0.10367379 | I15: =I16 -> 0.059149598 | ... Y15: =Y16 -> 0.43493166 | DA15: TES.ktoe.LT.Res.HH.Thermal.SC
A16: Air conditioning | B16: 0.0022583566 | C16: 0.0028080698 | D16: 0.004038529 | E16: 0.00852387 | F16: 0.016343277 | G16: 0.031122262 | H16: 0.10367379 | I16: 0.059149598 | J16: 0.060405218 | K16: 0.078473513 | L16: 0.68818943 | M16: 0.090987505 | N16: 0.28291829 | O16: 0.16131099 | P16: 0.40159368 | Q16: 0.29375038 | R16: 0.21909717 | S16: 0.2077483 | T16: 0.35669394 | U16: 0.29685791 | V16: 0.19545569 | W16: 0.67545447 | X16: 0.49418443 | Y16: 0.43493166 | DA16: TES.ktoe.LT.Res.HH.Thermal.SC.AC.Elec
A17: Water heating | B17: =SUM(B18:B26) -> 32.728469 | C17: =SUM(C18:C26) -> 34.859232 | D17: =SUM(D18:D26) -> 32.702977 | E17: =SUM(E18:E26) -> 35.618157 | F17: =SUM(F18:F26) -> 41.93922 | G17: =SUM(G18:G26) -> 43.509324 | H17: =SUM(H18:H26) -> 48.376269 | I17: =SUM(I18:I26) -> 44.904942 | ... Y17: =SUM(Y18:Y26) -> 61.597817 | DA17: TES.ktoe.LT.Res.HH.Thermal.WH
A18: Solids | B18: 0.59938304 | C18: 0.58774403 | D18: 0.74445492 | E18: 0.91941139 | F18: 0.86521859 | G18: 0.98612953 | H18: 1.2450894 | I18: 1.4089395 | J18: 1.4938826 | K18: 1.4346417 | L18: 1.9306545 | M18: 2.1680617 | N18: 2.1857147 | O18: 2.3326554 | P18: 2.1089011 | Q18: 1.7719989 | R18: 1.9306451 | S18: 2.2115435 | T18: 2.095594 | U18: 1.714948 | V18: 1.2824586 | W18: 2.0044127 | X18: 1.8108105 | Y18: 0.76007099 | DA18: TES.ktoe.LT.Res.HH.Thermal.WH.Solids.Solids
A19: Liquified petroleum gas (LPG) | B19: 0.1062044 | C19: 0.10641481 | D19: 0.1051518 | E19: 0.10537828 | F19: 0.094409391 | G19: 0.09469603 | H19: 0.083359664 | I19: 0.063366718 | J19: 0.058116557 | K19: 0.061178998 | L19: 0.069864256 | M19: 0.079830609 | N19: 0.08210143 | O19: 0.072988824 | P19: 0.067583025 | Q19: 0.060333125 | R19: 0.069342764 | S19: 0.079346931 | T19: 0.08513426 | U19: 0.089393375 | V19: 0.09253222 | W19: 0.19135983 | X19: 0.29344498 | Y19: 0.59096548 | DA19: TES.ktoe.LT.Res.HH.Thermal.WH.LPG.LPG
A20: Diesel oil | B20: 0 | C20: 0 | D20: 0 | E20: 0 | F20: 0 | G20: 0.031869465 | H20: 0.033604112 | I20: 0.032851087 | J20: 0.071855899 | K20: 0.10859705 | L20: 0.23571441 | M20: 0.29860378 | N20: 0.46047106 | O20: 0.38126506 | P20: 0.46404648 | Q20: 0.38808532 | R20: 0.62403089 | S20: 0.83113694 | T20: 0.94575112 | U20: 0.9046686 | V20: 0.9167024 | W20: 1.4682107 | X20: 1.6791975 | Y20: 1.221638 | DA20: TES.ktoe.LT.Res.HH.Thermal.WH.Oil.Oil_LiqBio
A21: Natural gas | B21: 2.3110358 | C21: 2.4317664 | D21: 2.2890382 | E21: 2.63056 | F21: 3.3428044 | G21: 3.6176681 | H21: 4.0004475 | I21: 4.110746 | J21: 4.445761 | K21: 4.4954143 | L21: 4.6258034 | M21: 4.6711128 | N21: 4.5262569 | O21: 4.1610057 | P21: 4.5061271 | Q21: 4.8541775 | R21: 5.9761564 | S21: 6.4196993 | T21: 6.7666701 | U21: 6.7123384 | V21: 7.2911503 | W21: 12.922612 | X21: 11.223792 | Y21: 7.6843021 | DA21: TES.ktoe.LT.Res.HH.Thermal.WH.Gas.NG_Biogas
A22: Biomass | B22: 8.5360567 | C22: 8.6397937 | D22: 8.3622517 | E22: 8.7872585 | F22: 9.0886145 | G22: 9.3136589 | H22: 9.4858672 | I22: 10.012692 | J22: 11.102103 | K22: 12.286376 | L22: 12.855273 | M22: 14.228894 | N22: 15.195253 | O22: 15.494361 | P22: 15.581598 | Q22: 15.655562 | R22: 15.468531 | S22: 15.176638 | T22: 15.010372 | U22: 14.663823 | V22: 14.585989 | W22: 21.759346 | X22: 22.237216 | Y22: 17.448851 | DA22: TES.ktoe.LT.Res.HH.Thermal.WH.Biomass.Biomass_Waste
A23: Geothermal | B23: 0 | C23: 0 | D23: 0 | E23: 0 | F23: 0 | G23: 0 | H23: 0 | I23: 0 | J23: 0 | K23: 0 | L23: 0 | M23: 0 | N23: 0 | O23: 0 | P23: 0 | Q23: 0 | R23: 0 | S23: 0 | T23: 0 | U23: 0 | V23: 0 | W23: 0 | X23: 0 | Y23: 0 | DA23: TES.ktoe.LT.Res.HH.Thermal.WH.Geo.Geo
A24: Distributed heat | B24: 17.615882 | C24: 19.029828 | D24: 18.21372 | E24: 19.547664 | F24: 22.416922 | G24: 22.580991 | H24: 24.472355 | I24: 21.675733 | J24: 23.966601 | K24: 24.530075 | L24: 23.266818 | M24: 23.709201 | N24: 24.521679 | O24: 23.356934 | P24: 24.212501 | Q24: 24.074756 | R24: 26.309943 | S24: 26.42432 | T24: 25.347661 | U24: 23.850033 | V24: 22.019302 | W24: 36.262947 | X24: 31.911561 | Y24: 23.674483 | DA24: TES.ktoe.LT.Res.HH.Thermal.WH.DistrHeat.Steam_Distr
A25: Electricity | B25: 3.5599065 | C25: 4.0636853 | D25: 2.9883608 | E25: 3.6278846 | F25: 6.1312511 | G25: 6.8843111 | H25: 9.0555463 | I25: 7.6006139 | J25: 9.7115376 | K25: 9.4676378 | L25: 7.3189237 | M25: 8.2419084 | N25: 8.8193164 | O25: 7.8985937 | P25: 9.0710622 | Q25: 8.932105 | R25: 9.5319116 | S25: 9.704209 | T25: 9.9606936 | U25: 9.3534231 | V25: 9.3883303 | W25: 15.744312 | X25: 14.388392 | Y25: 10.217507 | DA25: TES.ktoe.LT.Res.HH.Thermal.WH.Elc.Elec
A26: Solar | B26: 0 | C26: 0 | D26: 0 | E26: 0 | F26: 0 | G26: 0 | H26: 0 | I26: 0 | J26: 0 | K26: 0 | L26: 0 | M26: 0 | N26: 0 | O26: 0 | P26: 0 | Q26: 0 | R26: 0 | S26: 0 | T26: 0 | U26: 0 | V26: 0 | W26: 0 | X26: 0 | Y26: 0 | DA26: TES.ktoe.LT.Res.HH.Thermal.WH.TotalSolar.Solar
A27: Cooking | B27: =SUM(B28:B32) -> 52.951891 | C27: =SUM(C28:C32) -> 52.652223 | D27: =SUM(D28:D32) -> 49.946362 | E27: =SUM(E28:E32) -> 51.589078 | F27: =SUM(F28:F32) -> 52.612078 | G27: =SUM(G28:G32) -> 52.69879 | H27: =SUM(H28:H32) -> 56.919508 | I27: =SUM(I28:I32) -> 55.136654 | ... Y27: =SUM(Y28:Y32) -> 55.099071 | DA27: TES.ktoe.LT.Res.HH.Thermal.CO
A28: Solids | B28: 0.12495213 | C28: 0.12037372 | D28: 0.15064077 | E28: 0.17835591 | F28: 0.16513859 | G28: 0.18474026 | H28: 0.23372513 | I28: 0.24283276 | J28: 0.26460433 | K28: 0.24278897 | L28: 0.31349914 | M28: 0.35646342 | N28: 0.36035869 | O28: 0.37462007 | P28: 0.3419785 | Q28: 0.28623395 | R28: 0.31689515 | S28: 0.36524651 | T28: 0.38042876 | U28: 0.30360681 | V28: 0.22356992 | W28: 0.28216721 | X28: 0.30057582 | Y28: 0.21595907 | DA28: TES.ktoe.LT.Res.HH.Thermal.CO.Solids.Solids
A29: Liquified petroleum gas (LPG) | B29: 41.126907 | C29: 40.496652 | D29: 39.264376 | E29: 38.182537 | F29: 33.601191 | G29: 33.011807 | H29: 28.965505 | I29: 20.240648 | J29: 19.174107 | K29: 19.18262 | L29: 20.911777 | M29: 24.04014 | N29: 24.689089 | O29: 21.173904 | P29: 19.52822 | Q29: 16.971179 | R29: 18.783735 | S29: 20.256306 | T29: 19.656467 | U29: 21.54395 | V29: 18.084347 | W29: 15.09655 | X29: 17.6382 | Y29: 29.902131 | DA29: TES.ktoe.LT.Res.HH.Thermal.CO.LPG.LPG
A30: Natural gas | B30: 3.7356135 | C30: 3.669009 | D30: 3.4905207 | E30: 3.8015228 | F30: 4.1824577 | G30: 4.3682397 | H30: 4.6910037 | I30: 5.0278323 | J30: 5.3370428 | K30: 4.9734738 | L30: 4.6364641 | M30: 4.8435063 | N30: 4.5188138 | O30: 3.8275665 | P30: 3.7770155 | Q30: 3.3056806 | R30: 3.9056257 | S30: 3.8767627 | T30: 4.981948 | U30: 5.4094295 | V30: 5.6475167 | W30: 6.7547746 | X30: 6.4833757 | Y30: 6.8587048 | DA30: TES.ktoe.LT.Res.HH.Thermal.CO.Gas.NG_Biogas
A31: Biomass | B31: 5.430645 | C31: 5.3585898 | D31: 5.0451425 | E31: 5.114233 | F31: 5.188875 | G31: 5.1781614 | H31: 5.2198006 | I31: 4.8915815 | J31: 5.3182859 | K31: 5.3462513 | L31: 5.1180395 | M31: 5.4755633 | N31: 5.6231102 | O31: 5.4190809 | P31: 5.4994388 | Q31: 5.4982328 | R31: 5.4994185 | S31: 5.4378446 | T31: 5.2658431 | U31: 5.0856441 | V31: 4.8288682 | W31: 5.1463673 | X31: 5.7030316 | Y31: 5.7217883 | DA31: TES.ktoe.LT.Res.HH.Thermal.CO.Biomass.Biomass_Waste
A32: Electricity | B32: 2.5337728 | C32: 3.0075986 | D32: 1.9956818 | E32: 4.3124292 | F32: 9.4744152 | G32: 9.9558418 | H32: 17.809473 | I32: 24.733759 | J32: 31.244091 | K32: 28.496477 | L32: 19.678194 | M32: 20.981247 | N32: 20.86715 | O32: 18.901704 | P32: 18.078656 | Q32: 12.087588 | R32: 10.827849 | S32: 6.9494901 | T32: 14.207844 | U32: 13.96712 | V32: 14.357406 | W32: 19.993891 | X32: 18.081276 | Y32: 12.400487 | DA32: TES.ktoe.LT.Res.HH.Thermal.CO.Elc.Elec

Sheet RES_hh_eff
A1: LT - System efficiency indicator of total stock | B1: 2000 | C1: 2001 | D1: 2002 | E1: 2003 | F1: 2004 | G1: 2005 | H1: 2006 | I1: 2007 | J1: 2008 | K1: 2009 | L1: 2010 | M1: 2011 | N1: 2012 | O1: 2013 | P1: 2014 | Q1: 2015 | R1: 2016 | S1: 2017 | T1: 2018 | U1: 2019 | V1: 2020 | W1: 2021 | X1: 2022 | Y1: 2023 | DA1: Code
A3: Ratio of energy service to energy consumption | B3: =IF(RES_hh_tes!B3=0,"",RES_hh_tes!B3/RES_hh_fec!B3) -> 0.55039649 | C3: =IF(RES_hh_tes!C3=0,"",RES_hh_tes!C3/RES_hh_fec!C3) -> 0.55649745 | D3: =IF(RES_hh_tes!D3=0,"",RES_hh_tes!D3/RES_hh_fec!D3) -> 0.56400025 | E3: =IF(RES_hh_tes!E3=0,"",RES_hh_tes!E3/RES_hh_fec!E3) -> 0.56865562 | F3: =IF(RES_hh_tes!F3=0,"",RES_hh_tes!F3/RES_hh_fec!F3) -> 0.57329909 | G3: =IF(RES_hh_tes!G3=0,"",RES_hh_tes!G3/RES_hh_fec!G3) -> 0.57810791 | H3: =IF(RES_hh_tes!H3=0,"",RES_hh_tes!H3/RES_hh_fec!H3) -> 0.58633569 | I3: =IF(RES_hh_tes!I3=0,"",RES_hh_tes!I3/RES_hh_fec!I3) -> 0.59214641 | ... Y3: =IF(RES_hh_tes!Y3=0,"",RES_hh_tes!Y3/RES_hh_fec!Y3) -> 0.84420779 | DA3: Eff.ratio.LT.Res.HH.Thermal
A4: Space heating | B4: =IF(RES_hh_tes!B4=0,"",RES_hh_tes!B4/RES_hh_fec!B4) -> 0.54655292 | C4: =IF(RES_hh_tes!C4=0,"",RES_hh_tes!C4/RES_hh_fec!C4) -> 0.5529351 | D4: =IF(RES_hh_tes!D4=0,"",RES_hh_tes!D4/RES_hh_fec!D4) -> 0.56154022 | E4: =IF(RES_hh_tes!E4=0,"",RES_hh_tes!E4/RES_hh_fec!E4) -> 0.56587152 | F4: =IF(RES_hh_tes!F4=0,"",RES_hh_tes!F4/RES_hh_fec!F4) -> 0.5692359 | G4: =IF(RES_hh_tes!G4=0,"",RES_hh_tes!G4/RES_hh_fec!G4) -> 0.57428293 | H4: =IF(RES_hh_tes!H4=0,"",RES_hh_tes!H4/RES_hh_fec!H4) -> 0.58144788 | I4: =IF(RES_hh_tes!I4=0,"",RES_hh_tes!I4/RES_hh_fec!I4) -> 0.58647093 | ... Y4: =IF(RES_hh_tes!Y4=0,"",RES_hh_tes!Y4/RES_hh_fec!Y4) -> 0.8616874 | DA4: Eff.ratio.LT.Res.HH.Thermal.SH
A5: Solids | B5: =IF(RES_hh_tes!B5=0,"",RES_hh_tes!B5/RES_hh_fec!B5) -> 0.5607504 | C5: =IF(RES_hh_tes!C5=0,"",RES_hh_tes!C5/RES_hh_fec!C5) -> 0.56432443 | D5: =IF(RES_hh_tes!D5=0,"",RES_hh_tes!D5/RES_hh_fec!D5) -> 0.57076775 | E5: =IF(RES_hh_tes!E5=0,"",RES_hh_tes!E5/RES_hh_fec!E5) -> 0.57598275 | F5: =IF(RES_hh_tes!F5=0,"",RES_hh_tes!F5/RES_hh_fec!F5) -> 0.58043901 | G5: =IF(RES_hh_tes!G5=0,"",RES_hh_tes!G5/RES_hh_fec!G5) -> 0.58611515 | H5: =IF(RES_hh_tes!H5=0,"",RES_hh_tes!H5/RES_hh_fec!H5) -> 0.59224101 | I5: =IF(RES_hh_tes!I5=0,"",RES_hh_tes!I5/RES_hh_fec!I5) -> 0.5971979 | ... Y5: =IF(RES_hh_tes!Y5=0,"",RES_hh_tes!Y5/RES_hh_fec!Y5) -> 0.67576306 | DA5: Eff.ratio.LT.Res.HH.Thermal.SH.Solids.Solids
A6: Liquified petroleum gas (LPG) | B6: =IF(RES_hh_tes!B6=0,"",RES_hh_tes!B6/RES_hh_fec!B6) -> 0.4832145 | C6: =IF(RES_hh_tes!C6=0,"",RES_hh_tes!C6/RES_hh_fec!C6) -> 0.48614022 | D6: =IF(RES_hh_tes!D6=0,"",RES_hh_tes!D6/RES_hh_fec!D6) -> 0.48824734 | E6: =IF(RES_hh_tes!E6=0,"",RES_hh_tes!E6/RES_hh_fec!E6) -> 0.4902079 | F6: =IF(RES_hh_tes!F6=0,"",RES_hh_tes!F6/RES_hh_fec!F6) -> 0.49107071 | G6: =IF(RES_hh_tes!G6=0,"",RES_hh_tes!G6/RES_hh_fec!G6) -> 0.4918957 | H6: =IF(RES_hh_tes!H6=0,"",RES_hh_tes!H6/RES_hh_fec!H6) -> 0.49286829 | I6: =IF(RES_hh_tes!I6=0,"",RES_hh_tes!I6/RES_hh_fec!I6) -> 0.49405916 | ... Y6: =IF(RES_hh_tes!Y6=0,"",RES_hh_tes!Y6/RES_hh_fec!Y6) -> 0.66195471 | DA6: Eff.ratio.LT.Res.HH.Thermal.SH.LPG.LPG
A7: Diesel oil | B7: =IF(RES_hh_tes!B7=0,"",RES_hh_tes!B7/RES_hh_fec!B7) | C7: =IF(RES_hh_tes!C7=0,"",RES_hh_tes!C7/RES_hh_fec!C7) | D7: =IF(RES_hh_tes!D7=0,"",RES_hh_tes!D7/RES_hh_fec!D7) | E7: =IF(RES_hh_tes!E7=0,"",RES_hh_tes!E7/RES_hh_fec!E7) | F7: =IF(RES_hh_tes!F7=0,"",RES_hh_tes!F7/RES_hh_fec!F7) | G7: =IF(RES_hh_tes!G7=0,"",RES_hh_tes!G7/RES_hh_fec!G7) -> 0.52557014 | H7: =IF(RES_hh_tes!H7=0,"",RES_hh_tes!H7/RES_hh_fec!H7) -> 0.52701832 | I7: =IF(RES_hh_tes!I7=0,"",RES_hh_tes!I7/RES_hh_fec!I7) -> 0.52945532 | ... Y7: =IF(RES_hh_tes!Y7=0,"",RES_hh_tes!Y7/RES_hh_fec!Y7) -> 0.66979891 | DA7: Eff.ratio.LT.Res.HH.Thermal.SH.Oil.Oil_LiqBio
A8: Natural gas | B8: =IF(RES_hh_tes!B8=0,"",RES_hh_tes!B8/RES_hh_fec!B8) -> 0.45609952 | C8: =IF(RES_hh_tes!C8=0,"",RES_hh_tes!C8/RES_hh_fec!C8) -> 0.45916514 | D8: =IF(RES_hh_tes!D8=0,"",RES_hh_tes!D8/RES_hh_fec!D8) -> 0.46367908 | E8: =IF(RES_hh_tes!E8=0,"",RES_hh_tes!E8/RES_hh_fec!E8) -> 0.46930433 | F8: =IF(RES_hh_tes!F8=0,"",RES_hh_tes!F8/RES_hh_fec!F8) -> 0.47546041 | G8: =IF(RES_hh_tes!G8=0,"",RES_hh_tes!G8/RES_hh_fec!G8) -> 0.48175489 | H8: =IF(RES_hh_tes!H8=0,"",RES_hh_tes!H8/RES_hh_fec!H8) -> 0.48755992 | I8: =IF(RES_hh_tes!I8=0,"",RES_hh_tes!I8/RES_hh_fec!I8) -> 0.49398377 | ... Y8: =IF(RES_hh_tes!Y8=0,"",RES_hh_tes!Y8/RES_hh_fec!Y8) -> 0.72771095 | DA8: Eff.ratio.LT.Res.HH.Thermal.SH.Gas.NG_Biogas
A9: Biomass | B9: =IF(RES_hh_tes!B9=0,"",RES_hh_tes!B9/RES_hh_fec!B9) -> 0.41331937 | C9: =IF(RES_hh_tes!C9=0,"",RES_hh_tes!C9/RES_hh_fec!C9) -> 0.41846324 | D9: =IF(RES_hh_tes!D9=0,"",RES_hh_tes!D9/RES_hh_fec!D9) -> 0.42441759 | E9: =IF(RES_hh_tes!E9=0,"",RES_hh_tes!E9/RES_hh_fec!E9) -> 0.4330611 | F9: =IF(RES_hh_tes!F9=0,"",RES_hh_tes!F9/RES_hh_fec!F9) -> 0.44386057 | G9: =IF(RES_hh_tes!G9=0,"",RES_hh_tes!G9/RES_hh_fec!G9) -> 0.45610904 | H9: =IF(RES_hh_tes!H9=0,"",RES_hh_tes!H9/RES_hh_fec!H9) -> 0.46909226 | I9: =IF(RES_hh_tes!I9=0,"",RES_hh_tes!I9/RES_hh_fec!I9) -> 0.48273364 | ... Y9: =IF(RES_hh_tes!Y9=0,"",RES_hh_tes!Y9/RES_hh_fec!Y9) -> 0.68289347 | DA9: Eff.ratio.LT.Res.HH.Thermal.SH.Biomass.Biomass_Waste
A10: Geothermal | B10: =IF(RES_hh_tes!B10=0,"",RES_hh_tes!B10/RES_hh_fec!B10) | C10: =IF(RES_hh_tes!C10=0,"",RES_hh_tes!C10/RES_hh_fec!C10) | D10: =IF(RES_hh_tes!D10=0,"",RES_hh_tes!D10/RES_hh_fec!D10) | E10: =IF(RES_hh_tes!E10=0,"",RES_hh_tes!E10/RES_hh_fec!E10) | F10: =IF(RES_hh_tes!F10=0,"",RES_hh_tes!F10/RES_hh_fec!F10) | G10: =IF(RES_hh_tes!G10=0,"",RES_hh_tes!G10/RES_hh_fec!G10) | H10: =IF(RES_hh_tes!H10=0,"",RES_hh_tes!H10/RES_hh_fec!H10) | I10: =IF(RES_hh_tes!I10=0,"",RES_hh_tes!I10/RES_hh_fec!I10) | ... Y10: =IF(RES_hh_tes!Y10=0,"",RES_hh_tes!Y10/RES_hh_fec!Y10) | DA10: Eff.ratio.LT.Res.HH.Thermal.SH.Geo.Geo
A11: Distributed heat | B11: =IF(RES_hh_tes!B11=0,"",RES_hh_tes!B11/RES_hh_fec!B11) -> 0.704142 | C11: =IF(RES_hh_tes!C11=0,"",RES_hh_tes!C11/RES_hh_fec!C11) -> 0.70626077 | D11: =IF(RES_hh_tes!D11=0,"",RES_hh_tes!D11/RES_hh_fec!D11) -> 0.70841783 | E11: =IF(RES_hh_tes!E11=0,"",RES_hh_tes!E11/RES_hh_fec!E11) -> 0.71074528 | F11: =IF(RES_hh_tes!F11=0,"",RES_hh_tes!F11/RES_hh_fec!F11) -> 0.71310553 | G11: =IF(RES_hh_tes!G11=0,"",RES_hh_tes!G11/RES_hh_fec!G11) -> 0.71561966 | H11: =IF(RES_hh_tes!H11=0,"",RES_hh_tes!H11/RES_hh_fec!H11) -> 0.71724398 | I11: =IF(RES_hh_tes!I11=0,"",RES_hh_tes!I11/RES_hh_fec!I11) -> 0.72048349 | ... Y11: =IF(RES_hh_tes!Y11=0,"",RES_hh_tes!Y11/RES_hh_fec!Y11) -> 0.84634295 | DA11: Eff.ratio.LT.Res.HH.Thermal.SH.DistrHeat.Steam_Distr
A12: Advanced electric heating | B12: =IF(RES_hh_tes!B12=0,"",RES_hh_tes!B12/RES_hh_fec!B12) | C12: =IF(RES_hh_tes!C12=0,"",RES_hh_tes!C12/RES_hh_fec!C12) | D12: =IF(RES_hh_tes!D12=0,"",RES_hh_tes!D12/RES_hh_fec!D12) | E12: =IF(RES_hh_tes!E12=0,"",RES_hh_tes!E12/RES_hh_fec!E12) | F12: =IF(RES_hh_tes!F12=0,"",RES_hh_tes!F12/RES_hh_fec!F12) | G12: =IF(RES_hh_tes!G12=0,"",RES_hh_tes!G12/RES_hh_fec!G12) | H12: =IF(RES_hh_tes!H12=0,"",RES_hh_tes!H12/RES_hh_fec!H12) | I12: =IF(RES_hh_tes!I12=0,"",RES_hh_tes!I12/RES_hh_fec!I12) | ... Y12: =IF(RES_hh_tes!Y12=0,"",RES_hh_tes!Y12/RES_hh_fec!Y12) -> 3.7207449 | DA12: Eff.ratio.LT.Res.HH.Thermal.SH.AdvElc.Elec
A13: Conventional electric heating | B13: =IF(RES_hh_tes!B13=0,"",RES_hh_tes!B13/RES_hh_fec!B13) -> 0.62809655 | C13: =IF(RES_hh_tes!C13=0,"",RES_hh_tes!C13/RES_hh_fec!C13) -> 0.63168839 | D13: =IF(RES_hh_tes!D13=0,"",RES_hh_tes!D13/RES_hh_fec!D13) -> 0.63680636 | E13: =IF(RES_hh_tes!E13=0,"",RES_hh_tes!E13/RES_hh_fec!E13) -> 0.64498571 | F13: =IF(RES_hh_tes!F13=0,"",RES_hh_tes!F13/RES_hh_fec!F13) -> 0.65724302 | G13: =IF(RES_hh_tes!G13=0,"",RES_hh_tes!G13/RES_hh_fec!G13) -> 0.67032795 | H13: =IF(RES_hh_tes!H13=0,"",RES_hh_tes!H13/RES_hh_fec!H13) -> 0.67997927 | I13: =IF(RES_hh_tes!I13=0,"",RES_hh_tes!I13/RES_hh_fec!I13) -> 0.68611508 | ... Y13: =IF(RES_hh_tes!Y13=0,"",RES_hh_tes!Y13/RES_hh_fec!Y13) -> 0.75085089 | DA13: Eff.ratio.LT.Res.HH.Thermal.SH.ConvElc.Elec
A14: Electricity in circulation | B14: =IF(RES_hh_tes!B14=0,"",RES_hh_tes!B14/RES_hh_fec!B14) -> 1 | C14: =IF(RES_hh_tes!C14=0,"",RES_hh_tes!C14/RES_hh_fec!C14) -> 1 | D14: =IF(RES_hh_tes!D14=0,"",RES_hh_tes!D14/RES_hh_fec!D14) -> 1 | E14: =IF(RES_hh_tes!E14=0,"",RES_hh_tes!E14/RES_hh_fec!E14) -> 1 | F14: =IF(RES_hh_tes!F14=0,"",RES_hh_tes!F14/RES_hh_fec!F14) -> 1 | G14: =IF(RES_hh_tes!G14=0,"",RES_hh_tes!G14/RES_hh_fec!G14) -> 1 | H14: =IF(RES_hh_tes!H14=0,"",RES_hh_tes!H14/RES_hh_fec!H14) -> 1 | I14: =IF(RES_hh_tes!I14=0,"",RES_hh_tes!I14/RES_hh_fec!I14) -> 1 | ... Y14: =IF(RES_hh_tes!Y14=0,"",RES_hh_tes!Y14/RES_hh_fec!Y14) -> 1 | DA14: Eff.ratio.LT.Res.HH.Thermal.SH.TotalCirculation.Elec
... A32: Electricity | B32: =IF(RES_hh_tes!B32=0,"",RES_hh_tes!B32/RES_hh_fec!B32) -> 0.72896711 | C32: =IF(RES_hh_tes!C32=0,"",RES_hh_tes!C32/RES_hh_fec!C32) -> 0.73079425 | D32: =IF(RES_hh_tes!D32=0,"",RES_hh_tes!D32/RES_hh_fec!D32) -> 0.73533632 | E32: =IF(RES_hh_tes!E32=0,"",RES_hh_tes!E32/RES_hh_fec!E32) -> 0.73960028 | F32: =IF(RES_hh_tes!F32=0,"",RES_hh_tes!F32/RES_hh_fec!F32) -> 0.74268652 | G32: =IF(RES_hh_tes!G32=0,"",RES_hh_tes!G32/RES_hh_fec!G32) -> 0.74465217 | H32: =IF(RES_hh_tes!H32=0,"",RES_hh_tes!H32/RES_hh_fec!H32) -> 0.74642212 | I32: =IF(RES_hh_tes!I32=0,"",RES_hh_tes!I32/RES_hh_fec!I32) -> 0.74750246 | ... Y32: =IF(RES_hh_tes!Y32=0,"",RES_hh_tes!Y32/RES_hh_fec!Y32) -> 0.8547194 | DA32: Eff.ratio.LT.Res.HH.Thermal.CO.Elc.Elec

Sheet RES_hh_emi
A1: LT - CO2 emissions | B1: 2000 | C1: 2001 | D1: 2002 | E1: 2003 | F1: 2004 | G1: 2005 | H1: 2006 | I1: 2007 | J1: 2008 | K1: 2009 | L1: 2010 | M1: 2011 | N1: 2012 | O1: 2013 | P1: 2014 | Q1: 2015 | R1: 2016 | S1: 2017 | T1: 2018 | U1: 2019 | V1: 2020 | W1: 2021 | X1: 2022 | Y1: 2023 | DA1: Code
A3: CO2 emissions (kt CO2) | B3: =SUM(B4,B15,B17,B27) -> 543.05628 | C3: =SUM(C4,C15,C17,C27) -> 547.77244 | D3: =SUM(D4,D15,D17,D27) -> 575.45413 | E3: =SUM(E4,E15,E17,E27) -> 607.83153 | F3: =SUM(F4,F15,F17,F27) -> 596.89922 | G3: =SUM(G4,G15,G17,G27) -> 634.3314 | H3: =SUM(H4,H15,H17,H27) -> 670.26556 | I3: =SUM(I4,I15,I17,I27) -> 654.95719 | ... Y3: =SUM(Y4,Y15,Y17,Y27) -> 745.22702 | DA3: EMI.ktCO2.LT.Res.HH.Thermal
A4: Space heating | B4: =SUM(B5:B14) -> 318.41261 | C4: =SUM(C5:C14) -> 326.35564 | D4: =SUM(D5:D14) -> 360.3723 | E4: =SUM(E5:E14) -> 393.98202 | F4: =SUM(F5:F14) -> 400.53889 | G4: =SUM(G5:G14) -> 438.15746 | H4: =SUM(H5:H14) -> 488.41442 | I4: =SUM(I5:I14) -> 511.03826 | ... Y4: =SUM(Y5:Y14) -> 552.18499 | DA4: EMI.ktCO2.LT.Res.HH.Thermal.SH
A5: Solids | B5: 85.273401 | C5: 85.001743 | D5: 110.99896 | E5: 130.57461 | F5: 121.22842 | G5: 139.98652 | H5: 181.26653 | I5: 192.13845 | J5: 200.25952 | K5: 186.41787 | L5: 246.17684 | M5: 252.3728 | N5: 249.92696 | O5: 258.83581 | P5: 218.20207 | Q5: 176.03714 | R5: 192.7198 | S5: 217.91293 | T5: 226.44936 | U5: 176.25361 | V5: 133.728 | W5: 160.16214 | X5: 151.15901 | Y5: 82.389402 | DA5: EMI.ktCO2.LT.Res.HH.Thermal.SH.Solids.Solids
A6: Liquified petroleum gas (LPG) | B6: 15.433249 | C6: 15.767267 | D6: 15.957929 | E6: 15.431026 | F6: 13.605386 | G6: 13.748199 | H6: 12.384686 | I6: 8.866773 | J6: 8.0050775 | K6: 8.1064891 | L6: 9.0603601 | M6: 9.4190358 | N6: 9.4485931 | O6: 8.0878182 | P6: 6.8929344 | Q6: 5.7682504 | R6: 6.2882551 | S6: 6.6455153 | T6: 4.9076782 | U6: 5.1963229 | V6: 4.9120321 | W6: 4.9118933 | X6: 4.0493542 | Y6: 7.7911211 | DA6: EMI.ktCO2.LT.Res.HH.Thermal.SH.LPG.LPG
A7: Diesel oil | B7: 0 | C7: 0 | D7: 0 | E7: 0 | F7: 0 | G7: 3.0004582 | H7: 2.9915023 | I7: 3.0175775 | J7: 6.0046652 | K7: 9.0061912 | L7: 21.115845 | M7: 23.991835 | N7: 35.942203 | O7: 29.980602 | P7: 32.777096 | Q7: 26.662152 | R7: 41.479693 | S7: 55.219405 | T7: 64.634773 | U7: 62.025515 | V7: 64.345254 | W7: 72.863698 | X7: 86.747935 | Y7: 86.212915 | DA7: EMI.ktCO2.LT.Res.HH.Thermal.SH.Oil.Oil_LiqBio
A8: Natural gas | B8: 217.70596 | C8: 225.58663 | D8: 233.41541 | E8: 247.97639 | F8: 265.70508 | G8: 281.42228 | H8: 291.77171 | I8: 307.01546 | J8: 301.29977 | K8: 301.24249 | L8: 333.64649 | M8: 301.01282 | N8: 281.37769 | O8: 257.29822 | P8: 248.98617 | Q8: 256.44623 | R8: 304.18848 | S8: 323.16857 | T8: 344.15358 | U8: 334.47926 | V8: 364.33088 | W8: 450.37838 | X8: 404.9101 | Y8: 375.79155 | DA8: EMI.ktCO2.LT.Res.HH.Thermal.SH.Gas.NG_Biogas
A9: Biomass | B9: 0 | C9: 0 | D9: 0 | E9: 0 | F9: 0 | G9: 0 | H9: 0 | I9: 0 | J9: 0 | K9: 0 | L9: 0 | M9: 0 | N9: 0 | O9: 0 | P9: 0 | Q9: 0 | R9: 0 | S9: 0 | T9: 0 | U9: 0 | V9: 0 | W9: 0 | X9: 0 | Y9: 0 | DA9: EMI.ktCO2.LT.Res.HH.Thermal.SH.Biomass.Biomass_Waste
A10: Geothermal | B10: 0 | C10: 0 | D10: 0 | E10: 0 | F10: 0 | G10: 0 | H10: 0 | I10: 0 | J10: 0 | K10: 0 | L10: 0 | M10: 0 | N10: 0 | O10: 0 | P10: 0 | Q10: 0 | R10: 0 | S10: 0 | T10: 0 | U10: 0 | V10: 0 | W10: 0 | X10: 0 | Y10: 0 | DA10: EMI.ktCO2.LT.Res.HH.Thermal.SH.Geo.Geo
A11: Distributed heat | B11: 0 | C11: 0 | D11: 0 | E11: 0 | F11: 0 | G11: 0 | H11: 0 | I11: 0 | J11: 0 | K11: 0 | L11: 0 | M11: 0 | N11: 0 | O11: 0 | P11: 0 | Q11: 0 | R11: 0 | S11: 0 | T11: 0 | U11: 0 | V11: 0 | W11: 0 | X11: 0 | Y11: 0 | DA11: EMI.ktCO2.LT.Res.HH.Thermal.SH.DistrHeat.Steam_Distr
A12: Advanced electric heating | B12: 0 | C12: 0 | D12: 0 | E12: 0 | F12: 0 | G12: 0 | H12: 0 | I12: 0 | J12: 0 | K12: 0 | L12: 0 | M12: 0 | N12: 0 | O12: 0 | P12: 0 | Q12: 0 | R12: 0 | S12: 0 | T12: 0 | U12: 0 | V12: 0 | W12: 0 | X12: 0 | Y12: 0 | DA12: EMI.ktCO2.LT.Res.HH.Thermal.SH.AdvElc.Elec
A13: Conventional electric heating | B13: 0 | C13: 0 | D13: 0 | E13: 0 | F13: 0 | G13: 0 | H13: 0 | I13: 0 | J13: 0 | K13: 0 | L13: 0 | M13: 0 | N13: 0 | O13: 0 | P13: 0 | Q13: 0 | R13: 0 | S13: 0 | T13: 0 | U13: 0 | V13: 0 | W13: 0 | X13: 0 | Y13: 0 | DA13: EMI.ktCO2.LT.Res.HH.Thermal.SH.ConvElc.Elec
A14: Electricity in circulation | B14: 0 | C14: 0 | D14: 0 | E14: 0 | F14: 0 | G14: 0 | H14: 0 | I14: 0 | J14: 0 | K14: 0 | L14: 0 | M14: 0 | N14: 0 | O14: 0 | P14: 0 | Q14: 0 | R14: 0 | S14: 0 | T14: 0 | U14: 0 | V14: 0 | W14: 0 | X14: 0 | Y14: 0 | DA14: EMI.ktCO2.LT.Res.HH.Thermal.SH.TotalCirculation.Elec
A15: Space cooling | B15: =B16 -> 0 | C15: =C16 -> 0 | D15: =D16 -> 0 | E15: =E16 -> 0 | F15: =F16 -> 0 | G15: =G16 -> 0 | H15: =H16 -> 0 | I15: =I16 -> 0 | ... Y15: =Y16 -> 0 | DA15: EMI.ktCO2.LT.Res.HH.Thermal.SC
A16: Air conditioning | B16: 0 | C16: 0 | D16: 0 | E16: 0 | F16: 0 | G16: 0 | H16: 0 | I16: 0 | J16: 0 | K16: 0 | L16: 0 | M16: 0 | N16: 0 | O16: 0 | P16: 0 | Q16: 0 | R16: 0 | S16: 0 | T16: 0 | U16: 0 | V16: 0 | W16: 0 | X16: 0 | Y16: 0 | DA16: EMI.ktCO2.LT.Res.HH.Thermal.SC.AC.Elec
A17: Water heating | B17: =SUM(B18:B26) -> 16.026522 | C17: =SUM(C18:C26) -> 16.402842 | D17: =SUM(D18:D26) -> 16.670458 | E17: =SUM(E18:E26) -> 19.325509 | F17: =SUM(F18:F26) -> 21.969609 | G17: =SUM(G18:G26) -> 23.992301 | H17: =SUM(H18:H26) -> 27.148758 | I17: =SUM(I18:I26) -> 28.255511 | ... Y17: =SUM(Y18:Y26) -> 33.937884 | DA17: EMI.ktCO2.LT.Res.HH.Thermal.WH
A18: Solids | B18: 4.3677185 | C18: 4.2455678 | D18: 5.3186496 | E18: 6.5207312 | F18: 6.1158747 | G18: 6.9407033 | H18: 8.649307 | I18: 9.6425414 | J18: 10.16922 | K18: 9.683847 | L18: 12.848131 | M18: 14.256893 | N18: 14.271259 | O18: 15.090861 | P18: 13.581052 | Q18: 11.365633 | R18: 12.360659 | S18: 13.959631 | T18: 13.117696 | U18: 10.608132 | V18: 7.7721485 | W18: 11.9245 | X18: 10.614105 | Y18: 4.3606995 | DA18: EMI.ktCO2.LT.Res.HH.Thermal.WH.Solids.Solids
A19: Liquified petroleum gas (LPG) | B19: 0.53651124 | C19: 0.53449637 | D19: 0.52495392 | E19: 0.52301336 | F19: 0.46584923 | G19: 0.4626403 | H19: 0.40107824 | I19: 0.30201132 | J19: 0.27589282 | K19: 0.28580747 | L19: 0.32093613 | M19: 0.36113468 | N19: 0.36618178 | O19: 0.32003793 | P19: 0.29117835 | Q19: 0.25276319 | R19: 0.27373217 | S19: 0.2889349 | T19: 0.2886825 | U19: 0.2886825 | V19: 0.2889349 | W19: 0.5778698 | X19: 0.8677512 | Y19: 1.7313378 | DA19: EMI.ktCO2.LT.Res.HH.Thermal.WH.LPG.LPG
A20: Diesel oil | B20: 0 | C20: 0 | D20: 0 | E20: 0 | F20: 0 | G20: 0.16945084 | H20: 0.17840674 | I20: 0.17393918 | J20: 0.37836809 | K20: 0.5683587 | L20: 1.2245051 | M20: 1.5400314 | N20: 2.3557303 | O20: 1.9342977 | P20: 2.32932 | Q20: 1.9211817 | R20: 2.9833302 | S20: 3.8527298 | T20: 4.2829402 | U20: 4.0338645 | V20: 4.0167978 | W20: 6.309069 | X20: 7.0512835 | Y20: 5.0424801 | DA20: EMI.ktCO2.LT.Res.HH.Thermal.WH.Oil.Oil_LiqBio
A21: Natural gas | B21: 11.122293 | C21: 11.622778 | D21: 10.826854 | E21: 12.281764 | F21: 15.387885 | G21: 16.419507 | H21: 17.919966 | I21: 18.137019 | J21: 19.321086 | K21: 19.223691 | L21: 19.424629 | M21: 19.275446 | N21: 18.292916 | O21: 16.426139 | P21: 17.483091 | Q21: 18.270696 | R21: 21.660562 | S21: 22.420517 | T21: 22.809571 | U21: 21.867262 | V21: 23.01407 | W21: 39.767963 | X21: 33.909666 | Y21: 22.803367 | DA21: EMI.ktCO2.LT.Res.HH.Thermal.WH.Gas.NG_Biogas
A22: Biomass | B22: 0 | C22: 0 | D22: 0 | E22: 0 | F22: 0 | G22: 0 | H22: 0 | I22: 0 | J22: 0 | K22: 0 | L22: 0 | M22: 0 | N22: 0 | O22: 0 | P22: 0 | Q22: 0 | R22: 0 | S22: 0 | T22: 0 | U22: 0 | V22: 0 | W22: 0 | X22: 0 | Y22: 0 | DA22: EMI.ktCO2.LT.Res.HH.Thermal.WH.Biomass.Biomass_Waste
A23: Geothermal | B23: 0 | C23: 0 | D23: 0 | E23: 0 | F23: 0 | G23: 0 | H23: 0 | I23: 0 | J23: 0 | K23: 0 | L23: 0 | M23: 0 | N23: 0 | O23: 0 | P23: 0 | Q23: 0 | R23: 0 | S23: 0 | T23: 0 | U23: 0 | V23: 0 | W23: 0 | X23: 0 | Y23: 0 | DA23: EMI.ktCO2.LT.Res.HH.Thermal.WH.Geo.Geo
A24: Distributed heat | B24: 0 | C24: 0 | D24: 0 | E24: 0 | F24: 0 | G24: 0 | H24: 0 | I24: 0 | J24: 0 | K24: 0 | L24: 0 | M24: 0 | N24: 0 | O24: 0 | P24: 0 | Q24: 0 | R24: 0 | S24: 0 | T24: 0 | U24: 0 | V24: 0 | W24: 0 | X24: 0 | Y24: 0 | DA24: EMI.ktCO2.LT.Res.HH.Thermal.WH.DistrHeat.Steam_Distr
A25: Electricity | B25: 0 | C25: 0 | D25: 0 | E25: 0 | F25: 0 | G25: 0 | H25: 0 | I25: 0 | J25: 0 | K25: 0 | L25: 0 | M25: 0 | N25: 0 | O25: 0 | P25: 0 | Q25: 0 | R25: 0 | S25: 0 | T25: 0 | U25: 0 | V25: 0 | W25: 0 | X25: 0 | Y25: 0 | DA25: EMI.ktCO2.LT.Res.HH.Thermal.WH.Elc.Elec
A26: Solar | B26: 0 | C26: 0 | D26: 0 | E26: 0 | F26: 0 | G26: 0 | H26: 0 | I26: 0 | J26: 0 | K26: 0 | L26: 0 | M26: 0 | N26: 0 | O26: 0 | P26: 0 | Q26: 0 | R26: 0 | S26: 0 | T26: 0 | U26: 0 | V26: 0 | W26: 0 | X26: 0 | Y26: 0 | DA26: EMI.ktCO2.LT.Res.HH.Thermal.WH.TotalSolar.Solar
A27: Cooking | B27: =SUM(B28:B32) -> 208.61715 | C27: =SUM(C28:C32) -> 205.01396 | D27: =SUM(D28:D32) -> 198.41138 | E27: =SUM(E28:E32) -> 194.524 | F27: =SUM(F28:F32) -> 174.39072 | G27: =SUM(G28:G32) -> 172.18165 | H27: =SUM(H28:H32) -> 154.70238 | I27: =SUM(I28:I32) -> 115.66341 | ... Y27: =SUM(Y28:Y32) -> 159.10415 | DA27: EMI.ktCO2.LT.Res.HH.Thermal.CO
A28: Solids | B28: 0.89798985 | C28: 0.86128651 | D28: 1.0751446 | E28: 1.2704581 | F28: 1.175254 | G28: 1.3165624 | H28: 1.6561165 | I28: 1.710716 | J28: 1.8698016 | K28: 1.7166242 | L28: 2.2074437 | M28: 2.4996496 | N28: 2.532433 | O28: 2.6263913 | P28: 2.3954012 | Q28: 2.005307 | R28: 2.2242431 | S28: 2.5560039 | T28: 2.6615515 | U28: 2.1215871 | V28: 1.5544101 | W28: 1.9548312 | X28: 2.0849625 | Y28: 1.4961634 | DA28: EMI.ktCO2.LT.Res.HH.Thermal.CO.Solids.Solids
A29: Liquified petroleum gas (LPG) | B29: 192.17581 | C29: 188.91208 | D29: 182.86774 | E29: 177.53335 | F29: 155.96302 | G29: 152.89192 | H29: 133.79559 | I29: 93.34966 | J29: 88.379471 | K29: 88.268145 | L29: 96.066376 | M29: 110.31296 | N29: 113.20758 | O29: 97.039816 | P29: 89.476102 | Q29: 77.696987 | R29: 85.816261 | S29: 92.170233 | T29: 88.91421 | U29: 96.99732 | V29: 81.190707 | W29: 67.321832 | X29: 78.097608 | Y29: 131.29312 | DA29: EMI.ktCO2.LT.Res.HH.Thermal.CO.LPG.LPG
A30: Natural gas | B30: 15.543349 | C30: 15.240589 | D30: 14.468496 | E30: 15.720187 | F30: 17.252446 | G30: 17.973165 | H30: 19.250677 | I30: 20.603038 | J30: 21.852815 | K30: 20.341323 | L30: 18.939196 | M30: 19.761883 | N30: 18.416395 | O30: 15.583343 | P30: 15.365924 | Q30: 13.429501 | R30: 15.816787 | S30: 15.621014 | T30: 19.939089 | U30: 21.477623 | V30: 22.225282 | W30: 26.365957 | X30: 25.136886 | Y30: 26.314866 | DA30: EMI.ktCO2.LT.Res.HH.Thermal.CO.Gas.NG_Biogas
A31: Biomass | B31: 0 | C31: 0 | D31: 0 | E31: 0 | F31: 0 | G31: 0 | H31: 0 | I31: 0 | J31: 0 | K31: 0 | L31: 0 | M31: 0 | N31: 0 | O31: 0 | P31: 0 | Q31: 0 | R31: 0 | S31: 0 | T31: 0 | U31: 0 | V31: 0 | W31: 0 | X31: 0 | Y31: 0 | DA31: EMI.ktCO2.LT.Res.HH.Thermal.CO.Biomass.Biomass_Waste
A32: Electricity | B32: 0 | C32: 0 | D32: 0 | E32: 0 | F32: 0 | G32: 0 | H32: 0 | I32: 0 | J32: 0 | K32: 0 | L32: 0 | M32: 0 | N32: 0 | O32: 0 | P32: 0 | Q32: 0 | R32: 0 | S32: 0 | T32: 0 | U32: 0 | V32: 0 | W32: 0 | X32: 0 | Y32: 0 | DA32: EMI.ktCO2.LT.Res.HH.Thermal.CO.Elc.Elec

Sheet RES_hh_fech
A1: LT - Final energy consumption per household | B1: 2000 | C1: 2001 | D1: 2002 | E1: 2003 | F1: 2004 | G1: 2005 | H1: 2006 | I1: 2007 | J1: 2008 | K1: 2009 | L1: 2010 | M1: 2011 | N1: 2012 | O1: 2013 | P1: 2014 | Q1: 2015 | R1: 2016 | S1: 2017 | T1: 2018 | U1: 2019 | V1: 2020 | W1: 2021 | X1: 2022 | Y1: 2023 | DA1: Code
A3: Final energy consumption (kWh / household) | B3: =IF(RES_hh_fec!B3=0,0,1000*11630*RES_hh_fec!B3/RES_hh_num!B3) -> 10444.341 | C3: =IF(RES_hh_fec!C3=0,0,1000*11630*RES_hh_fec!C3/RES_hh_num!C3) -> 10899.486 | D3: =IF(RES_hh_fec!D3=0,0,1000*11630*RES_hh_fec!D3/RES_hh_num!D3) -> 11135.908 | E3: =IF(RES_hh_fec!E3=0,0,1000*11630*RES_hh_fec!E3/RES_hh_num!E3) -> 11338.199 | F3: =IF(RES_hh_fec!F3=0,0,1000*11630*RES_hh_fec!F3/RES_hh_num!F3) -> 11483.817 | G3: =IF(RES_hh_fec!G3=0,0,1000*11630*RES_hh_fec!G3/RES_hh_num!G3) -> 11814.177 | H3: =IF(RES_hh_fec!H3=0,0,1000*11630*RES_hh_fec!H3/RES_hh_num!H3) -> 12720.694 | I3: =IF(RES_hh_fec!I3=0,0,1000*11630*RES_hh_fec!I3/RES_hh_num!I3) -> 12302.938 | ... Y3: =IF(RES_hh_fec!Y3=0,0,1000*11630*RES_hh_fec!Y3/RES_hh_num!Y3) -> 10291.369 | DA3: FEC_per_household.kWh.LT.Res.HH.Thermal
A4: Space heating | B4: =IF(RES_hh_fec!B4=0,0,1000*11630*RES_hh_fec!B4/RES_hh_num!B4) -> 9186.9405 | C4: =IF(RES_hh_fec!C4=0,0,1000*11630*RES_hh_fec!C4/RES_hh_num!C4) -> 9621.357 | D4: =IF(RES_hh_fec!D4=0,0,1000*11630*RES_hh_fec!D4/RES_hh_num!D4) -> 9923.6227 | E4: =IF(RES_hh_fec!E4=0,0,1000*11630*RES_hh_fec!E4/RES_hh_num!E4) -> 10069.455 | F4: =IF(RES_hh_fec!F4=0,0,1000*11630*RES_hh_fec!F4/RES_hh_num!F4) -> 10129.715 | G4: =IF(RES_hh_fec!G4=0,0,1000*11630*RES_hh_fec!G4/RES_hh_num!G4) -> 10430.795 | H4: =IF(RES_hh_fec!H4=0,0,1000*11630*RES_hh_fec!H4/RES_hh_num!H4) -> 11198.034 | I4: =IF(RES_hh_fec!I4=0,0,1000*11630*RES_hh_fec!I4/RES_hh_num!I4) -> 10864.492 | ... Y4: =IF(RES_hh_fec!Y4=0,0,1000*11630*RES_hh_fec!Y4/RES_hh_num!Y4) -> 8952.2347 | DA4: FEC_per_household.kWh.LT.Res.HH.Thermal.SH
A5: Solids | B5: =IF(RES_hh_fec!B5=0,0,1000*11630*RES_hh_fec!B5/RES_hh_num!B5) -> 9026.3599 | C5: =IF(RES_hh_fec!C5=0,0,1000*11630*RES_hh_fec!C5/RES_hh_num!C5) -> 8661.382 | D5: =IF(RES_hh_fec!D5=0,0,1000*11630*RES_hh_fec!D5/RES_hh_num!D5) -> 9857.9934 | E5: =IF(RES_hh_fec!E5=0,0,1000*11630*RES_hh_fec!E5/RES_hh_num!E5) -> 10559.678 | F5: =IF(RES_hh_fec!F5=0,0,1000*11630*RES_hh_fec!F5/RES_hh_num!F5) -> 9216.0047 | G5: =IF(RES_hh_fec!G5=0,0,1000*11630*RES_hh_fec!G5/RES_hh_num!G5) -> 9653.208 | H5: =IF(RES_hh_fec!H5=0,0,1000*11630*RES_hh_fec!H5/RES_hh_num!H5) -> 11212.251 | I5: =IF(RES_hh_fec!I5=0,0,1000*11630*RES_hh_fec!I5/RES_hh_num!I5) -> 11054.665 | ... Y5: =IF(RES_hh_fec!Y5=0,0,1000*11630*RES_hh_fec!Y5/RES_hh_num!Y5) -> 8892.982 | DA5: FEC_per_household.kWh.LT.Res.HH.Thermal.SH.Solids.Solids
A6: Liquified petroleum gas (LPG) | B6: =IF(RES_hh_fec!B6=0,0,1000*11630*RES_hh_fec!B6/RES_hh_num!B6) -> 10261.289 | C6: =IF(RES_hh_fec!C6=0,0,1000*11630*RES_hh_fec!C6/RES_hh_num!C6) -> 10698.274 | D6: =IF(RES_hh_fec!D6=0,0,1000*11630*RES_hh_fec!D6/RES_hh_num!D6) -> 11334.258 | E6: =IF(RES_hh_fec!E6=0,0,1000*11630*RES_hh_fec!E6/RES_hh_num!E6) -> 11621.935 | F6: =IF(RES_hh_fec!F6=0,0,1000*11630*RES_hh_fec!F6/RES_hh_num!F6) -> 11207.598 | G6: =IF(RES_hh_fec!G6=0,0,1000*11630*RES_hh_fec!G6/RES_hh_num!G6) -> 12553.846 | H6: =IF(RES_hh_fec!H6=0,0,1000*11630*RES_hh_fec!H6/RES_hh_num!H6) -> 12922.413 | I6: =IF(RES_hh_fec!I6=0,0,1000*11630*RES_hh_fec!I6/RES_hh_num!I6) -> 10773.713 | ... Y6: =IF(RES_hh_fec!Y6=0,0,1000*11630*RES_hh_fec!Y6/RES_hh_num!Y6) -> 13785.347 | DA6: FEC_per_household.kWh.LT.Res.HH.Thermal.SH.LPG.LPG
A7: Diesel oil | B7: =IF(RES_hh_fec!B7=0,0,1000*11630*RES_hh_fec!B7/RES_hh_num!B7) -> 0 | C7: =IF(RES_hh_fec!C7=0,0,1000*11630*RES_hh_fec!C7/RES_hh_num!C7) -> 0 | D7: =IF(RES_hh_fec!D7=0,0,1000*11630*RES_hh_fec!D7/RES_hh_num!D7) -> 0 | E7: =IF(RES_hh_fec!E7=0,0,1000*11630*RES_hh_fec!E7/RES_hh_num!E7) -> 0 | F7: =IF(RES_hh_fec!F7=0,0,1000*11630*RES_hh_fec!F7/RES_hh_num!F7) -> 0 | G7: =IF(RES_hh_fec!G7=0,0,1000*11630*RES_hh_fec!G7/RES_hh_num!G7) -> 16420.119 | H7: =IF(RES_hh_fec!H7=0,0,1000*11630*RES_hh_fec!H7/RES_hh_num!H7) -> 11742.627 | I7: =IF(RES_hh_fec!I7=0,0,1000*11630*RES_hh_fec!I7/RES_hh_num!I7) -> 8524.4584 | ... Y7: =IF(RES_hh_fec!Y7=0,0,1000*11630*RES_hh_fec!Y7/RES_hh_num!Y7) -> 11335.461 | DA7: FEC_per_household.kWh.LT.Res.HH.Thermal.SH.Oil.Oil_LiqBio
A8: Natural gas | B8: =IF(RES_hh_fec!B8=0,0,1000*11630*RES_hh_fec!B8/RES_hh_num!B8) -> 10817.736 | C8: =IF(RES_hh_fec!C8=0,0,1000*11630*RES_hh_fec!C8/RES_hh_num!C8) -> 11292.504 | D8: =IF(RES_hh_fec!D8=0,0,1000*11630*RES_hh_fec!D8/RES_hh_num!D8) -> 11465.667 | E8: =IF(RES_hh_fec!E8=0,0,1000*11630*RES_hh_fec!E8/RES_hh_num!E8) -> 11755.151 | F8: =IF(RES_hh_fec!F8=0,0,1000*11630*RES_hh_fec!F8/RES_hh_num!F8) -> 12098.324 | G8: =IF(RES_hh_fec!G8=0,0,1000*11630*RES_hh_fec!G8/RES_hh_num!G8) -> 12399.829 | H8: =IF(RES_hh_fec!H8=0,0,1000*11630*RES_hh_fec!H8/RES_hh_num!H8) -> 12672.366 | I8: =IF(RES_hh_fec!I8=0,0,1000*11630*RES_hh_fec!I8/RES_hh_num!I8) -> 13022.483 | ... Y8: =IF(RES_hh_fec!Y8=0,0,1000*11630*RES_hh_fec!Y8/RES_hh_num!Y8) -> 10220.675 | DA8: FEC_per_household.kWh.LT.Res.HH.Thermal.SH.Gas.NG_Biogas
A9: Biomass | B9: =IF(RES_hh_fec!B9=0,0,1000*11630*RES_hh_fec!B9/RES_hh_num!B9) -> 12125.211 | C9: =IF(RES_hh_fec!C9=0,0,1000*11630*RES_hh_fec!C9/RES_hh_num!C9) -> 12682.527 | D9: =IF(RES_hh_fec!D9=0,0,1000*11630*RES_hh_fec!D9/RES_hh_num!D9) -> 12730.715 | E9: =IF(RES_hh_fec!E9=0,0,1000*11630*RES_hh_fec!E9/RES_hh_num!E9) -> 12867.059 | F9: =IF(RES_hh_fec!F9=0,0,1000*11630*RES_hh_fec!F9/RES_hh_num!F9) -> 12965.693 | G9: =IF(RES_hh_fec!G9=0,0,1000*11630*RES_hh_fec!G9/RES_hh_num!G9) -> 13188.397 | H9: =IF(RES_hh_fec!H9=0,0,1000*11630*RES_hh_fec!H9/RES_hh_num!H9) -> 13576.374 | I9: =IF(RES_hh_fec!I9=0,0,1000*11630*RES_hh_fec!I9/RES_hh_num!I9) -> 12988 | ... Y9: =IF(RES_hh_fec!Y9=0,0,1000*11630*RES_hh_fec!Y9/RES_hh_num!Y9) -> 11163.236 | DA9: FEC_per_household.kWh.LT.Res.HH.Thermal.SH.Biomass.Biomass_Waste
A10: Geothermal | B10: =IF(RES_hh_fec!B10=0,0,1000*11630*RES_hh_fec!B10/RES_hh_num!B10) -> 0 | C10: =IF(RES_hh_fec!C10=0,0,1000*11630*RES_hh_fec!C10/RES_hh_num!C10) -> 0 | D10: =IF(RES_hh_fec!D10=0,0,1000*11630*RES_hh_fec!D10/RES_hh_num!D10) -> 0 | E10: =IF(RES_hh_fec!E10=0,0,1000*11630*RES_hh_fec!E10/RES_hh_num!E10) -> 0 | F10: =IF(RES_hh_fec!F10=0,0,1000*11630*RES_hh_fec!F10/RES_hh_num!F10) -> 0 | G10: =IF(RES_hh_fec!G10=0,0,1000*11630*RES_hh_fec!G10/RES_hh_num!G10) -> 0 | H10: =IF(RES_hh_fec!H10=0,0,1000*11630*RES_hh_fec!H10/RES_hh_num!H10) -> 0 | I10: =IF(RES_hh_fec!I10=0,0,1000*11630*RES_hh_fec!I10/RES_hh_num!I10) -> 0 | ... Y10: =IF(RES_hh_fec!Y10=0,0,1000*11630*RES_hh_fec!Y10/RES_hh_num!Y10) -> 0 | DA10: FEC_per_household.kWh.LT.Res.HH.Thermal.SH.Geo.Geo
A11: Distributed heat | B11: =IF(RES_hh_fec!B11=0,0,1000*11630*RES_hh_fec!B11/RES_hh_num!B11) -> 7055.7459 | C11: =IF(RES_hh_fec!C11=0,0,1000*11630*RES_hh_fec!C11/RES_hh_num!C11) -> 7491.4557 | D11: =IF(RES_hh_fec!D11=0,0,1000*11630*RES_hh_fec!D11/RES_hh_num!D11) -> 7953.0762 | E11: =IF(RES_hh_fec!E11=0,0,1000*11630*RES_hh_fec!E11/RES_hh_num!E11) -> 8031.9916 | F11: =IF(RES_hh_fec!F11=0,0,1000*11630*RES_hh_fec!F11/RES_hh_num!F11) -> 8030.604 | G11: =IF(RES_hh_fec!G11=0,0,1000*11630*RES_hh_fec!G11/RES_hh_num!G11) -> 8265.6976 | H11: =IF(RES_hh_fec!H11=0,0,1000*11630*RES_hh_fec!H11/RES_hh_num!H11) -> 9161.8833 | I11: =IF(RES_hh_fec!I11=0,0,1000*11630*RES_hh_fec!I11/RES_hh_num!I11) -> 8791.9049 | ... Y11: =IF(RES_hh_fec!Y11=0,0,1000*11630*RES_hh_fec!Y11/RES_hh_num!Y11) -> 9001.4602 | DA11: FEC_per_household.kWh.LT.Res.HH.Thermal.SH.DistrHeat.Steam_Distr
A12: Advanced electric heating | B12: =IF(RES_hh_fec!B12=0,0,1000*11630*RES_hh_fec!B12/RES_hh_num!B12) -> 0 | C12: =IF(RES_hh_fec!C12=0,0,1000*11630*RES_hh_fec!C12/RES_hh_num!C12) -> 0 | D12: =IF(RES_hh_fec!D12=0,0,1000*11630*RES_hh_fec!D12/RES_hh_num!D12) -> 0 | E12: =IF(RES_hh_fec!E12=0,0,1000*11630*RES_hh_fec!E12/RES_hh_num!E12) -> 0 | F12: =IF(RES_hh_fec!F12=0,0,1000*11630*RES_hh_fec!F12/RES_hh_num!F12) -> 0 | G12: =IF(RES_hh_fec!G12=0,0,1000*11630*RES_hh_fec!G12/RES_hh_num!G12) -> 0 | H12: =IF(RES_hh_fec!H12=0,0,1000*11630*RES_hh_fec!H12/RES_hh_num!H12) -> 0 | I12: =IF(RES_hh_fec!I12=0,0,1000*11630*RES_hh_fec!I12/RES_hh_num!I12) -> 0 | ... Y12: =IF(RES_hh_fec!Y12=0,0,1000*11630*RES_hh_fec!Y12/RES_hh_num!Y12) -> 2240.7504 | DA12: FEC_per_household.kWh.LT.Res.HH.Thermal.SH.AdvElc.Elec
A13: Conventional electric heating | B13: =IF(RES_hh_fec!B13=0,0,1000*11630*RES_hh_fec!B13/RES_hh_num!B13) -> 7933.9843 | C13: =IF(RES_hh_fec!C13=0,0,1000*11630*RES_hh_fec!C13/RES_hh_num!C13) -> 8387.1724 | D13: =IF(RES_hh_fec!D13=0,0,1000*11630*RES_hh_fec!D13/RES_hh_num!D13) -> 8581.6458 | E13: =IF(RES_hh_fec!E13=0,0,1000*11630*RES_hh_fec!E13/RES_hh_num!E13) -> 8071.3152 | F13: =IF(RES_hh_fec!F13=0,0,1000*11630*RES_hh_fec!F13/RES_hh_num!F13) -> 6632.5132 | G13: =IF(RES_hh_fec!G13=0,0,1000*11630*RES_hh_fec!G13/RES_hh_num!G13) -> 7567.1466 | H13: =IF(RES_hh_fec!H13=0,0,1000*11630*RES_hh_fec!H13/RES_hh_num!H13) -> 9398.8712 | I13: =IF(RES_hh_fec!I13=0,0,1000*11630*RES_hh_fec!I13/RES_hh_num!I13) -> 9302.071 | ... Y13: =IF(RES_hh_fec!Y13=0,0,1000*11630*RES_hh_fec!Y13/RES_hh_num!Y13) -> 10165.765 | DA13: FEC_per_household.kWh.LT.Res.HH.Thermal.SH.ConvElc.Elec
A14: Electricity in circulation | B14: =IF(RES_hh_fec!B14=0,0,1000*11630*RES_hh_fec!B14/RES_hh_num!B14) -> 38.572778 | C14: =IF(RES_hh_fec!C14=0,0,1000*11630*RES_hh_fec!C14/RES_hh_num!C14) -> 39.842739 | D14: =IF(RES_hh_fec!D14=0,0,1000*11630*RES_hh_fec!D14/RES_hh_num!D14) -> 40.644169 | E14: =IF(RES_hh_fec!E14=0,0,1000*11630*RES_hh_fec!E14/RES_hh_num!E14) -> 41.265985 | F14: =IF(RES_hh_fec!F14=0,0,1000*11630*RES_hh_fec!F14/RES_hh_num!F14) -> 41.888473 | G14: =IF(RES_hh_fec!G14=0,0,1000*11630*RES_hh_fec!G14/RES_hh_num!G14) -> 43.593533 | H14: =IF(RES_hh_fec!H14=0,0,1000*11630*RES_hh_fec!H14/RES_hh_num!H14) -> 47.113366 | I14: =IF(RES_hh_fec!I14=0,0,1000*11630*RES_hh_fec!I14/RES_hh_num!I14) -> 46.424748 | ... Y14: =IF(RES_hh_fec!Y14=0,0,1000*11630*RES_hh_fec!Y14/RES_hh_num!Y14) -> 53.338663 | DA14: FEC_per_household.kWh.LT.Res.HH.Thermal.SH.TotalCirculation.Elec
A15: Space cooling | B15: =B16 -> 0.0096888354 | C15: =C16 -> 0.011787567 | D15: =D16 -> 0.016167576 | E15: =E16 -> 0.027447625 | F15: =F16 -> 0.049283194 | G15: =G16 -> 0.089948295 | H15: =H16 -> 0.29777327 | I15: =I16 -> 0.16677915 | ... Y15: =Y16 -> 0.74600221 | DA15: FEC_per_household.kWh.LT.Res.HH.Thermal.SC
A16: Air conditioning | B16: =IF(RES_hh_fec!B16=0,0,1000*11630*RES_hh_fec!B16/RES_hh_num!B$3) -> 0.0096888354 | C16: =IF(RES_hh_fec!C16=0,0,1000*11630*RES_hh_fec!C16/RES_hh_num!C$3) -> 0.011787567 | D16: =IF(RES_hh_fec!D16=0,0,1000*11630*RES_hh_fec!D16/RES_hh_num!D$3) -> 0.016167576 | E16: =IF(RES_hh_fec!E16=0,0,1000*11630*RES_hh_fec!E16/RES_hh_num!E$3) -> 0.027447625 | F16: =IF(RES_hh_fec!F16=0,0,1000*11630*RES_hh_fec!F16/RES_hh_num!F$3) -> 0.049283194 | G16: =IF(RES_hh_fec!G16=0,0,1000*11630*RES_hh_fec!G16/RES_hh_num!G$3) -> 0.089948295 | H16: =IF(RES_hh_fec!H16=0,0,1000*11630*RES_hh_fec!H16/RES_hh_num!H$3) -> 0.29777327 | I16: =IF(RES_hh_fec!I16=0,0,1000*11630*RES_hh_fec!I16/RES_hh_num!I$3) -> 0.16677915 | ... Y16: =IF(RES_hh_fec!Y16=0,0,1000*11630*RES_hh_fec!Y16/RES_hh_num!Y$3) -> 0.74600221 | DA16: FEC_per_household.kWh.LT.Res.HH.Thermal.SC.AC.Elec
A17: Water heating | B17: =IF(RES_hh_fec!B17=0,0,1000*11630*RES_hh_fec!B17/RES_hh_num!B17) -> 471.06392 | C17: =IF(RES_hh_fec!C17=0,0,1000*11630*RES_hh_fec!C17/RES_hh_num!C17) -> 496.46881 | D17: =IF(RES_hh_fec!D17=0,0,1000*11630*RES_hh_fec!D17/RES_hh_num!D17) -> 465.00763 | E17: =IF(RES_hh_fec!E17=0,0,1000*11630*RES_hh_fec!E17/RES_hh_num!E17) -> 503.84307 | F17: =IF(RES_hh_fec!F17=0,0,1000*11630*RES_hh_fec!F17/RES_hh_num!F17) -> 588.97191 | G17: =IF(RES_hh_fec!G17=0,0,1000*11630*RES_hh_fec!G17/RES_hh_num!G17) -> 613.2532 | H17: =IF(RES_hh_fec!H17=0,0,1000*11630*RES_hh_fec!H17/RES_hh_num!H17) -> 693.46815 | I17: =IF(RES_hh_fec!I17=0,0,1000*11630*RES_hh_fec!I17/RES_hh_num!I17) -> 652.31273 | ... Y17: =IF(RES_hh_fec!Y17=0,0,1000*11630*RES_hh_fec!Y17/RES_hh_num!Y17) -> 627.21095 | DA17: FEC_per_household.kWh.LT.Res.HH.Thermal.WH
A18: Solids | B18: =IF(RES_hh_fec!B18=0,0,1000*11630*RES_hh_fec!B18/RES_hh_num!B18) -> 505.49886 | C18: =IF(RES_hh_fec!C18=0,0,1000*11630*RES_hh_fec!C18/RES_hh_num!C18) -> 471.07625 | D18: =IF(RES_hh_fec!D18=0,0,1000*11630*RES_hh_fec!D18/RES_hh_num!D18) -> 514.80284 | E18: =IF(RES_hh_fec!E18=0,0,1000*11630*RES_hh_fec!E18/RES_hh_num!E18) -> 594.70722 | F18: =IF(RES_hh_fec!F18=0,0,1000*11630*RES_hh_fec!F18/RES_hh_num!F18) -> 566.09384 | G18: =IF(RES_hh_fec!G18=0,0,1000*11630*RES_hh_fec!G18/RES_hh_num!G18) -> 615.61752 | H18: =IF(RES_hh_fec!H18=0,0,1000*11630*RES_hh_fec!H18/RES_hh_num!H18) -> 720.59521 | I18: =IF(RES_hh_fec!I18=0,0,1000*11630*RES_hh_fec!I18/RES_hh_num!I18) -> 743.04539 | ... Y18: =IF(RES_hh_fec!Y18=0,0,1000*11630*RES_hh_fec!Y18/RES_hh_num!Y18) -> 574.8933 | DA18: FEC_per_household.kWh.LT.Res.HH.Thermal.WH.Solids.Solids
A19: Liquified petroleum gas (LPG) | B19: =IF(RES_hh_fec!B19=0,0,1000*11630*RES_hh_fec!B19/RES_hh_num!B19) -> 542.44853 | C19: =IF(RES_hh_fec!C19=0,0,1000*11630*RES_hh_fec!C19/RES_hh_num!C19) -> 548.85726 | D19: =IF(RES_hh_fec!D19=0,0,1000*11630*RES_hh_fec!D19/RES_hh_num!D19) -> 559.95723 | E19: =IF(RES_hh_fec!E19=0,0,1000*11630*RES_hh_fec!E19/RES_hh_num!E19) -> 608.29611 | F19: =IF(RES_hh_fec!F19=0,0,1000*11630*RES_hh_fec!F19/RES_hh_num!F19) -> 630.80708 | G19: =IF(RES_hh_fec!G19=0,0,1000*11630*RES_hh_fec!G19/RES_hh_num!G19) -> 729.71247 | H19: =IF(RES_hh_fec!H19=0,0,1000*11630*RES_hh_fec!H19/RES_hh_num!H19) -> 773.03853 | I19: =IF(RES_hh_fec!I19=0,0,1000*11630*RES_hh_fec!I19/RES_hh_num!I19) -> 699.00592 | ... Y19: =IF(RES_hh_fec!Y19=0,0,1000*11630*RES_hh_fec!Y19/RES_hh_num!Y19) -> 745.32238 | DA19: FEC_per_household.kWh.LT.Res.HH.Thermal.WH.LPG.LPG
A20: Diesel oil | B20: =IF(RES_hh_fec!B20=0,0,1000*11630*RES_hh_fec!B20/RES_hh_num!B20) -> 0 | C20: =IF(RES_hh_fec!C20=0,0,1000*11630*RES_hh_fec!C20/RES_hh_num!C20) -> 0 | D20: =IF(RES_hh_fec!D20=0,0,1000*11630*RES_hh_fec!D20/RES_hh_num!D20) -> 0 | E20: =IF(RES_hh_fec!E20=0,0,1000*11630*RES_hh_fec!E20/RES_hh_num!E20) -> 0 | F20: =IF(RES_hh_fec!F20=0,0,1000*11630*RES_hh_fec!F20/RES_hh_num!F20) -> 0 | G20: =IF(RES_hh_fec!G20=0,0,1000*11630*RES_hh_fec!G20/RES_hh_num!G20) -> 958.09704 | H20: =IF(RES_hh_fec!H20=0,0,1000*11630*RES_hh_fec!H20/RES_hh_num!H20) -> 722.23672 | I20: =IF(RES_hh_fec!I20=0,0,1000*11630*RES_hh_fec!I20/RES_hh_num!I20) -> 505.85237 | ... Y20: =IF(RES_hh_fec!Y20=0,0,1000*11630*RES_hh_fec!Y20/RES_hh_num!Y20) -> 682.9498 | DA20: FEC_per_household.kWh.LT.Res.HH.Thermal.WH.Oil.Oil_LiqBio
A21: Natural gas | B21: =IF(RES_hh_fec!B21=0,0,1000*11630*RES_hh_fec!B21/RES_hh_num!B21) -> 572.25737 | C21: =IF(RES_hh_fec!C21=0,0,1000*11630*RES_hh_fec!C21/RES_hh_num!C21) -> 602.27622 | D21: =IF(RES_hh_fec!D21=0,0,1000*11630*RES_hh_fec!D21/RES_hh_num!D21) -> 550.17913 | E21: =IF(RES_hh_fec!E21=0,0,1000*11630*RES_hh_fec!E21/RES_hh_num!E21) -> 601.88699 | F21: =IF(RES_hh_fec!F21=0,0,1000*11630*RES_hh_fec!F21/RES_hh_num!F21) -> 723.90775 | G21: =IF(RES_hh_fec!G21=0,0,1000*11630*RES_hh_fec!G21/RES_hh_num!G21) -> 746.96837 | H21: =IF(RES_hh_fec!H21=0,0,1000*11630*RES_hh_fec!H21/RES_hh_num!H21) -> 803.18514 | I21: =IF(RES_hh_fec!I21=0,0,1000*11630*RES_hh_fec!I21/RES_hh_num!I21) -> 793.37251 | ... Y21: =IF(RES_hh_fec!Y21=0,0,1000*11630*RES_hh_fec!Y21/RES_hh_num!Y21) -> 638.39233 | DA21: FEC_per_household.kWh.LT.Res.HH.Thermal.WH.Gas.NG_Biogas
A22: Biomass | B22: =IF(RES_hh_fec!B22=0,0,1000*11630*RES_hh_fec!B22/RES_hh_num!B22) -> 663.18496 | C22: =IF(RES_hh_fec!C22=0,0,1000*11630*RES_hh_fec!C22/RES_hh_num!C22) -> 673.1026 | D22: =IF(RES_hh_fec!D22=0,0,1000*11630*RES_hh_fec!D22/RES_hh_num!D22) -> 655.4388 | E22: =IF(RES_hh_fec!E22=0,0,1000*11630*RES_hh_fec!E22/RES_hh_num!E22) -> 711.20115 | F22: =IF(RES_hh_fec!F22=0,0,1000*11630*RES_hh_fec!F22/RES_hh_num!F22) -> 786.38859 | G22: =IF(RES_hh_fec!G22=0,0,1000*11630*RES_hh_fec!G22/RES_hh_num!G22) -> 836.73027 | H22: =IF(RES_hh_fec!H22=0,0,1000*11630*RES_hh_fec!H22/RES_hh_num!H22) -> 869.92003 | I22: =IF(RES_hh_fec!I22=0,0,1000*11630*RES_hh_fec!I22/RES_hh_num!I22) -> 855.52575 | ... Y22: =IF(RES_hh_fec!Y22=0,0,1000*11630*RES_hh_fec!Y22/RES_hh_num!Y22) -> 681.05783 | DA22: FEC_per_household.kWh.LT.Res.HH.Thermal.WH.Biomass.Biomass_Waste
A23: Geothermal | B23: =IF(RES_hh_fec!B23=0,0,1000*11630*RES_hh_fec!B23/RES_hh_num!B23) -> 0 | C23: =IF(RES_hh_fec!C23=0,0,1000*11630*RES_hh_fec!C23/RES_hh_num!C23) -> 0 | D23: =IF(RES_hh_fec!D23=0,0,1000*11630*RES_hh_fec!D23/RES_hh_num!D23) -> 0 | E23: =IF(RES_hh_fec!E23=0,0,1000*11630*RES_hh_fec!E23/RES_hh_num!E23) -> 0 | F23: =IF(RES_hh_fec!F23=0,0,1000*11630*RES_hh_fec!F23/RES_hh_num!F23) -> 0 | G23: =IF(RES_hh_fec!G23=0,0,1000*11630*RES_hh_fec!G23/RES_hh_num!G23) -> 0 | H23: =IF(RES_hh_fec!H23=0,0,1000*11630*RES_hh_fec!H23/RES_hh_num!H23) -> 0 | I23: =IF(RES_hh_fec!I23=0,0,1000*11630*RES_hh_fec!I23/RES_hh_num!I23) -> 0 | ... Y23: =IF(RES_hh_fec!Y23=0,0,1000*11630*RES_hh_fec!Y23/RES_hh_num!Y23) -> 0 | DA23: FEC_per_household.kWh.LT.Res.HH.Thermal.WH.Geo.Geo
A24: Distributed heat | B24: =IF(RES_hh_fec!B24=0,0,1000*11630*RES_hh_fec!B24/RES_hh_num!B24) -> 367.62317 | C24: =IF(RES_hh_fec!C24=0,0,1000*11630*RES_hh_fec!C24/RES_hh_num!C24) -> 393.26248 | D24: =IF(RES_hh_fec!D24=0,0,1000*11630*RES_hh_fec!D24/RES_hh_num!D24) -> 376.17079 | E24: =IF(RES_hh_fec!E24=0,0,1000*11630*RES_hh_fec!E24/RES_hh_num!E24) -> 406.46016 | F24: =IF(RES_hh_fec!F24=0,0,1000*11630*RES_hh_fec!F24/RES_hh_num!F24) -> 475.46967 | G24: =IF(RES_hh_fec!G24=0,0,1000*11630*RES_hh_fec!G24/RES_hh_num!G24) -> 494.09392 | H24: =IF(RES_hh_fec!H24=0,0,1000*11630*RES_hh_fec!H24/RES_hh_num!H24) -> 576.15626 | I24: =IF(RES_hh_fec!I24=0,0,1000*11630*RES_hh_fec!I24/RES_hh_num!I24) -> 537.28465 | ... Y24: =IF(RES_hh_fec!Y24=0,0,1000*11630*RES_hh_fec!Y24/RES_hh_num!Y24) -> 571.67049 | DA24: FEC_per_household.kWh.LT.Res.HH.Thermal.WH.DistrHeat.Steam_Distr
A25: Electricity | B25: =IF(RES_hh_fec!B25=0,0,1000*11630*RES_hh_fec!B25/RES_hh_num!B25) -> 460.50205 | C25: =IF(RES_hh_fec!C25=0,0,1000*11630*RES_hh_fec!C25/RES_hh_num!C25) -> 539.6838 | D25: =IF(RES_hh_fec!D25=0,0,1000*11630*RES_hh_fec!D25/RES_hh_num!D25) -> 406.69909 | E25: =IF(RES_hh_fec!E25=0,0,1000*11630*RES_hh_fec!E25/RES_hh_num!E25) -> 450.02492 | F25: =IF(RES_hh_fec!F25=0,0,1000*11630*RES_hh_fec!F25/RES_hh_num!F25) -> 636.71865 | G25: =IF(RES_hh_fec!G25=0,0,1000*11630*RES_hh_fec!G25/RES_hh_num!G25) -> 633.09536 | H25: =IF(RES_hh_fec!H25=0,0,1000*11630*RES_hh_fec!H25/RES_hh_num!H25) -> 756.65499 | I25: =IF(RES_hh_fec!I25=0,0,1000*11630*RES_hh_fec!I25/RES_hh_num!I25) -> 626.4976 | ... Y25: =IF(RES_hh_fec!Y25=0,0,1000*11630*RES_hh_fec!Y25/RES_hh_num!Y25) -> 651.67471 | DA25: FEC_per_household.kWh.LT.Res.HH.Thermal.WH.Elc.Elec
A26: Solar | B26: =IF(RES_hh_fec!B26=0,0,1000*11630*RES_hh_fec!B26/RES_hh_num!B26) -> 0 | C26: =IF(RES_hh_fec!C26=0,0,1000*11630*RES_hh_fec!C26/RES_hh_num!C26) -> 0 | D26: =IF(RES_hh_fec!D26=0,0,1000*11630*RES_hh_fec!D26/RES_hh_num!D26) -> 0 | E26: =IF(RES_hh_fec!E26=0,0,1000*11630*RES_hh_fec!E26/RES_hh_num!E26) -> 0 | F26: =IF(RES_hh_fec!F26=0,0,1000*11630*RES_hh_fec!F26/RES_hh_num!F26) -> 0 | G26: =IF(RES_hh_fec!G26=0,0,1000*11630*RES_hh_fec!G26/RES_hh_num!G26) -> 0 | H26: =IF(RES_hh_fec!H26=0,0,1000*11630*RES_hh_fec!H26/RES_hh_num!H26) -> 0 | I26: =IF(RES_hh_fec!I26=0,0,1000*11630*RES_hh_fec!I26/RES_hh_num!I26) -> 0 | ... Y26: =IF(RES_hh_fec!Y26=0,0,1000*11630*RES_hh_fec!Y26/RES_hh_num!Y26) -> 0 | DA26: FEC_per_household.kWh.LT.Res.HH.Thermal.WH.TotalSolar.Solar
A27: Cooking | B27: =IF(RES_hh_fec!B27=0,0,1000*11630*RES_hh_fec!B27/RES_hh_num!B27) -> 786.32707 | C27: =IF(RES_hh_fec!C27=0,0,1000*11630*RES_hh_fec!C27/RES_hh_num!C27) -> 781.6484 | D27: =IF(RES_hh_fec!D27=0,0,1000*11630*RES_hh_fec!D27/RES_hh_num!D27) -> 747.26112 | E27: =IF(RES_hh_fec!E27=0,0,1000*11630*RES_hh_fec!E27/RES_hh_num!E27) -> 764.87417 | F27: =IF(RES_hh_fec!F27=0,0,1000*11630*RES_hh_fec!F27/RES_hh_num!F27) -> 765.08083 | G27: =IF(RES_hh_fec!G27=0,0,1000*11630*RES_hh_fec!G27/RES_hh_num!G27) -> 770.0397 | H27: =IF(RES_hh_fec!H27=0,0,1000*11630*RES_hh_fec!H27/RES_hh_num!H27) -> 828.8944 | I27: =IF(RES_hh_fec!I27=0,0,1000*11630*RES_hh_fec!I27/RES_hh_num!I27) -> 785.96647 | ... Y27: =IF(RES_hh_fec!Y27=0,0,1000*11630*RES_hh_fec!Y27/RES_hh_num!Y27) -> 711.17686 | DA27: FEC_per_household.kWh.LT.Res.HH.Thermal.CO
A28: Solids | B28: =IF(RES_hh_fec!B28=0,0,1000*11630*RES_hh_fec!B28/RES_hh_num!B28) -> 793.38581 | C28: =IF(RES_hh_fec!C28=0,0,1000*11630*RES_hh_fec!C28/RES_hh_num!C28) -> 718.81585 | D28: =IF(RES_hh_fec!D28=0,0,1000*11630*RES_hh_fec!D28/RES_hh_num!D28) -> 771.58322 | E28: =IF(RES_hh_fec!E28=0,0,1000*11630*RES_hh_fec!E28/RES_hh_num!E28) -> 833.18273 | F28: =IF(RES_hh_fec!F28=0,0,1000*11630*RES_hh_fec!F28/RES_hh_num!F28) -> 738.72914 | G28: =IF(RES_hh_fec!G28=0,0,1000*11630*RES_hh_fec!G28/RES_hh_num!G28) -> 772.53602 | H28: =IF(RES_hh_fec!H28=0,0,1000*11630*RES_hh_fec!H28/RES_hh_num!H28) -> 906.95325 | I28: =IF(RES_hh_fec!I28=0,0,1000*11630*RES_hh_fec!I28/RES_hh_num!I28) -> 894.02135 | ... Y28: =IF(RES_hh_fec!Y28=0,0,1000*11630*RES_hh_fec!Y28/RES_hh_num!Y28) -> 648.60322 | DA28: FEC_per_household.kWh.LT.Res.HH.Thermal.CO.Solids.Solids
... A32: Electricity | B32: =IF(RES_hh_fec!B32=0,0,1000*11630*RES_hh_fec!B32/RES_hh_num!B32) -> 579.99648 | C32: =IF(RES_hh_fec!C32=0,0,1000*11630*RES_hh_fec!C32/RES_hh_num!C32) -> 694.26759 | D32: =IF(RES_hh_fec!D32=0,0,1000*11630*RES_hh_fec!D32/RES_hh_num!D32) -> 348.0026 | E32: =IF(RES_hh_fec!E32=0,0,1000*11630*RES_hh_fec!E32/RES_hh_num!E32) -> 493.04332 | F32: =IF(RES_hh_fec!F32=0,0,1000*11630*RES_hh_fec!F32/RES_hh_num!F32) -> 687.47202 | G32: =IF(RES_hh_fec!G32=0,0,1000*11630*RES_hh_fec!G32/RES_hh_num!G32) -> 520.67118 | H32: =IF(RES_hh_fec!H32=0,0,1000*11630*RES_hh_fec!H32/RES_hh_num!H32) -> 664.50186 | I32: =IF(RES_hh_fec!I32=0,0,1000*11630*RES_hh_fec!I32/RES_hh_num!I32) -> 750.61566 | ... Y32: =IF(RES_hh_fec!Y32=0,0,1000*11630*RES_hh_fec!Y32/RES_hh_num!Y32) -> 442.64744 | DA32: FEC_per_household.kWh.LT.Res.HH.Thermal.CO.Elc.Elec

Sheet RES_hh_tesh
A1: LT - Thermal energy service per household | B1: 2000 | C1: 2001 | D1: 2002 | E1: 2003 | F1: 2004 | G1: 2005 | H1: 2006 | I1: 2007 | J1: 2008 | K1: 2009 | L1: 2010 | M1: 2011 | N1: 2012 | O1: 2013 | P1: 2014 | Q1: 2015 | R1: 2016 | S1: 2017 | T1: 2018 | U1: 2019 | V1: 2020 | W1: 2021 | X1: 2022 | Y1: 2023 | DA1: Code
A3: Thermal energy service (kWh useful / household) | B3: =IF(RES_hh_tes!B3=0,0,1000*11630*RES_hh_tes!B3/RES_hh_num!B3) -> 5748.5287 | C3: =IF(RES_hh_tes!C3=0,0,1000*11630*RES_hh_tes!C3/RES_hh_num!C3) -> 6065.5362 | D3: =IF(RES_hh_tes!D3=0,0,1000*11630*RES_hh_tes!D3/RES_hh_num!D3) -> 6280.6547 | E3: =IF(RES_hh_tes!E3=0,0,1000*11630*RES_hh_tes!E3/RES_hh_num!E3) -> 6447.5308 | F3: =IF(RES_hh_tes!F3=0,0,1000*11630*RES_hh_tes!F3/RES_hh_num!F3) -> 6583.6621 | G3: =IF(RES_hh_tes!G3=0,0,1000*11630*RES_hh_tes!G3/RES_hh_num!G3) -> 6829.8694 | H3: =IF(RES_hh_tes!H3=0,0,1000*11630*RES_hh_tes!H3/RES_hh_num!H3) -> 7458.5968 | I3: =IF(RES_hh_tes!I3=0,0,1000*11630*RES_hh_tes!I3/RES_hh_num!I3) -> 7285.1408 | ... Y3: =IF(RES_hh_tes!Y3=0,0,1000*11630*RES_hh_tes!Y3/RES_hh_num!Y3) -> 8688.0535 | DA3: TES_per_household.kWh.LT.Res.HH.Thermal
A4: Space heating | B4: =IF(RES_hh_tes!B4=0,0,1000*11630*RES_hh_tes!B4/RES_hh_num!B4) -> 5021.1492 | C4: =IF(RES_hh_tes!C4=0,0,1000*11630*RES_hh_tes!C4/RES_hh_num!C4) -> 5319.986 | D4: =IF(RES_hh_tes!D4=0,0,1000*11630*RES_hh_tes!D4/RES_hh_num!D4) -> 5572.5132 | E4: =IF(RES_hh_tes!E4=0,0,1000*11630*RES_hh_tes!E4/RES_hh_num!E4) -> 5698.0176 | F4: =IF(RES_hh_tes!F4=0,0,1000*11630*RES_hh_tes!F4/RES_hh_num!F4) -> 5766.1976 | G4: =IF(RES_hh_tes!G4=0,0,1000*11630*RES_hh_tes!G4/RES_hh_num!G4) -> 5990.2272 | H4: =IF(RES_hh_tes!H4=0,0,1000*11630*RES_hh_tes!H4/RES_hh_num!H4) -> 6511.0728 | I4: =IF(RES_hh_tes!I4=0,0,1000*11630*RES_hh_tes!I4/RES_hh_num!I4) -> 6371.7089 | ... Y4: =IF(RES_hh_tes!Y4=0,0,1000*11630*RES_hh_tes!Y4/RES_hh_num!Y4) -> 7714.0279 | DA4: TES_per_household.kWh.LT.Res.HH.Thermal.SH
A5: Solids | B5: =IF(RES_hh_tes!B5=0,0,1000*11630*RES_hh_tes!B5/RES_hh_num!B5) -> 5061.5349 | C5: =IF(RES_hh_tes!C5=0,0,1000*11630*RES_hh_tes!C5/RES_hh_num!C5) -> 4887.8295 | D5: =IF(RES_hh_tes!D5=0,0,1000*11630*RES_hh_tes!D5/RES_hh_num!D5) -> 5626.6247 | E5: =IF(RES_hh_tes!E5=0,0,1000*11630*RES_hh_tes!E5/RES_hh_num!E5) -> 6082.1922 | F5: =IF(RES_hh_tes!F5=0,0,1000*11630*RES_hh_tes!F5/RES_hh_num!F5) -> 5349.3286 | G5: =IF(RES_hh_tes!G5=0,0,1000*11630*RES_hh_tes!G5/RES_hh_num!G5) -> 5657.8914 | H5: =IF(RES_hh_tes!H5=0,0,1000*11630*RES_hh_tes!H5/RES_hh_num!H5) -> 6640.3545 | I5: =IF(RES_hh_tes!I5=0,0,1000*11630*RES_hh_tes!I5/RES_hh_num!I5) -> 6601.8227 | ... Y5: =IF(RES_hh_tes!Y5=0,0,1000*11630*RES_hh_tes!Y5/RES_hh_num!Y5) -> 6009.5487 | DA5: TES_per_household.kWh.LT.Res.HH.Thermal.SH.Solids.Solids
A6: Liquified petroleum gas (LPG) | B6: =IF(RES_hh_tes!B6=0,0,1000*11630*RES_hh_tes!B6/RES_hh_num!B6) -> 4958.4037 | C6: =IF(RES_hh_tes!C6=0,0,1000*11630*RES_hh_tes!C6/RES_hh_num!C6) -> 5200.8613 | D6: =IF(RES_hh_tes!D6=0,0,1000*11630*RES_hh_tes!D6/RES_hh_num!D6) -> 5533.9214 | E6: =IF(RES_hh_tes!E6=0,0,1000*11630*RES_hh_tes!E6/RES_hh_num!E6) -> 5697.1643 | F6: =IF(RES_hh_tes!F6=0,0,1000*11630*RES_hh_tes!F6/RES_hh_num!F6) -> 5503.7232 | G6: =IF(RES_hh_tes!G6=0,0,1000*11630*RES_hh_tes!G6/RES_hh_num!G6) -> 6175.1831 | H6: =IF(RES_hh_tes!H6=0,0,1000*11630*RES_hh_tes!H6/RES_hh_num!H6) -> 6369.0476 | I6: =IF(RES_hh_tes!I6=0,0,1000*11630*RES_hh_tes!I6/RES_hh_num!I6) -> 5322.8515 | ... Y6: =IF(RES_hh_tes!Y6=0,0,1000*11630*RES_hh_tes!Y6/RES_hh_num!Y6) -> 9125.2757 | DA6: TES_per_household.kWh.LT.Res.HH.Thermal.SH.LPG.LPG
A7: Diesel oil | B7: =IF(RES_hh_tes!B7=0,0,1000*11630*RES_hh_tes!B7/RES_hh_num!B7) -> 0 | C7: =IF(RES_hh_tes!C7=0,0,1000*11630*RES_hh_tes!C7/RES_hh_num!C7) -> 0 | D7: =IF(RES_hh_tes!D7=0,0,1000*11630*RES_hh_tes!D7/RES_hh_num!D7) -> 0 | E7: =IF(RES_hh_tes!E7=0,0,1000*11630*RES_hh_tes!E7/RES_hh_num!E7) -> 0 | F7: =IF(RES_hh_tes!F7=0,0,1000*11630*RES_hh_tes!F7/RES_hh_num!F7) -> 0 | G7: =IF(RES_hh_tes!G7=0,0,1000*11630*RES_hh_tes!G7/RES_hh_num!G7) -> 8629.9243 | H7: =IF(RES_hh_tes!H7=0,0,1000*11630*RES_hh_tes!H7/RES_hh_num!H7) -> 6188.5796 | I7: =IF(RES_hh_tes!I7=0,0,1000*11630*RES_hh_tes!I7/RES_hh_num!I7) -> 4513.3198 | ... Y7: =IF(RES_hh_tes!Y7=0,0,1000*11630*RES_hh_tes!Y7/RES_hh_num!Y7) -> 7592.4791 | DA7: TES_per_household.kWh.LT.Res.HH.Thermal.SH.Oil.Oil_LiqBio
A8: Natural gas | B8: =IF(RES_hh_tes!B8=0,0,1000*11630*RES_hh_tes!B8/RES_hh_num!B8) -> 4933.964 | C8: =IF(RES_hh_tes!C8=0,0,1000*11630*RES_hh_tes!C8/RES_hh_num!C8) -> 5185.1239 | D8: =IF(RES_hh_tes!D8=0,0,1000*11630*RES_hh_tes!D8/RES_hh_num!D8) -> 5316.3899 | E8: =IF(RES_hh_tes!E8=0,0,1000*11630*RES_hh_tes!E8/RES_hh_num!E8) -> 5516.7432 | F8: =IF(RES_hh_tes!F8=0,0,1000*11630*RES_hh_tes!F8/RES_hh_num!F8) -> 5752.2739 | G8: =IF(RES_hh_tes!G8=0,0,1000*11630*RES_hh_tes!G8/RES_hh_num!G8) -> 5973.6781 | H8: =IF(RES_hh_tes!H8=0,0,1000*11630*RES_hh_tes!H8/RES_hh_num!H8) -> 6178.5379 | I8: =IF(RES_hh_tes!I8=0,0,1000*11630*RES_hh_tes!I8/RES_hh_num!I8) -> 6432.8952 | ... Y8: =IF(RES_hh_tes!Y8=0,0,1000*11630*RES_hh_tes!Y8/RES_hh_num!Y8) -> 7437.6974 | DA8: TES_per_household.kWh.LT.Res.HH.Thermal.SH.Gas.NG_Biogas
A9: Biomass | B9: =IF(RES_hh_tes!B9=0,0,1000*11630*RES_hh_tes!B9/RES_hh_num!B9) -> 5011.5844 | C9: =IF(RES_hh_tes!C9=0,0,1000*11630*RES_hh_tes!C9/RES_hh_num!C9) -> 5307.1714 | D9: =IF(RES_hh_tes!D9=0,0,1000*11630*RES_hh_tes!D9/RES_hh_num!D9) -> 5403.1392 | E9: =IF(RES_hh_tes!E9=0,0,1000*11630*RES_hh_tes!E9/RES_hh_num!E9) -> 5572.2226 | F9: =IF(RES_hh_tes!F9=0,0,1000*11630*RES_hh_tes!F9/RES_hh_num!F9) -> 5754.9601 | G9: =IF(RES_hh_tes!G9=0,0,1000*11630*RES_hh_tes!G9/RES_hh_num!G9) -> 6015.3469 | H9: =IF(RES_hh_tes!H9=0,0,1000*11630*RES_hh_tes!H9/RES_hh_num!H9) -> 6368.5719 | I9: =IF(RES_hh_tes!I9=0,0,1000*11630*RES_hh_tes!I9/RES_hh_num!I9) -> 6269.7446 | ... Y9: =IF(RES_hh_tes!Y9=0,0,1000*11630*RES_hh_tes!Y9/RES_hh_num!Y9) -> 7623.3006 | DA9: TES_per_household.kWh.LT.Res.HH.Thermal.SH.Biomass.Biomass_Waste
A10: Geothermal | B10: =IF(RES_hh_tes!B10=0,0,1000*11630*RES_hh_tes!B10/RES_hh_num!B10) -> 0 | C10: =IF(RES_hh_tes!C10=0,0,1000*11630*RES_hh_tes!C10/RES_hh_num!C10) -> 0 | D10: =IF(RES_hh_tes!D10=0,0,1000*11630*RES_hh_tes!D10/RES_hh_num!D10) -> 0 | E10: =IF(RES_hh_tes!E10=0,0,1000*11630*RES_hh_tes!E10/RES_hh_num!E10) -> 0 | F10: =IF(RES_hh_tes!F10=0,0,1000*11630*RES_hh_tes!F10/RES_hh_num!F10) -> 0 | G10: =IF(RES_hh_tes!G10=0,0,1000*11630*RES_hh_tes!G10/RES_hh_num!G10) -> 0 | H10: =IF(RES_hh_tes!H10=0,0,1000*11630*RES_hh_tes!H10/RES_hh_num!H10) -> 0 | I10: =IF(RES_hh_tes!I10=0,0,1000*11630*RES_hh_tes!I10/RES_hh_num!I10) -> 0 | ... Y10: =IF(RES_hh_tes!Y10=0,0,1000*11630*RES_hh_tes!Y10/RES_hh_num!Y10) -> 0 | DA10: TES_per_household.kWh.LT.Res.HH.Thermal.SH.Geo.Geo
A11: Distributed heat | B11: =IF(RES_hh_tes!B11=0,0,1000*11630*RES_hh_tes!B11/RES_hh_num!B11) -> 4968.247 | C11: =IF(RES_hh_tes!C11=0,0,1000*11630*RES_hh_tes!C11/RES_hh_num!C11) -> 5290.9213 | D11: =IF(RES_hh_tes!D11=0,0,1000*11630*RES_hh_tes!D11/RES_hh_num!D11) -> 5634.1011 | E11: =IF(RES_hh_tes!E11=0,0,1000*11630*RES_hh_tes!E11/RES_hh_num!E11) -> 5708.7001 | F11: =IF(RES_hh_tes!F11=0,0,1000*11630*RES_hh_tes!F11/RES_hh_num!F11) -> 5726.6681 | G11: =IF(RES_hh_tes!G11=0,0,1000*11630*RES_hh_tes!G11/RES_hh_num!G11) -> 5915.0958 | H11: =IF(RES_hh_tes!H11=0,0,1000*11630*RES_hh_tes!H11/RES_hh_num!H11) -> 6571.3056 | I11: =IF(RES_hh_tes!I11=0,0,1000*11630*RES_hh_tes!I11/RES_hh_num!I11) -> 6334.4224 | ... Y11: =IF(RES_hh_tes!Y11=0,0,1000*11630*RES_hh_tes!Y11/RES_hh_num!Y11) -> 7618.3223 | DA11: TES_per_household.kWh.LT.Res.HH.Thermal.SH.DistrHeat.Steam_Distr
A12: Advanced electric heating | B12: =IF(RES_hh_tes!B12=0,0,1000*11630*RES_hh_tes!B12/RES_hh_num!B12) -> 0 | C12: =IF(RES_hh_tes!C12=0,0,1000*11630*RES_hh_tes!C12/RES_hh_num!C12) -> 0 | D12: =IF(RES_hh_tes!D12=0,0,1000*11630*RES_hh_tes!D12/RES_hh_num!D12) -> 0 | E12: =IF(RES_hh_tes!E12=0,0,1000*11630*RES_hh_tes!E12/RES_hh_num!E12) -> 0 | F12: =IF(RES_hh_tes!F12=0,0,1000*11630*RES_hh_tes!F12/RES_hh_num!F12) -> 0 | G12: =IF(RES_hh_tes!G12=0,0,1000*11630*RES_hh_tes!G12/RES_hh_num!G12) -> 0 | H12: =IF(RES_hh_tes!H12=0,0,1000*11630*RES_hh_tes!H12/RES_hh_num!H12) -> 0 | I12: =IF(RES_hh_tes!I12=0,0,1000*11630*RES_hh_tes!I12/RES_hh_num!I12) -> 0 | ... Y12: =IF(RES_hh_tes!Y12=0,0,1000*11630*RES_hh_tes!Y12/RES_hh_num!Y12) -> 8337.2607 | DA12: TES_per_household.kWh.LT.Res.HH.Thermal.SH.AdvElc.Elec
A13: Conventional electric heating | B13: =IF(RES_hh_tes!B13=0,0,1000*11630*RES_hh_tes!B13/RES_hh_num!B13) -> 4983.3081 | C13: =IF(RES_hh_tes!C13=0,0,1000*11630*RES_hh_tes!C13/RES_hh_num!C13) -> 5298.0795 | D13: =IF(RES_hh_tes!D13=0,0,1000*11630*RES_hh_tes!D13/RES_hh_num!D13) -> 5464.8466 | E13: =IF(RES_hh_tes!E13=0,0,1000*11630*RES_hh_tes!E13/RES_hh_num!E13) -> 5205.883 | F13: =IF(RES_hh_tes!F13=0,0,1000*11630*RES_hh_tes!F13/RES_hh_num!F13) -> 4359.173 | G13: =IF(RES_hh_tes!G13=0,0,1000*11630*RES_hh_tes!G13/RES_hh_num!G13) -> 5072.4698 | H13: =IF(RES_hh_tes!H13=0,0,1000*11630*RES_hh_tes!H13/RES_hh_num!H13) -> 6391.0376 | I13: =IF(RES_hh_tes!I13=0,0,1000*11630*RES_hh_tes!I13/RES_hh_num!I13) -> 6382.2911 | ... Y13: =IF(RES_hh_tes!Y13=0,0,1000*11630*RES_hh_tes!Y13/RES_hh_num!Y13) -> 7632.9739 | DA13: TES_per_household.kWh.LT.Res.HH.Thermal.SH.ConvElc.Elec
A14: Electricity in circulation | B14: =IF(RES_hh_tes!B14=0,0,1000*11630*RES_hh_tes!B14/RES_hh_num!B14) -> 38.572778 | C14: =IF(RES_hh_tes!C14=0,0,1000*11630*RES_hh_tes!C14/RES_hh_num!C14) -> 39.842739 | D14: =IF(RES_hh_tes!D14=0,0,1000*11630*RES_hh_tes!D14/RES_hh_num!D14) -> 40.644169 | E14: =IF(RES_hh_tes!E14=0,0,1000*11630*RES_hh_tes!E14/RES_hh_num!E14) -> 41.265985 | F14: =IF(RES_hh_tes!F14=0,0,1000*11630*RES_hh_tes!F14/RES_hh_num!F14) -> 41.888473 | G14: =IF(RES_hh_tes!G14=0,0,1000*11630*RES_hh_tes!G14/RES_hh_num!G14) -> 43.593533 | H14: =IF(RES_hh_tes!H14=0,0,1000*11630*RES_hh_tes!H14/RES_hh_num!H14) -> 47.113366 | I14: =IF(RES_hh_tes!I14=0,0,1000*11630*RES_hh_tes!I14/RES_hh_num!I14) -> 46.424748 | ... Y14: =IF(RES_hh_tes!Y14=0,0,1000*11630*RES_hh_tes!Y14/RES_hh_num!Y14) -> 53.338663 | DA14: TES_per_household.kWh.LT.Res.HH.Thermal.SH.TotalCirculation.Elec
A15: Space cooling | B15: =B16 -> 0.01917171 | C15: =C16 -> 0.023922467 | D15: =D16 -> 0.034600518 | E15: =E16 -> 0.073252283 | F15: =F16 -> 0.14127506 | G15: =G16 -> 0.27152713 | H15: =H16 -> 0.93201056 | I15: =I16 -> 0.53974751 | ... Y15: =Y16 -> 3.6167336 | DA15: TES_per_household.kWh.LT.Res.HH.Thermal.SC
A16: Air conditioning | B16: =IF(RES_hh_tes!B16=0,0,1000*11630*RES_hh_tes!B16/RES_hh_num!B$3) -> 0.01917171 | C16: =IF(RES_hh_tes!C16=0,0,1000*11630*RES_hh_tes!C16/RES_hh_num!C$3) -> 0.023922467 | D16: =IF(RES_hh_tes!D16=0,0,1000*11630*RES_hh_tes!D16/RES_hh_num!D$3) -> 0.034600518 | E16: =IF(RES_hh_tes!E16=0,0,1000*11630*RES_hh_tes!E16/RES_hh_num!E$3) -> 0.073252283 | F16: =IF(RES_hh_tes!F16=0,0,1000*11630*RES_hh_tes!F16/RES_hh_num!F$3) -> 0.14127506 | G16: =IF(RES_hh_tes!G16=0,0,1000*11630*RES_hh_tes!G16/RES_hh_num!G$3) -> 0.27152713 | H16: =IF(RES_hh_tes!H16=0,0,1000*11630*RES_hh_tes!H16/RES_hh_num!H$3) -> 0.93201056 | I16: =IF(RES_hh_tes!I16=0,0,1000*11630*RES_hh_tes!I16/RES_hh_num!I$3) -> 0.53974751 | ... Y16: =IF(RES_hh_tes!Y16=0,0,1000*11630*RES_hh_tes!Y16/RES_hh_num!Y$3) -> 3.6167336 | DA16: TES_per_household.kWh.LT.Res.HH.Thermal.SC.AC.Elec
A17: Water heating | B17: =IF(RES_hh_tes!B17=0,0,1000*11630*RES_hh_tes!B17/RES_hh_num!B17) -> 277.83953 | C17: =IF(RES_hh_tes!C17=0,0,1000*11630*RES_hh_tes!C17/RES_hh_num!C17) -> 296.97226 | D17: =IF(RES_hh_tes!D17=0,0,1000*11630*RES_hh_tes!D17/RES_hh_num!D17) -> 280.18616 | E17: =IF(RES_hh_tes!E17=0,0,1000*11630*RES_hh_tes!E17/RES_hh_num!E17) -> 306.09469 | F17: =IF(RES_hh_tes!F17=0,0,1000*11630*RES_hh_tes!F17/RES_hh_num!F17) -> 362.5323 | G17: =IF(RES_hh_tes!G17=0,0,1000*11630*RES_hh_tes!G17/RES_hh_num!G17) -> 379.59843 | H17: =IF(RES_hh_tes!H17=0,0,1000*11630*RES_hh_tes!H17/RES_hh_num!H17) -> 434.8948 | I17: =IF(RES_hh_tes!I17=0,0,1000*11630*RES_hh_tes!I17/RES_hh_num!I17) -> 409.76323 | ... Y17: =IF(RES_hh_tes!Y17=0,0,1000*11630*RES_hh_tes!Y17/RES_hh_num!Y17) -> 512.22507 | DA17: TES_per_household.kWh.LT.Res.HH.Thermal.WH
A18: Solids | B18: =IF(RES_hh_tes!B18=0,0,1000*11630*RES_hh_tes!B18/RES_hh_num!B18) -> 285.71296 | C18: =IF(RES_hh_tes!C18=0,0,1000*11630*RES_hh_tes!C18/RES_hh_num!C18) -> 267.99432 | D18: =IF(RES_hh_tes!D18=0,0,1000*11630*RES_hh_tes!D18/RES_hh_num!D18) -> 296.15224 | E18: =IF(RES_hh_tes!E18=0,0,1000*11630*RES_hh_tes!E18/RES_hh_num!E18) -> 344.6163 | F18: =IF(RES_hh_tes!F18=0,0,1000*11630*RES_hh_tes!F18/RES_hh_num!F18) -> 329.35625 | G18: =IF(RES_hh_tes!G18=0,0,1000*11630*RES_hh_tes!G18/RES_hh_num!G18) -> 360.78666 | H18: =IF(RES_hh_tes!H18=0,0,1000*11630*RES_hh_tes!H18/RES_hh_num!H18) -> 426.09432 | I18: =IF(RES_hh_tes!I18=0,0,1000*11630*RES_hh_tes!I18/RES_hh_num!I18) -> 443.73943 | ... Y18: =IF(RES_hh_tes!Y18=0,0,1000*11630*RES_hh_tes!Y18/RES_hh_num!Y18) -> 412.87368 | DA18: TES_per_household.kWh.LT.Res.HH.Thermal.WH.Solids.Solids
A19: Liquified petroleum gas (LPG) | B19: =IF(RES_hh_tes!B19=0,0,1000*11630*RES_hh_tes!B19/RES_hh_num!B19) -> 283.68331 | C19: =IF(RES_hh_tes!C19=0,0,1000*11630*RES_hh_tes!C19/RES_hh_num!C19) -> 288.68772 | D19: =IF(RES_hh_tes!D19=0,0,1000*11630*RES_hh_tes!D19/RES_hh_num!D19) -> 296.32067 | E19: =IF(RES_hh_tes!E19=0,0,1000*11630*RES_hh_tes!E19/RES_hh_num!E19) -> 323.79113 | F19: =IF(RES_hh_tes!F19=0,0,1000*11630*RES_hh_tes!F19/RES_hh_num!F19) -> 337.73645 | G19: =IF(RES_hh_tes!G19=0,0,1000*11630*RES_hh_tes!G19/RES_hh_num!G19) -> 394.59507 | H19: =IF(RES_hh_tes!H19=0,0,1000*11630*RES_hh_tes!H19/RES_hh_num!H19) -> 424.46274 | I19: =IF(RES_hh_tes!I19=0,0,1000*11630*RES_hh_tes!I19/RES_hh_num!I19) -> 387.46316 | ... Y19: =IF(RES_hh_tes!Y19=0,0,1000*11630*RES_hh_tes!Y19/RES_hh_num!Y19) -> 672.10332 | DA19: TES_per_household.kWh.LT.Res.HH.Thermal.WH.LPG.LPG
A20: Diesel oil | B20: =IF(RES_hh_tes!B20=0,0,1000*11630*RES_hh_tes!B20/RES_hh_num!B20) -> 0 | C20: =IF(RES_hh_tes!C20=0,0,1000*11630*RES_hh_tes!C20/RES_hh_num!C20) -> 0 | D20: =IF(RES_hh_tes!D20=0,0,1000*11630*RES_hh_tes!D20/RES_hh_num!D20) -> 0 | E20: =IF(RES_hh_tes!E20=0,0,1000*11630*RES_hh_tes!E20/RES_hh_num!E20) -> 0 | F20: =IF(RES_hh_tes!F20=0,0,1000*11630*RES_hh_tes!F20/RES_hh_num!F20) -> 0 | G20: =IF(RES_hh_tes!G20=0,0,1000*11630*RES_hh_tes!G20/RES_hh_num!G20) -> 559.03753 | H20: =IF(RES_hh_tes!H20=0,0,1000*11630*RES_hh_tes!H20/RES_hh_num!H20) -> 422.04732 | I20: =IF(RES_hh_tes!I20=0,0,1000*11630*RES_hh_tes!I20/RES_hh_num!I20) -> 296.39887 | ... Y20: =IF(RES_hh_tes!Y20=0,0,1000*11630*RES_hh_tes!Y20/RES_hh_num!Y20) -> 513.31926 | DA20: TES_per_household.kWh.LT.Res.HH.Thermal.WH.Oil.Oil_LiqBio
A21: Natural gas | B21: =IF(RES_hh_tes!B21=0,0,1000*11630*RES_hh_tes!B21/RES_hh_num!B21) -> 279.28578 | C21: =IF(RES_hh_tes!C21=0,0,1000*11630*RES_hh_tes!C21/RES_hh_num!C21) -> 295.97341 | D21: =IF(RES_hh_tes!D21=0,0,1000*11630*RES_hh_tes!D21/RES_hh_num!D21) -> 273.21211 | E21: =IF(RES_hh_tes!E21=0,0,1000*11630*RES_hh_tes!E21/RES_hh_num!E21) -> 302.79415 | F21: =IF(RES_hh_tes!F21=0,0,1000*11630*RES_hh_tes!F21/RES_hh_num!F21) -> 369.3689 | G21: =IF(RES_hh_tes!G21=0,0,1000*11630*RES_hh_tes!G21/RES_hh_num!G21) -> 386.55911 | H21: =IF(RES_hh_tes!H21=0,0,1000*11630*RES_hh_tes!H21/RES_hh_num!H21) -> 421.14547 | I21: =IF(RES_hh_tes!I21=0,0,1000*11630*RES_hh_tes!I21/RES_hh_num!I21) -> 422.35433 | ... Y21: =IF(RES_hh_tes!Y21=0,0,1000*11630*RES_hh_tes!Y21/RES_hh_num!Y21) -> 502.87502 | DA21: TES_per_household.kWh.LT.Res.HH.Thermal.WH.Gas.NG_Biogas
A22: Biomass | B22: =IF(RES_hh_tes!B22=0,0,1000*11630*RES_hh_tes!B22/RES_hh_num!B22) -> 282.84174 | C22: =IF(RES_hh_tes!C22=0,0,1000*11630*RES_hh_tes!C22/RES_hh_num!C22) -> 291.0142 | D22: =IF(RES_hh_tes!D22=0,0,1000*11630*RES_hh_tes!D22/RES_hh_num!D22) -> 287.58439 | E22: =IF(RES_hh_tes!E22=0,0,1000*11630*RES_hh_tes!E22/RES_hh_num!E22) -> 315.75931 | F22: =IF(RES_hh_tes!F22=0,0,1000*11630*RES_hh_tes!F22/RES_hh_num!F22) -> 351.6952 | G22: =IF(RES_hh_tes!G22=0,0,1000*11630*RES_hh_tes!G22/RES_hh_num!G22) -> 380.07331 | H22: =IF(RES_hh_tes!H22=0,0,1000*11630*RES_hh_tes!H22/RES_hh_num!H22) -> 403.90368 | I22: =IF(RES_hh_tes!I22=0,0,1000*11630*RES_hh_tes!I22/RES_hh_num!I22) -> 415.02017 | ... Y22: =IF(RES_hh_tes!Y22=0,0,1000*11630*RES_hh_tes!Y22/RES_hh_num!Y22) -> 526.04054 | DA22: TES_per_household.kWh.LT.Res.HH.Thermal.WH.Biomass.Biomass_Waste
A23: Geothermal | B23: =IF(RES_hh_tes!B23=0,0,1000*11630*RES_hh_tes!B23/RES_hh_num!B23) -> 0 | C23: =IF(RES_hh_tes!C23=0,0,1000*11630*RES_hh_tes!C23/RES_hh_num!C23) -> 0 | D23: =IF(RES_hh_tes!D23=0,0,1000*11630*RES_hh_tes!D23/RES_hh_num!D23) -> 0 | E23: =IF(RES_hh_tes!E23=0,0,1000*11630*RES_hh_tes!E23/RES_hh_num!E23) -> 0 | F23: =IF(RES_hh_tes!F23=0,0,1000*11630*RES_hh_tes!F23/RES_hh_num!F23) -> 0 | G23: =IF(RES_hh_tes!G23=0,0,1000*11630*RES_hh_tes!G23/RES_hh_num!G23) -> 0 | H23: =IF(RES_hh_tes!H23=0,0,1000*11630*RES_hh_tes!H23/RES_hh_num!H23) -> 0 | I23: =IF(RES_hh_tes!I23=0,0,1000*11630*RES_hh_tes!I23/RES_hh_num!I23) -> 0 | ... Y23: =IF(RES_hh_tes!Y23=0,0,1000*11630*RES_hh_tes!Y23/RES_hh_num!Y23) -> 0 | DA23: TES_per_household.kWh.LT.Res.HH.Thermal.WH.Geo.Geo
A24: Distributed heat | B24: =IF(RES_hh_tes!B24=0,0,1000*11630*RES_hh_tes!B24/RES_hh_num!B24) -> 276.25547 | C24: =IF(RES_hh_tes!C24=0,0,1000*11630*RES_hh_tes!C24/RES_hh_num!C24) -> 296.39531 | D24: =IF(RES_hh_tes!D24=0,0,1000*11630*RES_hh_tes!D24/RES_hh_num!D24) -> 284.37465 | E24: =IF(RES_hh_tes!E24=0,0,1000*11630*RES_hh_tes!E24/RES_hh_num!E24) -> 308.25129 | F24: =IF(RES_hh_tes!F24=0,0,1000*11630*RES_hh_tes!F24/RES_hh_num!F24) -> 361.71526 | G24: =IF(RES_hh_tes!G24=0,0,1000*11630*RES_hh_tes!G24/RES_hh_num!G24) -> 377.07775 | H24: =IF(RES_hh_tes!H24=0,0,1000*11630*RES_hh_tes!H24/RES_hh_num!H24) -> 440.58293 | I24: =IF(RES_hh_tes!I24=0,0,1000*11630*RES_hh_tes!I24/RES_hh_num!I24) -> 412.38548 | ... Y24: =IF(RES_hh_tes!Y24=0,0,1000*11630*RES_hh_tes!Y24/RES_hh_num!Y24) -> 507.92647 | DA24: TES_per_household.kWh.LT.Res.HH.Thermal.WH.DistrHeat.Steam_Distr
A25: Electricity | B25: =IF(RES_hh_tes!B25=0,0,1000*11630*RES_hh_tes!B25/RES_hh_num!B25) -> 271.68617 | C25: =IF(RES_hh_tes!C25=0,0,1000*11630*RES_hh_tes!C25/RES_hh_num!C25) -> 319.68735 | D25: =IF(RES_hh_tes!D25=0,0,1000*11630*RES_hh_tes!D25/RES_hh_num!D25) -> 242.0509 | E25: =IF(RES_hh_tes!E25=0,0,1000*11630*RES_hh_tes!E25/RES_hh_num!E25) -> 269.9616 | F25: =IF(RES_hh_tes!F25=0,0,1000*11630*RES_hh_tes!F25/RES_hh_num!F25) -> 385.34029 | G25: =IF(RES_hh_tes!G25=0,0,1000*11630*RES_hh_tes!G25/RES_hh_num!G25) -> 385.86249 | H25: =IF(RES_hh_tes!H25=0,0,1000*11630*RES_hh_tes!H25/RES_hh_num!H25) -> 464.17822 | I25: =IF(RES_hh_tes!I25=0,0,1000*11630*RES_hh_tes!I25/RES_hh_num!I25) -> 385.47642 | ... Y25: =IF(RES_hh_tes!Y25=0,0,1000*11630*RES_hh_tes!Y25/RES_hh_num!Y25) -> 508.47725 | DA25: TES_per_household.kWh.LT.Res.HH.Thermal.WH.Elc.Elec
A26: Solar | B26: =IF(RES_hh_tes!B26=0,0,1000*11630*RES_hh_tes!B26/RES_hh_num!B26) -> 0 | C26: =IF(RES_hh_tes!C26=0,0,1000*11630*RES_hh_tes!C26/RES_hh_num!C26) -> 0 | D26: =IF(RES_hh_tes!D26=0,0,1000*11630*RES_hh_tes!D26/RES_hh_num!D26) -> 0 | E26: =IF(RES_hh_tes!E26=0,0,1000*11630*RES_hh_tes!E26/RES_hh_num!E26) -> 0 | F26: =IF(RES_hh_tes!F26=0,0,1000*11630*RES_hh_tes!F26/RES_hh_num!F26) -> 0 | G26: =IF(RES_hh_tes!G26=0,0,1000*11630*RES_hh_tes!G26/RES_hh_num!G26) -> 0 | H26: =IF(RES_hh_tes!H26=0,0,1000*11630*RES_hh_tes!H26/RES_hh_num!H26) -> 0 | I26: =IF(RES_hh_tes!I26=0,0,1000*11630*RES_hh_tes!I26/RES_hh_num!I26) -> 0 | ... Y26: =IF(RES_hh_tes!Y26=0,0,1000*11630*RES_hh_tes!Y26/RES_hh_num!Y26) -> 0 | DA26: TES_per_household.kWh.LT.Res.HH.Thermal.WH.TotalSolar.Solar
A27: Cooking | B27: =IF(RES_hh_tes!B27=0,0,1000*11630*RES_hh_tes!B27/RES_hh_num!B27) -> 449.52082 | C27: =IF(RES_hh_tes!C27=0,0,1000*11630*RES_hh_tes!C27/RES_hh_num!C27) -> 448.55405 | D27: =IF(RES_hh_tes!D27=0,0,1000*11630*RES_hh_tes!D27/RES_hh_num!D27) -> 427.92066 | E27: =IF(RES_hh_tes!E27=0,0,1000*11630*RES_hh_tes!E27/RES_hh_num!E27) -> 443.34531 | F27: =IF(RES_hh_tes!F27=0,0,1000*11630*RES_hh_tes!F27/RES_hh_num!F27) -> 454.79094 | G27: =IF(RES_hh_tes!G27=0,0,1000*11630*RES_hh_tes!G27/RES_hh_num!G27) -> 459.77221 | H27: =IF(RES_hh_tes!H27=0,0,1000*11630*RES_hh_tes!H27/RES_hh_num!H27) -> 511.69713 | I27: =IF(RES_hh_tes!I27=0,0,1000*11630*RES_hh_tes!I27/RES_hh_num!I27) -> 503.12889 | ... Y27: =IF(RES_hh_tes!Y27=0,0,1000*11630*RES_hh_tes!Y27/RES_hh_num!Y27) -> 458.18385 | DA27: TES_per_household.kWh.LT.Res.HH.Thermal.CO
A28: Solids | B28: =IF(RES_hh_tes!B28=0,0,1000*11630*RES_hh_tes!B28/RES_hh_num!B28) -> 454.69127 | C28: =IF(RES_hh_tes!C28=0,0,1000*11630*RES_hh_tes!C28/RES_hh_num!C28) -> 412.84176 | D28: =IF(RES_hh_tes!D28=0,0,1000*11630*RES_hh_tes!D28/RES_hh_num!D28) -> 444.31958 | E28: =IF(RES_hh_tes!E28=0,0,1000*11630*RES_hh_tes!E28/RES_hh_num!E28) -> 480.7136 | F28: =IF(RES_hh_tes!F28=0,0,1000*11630*RES_hh_tes!F28/RES_hh_num!F28) -> 426.88637 | G28: =IF(RES_hh_tes!G28=0,0,1000*11630*RES_hh_tes!G28/RES_hh_num!G28) -> 447.14448 | H28: =IF(RES_hh_tes!H28=0,0,1000*11630*RES_hh_tes!H28/RES_hh_num!H28) -> 525.76852 | I28: =IF(RES_hh_tes!I28=0,0,1000*11630*RES_hh_tes!I28/RES_hh_num!I28) -> 518.66759 | ... Y28: =IF(RES_hh_tes!Y28=0,0,1000*11630*RES_hh_tes!Y28/RES_hh_num!Y28) -> 385.74781 | DA28: TES_per_household.kWh.LT.Res.HH.Thermal.CO.Solids.Solids
... A32: Electricity | B32: =IF(RES_hh_tes!B32=0,0,1000*11630*RES_hh_tes!B32/RES_hh_num!B32) -> 422.79836 | C32: =IF(RES_hh_tes!C32=0,0,1000*11630*RES_hh_tes!C32/RES_hh_num!C32) -> 507.36676 | D32: =IF(RES_hh_tes!D32=0,0,1000*11630*RES_hh_tes!D32/RES_hh_num!D32) -> 255.89895 | E32: =IF(RES_hh_tes!E32=0,0,1000*11630*RES_hh_tes!E32/RES_hh_num!E32) -> 364.65498 | F32: =IF(RES_hh_tes!F32=0,0,1000*11630*RES_hh_tes!F32/RES_hh_num!F32) -> 510.5762 | G32: =IF(RES_hh_tes!G32=0,0,1000*11630*RES_hh_tes!G32/RES_hh_num!G32) -> 387.71892 | H32: =IF(RES_hh_tes!H32=0,0,1000*11630*RES_hh_tes!H32/RES_hh_num!H32) -> 495.99889 | I32: =IF(RES_hh_tes!I32=0,0,1000*11630*RES_hh_tes!I32/RES_hh_num!I32) -> 561.08706 | ... Y32: =IF(RES_hh_tes!Y32=0,0,1000*11630*RES_hh_tes!Y32/RES_hh_num!Y32) -> 378.33936 | DA32: TES_per_household.kWh.LT.Res.HH.Thermal.CO.Elc.Elec

Sheet RES_hh_emih
A1: LT - CO2 emissions per household | B1: 2000 | C1: 2001 | D1: 2002 | E1: 2003 | F1: 2004 | G1: 2005 | H1: 2006 | I1: 2007 | J1: 2008 | K1: 2009 | L1: 2010 | M1: 2011 | N1: 2012 | O1: 2013 | P1: 2014 | Q1: 2015 | R1: 2016 | S1: 2017 | T1: 2018 | U1: 2019 | V1: 2020 | W1: 2021 | X1: 2022 | Y1: 2023 | DA1: Code
A3: CO2 emissions (kg CO2 / household) | B3: =IF(RES_hh_emi!B3=0,0,1000000*RES_hh_emi!B3/RES_hh_num!B3) -> 396.39984 | C3: =IF(RES_hh_emi!C3=0,0,1000000*RES_hh_emi!C3/RES_hh_num!C3) -> 401.25322 | D3: =IF(RES_hh_emi!D3=0,0,1000000*RES_hh_emi!D3/RES_hh_num!D3) -> 423.92633 | E3: =IF(RES_hh_emi!E3=0,0,1000000*RES_hh_emi!E3/RES_hh_num!E3) -> 449.14633 | F3: =IF(RES_hh_emi!F3=0,0,1000000*RES_hh_emi!F3/RES_hh_num!F3) -> 443.65732 | G3: =IF(RES_hh_emi!G3=0,0,1000000*RES_hh_emi!G3/RES_hh_num!G3) -> 475.85931 | H3: =IF(RES_hh_emi!H3=0,0,1000000*RES_hh_emi!H3/RES_hh_num!H3) -> 518.10649 | I3: =IF(RES_hh_emi!I3=0,0,1000000*RES_hh_emi!I3/RES_hh_num!I3) -> 513.89223 | ... Y3: =IF(RES_hh_emi!Y3=0,0,1000000*RES_hh_emi!Y3/RES_hh_num!Y3) -> 532.84928 | DA3: EMI_per_household.kgCO2.LT.Res.HH.Thermal
A4: Space heating | B4: =IF(RES_hh_emi!B4=0,0,1000000*RES_hh_emi!B4/RES_hh_num!B4) -> 232.42288 | C4: =IF(RES_hh_emi!C4=0,0,1000000*RES_hh_emi!C4/RES_hh_num!C4) -> 239.06141 | D4: =IF(RES_hh_emi!D4=0,0,1000000*RES_hh_emi!D4/RES_hh_num!D4) -> 265.47955 | E4: =IF(RES_hh_emi!E4=0,0,1000000*RES_hh_emi!E4/RES_hh_num!E4) -> 291.12603 | F4: =IF(RES_hh_emi!F4=0,0,1000000*RES_hh_emi!F4/RES_hh_num!F4) -> 297.70856 | G4: =IF(RES_hh_emi!G4=0,0,1000000*RES_hh_emi!G4/RES_hh_num!G4) -> 328.6946 | H4: =IF(RES_hh_emi!H4=0,0,1000000*RES_hh_emi!H4/RES_hh_num!H4) -> 377.53795 | I4: =IF(RES_hh_emi!I4=0,0,1000000*RES_hh_emi!I4/RES_hh_num!I4) -> 400.97062 | ... Y4: =IF(RES_hh_emi!Y4=0,0,1000000*RES_hh_emi!Y4/RES_hh_num!Y4) -> 394.82113 | DA4: EMI_per_household.kgCO2.LT.Res.HH.Thermal.SH
A5: Solids | B5: =IF(RES_hh_emi!B5=0,0,1000000*RES_hh_emi!B5/RES_hh_num!B5) -> 3196.6337 | C5: =IF(RES_hh_emi!C5=0,0,1000000*RES_hh_emi!C5/RES_hh_num!C5) -> 3060.479 | D5: =IF(RES_hh_emi!D5=0,0,1000000*RES_hh_emi!D5/RES_hh_num!D5) -> 3483.7411 | E5: =IF(RES_hh_emi!E5=0,0,1000000*RES_hh_emi!E5/RES_hh_num!E5) -> 3731.556 | F5: =IF(RES_hh_emi!F5=0,0,1000000*RES_hh_emi!F5/RES_hh_num!F5) -> 3258.9162 | G5: =IF(RES_hh_emi!G5=0,0,1000000*RES_hh_emi!G5/RES_hh_num!G5) -> 3423.7415 | H5: =IF(RES_hh_emi!H5=0,0,1000000*RES_hh_emi!H5/RES_hh_num!H5) -> 3960.119 | I5: =IF(RES_hh_emi!I5=0,0,1000000*RES_hh_emi!I5/RES_hh_num!I5) -> 3884.8811 | ... Y5: =IF(RES_hh_emi!Y5=0,0,1000000*RES_hh_emi!Y5/RES_hh_num!Y5) -> 3150.6463 | DA5: EMI_per_household.kgCO2.LT.Res.HH.Thermal.SH.Solids.Solids
A6: Liquified petroleum gas (LPG) | B6: =IF(RES_hh_emi!B6=0,0,1000000*RES_hh_emi!B6/RES_hh_num!B6) -> 2330.9544 | C6: =IF(RES_hh_emi!C6=0,0,1000000*RES_hh_emi!C6/RES_hh_num!C6) -> 2430.2199 | D6: =IF(RES_hh_emi!D6=0,0,1000000*RES_hh_emi!D6/RES_hh_num!D6) -> 2574.6901 | E6: =IF(RES_hh_emi!E6=0,0,1000000*RES_hh_emi!E6/RES_hh_num!E6) -> 2640.0387 | F6: =IF(RES_hh_emi!F6=0,0,1000000*RES_hh_emi!F6/RES_hh_num!F6) -> 2545.918 | G6: =IF(RES_hh_emi!G6=0,0,1000000*RES_hh_emi!G6/RES_hh_num!G6) -> 2851.7317 | H6: =IF(RES_hh_emi!H6=0,0,1000000*RES_hh_emi!H6/RES_hh_num!H6) -> 2935.4553 | I6: =IF(RES_hh_emi!I6=0,0,1000000*RES_hh_emi!I6/RES_hh_num!I6) -> 2447.3566 | ... Y6: =IF(RES_hh_emi!Y6=0,0,1000000*RES_hh_emi!Y6/RES_hh_num!Y6) -> 3131.4795 | DA6: EMI_per_household.kgCO2.LT.Res.HH.Thermal.SH.LPG.LPG
A7: Diesel oil | B7: =IF(RES_hh_emi!B7=0,0,1000000*RES_hh_emi!B7/RES_hh_num!B7) -> 0 | C7: =IF(RES_hh_emi!C7=0,0,1000000*RES_hh_emi!C7/RES_hh_num!C7) -> 0 | D7: =IF(RES_hh_emi!D7=0,0,1000000*RES_hh_emi!D7/RES_hh_num!D7) -> 0 | E7: =IF(RES_hh_emi!E7=0,0,1000000*RES_hh_emi!E7/RES_hh_num!E7) -> 0 | F7: =IF(RES_hh_emi!F7=0,0,1000000*RES_hh_emi!F7/RES_hh_num!F7) -> 0 | G7: =IF(RES_hh_emi!G7=0,0,1000000*RES_hh_emi!G7/RES_hh_num!G7) -> 4380.231 | H7: =IF(RES_hh_emi!H7=0,0,1000000*RES_hh_emi!H7/RES_hh_num!H7) -> 3132.4632 | I7: =IF(RES_hh_emi!I7=0,0,1000000*RES_hh_emi!I7/RES_hh_num!I7) -> 2273.9845 | ... Y7: =IF(RES_hh_emi!Y7=0,0,1000000*RES_hh_emi!Y7/RES_hh_num!Y7) -> 3023.8475 | DA7: EMI_per_household.kgCO2.LT.Res.HH.Thermal.SH.Oil.Oil_LiqBio
A8: Natural gas | B8: =IF(RES_hh_emi!B8=0,0,1000000*RES_hh_emi!B8/RES_hh_num!B8) -> 2184.7499 | C8: =IF(RES_hh_emi!C8=0,0,1000000*RES_hh_emi!C8/RES_hh_num!C8) -> 2280.634 | D8: =IF(RES_hh_emi!D8=0,0,1000000*RES_hh_emi!D8/RES_hh_num!D8) -> 2315.6061 | E8: =IF(RES_hh_emi!E8=0,0,1000000*RES_hh_emi!E8/RES_hh_num!E8) -> 2374.0703 | F8: =IF(RES_hh_emi!F8=0,0,1000000*RES_hh_emi!F8/RES_hh_num!F8) -> 2443.3774 | G8: =IF(RES_hh_emi!G8=0,0,1000000*RES_hh_emi!G8/RES_hh_num!G8) -> 2504.2694 | H8: =IF(RES_hh_emi!H8=0,0,1000000*RES_hh_emi!H8/RES_hh_num!H8) -> 2559.3111 | I8: =IF(RES_hh_emi!I8=0,0,1000000*RES_hh_emi!I8/RES_hh_num!I8) -> 2630.0207 | ... Y8: =IF(RES_hh_emi!Y8=0,0,1000000*RES_hh_emi!Y8/RES_hh_num!Y8) -> 2054.314 | DA8: EMI_per_household.kgCO2.LT.Res.HH.Thermal.SH.Gas.NG_Biogas
A9: Biomass | B9: =IF(RES_hh_emi!B9=0,0,1000000*RES_hh_emi!B9/RES_hh_num!B9) -> 0 | C9: =IF(RES_hh_emi!C9=0,0,1000000*RES_hh_emi!C9/RES_hh_num!C9) -> 0 | D9: =IF(RES_hh_emi!D9=0,0,1000000*RES_hh_emi!D9/RES_hh_num!D9) -> 0 | E9: =IF(RES_hh_emi!E9=0,0,1000000*RES_hh_emi!E9/RES_hh_num!E9) -> 0 | F9: =IF(RES_hh_emi!F9=0,0,1000000*RES_hh_emi!F9/RES_hh_num!F9) -> 0 | G9: =IF(RES_hh_emi!G9=0,0,1000000*RES_hh_emi!G9/RES_hh_num!G9) -> 0 | H9: =IF(RES_hh_emi!H9=0,0,1000000*RES_hh_emi!H9/RES_hh_num!H9) -> 0 | I9: =IF(RES_hh_emi!I9=0,0,1000000*RES_hh_emi!I9/RES_hh_num!I9) -> 0 | ... Y9: =IF(RES_hh_emi!Y9=0,0,1000000*RES_hh_emi!Y9/RES_hh_num!Y9) -> 0 | DA9: EMI_per_household.kgCO2.LT.Res.HH.Thermal.SH.Biomass.Biomass_Waste
A10: Geothermal | B10: =IF(RES_hh_emi!B10=0,0,1000000*RES_hh_emi!B10/RES_hh_num!B10) -> 0 | C10: =IF(RES_hh_emi!C10=0,0,1000000*RES_hh_emi!C10/RES_hh_num!C10) -> 0 | D10: =IF(RES_hh_emi!D10=0,0,1000000*RES_hh_emi!D10/RES_hh_num!D10) -> 0 | E10: =IF(RES_hh_emi!E10=0,0,1000000*RES_hh_emi!E10/RES_hh_num!E10) -> 0 | F10: =IF(RES_hh_emi!F10=0,0,1000000*RES_hh_emi!F10/RES_hh_num!F10) -> 0 | G10: =IF(RES_hh_emi!G10=0,0,1000000*RES_hh_emi!G10/RES_hh_num!G10) -> 0 | H10: =IF(RES_hh_emi!H10=0,0,1000000*RES_hh_emi!H10/RES_hh_num!H10) -> 0 | I10: =IF(RES_hh_emi!I10=0,0,1000000*RES_hh_emi!I10/RES_hh_num!I10) -> 0 | ... Y10: =IF(RES_hh_emi!Y10=0,0,1000000*RES_hh_emi!Y10/RES_hh_num!Y10) -> 0 | DA10: EMI_per_household.kgCO2.LT.Res.HH.Thermal.SH.Geo.Geo
A11: Distributed heat | B11: =IF(RES_hh_emi!B11=0,0,1000000*RES_hh_emi!B11/RES_hh_num!B11) -> 0 | C11: =IF(RES_hh_emi!C11=0,0,1000000*RES_hh_emi!C11/RES_hh_num!C11) -> 0 | D11: =IF(RES_hh_emi!D11=0,0,1000000*RES_hh_emi!D11/RES_hh_num!D11) -> 0 | E11: =IF(RES_hh_emi!E11=0,0,1000000*RES_hh_emi!E11/RES_hh_num!E11) -> 0 | F11: =IF(RES_hh_emi!F11=0,0,1000000*RES_hh_emi!F11/RES_hh_num!F11) -> 0 | G11: =IF(RES_hh_emi!G11=0,0,1000000*RES_hh_emi!G11/RES_hh_num!G11) -> 0 | H11: =IF(RES_hh_emi!H11=0,0,1000000*RES_hh_emi!H11/RES_hh_num!H11) -> 0 | I11: =IF(RES_hh_emi!I11=0,0,1000000*RES_hh_emi!I11/RES_hh_num!I11) -> 0 | ... Y11: =IF(RES_hh_emi!Y11=0,0,1000000*RES_hh_emi!Y11/RES_hh_num!Y11) -> 0 | DA11: EMI_per_household.kgCO2.LT.Res.HH.Thermal.SH.DistrHeat.Steam_Distr
A12: Advanced electric heating | B12: =IF(RES_hh_emi!B12=0,0,1000000*RES_hh_emi!B12/RES_hh_num!B12) -> 0 | C12: =IF(RES_hh_emi!C12=0,0,1000000*RES_hh_emi!C12/RES_hh_num!C12) -> 0 | D12: =IF(RES_hh_emi!D12=0,0,1000000*RES_hh_emi!D12/RES_hh_num!D12) -> 0 | E12: =IF(RES_hh_emi!E12=0,0,1000000*RES_hh_emi!E12/RES_hh_num!E12) -> 0 | F12: =IF(RES_hh_emi!F12=0,0,1000000*RES_hh_emi!F12/RES_hh_num!F12) -> 0 | G12: =IF(RES_hh_emi!G12=0,0,1000000*RES_hh_emi!G12/RES_hh_num!G12) -> 0 | H12: =IF(RES_hh_emi!H12=0,0,1000000*RES_hh_emi!H12/RES_hh_num!H12) -> 0 | I12: =IF(RES_hh_emi!I12=0,0,1000000*RES_hh_emi!I12/RES_hh_num!I12) -> 0 | ... Y12: =IF(RES_hh_emi!Y12=0,0,1000000*RES_hh_emi!Y12/RES_hh_num!Y12) -> 0 | DA12: EMI_per_household.kgCO2.LT.Res.HH.Thermal.SH.AdvElc.Elec
A13: Conventional electric heating | B13: =IF(RES_hh_emi!B13=0,0,1000000*RES_hh_emi!B13/RES_hh_num!B13) -> 0 | C13: =IF(RES_hh_emi!C13=0,0,1000000*RES_hh_emi!C13/RES_hh_num!C13) -> 0 | D13: =IF(RES_hh_emi!D13=0,0,1000000*RES_hh_emi!D13/RES_hh_num!D13) -> 0 | E13: =IF(RES_hh_emi!E13=0,0,1000000*RES_hh_emi!E13/RES_hh_num!E13) -> 0 | F13: =IF(RES_hh_emi!F13=0,0,1000000*RES_hh_emi!F13/RES_hh_num!F13) -> 0 | G13: =IF(RES_hh_emi!G13=0,0,1000000*RES_hh_emi!G13/RES_hh_num!G13) -> 0 | H13: =IF(RES_hh_emi!H13=0,0,1000000*RES_hh_emi!H13/RES_hh_num!H13) -> 0 | I13: =IF(RES_hh_emi!I13=0,0,1000000*RES_hh_emi!I13/RES_hh_num!I13) -> 0 | ... Y13: =IF(RES_hh_emi!Y13=0,0,1000000*RES_hh_emi!Y13/RES_hh_num!Y13) -> 0 | DA13: EMI_per_household.kgCO2.LT.Res.HH.Thermal.SH.ConvElc.Elec
A14: Electricity in circulation | B14: =IF(RES_hh_emi!B14=0,0,1000000*RES_hh_emi!B14/RES_hh_num!B14) -> 0 | C14: =IF(RES_hh_emi!C14=0,0,1000000*RES_hh_emi!C14/RES_hh_num!C14) -> 0 | D14: =IF(RES_hh_emi!D14=0,0,1000000*RES_hh_emi!D14/RES_hh_num!D14) -> 0 | E14: =IF(RES_hh_emi!E14=0,0,1000000*RES_hh_emi!E14/RES_hh_num!E14) -> 0 | F14: =IF(RES_hh_emi!F14=0,0,1000000*RES_hh_emi!F14/RES_hh_num!F14) -> 0 | G14: =IF(RES_hh_emi!G14=0,0,1000000*RES_hh_emi!G14/RES_hh_num!G14) -> 0 | H14: =IF(RES_hh_emi!H14=0,0,1000000*RES_hh_emi!H14/RES_hh_num!H14) -> 0 | I14: =IF(RES_hh_emi!I14=0,0,1000000*RES_hh_emi!I14/RES_hh_num!I14) -> 0 | ... Y14: =IF(RES_hh_emi!Y14=0,0,1000000*RES_hh_emi!Y14/RES_hh_num!Y14) -> 0 | DA14: EMI_per_household.kgCO2.LT.Res.HH.Thermal.SH.TotalCirculation.Elec
A15: Space cooling | B15: =B16 -> 0 | C15: =C16 -> 0 | D15: =D16 -> 0 | E15: =E16 -> 0 | F15: =F16 -> 0 | G15: =G16 -> 0 | H15: =H16 -> 0 | I15: =I16 -> 0 | ... Y15: =Y16 -> 0 | DA15: EMI_per_household.kgCO2.LT.Res.HH.Thermal.SC
A16: Air conditioning | B16: =IF(RES_hh_emi!B16=0,0,1000000*RES_hh_emi!B16/RES_hh_num!B$3) -> 0 | C16: =IF(RES_hh_emi!C16=0,0,1000000*RES_hh_emi!C16/RES_hh_num!C$3) -> 0 | D16: =IF(RES_hh_emi!D16=0,0,1000000*RES_hh_emi!D16/RES_hh_num!D$3) -> 0 | E16: =IF(RES_hh_emi!E16=0,0,1000000*RES_hh_emi!E16/RES_hh_num!E$3) -> 0 | F16: =IF(RES_hh_emi!F16=0,0,1000000*RES_hh_emi!F16/RES_hh_num!F$3) -> 0 | G16: =IF(RES_hh_emi!G16=0,0,1000000*RES_hh_emi!G16/RES_hh_num!G$3) -> 0 | H16: =IF(RES_hh_emi!H16=0,0,1000000*RES_hh_emi!H16/RES_hh_num!H$3) -> 0 | I16: =IF(RES_hh_emi!I16=0,0,1000000*RES_hh_emi!I16/RES_hh_num!I$3) -> 0 | ... Y16: =IF(RES_hh_emi!Y16=0,0,1000000*RES_hh_emi!Y16/RES_hh_num!Y$3) -> 0 | DA16: EMI_per_household.kgCO2.LT.Res.HH.Thermal.SC.AC.Elec
A17: Water heating | B17: =IF(RES_hh_emi!B17=0,0,1000000*RES_hh_emi!B17/RES_hh_num!B17) -> 11.698439 | C17: =IF(RES_hh_emi!C17=0,0,1000000*RES_hh_emi!C17/RES_hh_num!C17) -> 12.015379 | D17: =IF(RES_hh_emi!D17=0,0,1000000*RES_hh_emi!D17/RES_hh_num!D17) -> 12.280815 | E17: =IF(RES_hh_emi!E17=0,0,1000000*RES_hh_emi!E17/RES_hh_num!E17) -> 14.280242 | F17: =IF(RES_hh_emi!F17=0,0,1000000*RES_hh_emi!F17/RES_hh_num!F17) -> 16.329353 | G17: =IF(RES_hh_emi!G17=0,0,1000000*RES_hh_emi!G17/RES_hh_num!G17) -> 17.998415 | H17: =IF(RES_hh_emi!H17=0,0,1000000*RES_hh_emi!H17/RES_hh_num!H17) -> 20.985634 | I17: =IF(RES_hh_emi!I17=0,0,1000000*RES_hh_emi!I17/RES_hh_num!I17) -> 22.169827 | ... Y17: =IF(RES_hh_emi!Y17=0,0,1000000*RES_hh_emi!Y17/RES_hh_num!Y17) -> 24.266132 | DA17: EMI_per_household.kgCO2.LT.Res.HH.Thermal.WH
A18: Solids | B18: =IF(RES_hh_emi!B18=0,0,1000000*RES_hh_emi!B18/RES_hh_num!B18) -> 179.01953 | C18: =IF(RES_hh_emi!C18=0,0,1000000*RES_hh_emi!C18/RES_hh_num!C18) -> 166.45369 | D18: =IF(RES_hh_emi!D18=0,0,1000000*RES_hh_emi!D18/RES_hh_num!D18) -> 181.92747 | E18: =IF(RES_hh_emi!E18=0,0,1000000*RES_hh_emi!E18/RES_hh_num!E18) -> 210.15635 | F18: =IF(RES_hh_emi!F18=0,0,1000000*RES_hh_emi!F18/RES_hh_num!F18) -> 200.17919 | G18: =IF(RES_hh_emi!G18=0,0,1000000*RES_hh_emi!G18/RES_hh_num!G18) -> 218.3435 | H18: =IF(RES_hh_emi!H18=0,0,1000000*RES_hh_emi!H18/RES_hh_num!H18) -> 254.51115 | I18: =IF(RES_hh_emi!I18=0,0,1000000*RES_hh_emi!I18/RES_hh_num!I18) -> 261.12442 | ... Y18: =IF(RES_hh_emi!Y18=0,0,1000000*RES_hh_emi!Y18/RES_hh_num!Y18) -> 203.67583 | DA18: EMI_per_household.kgCO2.LT.Res.HH.Thermal.WH.Solids.Solids
A19: Liquified petroleum gas (LPG) | B19: =IF(RES_hh_emi!B19=0,0,1000000*RES_hh_emi!B19/RES_hh_num!B19) -> 123.22261 | C19: =IF(RES_hh_emi!C19=0,0,1000000*RES_hh_emi!C19/RES_hh_num!C19) -> 124.67842 | D19: =IF(RES_hh_emi!D19=0,0,1000000*RES_hh_emi!D19/RES_hh_num!D19) -> 127.19988 | E19: =IF(RES_hh_emi!E19=0,0,1000000*RES_hh_emi!E19/RES_hh_num!E19) -> 138.18054 | F19: =IF(RES_hh_emi!F19=0,0,1000000*RES_hh_emi!F19/RES_hh_num!F19) -> 143.29414 | G19: =IF(RES_hh_emi!G19=0,0,1000000*RES_hh_emi!G19/RES_hh_num!G19) -> 165.76148 | H19: =IF(RES_hh_emi!H19=0,0,1000000*RES_hh_emi!H19/RES_hh_num!H19) -> 175.60343 | I19: =IF(RES_hh_emi!I19=0,0,1000000*RES_hh_emi!I19/RES_hh_num!I19) -> 158.78618 | ... Y19: =IF(RES_hh_emi!Y19=0,0,1000000*RES_hh_emi!Y19/RES_hh_num!Y19) -> 169.30743 | DA19: EMI_per_household.kgCO2.LT.Res.HH.Thermal.WH.LPG.LPG
A20: Diesel oil | B20: =IF(RES_hh_emi!B20=0,0,1000000*RES_hh_emi!B20/RES_hh_num!B20) -> 0 | C20: =IF(RES_hh_emi!C20=0,0,1000000*RES_hh_emi!C20/RES_hh_num!C20) -> 0 | D20: =IF(RES_hh_emi!D20=0,0,1000000*RES_hh_emi!D20/RES_hh_num!D20) -> 0 | E20: =IF(RES_hh_emi!E20=0,0,1000000*RES_hh_emi!E20/RES_hh_num!E20) -> 0 | F20: =IF(RES_hh_emi!F20=0,0,1000000*RES_hh_emi!F20/RES_hh_num!F20) -> 0 | G20: =IF(RES_hh_emi!G20=0,0,1000000*RES_hh_emi!G20/RES_hh_num!G20) -> 255.58197 | H20: =IF(RES_hh_emi!H20=0,0,1000000*RES_hh_emi!H20/RES_hh_num!H20) -> 192.66387 | I20: =IF(RES_hh_emi!I20=0,0,1000000*RES_hh_emi!I20/RES_hh_num!I20) -> 134.94118 | ... Y20: =IF(RES_hh_emi!Y20=0,0,1000000*RES_hh_emi!Y20/RES_hh_num!Y20) -> 182.18369 | DA20: EMI_per_household.kgCO2.LT.Res.HH.Thermal.WH.Oil.Oil_LiqBio
A21: Natural gas | B21: =IF(RES_hh_emi!B21=0,0,1000000*RES_hh_emi!B21/RES_hh_num!B21) -> 115.5731 | C21: =IF(RES_hh_emi!C21=0,0,1000000*RES_hh_emi!C21/RES_hh_num!C21) -> 121.63571 | D21: =IF(RES_hh_emi!D21=0,0,1000000*RES_hh_emi!D21/RES_hh_num!D21) -> 111.11418 | E21: =IF(RES_hh_emi!E21=0,0,1000000*RES_hh_emi!E21/RES_hh_num!E21) -> 121.5571 | F21: =IF(RES_hh_emi!F21=0,0,1000000*RES_hh_emi!F21/RES_hh_num!F21) -> 146.20041 | G21: =IF(RES_hh_emi!G21=0,0,1000000*RES_hh_emi!G21/RES_hh_num!G21) -> 150.85773 | H21: =IF(RES_hh_emi!H21=0,0,1000000*RES_hh_emi!H21/RES_hh_num!H21) -> 162.21127 | I21: =IF(RES_hh_emi!I21=0,0,1000000*RES_hh_emi!I21/RES_hh_num!I21) -> 160.22951 | ... Y21: =IF(RES_hh_emi!Y21=0,0,1000000*RES_hh_emi!Y21/RES_hh_num!Y21) -> 128.31425 | DA21: EMI_per_household.kgCO2.LT.Res.HH.Thermal.WH.Gas.NG_Biogas
A22: Biomass | B22: =IF(RES_hh_emi!B22=0,0,1000000*RES_hh_emi!B22/RES_hh_num!B22) -> 0 | C22: =IF(RES_hh_emi!C22=0,0,1000000*RES_hh_emi!C22/RES_hh_num!C22) -> 0 | D22: =IF(RES_hh_emi!D22=0,0,1000000*RES_hh_emi!D22/RES_hh_num!D22) -> 0 | E22: =IF(RES_hh_emi!E22=0,0,1000000*RES_hh_emi!E22/RES_hh_num!E22) -> 0 | F22: =IF(RES_hh_emi!F22=0,0,1000000*RES_hh_emi!F22/RES_hh_num!F22) -> 0 | G22: =IF(RES_hh_emi!G22=0,0,1000000*RES_hh_emi!G22/RES_hh_num!G22) -> 0 | H22: =IF(RES_hh_emi!H22=0,0,1000000*RES_hh_emi!H22/RES_hh_num!H22) -> 0 | I22: =IF(RES_hh_emi!I22=0,0,1000000*RES_hh_emi!I22/RES_hh_num!I22) -> 0 | ... Y22: =IF(RES_hh_emi!Y22=0,0,1000000*RES_hh_emi!Y22/RES_hh_num!Y22) -> 0 | DA22: EMI_per_household.kgCO2.LT.Res.HH.Thermal.WH.Biomass.Biomass_Waste
A23: Geothermal | B23: =IF(RES_hh_emi!B23=0,0,1000000*RES_hh_emi!B23/RES_hh_num!B23) -> 0 | C23: =IF(RES_hh_emi!C23=0,0,1000000*RES_hh_emi!C23/RES_hh_num!C23) -> 0 | D23: =IF(RES_hh_emi!D23=0,0,1000000*RES_hh_emi!D23/RES_hh_num!D23) -> 0 | E23: =IF(RES_hh_emi!E23=0,0,1000000*RES_hh_emi!E23/RES_hh_num!E23) -> 0 | F23: =IF(RES_hh_emi!F23=0,0,1000000*RES_hh_emi!F23/RES_hh_num!F23) -> 0 | G23: =IF(RES_hh_emi!G23=0,0,1000000*RES_hh_emi!G23/RES_hh_num!G23) -> 0 | H23: =IF(RES_hh_emi!H23=0,0,1000000*RES_hh_emi!H23/RES_hh_num!H23) -> 0 | I23: =IF(RES_hh_emi!I23=0,0,1000000*RES_hh_emi!I23/RES_hh_num!I23) -> 0 | ... Y23: =IF(RES_hh_emi!Y23=0,0,1000000*RES_hh_emi!Y23/RES_hh_num!Y23) -> 0 | DA23: EMI_per_household.kgCO2.LT.Res.HH.Thermal.WH.Geo.Geo
A24: Distributed heat | B24: =IF(RES_hh_emi!B24=0,0,1000000*RES_hh_emi!B24/RES_hh_num!B24) -> 0 | C24: =IF(RES_hh_emi!C24=0,0,1000000*RES_hh_emi!C24/RES_hh_num!C24) -> 0 | D24: =IF(RES_hh_emi!D24=0,0,1000000*RES_hh_emi!D24/RES_hh_num!D24) -> 0 | E24: =IF(RES_hh_emi!E24=0,0,1000000*RES_hh_emi!E24/RES_hh_num!E24) -> 0 | F24: =IF(RES_hh_emi!F24=0,0,1000000*RES_hh_emi!F24/RES_hh_num!F24) -> 0 | G24: =IF(RES_hh_emi!G24=0,0,1000000*RES_hh_emi!G24/RES_hh_num!G24) -> 0 | H24: =IF(RES_hh_emi!H24=0,0,1000000*RES_hh_emi!H24/RES_hh_num!H24) -> 0 | I24: =IF(RES_hh_emi!I24=0,0,1000000*RES_hh_emi!I24/RES_hh_num!I24) -> 0 | ... Y24: =IF(RES_hh_emi!Y24=0,0,1000000*RES_hh_emi!Y24/RES_hh_num!Y24) -> 0 | DA24: EMI_per_household.kgCO2.LT.Res.HH.Thermal.WH.DistrHeat.Steam_Distr
A25: Electricity | B25: =IF(RES_hh_emi!B25=0,0,1000000*RES_hh_emi!B25/RES_hh_num!B25) -> 0 | C25: =IF(RES_hh_emi!C25=0,0,1000000*RES_hh_emi!C25/RES_hh_num!C25) -> 0 | D25: =IF(RES_hh_emi!D25=0,0,1000000*RES_hh_emi!D25/RES_hh_num!D25) -> 0 | E25: =IF(RES_hh_emi!E25=0,0,1000000*RES_hh_emi!E25/RES_hh_num!E25) -> 0 | F25: =IF(RES_hh_emi!F25=0,0,1000000*RES_hh_emi!F25/RES_hh_num!F25) -> 0 | G25: =IF(RES_hh_emi!G25=0,0,1000000*RES_hh_emi!G25/RES_hh_num!G25) -> 0 | H25: =IF(RES_hh_emi!H25=0,0,1000000*RES_hh_emi!H25/RES_hh_num!H25) -> 0 | I25: =IF(RES_hh_emi!I25=0,0,1000000*RES_hh_emi!I25/RES_hh_num!I25) -> 0 | ... Y25: =IF(RES_hh_emi!Y25=0,0,1000000*RES_hh_emi!Y25/RES_hh_num!Y25) -> 0 | DA25: EMI_per_household.kgCO2.LT.Res.HH.Thermal.WH.Elc.Elec
A26: Solar | B26: =IF(RES_hh_emi!B26=0,0,1000000*RES_hh_emi!B26/RES_hh_num!B26) -> 0 | C26: =IF(RES_hh_emi!C26=0,0,1000000*RES_hh_emi!C26/RES_hh_num!C26) -> 0 | D26: =IF(RES_hh_emi!D26=0,0,1000000*RES_hh_emi!D26/RES_hh_num!D26) -> 0 | E26: =IF(RES_hh_emi!E26=0,0,1000000*RES_hh_emi!E26/RES_hh_num!E26) -> 0 | F26: =IF(RES_hh_emi!F26=0,0,1000000*RES_hh_emi!F26/RES_hh_num!F26) -> 0 | G26: =IF(RES_hh_emi!G26=0,0,1000000*RES_hh_emi!G26/RES_hh_num!G26) -> 0 | H26: =IF(RES_hh_emi!H26=0,0,1000000*RES_hh_emi!H26/RES_hh_num!H26) -> 0 | I26: =IF(RES_hh_emi!I26=0,0,1000000*RES_hh_emi!I26/RES_hh_num!I26) -> 0 | ... Y26: =IF(RES_hh_emi!Y26=0,0,1000000*RES_hh_emi!Y26/RES_hh_num!Y26) -> 0 | DA26: EMI_per_household.kgCO2.LT.Res.HH.Thermal.WH.TotalSolar.Solar
A27: Cooking | B27: =IF(RES_hh_emi!B27=0,0,1000000*RES_hh_emi!B27/RES_hh_num!B27) -> 152.27852 | C27: =IF(RES_hh_emi!C27=0,0,1000000*RES_hh_emi!C27/RES_hh_num!C27) -> 150.17643 | D27: =IF(RES_hh_emi!D27=0,0,1000000*RES_hh_emi!D27/RES_hh_num!D27) -> 146.16596 | E27: =IF(RES_hh_emi!E27=0,0,1000000*RES_hh_emi!E27/RES_hh_num!E27) -> 143.74006 | F27: =IF(RES_hh_emi!F27=0,0,1000000*RES_hh_emi!F27/RES_hh_num!F27) -> 129.6194 | G27: =IF(RES_hh_emi!G27=0,0,1000000*RES_hh_emi!G27/RES_hh_num!G27) -> 129.1663 | H27: =IF(RES_hh_emi!H27=0,0,1000000*RES_hh_emi!H27/RES_hh_num!H27) -> 119.58291 | I27: =IF(RES_hh_emi!I27=0,0,1000000*RES_hh_emi!I27/RES_hh_num!I27) -> 90.751778 | ... Y27: =IF(RES_hh_emi!Y27=0,0,1000000*RES_hh_emi!Y27/RES_hh_num!Y27) -> 113.76202 | DA27: EMI_per_household.kgCO2.LT.Res.HH.Thermal.CO
A28: Solids | B28: =IF(RES_hh_emi!B28=0,0,1000000*RES_hh_emi!B28/RES_hh_num!B28) -> 280.97305 | C28: =IF(RES_hh_emi!C28=0,0,1000000*RES_hh_emi!C28/RES_hh_num!C28) -> 253.99189 | D28: =IF(RES_hh_emi!D28=0,0,1000000*RES_hh_emi!D28/RES_hh_num!D28) -> 272.67173 | E28: =IF(RES_hh_emi!E28=0,0,1000000*RES_hh_emi!E28/RES_hh_num!E28) -> 294.4283 | F28: =IF(RES_hh_emi!F28=0,0,1000000*RES_hh_emi!F28/RES_hh_num!F28) -> 261.2256 | G28: =IF(RES_hh_emi!G28=0,0,1000000*RES_hh_emi!G28/RES_hh_num!G28) -> 273.99841 | H28: =IF(RES_hh_emi!H28=0,0,1000000*RES_hh_emi!H28/RES_hh_num!H28) -> 320.33202 | I28: =IF(RES_hh_emi!I28=0,0,1000000*RES_hh_emi!I28/RES_hh_num!I28) -> 314.18108 | ... Y28: =IF(RES_hh_emi!Y28=0,0,1000000*RES_hh_emi!Y28/RES_hh_num!Y28) -> 229.79012 | DA28: EMI_per_household.kgCO2.LT.Res.HH.Thermal.CO.Solids.Solids
... A32: Electricity | B32: =IF(RES_hh_emi!B32=0,0,1000000*RES_hh_emi!B32/RES_hh_num!B32) -> 0 | C32: =IF(RES_hh_emi!C32=0,0,1000000*RES_hh_emi!C32/RES_hh_num!C32) -> 0 | D32: =IF(RES_hh_emi!D32=0,0,1000000*RES_hh_emi!D32/RES_hh_num!D32) -> 0 | E32: =IF(RES_hh_emi!E32=0,0,1000000*RES_hh_emi!E32/RES_hh_num!E32) -> 0 | F32: =IF(RES_hh_emi!F32=0,0,1000000*RES_hh_emi!F32/RES_hh_num!F32) -> 0 | G32: =IF(RES_hh_emi!G32=0,0,1000000*RES_hh_emi!G32/RES_hh_num!G32) -> 0 | H32: =IF(RES_hh_emi!H32=0,0,1000000*RES_hh_emi!H32/RES_hh_num!H32) -> 0 | I32: =IF(RES_hh_emi!I32=0,0,1000000*RES_hh_emi!I32/RES_hh_num!I32) -> 0 | ... Y32: =IF(RES_hh_emi!Y32=0,0,1000000*RES_hh_emi!Y32/RES_hh_num!Y32) -> 0 | DA32: EMI_per_household.kgCO2.LT.Res.HH.Thermal.CO.Elc.Elec

Sheet RES_hh_fecs
A1: LT - Final energy consumption per surface area | B1: 2000 | C1: 2001 | D1: 2002 | E1: 2003 | F1: 2004 | G1: 2005 | H1: 2006 | I1: 2007 | J1: 2008 | K1: 2009 | L1: 2010 | M1: 2011 | N1: 2012 | O1: 2013 | P1: 2014 | Q1: 2015 | R1: 2016 | S1: 2017 | T1: 2018 | U1: 2019 | V1: 2020 | W1: 2021 | X1: 2022 | Y1: 2023 | DA1: Code
A3: Final energy consumption (kWh / sqm) | B3: =IF(RES_hh_fech!B3=0,0,RES_hh_fech!B3/RES_summary!B$19) -> 172.45002 | C3: =IF(RES_hh_fech!C3=0,0,RES_hh_fech!C3/RES_summary!C$19) -> 179.96507 | D3: =IF(RES_hh_fech!D3=0,0,RES_hh_fech!D3/RES_summary!D$19) -> 183.93446 | E3: =IF(RES_hh_fech!E3=0,0,RES_hh_fech!E3/RES_summary!E$19) -> 187.00801 | F3: =IF(RES_hh_fech!F3=0,0,RES_hh_fech!F3/RES_summary!F$19) -> 188.79094 | G3: =IF(RES_hh_fech!G3=0,0,RES_hh_fech!G3/RES_summary!G$19) -> 192.63422 | H3: =IF(RES_hh_fech!H3=0,0,RES_hh_fech!H3/RES_summary!H$19) -> 205.8548 | I3: =IF(RES_hh_fech!I3=0,0,RES_hh_fech!I3/RES_summary!I$19) -> 198.25141 | ... Y3: =IF(RES_hh_fech!Y3=0,0,RES_hh_fech!Y3/RES_summary!Y$19) -> 146.18421 | DA3: FEC_per_sqm.kWh.LT.Res.HH.Thermal
A4: Space heating | B4: =IF(RES_hh_fech!B4=0,0,RES_hh_fech!B4/RES_summary!B$19) -> 151.68865 | C4: =IF(RES_hh_fech!C4=0,0,RES_hh_fech!C4/RES_summary!C$19) -> 158.86145 | D4: =IF(RES_hh_fech!D4=0,0,RES_hh_fech!D4/RES_summary!D$19) -> 163.91086 | E4: =IF(RES_hh_fech!E4=0,0,RES_hh_fech!E4/RES_summary!E$19) -> 166.08181 | F4: =IF(RES_hh_fech!F4=0,0,RES_hh_fech!F4/RES_summary!F$19) -> 166.52986 | G4: =IF(RES_hh_fech!G4=0,0,RES_hh_fech!G4/RES_summary!G$19) -> 170.07769 | H4: =IF(RES_hh_fech!H4=0,0,RES_hh_fech!H4/RES_summary!H$19) -> 181.21409 | I4: =IF(RES_hh_fech!I4=0,0,RES_hh_fech!I4/RES_summary!I$19) -> 175.07207 | ... Y4: =IF(RES_hh_fech!Y4=0,0,RES_hh_fech!Y4/RES_summary!Y$19) -> 127.16243 | DA4: FEC_per_sqm.kWh.LT.Res.HH.Thermal.SH
A5: Solids | B5: =IF(RES_hh_fech!B5=0,0,RES_hh_fech!B5/RES_summary!B$19) -> 149.03725 | C5: =IF(RES_hh_fech!C5=0,0,RES_hh_fech!C5/RES_summary!C$19) -> 143.01098 | D5: =IF(RES_hh_fech!D5=0,0,RES_hh_fech!D5/RES_summary!D$19) -> 162.82685 | E5: =IF(RES_hh_fech!E5=0,0,RES_hh_fech!E5/RES_summary!E$19) -> 174.16737 | F5: =IF(RES_hh_fech!F5=0,0,RES_hh_fech!F5/RES_summary!F$19) -> 151.5087 | G5: =IF(RES_hh_fech!G5=0,0,RES_hh_fech!G5/RES_summary!G$19) -> 157.39887 | H5: =IF(RES_hh_fech!H5=0,0,RES_hh_fech!H5/RES_summary!H$19) -> 181.44416 | I5: =IF(RES_hh_fech!I5=0,0,RES_hh_fech!I5/RES_summary!I$19) -> 178.13654 | ... Y5: =IF(RES_hh_fech!Y5=0,0,RES_hh_fech!Y5/RES_summary!Y$19) -> 126.32077 | DA5: FEC_per_sqm.kWh.LT.Res.HH.Thermal.SH.Solids.Solids
A6: Liquified petroleum gas (LPG) | B6: =IF(RES_hh_fech!B6=0,0,RES_hh_fech!B6/RES_summary!B$19) -> 169.42758 | C6: =IF(RES_hh_fech!C6=0,0,RES_hh_fech!C6/RES_summary!C$19) -> 176.64279 | D6: =IF(RES_hh_fech!D6=0,0,RES_hh_fech!D6/RES_summary!D$19) -> 187.21067 | E6: =IF(RES_hh_fech!E6=0,0,RES_hh_fech!E6/RES_summary!E$19) -> 191.68784 | F6: =IF(RES_hh_fech!F6=0,0,RES_hh_fech!F6/RES_summary!F$19) -> 184.24997 | G6: =IF(RES_hh_fech!G6=0,0,RES_hh_fech!G6/RES_summary!G$19) -> 204.69478 | H6: =IF(RES_hh_fech!H6=0,0,RES_hh_fech!H6/RES_summary!H$19) -> 209.11916 | I6: =IF(RES_hh_fech!I6=0,0,RES_hh_fech!I6/RES_summary!I$19) -> 173.60924 | ... Y6: =IF(RES_hh_fech!Y6=0,0,RES_hh_fech!Y6/RES_summary!Y$19) -> 195.81459 | DA6: FEC_per_sqm.kWh.LT.Res.HH.Thermal.SH.LPG.LPG
A7: Diesel oil | B7: =IF(RES_hh_fech!B7=0,0,RES_hh_fech!B7/RES_summary!B$19) -> 0 | C7: =IF(RES_hh_fech!C7=0,0,RES_hh_fech!C7/RES_summary!C$19) -> 0 | D7: =IF(RES_hh_fech!D7=0,0,RES_hh_fech!D7/RES_summary!D$19) -> 0 | E7: =IF(RES_hh_fech!E7=0,0,RES_hh_fech!E7/RES_summary!E$19) -> 0 | F7: =IF(RES_hh_fech!F7=0,0,RES_hh_fech!F7/RES_summary!F$19) -> 0 | G7: =IF(RES_hh_fech!G7=0,0,RES_hh_fech!G7/RES_summary!G$19) -> 267.73568 | H7: =IF(RES_hh_fech!H7=0,0,RES_hh_fech!H7/RES_summary!H$19) -> 190.02707 | I7: =IF(RES_hh_fech!I7=0,0,RES_hh_fech!I7/RES_summary!I$19) -> 137.36441 | ... Y7: =IF(RES_hh_fech!Y7=0,0,RES_hh_fech!Y7/RES_summary!Y$19) -> 161.01506 | DA7: FEC_per_sqm.kWh.LT.Res.HH.Thermal.SH.Oil.Oil_LiqBio
A8: Natural gas | B8: =IF(RES_hh_fech!B8=0,0,RES_hh_fech!B8/RES_summary!B$19) -> 178.61526 | C8: =IF(RES_hh_fech!C8=0,0,RES_hh_fech!C8/RES_summary!C$19) -> 186.45431 | D8: =IF(RES_hh_fech!D8=0,0,RES_hh_fech!D8/RES_summary!D$19) -> 189.38118 | E8: =IF(RES_hh_fech!E8=0,0,RES_hh_fech!E8/RES_summary!E$19) -> 193.88506 | F8: =IF(RES_hh_fech!F8=0,0,RES_hh_fech!F8/RES_summary!F$19) -> 198.89326 | G8: =IF(RES_hh_fech!G8=0,0,RES_hh_fech!G8/RES_summary!G$19) -> 202.18346 | H8: =IF(RES_hh_fech!H8=0,0,RES_hh_fech!H8/RES_summary!H$19) -> 205.07274 | I8: =IF(RES_hh_fech!I8=0,0,RES_hh_fech!I8/RES_summary!I$19) -> 209.84626 | ... Y8: =IF(RES_hh_fech!Y8=0,0,RES_hh_fech!Y8/RES_summary!Y$19) -> 145.18005 | DA8: FEC_per_sqm.kWh.LT.Res.HH.Thermal.SH.Gas.NG_Biogas
A9: Biomass | B9: =IF(RES_hh_fech!B9=0,0,RES_hh_fech!B9/RES_summary!B$19) -> 200.20342 | C9: =IF(RES_hh_fech!C9=0,0,RES_hh_fech!C9/RES_summary!C$19) -> 209.40545 | D9: =IF(RES_hh_fech!D9=0,0,RES_hh_fech!D9/RES_summary!D$19) -> 210.27627 | E9: =IF(RES_hh_fech!E9=0,0,RES_hh_fech!E9/RES_summary!E$19) -> 212.22445 | F9: =IF(RES_hh_fech!F9=0,0,RES_hh_fech!F9/RES_summary!F$19) -> 213.1526 | G9: =IF(RES_hh_fech!G9=0,0,RES_hh_fech!G9/RES_summary!G$19) -> 215.04134 | H9: =IF(RES_hh_fech!H9=0,0,RES_hh_fech!H9/RES_summary!H$19) -> 219.70199 | I9: =IF(RES_hh_fech!I9=0,0,RES_hh_fech!I9/RES_summary!I$19) -> 209.2906 | ... Y9: =IF(RES_hh_fech!Y9=0,0,RES_hh_fech!Y9/RES_summary!Y$19) -> 158.56869 | DA9: FEC_per_sqm.kWh.LT.Res.HH.Thermal.SH.Biomass.Biomass_Waste
A10: Geothermal | B10: =IF(RES_hh_fech!B10=0,0,RES_hh_fech!B10/RES_summary!B$19) -> 0 | C10: =IF(RES_hh_fech!C10=0,0,RES_hh_fech!C10/RES_summary!C$19) -> 0 | D10: =IF(RES_hh_fech!D10=0,0,RES_hh_fech!D10/RES_summary!D$19) -> 0 | E10: =IF(RES_hh_fech!E10=0,0,RES_hh_fech!E10/RES_summary!E$19) -> 0 | F10: =IF(RES_hh_fech!F10=0,0,RES_hh_fech!F10/RES_summary!F$19) -> 0 | G10: =IF(RES_hh_fech!G10=0,0,RES_hh_fech!G10/RES_summary!G$19) -> 0 | H10: =IF(RES_hh_fech!H10=0,0,RES_hh_fech!H10/RES_summary!H$19) -> 0 | I10: =IF(RES_hh_fech!I10=0,0,RES_hh_fech!I10/RES_summary!I$19) -> 0 | ... Y10: =IF(RES_hh_fech!Y10=0,0,RES_hh_fech!Y10/RES_summary!Y$19) -> 0 | DA10: FEC_per_sqm.kWh.LT.Res.HH.Thermal.SH.Geo.Geo
A11: Distributed heat | B11: =IF(RES_hh_fech!B11=0,0,RES_hh_fech!B11/RES_summary!B$19) -> 116.49978 | C11: =IF(RES_hh_fech!C11=0,0,RES_hh_fech!C11/RES_summary!C$19) -> 123.69393 | D11: =IF(RES_hh_fech!D11=0,0,RES_hh_fech!D11/RES_summary!D$19) -> 131.36287 | E11: =IF(RES_hh_fech!E11=0,0,RES_hh_fech!E11/RES_summary!E$19) -> 132.47666 | F11: =IF(RES_hh_fech!F11=0,0,RES_hh_fech!F11/RES_summary!F$19) -> 132.02102 | G11: =IF(RES_hh_fech!G11=0,0,RES_hh_fech!G11/RES_summary!G$19) -> 134.77504 | H11: =IF(RES_hh_fech!H11=0,0,RES_hh_fech!H11/RES_summary!H$19) -> 148.26374 | I11: =IF(RES_hh_fech!I11=0,0,RES_hh_fech!I11/RES_summary!I$19) -> 141.67408 | ... Y11: =IF(RES_hh_fech!Y11=0,0,RES_hh_fech!Y11/RES_summary!Y$19) -> 127.86165 | DA11: FEC_per_sqm.kWh.LT.Res.HH.Thermal.SH.DistrHeat.Steam_Distr
A12: Advanced electric heating | B12: =IF(RES_hh_fech!B12=0,0,RES_hh_fech!B12/RES_summary!B$19) -> 0 | C12: =IF(RES_hh_fech!C12=0,0,RES_hh_fech!C12/RES_summary!C$19) -> 0 | D12: =IF(RES_hh_fech!D12=0,0,RES_hh_fech!D12/RES_summary!D$19) -> 0 | E12: =IF(RES_hh_fech!E12=0,0,RES_hh_fech!E12/RES_summary!E$19) -> 0 | F12: =IF(RES_hh_fech!F12=0,0,RES_hh_fech!F12/RES_summary!F$19) -> 0 | G12: =IF(RES_hh_fech!G12=0,0,RES_hh_fech!G12/RES_summary!G$19) -> 0 | H12: =IF(RES_hh_fech!H12=0,0,RES_hh_fech!H12/RES_summary!H$19) -> 0 | I12: =IF(RES_hh_fech!I12=0,0,RES_hh_fech!I12/RES_summary!I$19) -> 0 | ... Y12: =IF(RES_hh_fech!Y12=0,0,RES_hh_fech!Y12/RES_summary!Y$19) -> 31.828841 | DA12: FEC_per_sqm.kWh.LT.Res.HH.Thermal.SH.AdvElc.Elec
A13: Conventional electric heating | B13: =IF(RES_hh_fech!B13=0,0,RES_hh_fech!B13/RES_summary!B$19) -> 131.00067 | C13: =IF(RES_hh_fech!C13=0,0,RES_hh_fech!C13/RES_summary!C$19) -> 138.48341 | D13: =IF(RES_hh_fech!D13=0,0,RES_hh_fech!D13/RES_summary!D$19) -> 141.7451 | E13: =IF(RES_hh_fech!E13=0,0,RES_hh_fech!E13/RES_summary!E$19) -> 133.12525 | F13: =IF(RES_hh_fech!F13=0,0,RES_hh_fech!F13/RES_summary!F$19) -> 109.03678 | G13: =IF(RES_hh_fech!G13=0,0,RES_hh_fech!G13/RES_summary!G$19) -> 123.38492 | H13: =IF(RES_hh_fech!H13=0,0,RES_hh_fech!H13/RES_summary!H$19) -> 152.09884 | I13: =IF(RES_hh_fech!I13=0,0,RES_hh_fech!I13/RES_summary!I$19) -> 149.89498 | ... Y13: =IF(RES_hh_fech!Y13=0,0,RES_hh_fech!Y13/RES_summary!Y$19) -> 144.40008 | DA13: FEC_per_sqm.kWh.LT.Res.HH.Thermal.SH.ConvElc.Elec
A14: Electricity in circulation | B14: =IF(RES_hh_fech!B14=0,0,RES_hh_fech!B14/RES_summary!B$19) -> 0.63688807 | C14: =IF(RES_hh_fech!C14=0,0,RES_hh_fech!C14/RES_summary!C$19) -> 0.65785682 | D14: =IF(RES_hh_fech!D14=0,0,RES_hh_fech!D14/RES_summary!D$19) -> 0.6713295 | E14: =IF(RES_hh_fech!E14=0,0,RES_hh_fech!E14/RES_summary!E$19) -> 0.6806257 | F14: =IF(RES_hh_fech!F14=0,0,RES_hh_fech!F14/RES_summary!F$19) -> 0.6886355 | G14: =IF(RES_hh_fech!G14=0,0,RES_hh_fech!G14/RES_summary!G$19) -> 0.71080753 | H14: =IF(RES_hh_fech!H14=0,0,RES_hh_fech!H14/RES_summary!H$19) -> 0.7624201 | I14: =IF(RES_hh_fech!I14=0,0,RES_hh_fech!I14/RES_summary!I$19) -> 0.74809541 | ... Y14: =IF(RES_hh_fech!Y14=0,0,RES_hh_fech!Y14/RES_summary!Y$19) -> 0.75765146 | DA14: FEC_per_sqm.kWh.LT.Res.HH.Thermal.SH.TotalCirculation.Elec
... A32: Electricity | B32: =IF(RES_hh_fech!B32=0,0,RES_hh_fech!B32/RES_summary!B$19) -> 9.5765163 | C32: =IF(RES_hh_fech!C32=0,0,RES_hh_fech!C32/RES_summary!C$19) -> 11.463285 | D32: =IF(RES_hh_fech!D32=0,0,RES_hh_fech!D32/RES_summary!D$19) -> 5.7480426 | E32: =IF(RES_hh_fech!E32=0,0,RES_hh_fech!E32/RES_summary!E$19) -> 8.1320719 | F32: =IF(RES_hh_fech!F32=0,0,RES_hh_fech!F32/RES_summary!F$19) -> 11.301859 | G32: =IF(RES_hh_fech!G32=0,0,RES_hh_fech!G32/RES_summary!G$19) -> 8.4897223 | H32: =IF(RES_hh_fech!H32=0,0,RES_hh_fech!H32/RES_summary!H$19) -> 10.753415 | I32: =IF(RES_hh_fech!I32=0,0,RES_hh_fech!I32/RES_summary!I$19) -> 12.095534 | ... Y32: =IF(RES_hh_fech!Y32=0,0,RES_hh_fech!Y32/RES_summary!Y$19) -> 6.2876057 | DA32: FEC_per_sqm.kWh.LT.Res.HH.Thermal.CO.Elc.Elec

Sheet RES_hh_tess
A1: LT - Thermal energy service per surface area | B1: 2000 | C1: 2001 | D1: 2002 | E1: 2003 | F1: 2004 | G1: 2005 | H1: 2006 | I1: 2007 | J1: 2008 | K1: 2009 | L1: 2010 | M1: 2011 | N1: 2012 | O1: 2013 | P1: 2014 | Q1: 2015 | R1: 2016 | S1: 2017 | T1: 2018 | U1: 2019 | V1: 2020 | W1: 2021 | X1: 2022 | Y1: 2023 | DA1: Code
A3: Thermal energy service (kWh useful / sqm) | B3: =IF(RES_hh_tesh!B3=0,0,RES_hh_tesh!B3/RES_summary!B$19) -> 94.915883 | C3: =IF(RES_hh_tesh!C3=0,0,RES_hh_tesh!C3/RES_summary!C$19) -> 100.1501 | D3: =IF(RES_hh_tesh!D3=0,0,RES_hh_tesh!D3/RES_summary!D$19) -> 103.73908 | E3: =IF(RES_hh_tesh!E3=0,0,RES_hh_tesh!E3/RES_summary!E$19) -> 106.34316 | F3: =IF(RES_hh_tesh!F3=0,0,RES_hh_tesh!F3/RES_summary!F$19) -> 108.23368 | G3: =IF(RES_hh_tesh!G3=0,0,RES_hh_tesh!G3/RES_summary!G$19) -> 111.36337 | H3: =IF(RES_hh_tesh!H3=0,0,RES_hh_tesh!H3/RES_summary!H$19) -> 120.70002 | I3: =IF(RES_hh_tesh!I3=0,0,RES_hh_tesh!I3/RES_summary!I$19) -> 117.39386 | ... Y3: =IF(RES_hh_tesh!Y3=0,0,RES_hh_tesh!Y3/RES_summary!Y$19) -> 123.40985 | DA3: TES_per_sqm.kWh.LT.Res.HH.Thermal
A4: Space heating | B4: =IF(RES_hh_tesh!B4=0,0,RES_hh_tesh!B4/RES_summary!B$19) -> 82.905876 | C4: =IF(RES_hh_tesh!C4=0,0,RES_hh_tesh!C4/RES_summary!C$19) -> 87.840071 | D4: =IF(RES_hh_tesh!D4=0,0,RES_hh_tesh!D4/RES_summary!D$19) -> 92.04254 | E4: =IF(RES_hh_tesh!E4=0,0,RES_hh_tesh!E4/RES_summary!E$19) -> 93.980968 | F4: =IF(RES_hh_tesh!F4=0,0,RES_hh_tesh!F4/RES_summary!F$19) -> 94.794774 | G4: =IF(RES_hh_tesh!G4=0,0,RES_hh_tesh!G4/RES_summary!G$19) -> 97.672712 | H4: =IF(RES_hh_tesh!H4=0,0,RES_hh_tesh!H4/RES_summary!H$19) -> 105.36655 | I4: =IF(RES_hh_tesh!I4=0,0,RES_hh_tesh!I4/RES_summary!I$19) -> 102.67468 | ... Y4: =IF(RES_hh_tesh!Y4=0,0,RES_hh_tesh!Y4/RES_summary!Y$19) -> 109.57426 | DA4: TES_per_sqm.kWh.LT.Res.HH.Thermal.SH
A5: Solids | B5: =IF(RES_hh_tesh!B5=0,0,RES_hh_tesh!B5/RES_summary!B$19) -> 83.572699 | C5: =IF(RES_hh_tesh!C5=0,0,RES_hh_tesh!C5/RES_summary!C$19) -> 80.704591 | D5: =IF(RES_hh_tesh!D5=0,0,RES_hh_tesh!D5/RES_summary!D$19) -> 92.936312 | E5: =IF(RES_hh_tesh!E5=0,0,RES_hh_tesh!E5/RES_summary!E$19) -> 100.3174 | F5: =IF(RES_hh_tesh!F5=0,0,RES_hh_tesh!F5/RES_summary!F$19) -> 87.941558 | G5: =IF(RES_hh_tesh!G5=0,0,RES_hh_tesh!G5/RES_summary!G$19) -> 92.253862 | H5: =IF(RES_hh_tesh!H5=0,0,RES_hh_tesh!H5/RES_summary!H$19) -> 107.45867 | I5: =IF(RES_hh_tesh!I5=0,0,RES_hh_tesh!I5/RES_summary!I$19) -> 106.38277 | ... Y5: =IF(RES_hh_tesh!Y5=0,0,RES_hh_tesh!Y5/RES_summary!Y$19) -> 85.362908 | DA5: TES_per_sqm.kWh.LT.Res.HH.Thermal.SH.Solids.Solids
A6: Liquified petroleum gas (LPG) | B6: =IF(RES_hh_tesh!B6=0,0,RES_hh_tesh!B6/RES_summary!B$19) -> 81.869865 | C6: =IF(RES_hh_tesh!C6=0,0,RES_hh_tesh!C6/RES_summary!C$19) -> 85.873164 | D6: =IF(RES_hh_tesh!D6=0,0,RES_hh_tesh!D6/RES_summary!D$19) -> 91.40511 | E6: =IF(RES_hh_tesh!E6=0,0,RES_hh_tesh!E6/RES_summary!E$19) -> 93.966895 | F6: =IF(RES_hh_tesh!F6=0,0,RES_hh_tesh!F6/RES_summary!F$19) -> 90.479765 | G6: =IF(RES_hh_tesh!G6=0,0,RES_hh_tesh!G6/RES_summary!G$19) -> 100.68848 | H6: =IF(RES_hh_tesh!H6=0,0,RES_hh_tesh!H6/RES_summary!H$19) -> 103.0682 | I6: =IF(RES_hh_tesh!I6=0,0,RES_hh_tesh!I6/RES_summary!I$19) -> 85.773234 | ... Y6: =IF(RES_hh_tesh!Y6=0,0,RES_hh_tesh!Y6/RES_summary!Y$19) -> 129.62039 | DA6: TES_per_sqm.kWh.LT.Res.HH.Thermal.SH.LPG.LPG
A7: Diesel oil | B7: =IF(RES_hh_tesh!B7=0,0,RES_hh_tesh!B7/RES_summary!B$19) -> 0 | C7: =IF(RES_hh_tesh!C7=0,0,RES_hh_tesh!C7/RES_summary!C$19) -> 0 | D7: =IF(RES_hh_tesh!D7=0,0,RES_hh_tesh!D7/RES_summary!D$19) -> 0 | E7: =IF(RES_hh_tesh!E7=0,0,RES_hh_tesh!E7/RES_summary!E$19) -> 0 | F7: =IF(RES_hh_tesh!F7=0,0,RES_hh_tesh!F7/RES_summary!F$19) -> 0 | G7: =IF(RES_hh_tesh!G7=0,0,RES_hh_tesh!G7/RES_summary!G$19) -> 140.71388 | H7: =IF(RES_hh_tesh!H7=0,0,RES_hh_tesh!H7/RES_summary!H$19) -> 100.14775 | I7: =IF(RES_hh_tesh!I7=0,0,RES_hh_tesh!I7/RES_summary!I$19) -> 72.728318 | ... Y7: =IF(RES_hh_tesh!Y7=0,0,RES_hh_tesh!Y7/RES_summary!Y$19) -> 107.84771 | DA7: TES_per_sqm.kWh.LT.Res.HH.Thermal.SH.Oil.Oil_LiqBio
A8: Natural gas | B8: =IF(RES_hh_tesh!B8=0,0,RES_hh_tesh!B8/RES_summary!B$19) -> 81.466333 | C8: =IF(RES_hh_tesh!C8=0,0,RES_hh_tesh!C8/RES_summary!C$19) -> 85.613318 | D8: =IF(RES_hh_tesh!D8=0,0,RES_hh_tesh!D8/RES_summary!D$19) -> 87.812089 | E8: =IF(RES_hh_tesh!E8=0,0,RES_hh_tesh!E8/RES_summary!E$19) -> 90.991096 | F8: =IF(RES_hh_tesh!F8=0,0,RES_hh_tesh!F8/RES_summary!F$19) -> 94.565872 | G8: =IF(RES_hh_tesh!G8=0,0,RES_hh_tesh!G8/RES_summary!G$19) -> 97.402873 | H8: =IF(RES_hh_tesh!H8=0,0,RES_hh_tesh!H8/RES_summary!H$19) -> 99.985246 | I8: =IF(RES_hh_tesh!I8=0,0,RES_hh_tesh!I8/RES_summary!I$19) -> 103.66065 | ... Y8: =IF(RES_hh_tesh!Y8=0,0,RES_hh_tesh!Y8/RES_summary!Y$19) -> 105.64911 | DA8: TES_per_sqm.kWh.LT.Res.HH.Thermal.SH.Gas.NG_Biogas
A9: Biomass | B9: =IF(RES_hh_tesh!B9=0,0,RES_hh_tesh!B9/RES_summary!B$19) -> 82.74795 | C9: =IF(RES_hh_tesh!C9=0,0,RES_hh_tesh!C9/RES_summary!C$19) -> 87.628484 | D9: =IF(RES_hh_tesh!D9=0,0,RES_hh_tesh!D9/RES_summary!D$19) -> 89.244949 | E9: =IF(RES_hh_tesh!E9=0,0,RES_hh_tesh!E9/RES_summary!E$19) -> 91.906153 | F9: =IF(RES_hh_tesh!F9=0,0,RES_hh_tesh!F9/RES_summary!F$19) -> 94.610034 | G9: =IF(RES_hh_tesh!G9=0,0,RES_hh_tesh!G9/RES_summary!G$19) -> 98.082298 | H9: =IF(RES_hh_tesh!H9=0,0,RES_hh_tesh!H9/RES_summary!H$19) -> 103.0605 | I9: =IF(RES_hh_tesh!I9=0,0,RES_hh_tesh!I9/RES_summary!I$19) -> 101.03161 | ... Y9: =IF(RES_hh_tesh!Y9=0,0,RES_hh_tesh!Y9/RES_summary!Y$19) -> 108.28552 | DA9: TES_per_sqm.kWh.LT.Res.HH.Thermal.SH.Biomass.Biomass_Waste
A10: Geothermal | B10: =IF(RES_hh_tesh!B10=0,0,RES_hh_tesh!B10/RES_summary!B$19) -> 0 | C10: =IF(RES_hh_tesh!C10=0,0,RES_hh_tesh!C10/RES_summary!C$19) -> 0 | D10: =IF(RES_hh_tesh!D10=0,0,RES_hh_tesh!D10/RES_summary!D$19) -> 0 | E10: =IF(RES_hh_tesh!E10=0,0,RES_hh_tesh!E10/RES_summary!E$19) -> 0 | F10: =IF(RES_hh_tesh!F10=0,0,RES_hh_tesh!F10/RES_summary!F$19) -> 0 | G10: =IF(RES_hh_tesh!G10=0,0,RES_hh_tesh!G10/RES_summary!G$19) -> 0 | H10: =IF(RES_hh_tesh!H10=0,0,RES_hh_tesh!H10/RES_summary!H$19) -> 0 | I10: =IF(RES_hh_tesh!I10=0,0,RES_hh_tesh!I10/RES_summary!I$19) -> 0 | ... Y10: =IF(RES_hh_tesh!Y10=0,0,RES_hh_tesh!Y10/RES_summary!Y$19) -> 0 | DA10: TES_per_sqm.kWh.LT.Res.HH.Thermal.SH.Geo.Geo
A11: Distributed heat | B11: =IF(RES_hh_tesh!B11=0,0,RES_hh_tesh!B11/RES_summary!B$19) -> 82.032391 | C11: =IF(RES_hh_tesh!C11=0,0,RES_hh_tesh!C11/RES_summary!C$19) -> 87.360174 | D11: =IF(RES_hh_tesh!D11=0,0,RES_hh_tesh!D11/RES_summary!D$19) -> 93.059801 | E11: =IF(RES_hh_tesh!E11=0,0,RES_hh_tesh!E11/RES_summary!E$19) -> 94.157161 | F11: =IF(RES_hh_tesh!F11=0,0,RES_hh_tesh!F11/RES_summary!F$19) -> 94.14492 | G11: =IF(RES_hh_tesh!G11=0,0,RES_hh_tesh!G11/RES_summary!G$19) -> 96.447668 | H11: =IF(RES_hh_tesh!H11=0,0,RES_hh_tesh!H11/RES_summary!H$19) -> 106.34128 | I11: =IF(RES_hh_tesh!I11=0,0,RES_hh_tesh!I11/RES_summary!I$19) -> 102.07384 | ... Y11: =IF(RES_hh_tesh!Y11=0,0,RES_hh_tesh!Y11/RES_summary!Y$19) -> 108.21481 | DA11: TES_per_sqm.kWh.LT.Res.HH.Thermal.SH.DistrHeat.Steam_Distr
A12: Advanced electric heating | B12: =IF(RES_hh_tesh!B12=0,0,RES_hh_tesh!B12/RES_summary!B$19) -> 0 | C12: =IF(RES_hh_tesh!C12=0,0,RES_hh_tesh!C12/RES_summary!C$19) -> 0 | D12: =IF(RES_hh_tesh!D12=0,0,RES_hh_tesh!D12/RES_summary!D$19) -> 0 | E12: =IF(RES_hh_tesh!E12=0,0,RES_hh_tesh!E12/RES_summary!E$19) -> 0 | F12: =IF(RES_hh_tesh!F12=0,0,RES_hh_tesh!F12/RES_summary!F$19) -> 0 | G12: =IF(RES_hh_tesh!G12=0,0,RES_hh_tesh!G12/RES_summary!G$19) -> 0 | H12: =IF(RES_hh_tesh!H12=0,0,RES_hh_tesh!H12/RES_summary!H$19) -> 0 | I12: =IF(RES_hh_tesh!I12=0,0,RES_hh_tesh!I12/RES_summary!I$19) -> 0 | ... Y12: =IF(RES_hh_tesh!Y12=0,0,RES_hh_tesh!Y12/RES_summary!Y$19) -> 118.427 | DA12: TES_per_sqm.kWh.LT.Res.HH.Thermal.SH.AdvElc.Elec
A13: Conventional electric heating | B13: =IF(RES_hh_tesh!B13=0,0,RES_hh_tesh!B13/RES_summary!B$19) -> 82.281071 | C13: =IF(RES_hh_tesh!C13=0,0,RES_hh_tesh!C13/RES_summary!C$19) -> 87.478365 | D13: =IF(RES_hh_tesh!D13=0,0,RES_hh_tesh!D13/RES_summary!D$19) -> 90.264185 | E13: =IF(RES_hh_tesh!E13=0,0,RES_hh_tesh!E13/RES_summary!E$19) -> 85.863884 | F13: =IF(RES_hh_tesh!F13=0,0,RES_hh_tesh!F13/RES_summary!F$19) -> 71.66366 | G13: =IF(RES_hh_tesh!G13=0,0,RES_hh_tesh!G13/RES_summary!G$19) -> 82.708363 | H13: =IF(RES_hh_tesh!H13=0,0,RES_hh_tesh!H13/RES_summary!H$19) -> 103.42406 | I13: =IF(RES_hh_tesh!I13=0,0,RES_hh_tesh!I13/RES_summary!I$19) -> 102.8452 | ... Y13: =IF(RES_hh_tesh!Y13=0,0,RES_hh_tesh!Y13/RES_summary!Y$19) -> 108.42292 | DA13: TES_per_sqm.kWh.LT.Res.HH.Thermal.SH.ConvElc.Elec
A14: Electricity in circulation | B14: =IF(RES_hh_tesh!B14=0,0,RES_hh_tesh!B14/RES_summary!B$19) -> 0.63688807 | C14: =IF(RES_hh_tesh!C14=0,0,RES_hh_tesh!C14/RES_summary!C$19) -> 0.65785682 | D14: =IF(RES_hh_tesh!D14=0,0,RES_hh_tesh!D14/RES_summary!D$19) -> 0.6713295 | E14: =IF(RES_hh_tesh!E14=0,0,RES_hh_tesh!E14/RES_summary!E$19) -> 0.6806257 | F14: =IF(RES_hh_tesh!F14=0,0,RES_hh_tesh!F14/RES_summary!F$19) -> 0.6886355 | G14: =IF(RES_hh_tesh!G14=0,0,RES_hh_tesh!G14/RES_summary!G$19) -> 0.71080753 | H14: =IF(RES_hh_tesh!H14=0,0,RES_hh_tesh!H14/RES_summary!H$19) -> 0.7624201 | I14: =IF(RES_hh_tesh!I14=0,0,RES_hh_tesh!I14/RES_summary!I$19) -> 0.74809541 | ... Y14: =IF(RES_hh_tesh!Y14=0,0,RES_hh_tesh!Y14/RES_summary!Y$19) -> 0.75765146 | DA14: TES_per_sqm.kWh.LT.Res.HH.Thermal.SH.TotalCirculation.Elec
... A32: Electricity | B32: =IF(RES_hh_tesh!B32=0,0,RES_hh_tesh!B32/RES_summary!B$19) -> 6.9809654 | C32: =IF(RES_hh_tesh!C32=0,0,RES_hh_tesh!C32/RES_summary!C$19) -> 8.3773026 | D32: =IF(RES_hh_tesh!D32=0,0,RES_hh_tesh!D32/RES_summary!D$19) -> 4.2267445 | E32: =IF(RES_hh_tesh!E32=0,0,RES_hh_tesh!E32/RES_summary!E$19) -> 6.0144827 | F32: =IF(RES_hh_tesh!F32=0,0,RES_hh_tesh!F32/RES_summary!F$19) -> 8.3937387 | G32: =IF(RES_hh_tesh!G32=0,0,RES_hh_tesh!G32/RES_summary!G$19) -> 6.3218902 | H32: =IF(RES_hh_tesh!H32=0,0,RES_hh_tesh!H32/RES_summary!H$19) -> 8.0265868 | I32: =IF(RES_hh_tesh!I32=0,0,RES_hh_tesh!I32/RES_summary!I$19) -> 9.0414416 | ... Y32: =IF(RES_hh_tesh!Y32=0,0,RES_hh_tesh!Y32/RES_summary!Y$19) -> 5.3741386 | DA32: TES_per_sqm.kWh.LT.Res.HH.Thermal.CO.Elc.Elec

Sheet RES_hh_emis
A1: LT - CO2 emissions per surface area | B1: 2000 | C1: 2001 | D1: 2002 | E1: 2003 | F1: 2004 | G1: 2005 | H1: 2006 | I1: 2007 | J1: 2008 | K1: 2009 | L1: 2010 | M1: 2011 | N1: 2012 | O1: 2013 | P1: 2014 | Q1: 2015 | R1: 2016 | S1: 2017 | T1: 2018 | U1: 2019 | V1: 2020 | W1: 2021 | X1: 2022 | Y1: 2023 | DA1: Code
A3: CO2 emissions (kg CO2 / sqm) | B3: =IF(RES_hh_emih!B3=0,0,RES_hh_emih!B3/RES_summary!B$19) -> 6.5450905 | C3: =IF(RES_hh_emih!C3=0,0,RES_hh_emih!C3/RES_summary!C$19) -> 6.6252264 | D3: =IF(RES_hh_emih!D3=0,0,RES_hh_emih!D3/RES_summary!D$19) -> 7.002093 | E3: =IF(RES_hh_emih!E3=0,0,RES_hh_emih!E3/RES_summary!E$19) -> 7.4080514 | F3: =IF(RES_hh_emih!F3=0,0,RES_hh_emih!F3/RES_summary!F$19) -> 7.2936099 | G3: =IF(RES_hh_emih!G3=0,0,RES_hh_emih!G3/RES_summary!G$19) -> 7.7590494 | H3: =IF(RES_hh_emih!H3=0,0,RES_hh_emih!H3/RES_summary!H$19) -> 8.3843469 | I3: =IF(RES_hh_emih!I3=0,0,RES_hh_emih!I3/RES_summary!I$19) -> 8.280937 | ... Y3: =IF(RES_hh_emih!Y3=0,0,RES_hh_emih!Y3/RES_summary!Y$19) -> 7.5688819 | DA3: EMI_per_sqm.kgCO2.LT.Res.HH.Thermal
A4: Space heating | B4: =IF(RES_hh_emih!B4=0,0,RES_hh_emih!B4/RES_summary!B$19) -> 3.8376121 | C4: =IF(RES_hh_emih!C4=0,0,RES_hh_emih!C4/RES_summary!C$19) -> 3.9472231 | D4: =IF(RES_hh_emih!D4=0,0,RES_hh_emih!D4/RES_summary!D$19) -> 4.3849895 | E4: =IF(RES_hh_emih!E4=0,0,RES_hh_emih!E4/RES_summary!E$19) -> 4.8017237 | F4: =IF(RES_hh_emih!F4=0,0,RES_hh_emih!F4/RES_summary!F$19) -> 4.8942506 | G4: =IF(RES_hh_emih!G4=0,0,RES_hh_emih!G4/RES_summary!G$19) -> 5.3594783 | H4: =IF(RES_hh_emih!H4=0,0,RES_hh_emih!H4/RES_summary!H$19) -> 6.1095724 | I4: =IF(RES_hh_emih!I4=0,0,RES_hh_emih!I4/RES_summary!I$19) -> 6.4613012 | ... Y4: =IF(RES_hh_emih!Y4=0,0,RES_hh_emih!Y4/RES_summary!Y$19) -> 5.6082547 | DA4: EMI_per_sqm.kgCO2.LT.Res.HH.Thermal.SH
A5: Solids | B5: =IF(RES_hh_emih!B5=0,0,RES_hh_emih!B5/RES_summary!B$19) -> 52.780691 | C5: =IF(RES_hh_emih!C5=0,0,RES_hh_emih!C5/RES_summary!C$19) -> 50.532594 | D5: =IF(RES_hh_emih!D5=0,0,RES_hh_emih!D5/RES_summary!D$19) -> 57.541788 | E5: =IF(RES_hh_emih!E5=0,0,RES_hh_emih!E5/RES_summary!E$19) -> 61.546887 | F5: =IF(RES_hh_emih!F5=0,0,RES_hh_emih!F5/RES_summary!F$19) -> 53.575726 | G5: =IF(RES_hh_emih!G5=0,0,RES_hh_emih!G5/RES_summary!G$19) -> 55.825282 | H5: =IF(RES_hh_emih!H5=0,0,RES_hh_emih!H5/RES_summary!H$19) -> 64.085303 | I5: =IF(RES_hh_emih!I5=0,0,RES_hh_emih!I5/RES_summary!I$19) -> 62.601561 | ... Y5: =IF(RES_hh_emih!Y5=0,0,RES_hh_emih!Y5/RES_summary!Y$19) -> 44.753499 | DA5: EMI_per_sqm.kgCO2.LT.Res.HH.Thermal.SH.Solids.Solids
